Date,Close,High,Low,Open,Volume
2005-01-03,33.652950286865234,34.32601007260751,33.54219283161153,34.155614737606584,100970900
2005-01-04,33.039512634277344,33.8574092024691,32.843559229924686,33.79776810112607,136623200
2005-01-05,32.83504867553711,33.19287586789194,32.775410810144635,32.95432440632205,127925500
2005-01-06,32.67317581176758,32.97988672969102,32.66465750850096,32.9117305534971,102934600
2005-01-07,32.843563079833984,33.116194217849234,32.55389208944034,32.852084631032945,123104000
2005-01-10,32.82653045654297,33.116201510728224,32.707254713646726,32.74985272896392,88764200
2005-01-11,32.596492767333984,32.800967762616146,32.43461903149963,32.69021033808748,106398800
2005-01-12,32.869136810302734,32.88617341905083,32.38350896044262,32.74133949454679,127754900
2005-01-13,32.434608459472656,33.099146289999624,32.383488914809526,32.86911646406239,101982400
2005-01-14,32.7413444519043,32.81802220296347,32.536869365739435,32.54539092142447,93460900
2005-01-18,32.9884033203125,33.04804118426808,32.562416720618465,32.61353303256905,91760400
2005-01-19,32.443153381347656,33.01397408289994,32.42611352085073,32.99693422240301,104981000
2005-01-20,31.821197509765625,32.21310764919155,31.79563935394082,32.076792068092914,120963900
2005-01-21,31.565616607666016,31.991603345286396,31.51450027916494,31.931965462021218,138569200
2005-01-24,31.12259864807129,31.6934227249157,31.06296074825465,31.62526326796995,137499000
2005-01-25,31.27593231201172,31.59968300613503,31.23333430621064,31.32705186898472,119171300
2005-01-26,31.650806427001953,31.770082157813818,31.369653704356917,31.48892943516878,107465800
2005-01-27,31.608217239379883,31.753054432132014,31.412263713909123,31.59969893393383,103654700
2005-01-28,31.454853057861328,31.7530456664936,31.199261714762414,31.710447650980495,111648600
2005-01-31,31.863813400268555,31.974567626377112,31.744534368271072,31.829733676840704,89139900
2005-02-01,31.96603012084961,32.07678753045551,31.83823285976439,31.94047196864031,76610300
2005-02-02,32.01714324951172,32.14493723492959,31.7871101757371,32.06825954367139,100160500
2005-02-03,31.650806427001953,31.872318034221145,31.523009143977863,31.84675987762429,90157900
2005-02-04,32.1619873046875,32.22162516684031,31.650804700514932,31.650804700514932,99302000
2005-02-07,32.093807220458984,32.29828208044583,31.96601327673264,32.2045645717026,71551400
2005-02-08,32.15348815917969,32.38351819308949,32.05124897741791,32.08532870467184,72821700
2005-02-09,31.616727828979492,32.20458820149973,31.57412981648151,32.179030044004946,93276600
2005-02-10,31.650806427001953,31.795640314410672,31.420773267570535,31.74452075119705,110373000
2005-02-11,32.119407653808594,32.2472017528824,31.463387545160664,31.548583611209864,108684100
2005-02-14,32.26420974731445,32.32384758464629,32.11085437988448,32.11937592808524,54908900
2005-02-15,32.47723388671875,32.78394491372168,32.221642447556796,32.28980189801144,131406500
2005-02-16,32.35795593261719,32.511311435854054,32.23016184660064,32.40055396128937,80273900
2005-02-17,31.923419952392575,32.49424013434543,31.889340262420376,32.41756245691703,115628300
2005-02-18,31.821197509765625,32.008632652533684,31.7445197922714,31.93195493503946,69158800
2005-02-22,31.429311752319336,31.99161430867609,31.344115675607284,31.54858755972501,121232000
2005-02-23,31.471895217895508,31.582652666353532,31.267423428456617,31.557094505178792,95010100
2005-02-24,31.87232208251953,31.89788024236268,31.318538119102197,31.395215848651976,99334600
2005-02-25,32.051246643066406,32.11940609261008,31.77009703875236,31.846774794478268,79988700
2005-02-28,31.7104434967041,32.034190972206886,31.454848937069503,31.914915244387984,95731300
2005-03-01,32.05975341796875,32.119391283812426,31.80416210006445,31.838238559103736,78460600
2005-03-02,32.042724609375,32.39203362259783,31.829731229360565,31.87232925535924,107270600
2005-03-03,31.778581619262695,32.14493014671144,31.540030299070207,32.127890302409405,89793800
2005-03-04,31.96603012084961,32.16198353783276,31.863794261993046,32.03418627674753,86622300
2005-03-07,32.42611312866211,32.622066646975156,32.00012637145435,32.034202842014984,93563900
2005-03-08,32.102352142333984,32.55389692232854,32.07679398498185,32.38350162326758,89595200
2005-03-09,32.008636474609375,32.31534738120989,31.9234404450071,32.09383250421165,98063000
2005-03-10,31.96603012084961,32.093824131915476,31.591163138362635,32.042707827496876,97043600
2005-03-11,31.667848587036133,32.22163257726708,31.5400545316124,32.110875129216794,102857500
2005-03-14,31.812685012817383,31.82972486981652,31.54857210436137,31.727488977842107,65576200
2005-03-15,31.557100296020508,31.931967478794956,31.514502269572223,31.88084789704436,93856300
2005-03-16,31.199268341064453,31.67637466619486,31.12259059684744,31.44634143354382,159578000
2005-03-17,31.27593231201172,31.42928773291121,31.131098442284156,31.190736300409565,100429600
2005-03-18,31.105560302734375,31.344115163671464,30.9692446322083,31.31003543353446,108899400
2005-03-21,31.16517639160156,31.31001025317158,30.884023719114825,31.18221299294682,92752500
2005-03-22,30.78179359436035,31.310016084971984,30.76475373982192,31.1907403532229,114016300
2005-03-23,30.89253616333008,31.08849279186469,30.7306624810827,30.74770232921696,97444900
2005-03-24,30.90106773376465,31.224818453271965,30.90106773376465,31.003303605707043,77566800
2005-03-28,30.960708618164062,31.190741789999276,30.935150460189067,31.020346486785773,59739000
2005-03-29,30.713626861572266,31.16517477425202,30.619909308940255,30.901061966836284,119554300
2005-03-30,31.292964935302734,31.335562931263187,30.8584601764761,30.866978475660684,114711000
2005-03-31,31.156654357910156,31.310009767794774,31.04589695076698,31.292969916694343,86578900
2005-04-01,30.8414363861084,31.420778532865587,30.78179851070873,31.369658961085673,143814300
2005-04-04,31.062950134277344,31.18222589315499,30.69660130342705,30.88403649596088,100090300
2005-04-05,31.14813804626465,31.241852358272027,31.02885908094532,31.08850018861473,66266600
2005-04-06,31.097023010253903,31.446331905847742,31.028863591591712,31.23333859755833,82168900
2005-04-07,31.471895217895508,31.480416771634086,31.105546407628623,31.12258626508528,88618000
2005-04-08,31.216293334960938,31.582642021753824,31.18221363153383,31.52300416576609,92332900
2005-04-11,31.079998016357425,31.33558945851068,31.01184181512659,31.31003128930181,70976000
2005-04-12,31.23334503173828,31.30150446444156,30.59436497523789,31.045909841824898,144848500
2005-04-13,30.722158432006836,31.18222154494986,30.653999007855145,31.14814508289424,108995500
2005-04-14,30.287654876708984,30.756239614600545,30.245056855086247,30.722163147314788,158057900
2005-04-15,29.597553253173828,30.13429408093692,29.546433686235375,30.023539894267163,170013300
2005-04-18,29.606081008911133,29.81907439746445,29.512363397944284,29.572001286737517,110084000
2005-04-19,29.810548782348633,29.904263120315424,29.606073749465654,29.836106942701356,96922100
2005-04-20,29.563480377197266,30.066144859908302,29.46976277448524,29.99798542156468,140457400
2005-04-21,30.347280502319336,30.423958210284997,29.78497839391095,29.92129395806997,124505100
2005-04-22,29.8957462310791,30.219497027616907,29.665713026961757,30.210975473749293,114996800
2005-04-25,30.142824172973633,30.21098036484615,29.946870652561163,30.07466473108004,72170100
2005-04-26,29.86167335510254,30.415457482595205,29.85315504930446,30.06614844449067,104958800
2005-04-27,29.904253005981445,30.032050264561764,29.589023884841097,29.7082995928391,112539300
2005-04-28,29.606081008911133,29.946871730604915,29.580522842291515,29.75091495311722,98181900
2005-04-29,29.802017211914062,29.87017661663897,29.265273274772944,29.81905706309529,144435900
2005-05-02,29.92128562927246,30.040561308457963,29.72533226346506,29.904245782243315,67648800
2005-05-03,30.074657440185547,30.185414881401556,29.844624254592425,29.86166411093491,103428700
2005-05-04,30.441011428833008,30.526210725105894,30.023546252168792,30.066144275294818,90480600
2005-05-05,30.46657943725586,30.602895105318808,30.27062586754173,30.4580611298865,79341700
2005-05-06,30.551773071289062,30.68808871396545,30.432497290199887,30.645490685008067,77310200
2005-05-09,30.696592330932617,30.72215373609253,30.38136316746472,30.56027675348544,66298400
2005-05-10,30.475095748901367,30.636969561230583,30.347298410205813,30.551773502114436,77194700
2005-05-11,30.62845230102539,30.696608500640995,30.074668147799464,30.51769482037592,131952400
2005-05-12,30.54324722290039,30.841439883736264,30.38137343560377,30.696602705611223,116602200
2005-05-13,30.87550926208496,31.07146270214268,30.577316701112117,30.66251596854139,133273500
2005-05-16,31.079998016357425,31.13111760479668,30.7818085421822,30.875526162643418,79093200
2005-05-17,31.267417907714844,31.301497616610863,30.849949598788413,30.969225329904557,91665900
2005-05-18,31.693403244018555,31.829718824099547,31.275934951884388,31.35261266880618,128105900
2005-05-19,31.957515716552734,31.966037269207693,31.693406084610533,31.770083808404745,92619700
2005-05-20,32.08531951904297,32.11087768215559,31.82120658346982,31.906405877213132,66530100
2005-05-23,32.247188568115234,32.36646756184526,32.03419524005629,32.08531480879773,93068200
2005-05-24,32.34942626953125,32.374984427757255,32.11939309543688,32.17050941188888,100830000
2005-05-25,32.21311950683594,32.272757392393046,32.025684295073006,32.2386776720687,76470600
2005-05-26,32.536861419677734,32.605020848427394,32.35794779424054,32.35794779424054,84066800
2005-05-27,32.55387878417969,32.58795847500759,32.39200512777444,32.494240950239956,50076900
2005-05-31,32.443153381347656,32.57946901530201,32.30683449737222,32.53686773904915,75281500
2005-06-01,32.70724868774414,32.95432168109209,32.39201953244965,32.40053783393561,110875700
2005-06-02,32.93729019165039,32.93729019165039,32.63057925996076,32.656140670948545,75926500
2005-06-03,32.46018981933594,32.920256300245086,32.392033627731465,32.91173799505243,96998400
2005-06-06,32.468692779541016,32.536848932112065,32.340895524693906,32.477211079855195,52681400
2005-06-07,32.19607162475586,32.775413725837936,32.15347360997457,32.502782531213455,108953400
2005-06-08,32.12790298461914,32.33237794694026,32.0001089769353,32.27274009335061,79211900
2005-06-09,32.332393646240234,32.42611124739208,31.949004936992157,32.08532056138916,99383300
2005-06-10,31.991609573364254,32.28980229776276,31.846775614387298,32.28980229776276,85971700
2005-06-13,32.14495849609375,32.332393698701566,31.91492527017166,31.931965129501545,82331300
2005-06-14,32.01714324951172,32.23865477424726,31.94898385727389,32.11085753881068,62593600
2005-06-15,32.119407653808594,32.264241616096555,31.736018856544018,32.23016513968983,103952000
2005-06-16,32.289798736572266,32.37499479127769,32.085323655249624,32.15348309903089,90450100
2005-06-17,32.294044494628906,32.58398324206862,32.1917141287748,32.49870847936081,83915700
2005-06-20,32.294044494628906,32.4731267011532,32.04674638156678,32.16613235056719,67580000
2005-06-21,32.27700424194336,32.41344587897967,32.149092037048504,32.26847806282713,97845600
2005-06-22,32.242889404296875,32.490187582292606,32.08939218869978,32.404912797194015,75221100
2005-06-23,31.88471412658691,32.55839569284832,31.833550579240494,32.294038770473776,122163300
2005-06-24,31.52655601501465,31.90176945546491,31.518026588514033,31.876187682009206,142144100
2005-06-27,31.381601333618164,31.603320995417956,31.296326542479637,31.50951677335072,72780800
2005-06-28,31.6800479888916,31.7738488939205,31.466857903510157,31.509495269981937,73330300
2005-06-29,31.611831665039062,31.773854989925997,31.52655691573503,31.76532881620486,71513600
2005-06-30,31.36454963684082,31.731237139917468,31.33896784691343,31.67154412807012,87803700
2005-07-01,31.321908950805664,31.55215479507868,31.279271554390252,31.43276878390559,55254800
2005-07-05,31.64595413208008,31.714173305205023,31.211044297939296,31.211044297939296,79288700
2005-07-06,31.492450714111328,31.79091563707879,31.432757729517835,31.57772547695241,79101000
2005-07-07,31.603307723999023,31.628889499992876,31.168398013963113,31.193983042980364,119466300
2005-07-08,32.20879364013672,32.24290487174969,31.54364088881427,31.620389533430405,101320700
2005-07-11,32.50725173950195,32.54136296372264,32.23436845178722,32.29406146766073,96283700
2005-07-12,32.66072463989258,32.7971661820035,32.41342332824685,32.507227498389916,86059300
2005-07-13,32.73747253417969,32.77158373225831,32.54986419777016,32.677779564053544,72135400
2005-07-14,33.061546325683594,33.15535056174373,32.84835606301065,32.97626826879927,99135200
2005-07-15,33.16387939453125,33.25768363809715,32.9592185476834,33.112715809332045,67239200
2005-07-18,33.02743148803711,33.16387311109308,32.9933202690169,33.07859831656744,58644000
2005-07-19,33.411170959472656,33.42822656713995,33.12123213517764,33.18092513550092,77860900
2005-07-20,33.64993667602539,33.74374087416362,33.17239276262922,33.206500718568996,91433100
2005-07-21,33.65846252441406,33.8460676477104,33.436742942758954,33.73521110990643,127286000
2005-07-22,33.615840911865234,33.76081199005601,33.44529129473551,33.66700774881941,71666600
2005-07-25,33.48789978027344,33.79489403084027,33.42820681522129,33.64992307784033,51872700
2005-07-26,33.615840911865234,33.70964515310184,33.419706249745715,33.590259119900864,67324900
2005-07-27,33.87166213989258,33.905770101731854,33.45380789037265,33.64141631909888,78351100
2005-07-28,34.03367614746094,34.04220232231386,33.80343039014879,33.897234578648956,66163700
2005-07-29,33.75226593017578,34.042201409733195,33.701099123359086,33.99956403056437,74725700
2005-08-01,33.81196594238281,33.96546314172717,33.701106131073175,33.803436512961355,59748300
2005-08-02,34.17865753173828,34.229821102452675,33.811970094170384,33.854607487440575,79284100
2005-08-03,34.161598205566406,34.22129120025241,34.00810100408118,34.033682786653976,61916400
2005-08-04,33.829036712646484,34.059282637015315,33.74376189015105,34.00811904472844,72035500
2005-08-05,33.6669921875,33.93134917670253,33.62435480292512,33.777851989813826,66029500
2005-08-08,33.419700622558594,33.777861914879985,33.377063225455416,33.70111329888432,63415400
2005-08-09,33.641422271728516,33.76080829185179,33.52203625160524,33.573199829929464,62143600
2005-08-10,33.35149002075195,33.84608980987802,33.2321039769293,33.72670376605538,102317500
2005-08-11,33.624359130859375,33.7181633408124,33.34294650100029,33.368531537457514,92446700
2005-08-12,33.43674850463867,33.530552708402055,33.23208774463141,33.35999990637992,86367300
2005-08-15,33.641422271728516,33.794919512751314,33.325901610970575,33.3770651892948,63061100
2005-08-16,33.09564971923828,33.539085751060576,33.035956720053015,33.51350071353512,94596000
2005-08-17,33.29178237915039,33.402638940861095,33.078592179365394,33.189448741076106,74470500
2005-08-18,33.121219635009766,33.34293594495837,33.06152665721501,33.14680141034371,72559400
2005-08-19,33.104164123535156,33.25766128200164,33.078582348131846,33.16385710149175,52024300
2005-08-22,33.121219635009766,33.41115834987998,32.91655567326825,33.15533083747057,88056300
2005-08-23,33.02743148803711,33.1894548988458,32.925101084001355,33.12123571383026,57482900
2005-08-24,32.8312873840332,33.41116492794116,32.79717617485651,32.95920279193382,95025700
2005-08-25,32.908042907714844,32.99331769558919,32.8227681198405,32.89098729953504,52328800
2005-08-26,32.79716110229492,32.91654702652331,32.63513781270246,32.85685406440911,63840700
2005-08-29,33.05300521850586,33.129753816080004,32.62662484376597,32.62662484376597,74940400
2005-08-30,32.93360900878906,32.967720208903145,32.67778151397963,32.882445461641026,87373600
2005-08-31,33.2406120300293,33.26619381031899,32.81423167574002,32.95067325899163,93426300
2005-09-01,33.189456939697266,33.38559483461177,33.07007091881024,33.25767938193276,74884400
2005-09-02,33.061546325683594,33.28326276753235,33.03596453513092,33.25768097697968,53244900
2005-09-06,33.547611236572266,33.60730423452684,33.17239764185428,33.21503503281835,78106600
2005-09-07,33.6072998046875,33.66699279477384,33.43674701028768,33.513495605116404,57440100
2005-09-08,33.5987548828125,33.7437225627038,33.48789514035187,33.504950735578284,73529700
2005-09-09,33.78638458251953,33.846077582866556,33.52203079613258,33.60730558147846,75342100
2005-09-12,33.88018035888672,33.99104015464156,33.75226821272997,33.79490559478222,51689900
2005-09-13,33.79491424560547,34.03368624863792,33.71816563705581,33.83755163857204,66145800
2005-09-14,33.411170959472656,33.83755139208152,33.385589174483975,33.81196960709284,98644000
2005-09-15,33.394107818603516,33.54760499995805,33.300303624106434,33.47938258467879,80421500
2005-09-16,33.5987548828125,33.649918415469585,33.351453631562684,33.47083954512544,71034100
2005-09-19,33.33441925048828,33.58172065912166,33.18092204878648,33.53055384087965,73387500
2005-09-20,33.19797897338867,33.718163593924444,33.09564858586464,33.394113571569896,115202800
2005-09-21,32.8312873840332,33.146807936357725,32.80570560366266,33.10417055139884,116404300
2005-09-22,32.9506721496582,33.02742074096737,32.60956982952486,32.78011936307961,118686100
2005-09-23,33.044471740722656,33.15533152450582,32.75453301984441,32.83128160045993,70154000
2005-09-26,33.05300521850586,33.283251011228295,32.873926241840884,33.232087448194925,69327600
2005-09-27,32.97625732421875,33.172395163443355,32.83981573151305,33.07859095851615,64089500
2005-09-28,32.98478317260742,33.21502894524377,32.88245280244365,33.053002335042,72044500
2005-09-29,33.428226470947266,33.43675264824411,32.788655823874386,32.94215303941384,117634600
2005-09-30,33.64993667602539,33.666992280507245,33.368527334634635,33.40263529057441,79248500
2005-10-03,33.7352294921875,33.89725292628059,33.69258883577189,33.71817388022633,81685600
2005-10-04,33.51350021362305,34.008103060093916,33.5049740365914,33.786383420977856,85348600
2005-10-05,33.05300521850586,33.5476080146557,33.027423436989174,33.522026233139016,106152200
2005-10-06,32.61811447143555,33.138299301137316,32.33670172630809,33.02743943914538,162213700
2005-10-07,32.694854736328125,32.890989363164614,32.55841311535384,32.7460215640778,91119900
2005-10-10,32.515750885009766,32.797160090146086,32.45605792473775,32.635136805553806,64012000
2005-10-11,32.353736877441406,32.609567666854474,32.23435091066124,32.609567666854474,114736900
2005-10-12,31.97001266479492,32.456086194979,31.91884583155574,32.166147312674006,146109500
2005-10-13,32.21731185913086,32.32817170796134,31.83357198391624,31.952958012029704,138569600
2005-10-14,32.45606231689453,32.46458848964905,32.097901253771475,32.30256518313076,131463200
2005-10-17,32.55842208862305,32.56694826908543,32.251427543565406,32.46461783840813,64080400
2005-10-18,32.328155517578125,32.558401279211836,32.328155517578125,32.524290073112695,88070400
2005-10-19,32.97625732421875,32.97625732421875,32.07233299242754,32.16613719735474,132879900
2005-10-20,32.669281005859375,33.1297695570727,32.490198691082675,33.01038351590533,132576900
2005-10-21,32.873931884765625,33.044484714542385,32.68632669973338,32.97626228142182,110032000
2005-10-24,33.394107818603516,33.411163422423336,32.80570412542703,33.02742046903701,110820900
2005-10-25,33.266197204589844,33.41969440803778,33.06153643534212,33.334419629688604,86665800
2005-10-26,33.09564971923828,33.487918929034144,33.053009074370685,33.240617502109785,89878100
2005-10-27,32.43049621582031,33.087122503835836,32.43049621582031,33.07006689535203,132231100
2005-10-28,32.677791595458984,32.73748458756307,32.3366859951293,32.54135000593193,95243900
2005-10-31,33.14681625366211,33.30031348044928,32.76307318669418,32.78865822650855,115279100
2005-11-01,33.121219635009766,33.26618736593321,33.0103598535238,33.070052831318556,73502300
2005-11-02,33.5561408996582,33.649945121339,33.010374431360574,33.027430040122965,101409900
2005-11-03,34.059288024902344,34.1872035319066,33.837571499524984,33.88873835293198,137054000
2005-11-04,34.17865753173828,34.30656971154885,33.973993489806944,34.110435100086306,100944500
2005-11-07,34.22128677368164,34.357728351461354,34.06778959205149,34.28950593605959,65324500
2005-11-08,34.22981643676758,34.40889541590782,34.10190427439204,34.17865287302702,78859700
2005-11-09,34.24687957763672,34.39185063052236,34.136019743432975,34.21276835895482,72458800
2005-11-10,34.62208557128906,34.6988341698466,34.0422079939708,34.26392761336997,120763100
2005-11-11,34.71588897705078,34.89496795189202,34.690307195794624,34.767055792587165,80057200
2005-11-14,34.71588897705078,34.843804389379706,34.62208477507945,34.767055792587165,53652400
2005-11-15,34.55388259887695,34.877932750573976,34.4344965569427,34.73296166177833,79543500
2005-11-16,34.767059326171875,34.775585503115806,34.50270229856848,34.64767333081047,65895700
2005-11-17,35.22755432128906,35.23608049904805,34.83528183085685,34.88644865648489,94425500
2005-11-18,35.346946716308594,35.51749957953466,35.19344946470766,35.406639730483924,108820200
2005-11-21,35.43221664428711,35.45780168471577,35.167862833048126,35.3043044542432,69731400
2005-11-22,35.56013107299805,35.705098868184216,35.27019222960095,35.36399645143894,88814000
2005-11-23,35.6453971862793,35.8330055842832,35.568648591916244,35.58570419655514,64101200
2005-11-25,35.7221565246582,35.76479392256735,35.58571489953397,35.67951912674906,22930200
2005-11-28,35.423675537109375,35.81594462609815,35.38956433293031,35.81594462609815,74716200
2005-11-29,35.25313186645508,35.68803844638539,35.25313186645508,35.61981927344651,77443000
2005-11-30,35.1678466796875,35.381036818195966,35.12520604956712,35.2019546295511,88044400
2005-12-01,35.82448196411133,35.85859317891999,35.38957536088663,35.398101538076546,91914100
2005-12-02,35.9097785949707,35.92683421120631,35.705114453169536,35.76480748348109,72929200
2005-12-05,35.6453971862793,35.86711679356099,35.50042942638462,35.86711679356099,61519900
2005-12-06,35.7647705078125,36.08029420242558,35.7306625636302,35.8415190750126,81509400
2005-12-07,35.696563720703125,35.841531479462745,35.50042914842743,35.81594969921668,83885500
2005-12-08,35.440738677978516,35.815952244691346,35.1934372746108,35.78184103325631,112043200
2005-12-09,35.57719421386719,35.61983161835905,35.28725530908688,35.44075256767795,56526900
2005-12-12,35.70509719848633,35.76479019995091,35.54307380208597,35.70509719848633,44863600
2005-12-13,35.85007858276367,35.99504641299424,35.611303254993395,35.66247009373536,76611600
2005-12-14,35.73067092895508,35.90122044886436,35.568644330808254,35.7733083089324,73581600
2005-12-15,35.79037857055664,35.87565336543815,35.483384104143376,35.81596035841611,72607200
2005-12-16,35.54331588745117,35.851047471456404,35.5176691431314,35.78266376196754,63743000
2005-12-19,34.979164123535156,35.65447137960795,34.9620706266867,35.62027786416482,75341700
2005-12-20,35.004783630371094,35.175747813574255,34.83381944716793,35.004783630371094,70257700
2005-12-21,35.1586799621582,35.39802805881374,35.00481239691585,35.06464942107974,68935000
2005-12-22,35.38946533203125,35.4407523233743,35.13301733182888,35.14156733763391,59149500
2005-12-23,35.38946533203125,35.55187957273721,35.303981578339865,35.483492569784104,38000400
2005-12-27,35.08173370361328,35.6288167361974,35.0218967007289,35.492045978051365,55656300
2005-12-28,35.03900146484375,35.24415601853575,34.936420927124914,35.098838481409985,50302400
2005-12-29,34.808189392089844,35.15011462956096,34.7483523940106,35.07318088047739,47301700
2005-12-30,34.54319763183594,34.688518397511366,34.50045738106274,34.654324892543954,60026500
2006-01-03,35.312538146972656,35.46640567134161,34.329495992490145,34.74835831124394,109350400
2006-01-04,35.68009567260742,35.68009567260742,35.32107050834197,35.398004239193774,92769400
2006-01-05,35.83394241333008,35.90232936781946,35.654431549099655,35.68862502634434,77656900
2006-01-06,36.48362350463867,36.500720251727536,35.953637388368215,36.12459833751469,110053900
2006-01-09,36.628944396972656,36.68878138695691,36.346856195742795,36.48362692440272,80768800
2006-01-10,36.654598236083984,36.68878847920468,36.37250671945209,36.46653722499606,84369400
2006-01-11,36.93669509887695,37.02217887877828,36.646056768958,36.757184052393335,100761400
2006-01-12,36.75716781616211,37.00506577706628,36.6289438333851,36.89393854271763,82429200
2006-01-13,36.74007034301758,36.79990733090085,36.526365883185555,36.70587684683535,64572100
2006-01-17,36.50071716308594,36.57765088804025,36.32975296753514,36.45797692941594,77962100
2006-01-18,36.08186340332031,36.29556788203347,35.919449173412076,35.92799591777711,121021900
2006-01-19,36.34684753417969,36.603292181696595,36.15023986238771,36.261363811093645,111094000
2006-01-20,35.26123809814453,36.321213720605535,35.175757613164286,36.29556696641428,188569400
2006-01-23,35.26979064941406,35.43220816283841,35.115926403290395,35.35527440934056,111381900
2006-01-24,35.42365646362305,35.64591096793908,35.31253247233689,35.35527271982171,77956900
2006-01-25,35.26979064941406,35.62026591293267,35.115926403290395,35.59462241539073,99826400
2006-01-26,35.51769256591797,35.63736658209735,35.24415102583013,35.47495231169282,112600600
2006-01-27,35.99639892578125,36.23574700491247,35.68011706966171,35.73140408040525,110830400
2006-01-30,36.06475830078125,36.17588551701802,35.96218108780082,36.05621155839572,53942600
2006-01-31,35.902347564697266,36.133148761774855,35.73993335677057,36.04766502533624,100988100
2006-02-01,36.03057861328125,36.04767210305405,35.645909875958154,35.68010337724726,89168700
2006-02-02,35.415103912353516,35.97073682117862,35.39800716398814,35.910896571464136,94047400
2006-02-03,34.979164123535156,35.24415897690974,34.85949008035732,35.15012843987769,121094200
2006-02-06,34.885135650634766,35.05609670023933,34.69707458302214,34.80820187396351,58162800
2006-02-07,34.73125457763672,34.98769931309165,34.568837078513596,34.82528507484027,87327000
2006-02-08,35.133018493652344,35.175762002347426,34.78254324410716,34.97915099279135,89907800
2006-02-09,34.799644470214844,35.36382429229442,34.73126071707881,35.22705352515005,78213400
2006-02-10,35.01335144042969,35.09883521390399,34.41497806959973,34.774003396446716,102575900
2006-02-13,34.61158752441406,34.82529205695068,34.44916999272791,34.79109854913545,70643100
2006-02-14,34.96205520629883,35.06463244651231,34.543192979046935,34.679963719622144,94340300
2006-02-15,35.18431854248047,35.26979906192366,34.81674643930371,34.868036707493296,92254300
2006-02-16,35.509132385253906,35.5176791285165,35.17575396320341,35.31252468150287,103859600
2006-02-17,35.2270393371582,35.44074377855451,35.21849259428559,35.44074377855451,81770200
2006-02-21,34.833824157714844,35.27832978980493,34.7141501915504,35.227039549646875,85101400
2006-02-22,35.26979064941406,35.50914191633625,34.77399788532842,34.85947838438291,91983900
2006-02-23,35.17575454711914,35.5091329747037,35.115917560674276,35.20994478160821,66517100
2006-02-24,35.26979064941406,35.29543740782802,35.05608614090583,35.20995364790152,57085400
2006-02-27,35.66300964355469,35.79123039292819,35.329631129962735,35.35527462766302,64945000
2006-02-28,35.133018493652344,35.66300800144995,35.02189450148643,35.5689774997158,117564600
2006-03-01,35.61170959472656,35.70574007493372,35.17575394934106,35.244137678028274,80962300
2006-03-02,35.63735580444336,35.765579789212964,35.39800784446958,35.517681824456474,69856500
2006-03-03,35.43220138549805,35.910897306035196,35.380911139352754,35.43220138549805,112066100
2006-03-06,35.12446594238281,35.58606836866319,35.013338707714276,35.509134630949795,99581000
2006-03-07,34.919307708740234,35.10736867836053,34.74834674821774,35.06462843822991,96441100
2006-03-08,34.936405181884766,35.12446615540726,34.62012348530987,34.84237469512352,103961900
2006-03-09,34.637245178222656,35.175781733314636,34.59450490642539,35.04755765704912,108556700
2006-03-10,34.671417236328125,34.86802497358258,34.355132246905505,34.60303023508917,124474900
2006-03-13,34.77400207519531,34.9962533560389,34.722711813059526,34.8252923373311,69169100
2006-03-14,35.363807678222656,35.40654791146217,34.73979114248764,34.73979114248764,118201000
2006-03-15,35.66300964355469,35.66300964355469,35.32108112348128,35.5005921291274,84375800
2006-03-16,35.363807678222656,35.83395676559882,35.32961744815351,35.77411978688935,101371200
2006-03-17,35.457054138183594,35.57681205969648,35.268861254001266,35.36295769609243,78219600
2006-03-20,35.542606353759766,35.65381157336099,35.414295650982694,35.55971510009532,60240100
2006-03-21,35.16621398925781,35.93608778228535,35.140552508437864,35.16621398925781,136566000
2006-03-22,35.25175857543945,35.311637546493046,34.95236372017148,34.96947246378096,112282800
2006-03-23,35.14911651611328,35.26032174058233,34.91815332521289,35.14911651611328,75158200
2006-03-24,35.32874298095703,35.49982713786768,35.08922711917744,35.26886401551213,81795500
2006-03-27,35.33728790283203,35.50836874293802,35.27740895616336,35.31162316628985,54400400
2006-03-28,35.1918830871582,35.64525341662022,35.06357239212757,35.405737508702096,100522800
2006-03-29,35.859092712402344,36.013068092018194,35.21752971838902,35.24319445709708,130669100
2006-03-30,35.970298767089844,36.18415310371125,35.74789169279319,35.936081290072444,115915600
2006-03-31,35.86765670776367,36.09006382613892,35.79066900079553,36.03874086359941,71074600
2006-04-03,35.910423278808594,36.24403555402222,35.84199158132918,36.055845938584945,80730700
2006-04-04,36.107181549072266,36.19272527984708,35.86766562922213,35.97031484299223,89952600
2006-04-05,36.449344635009766,36.500667602836984,36.107176288085405,36.184164002985426,91628200
2006-04-06,36.551979064941406,36.73161590607252,36.30390727681298,36.43222117085399,91712800
2006-04-07,36.20125961303711,36.82571384594032,36.18415087558192,36.68029447230826,116604300
2006-04-10,36.14994812011719,36.35524979001562,36.00452868727361,36.26970933106756,58981900
2006-04-11,35.859092712402344,36.295357375699965,35.67945585723657,36.26113989952797,91481900
2006-04-12,35.86765670776367,35.99597064043019,35.75645151699661,35.876209447133974,58751200
2006-04-13,36.01308059692383,36.20982952165132,35.747903222408034,35.84199968297529,63476900
2006-04-17,35.63669204711914,36.10717100797047,35.40572893619385,35.961751602846434,104072100
2006-04-18,36.32103729248047,36.40658102634346,35.73080021304487,35.73080021304487,124291700
2006-04-19,36.48355484008789,36.48355484008789,36.18415678050018,36.38945840030771,79050300
2006-04-20,36.355247497558594,36.62898086472278,36.25259830066181,36.47500543779803,81408000
2006-04-21,35.92756271362305,36.54346483292535,35.773587183797474,36.49213856859639,130181200
2006-04-24,35.893333435058594,35.987429923894545,35.688034971380375,35.884780692055436,78556400
2006-04-25,35.816314697265625,36.01306024766234,35.628125145627315,35.987398777701976,77660800
2006-04-26,35.80778121948242,35.97886539192972,35.67091453415642,35.80778121948242,82537000
2006-04-27,36.14994812011719,36.34669704938455,35.49983214789761,35.64525158074119,173950100
2006-04-28,35.79922866821289,36.11573555986661,35.73934969155613,35.92754262571137,88876600
2006-05-01,35.448490142822266,35.970295194457236,35.33728824829781,35.859090036774894,92875500
2006-05-02,35.542606353759766,35.696581807620014,35.414295650982694,35.60248533435434,85148100
2006-05-03,35.49128723144531,35.61959794815396,35.31164700699711,35.55971896105791,74971600
2006-05-04,35.78209686279297,35.918963460629975,35.525469136586125,35.525469136586125,88696800
2006-05-05,36.06438827514648,36.10715848162985,35.87619545083055,36.01306206947189,80392200
2006-05-08,36.09861755371094,36.167049253837305,35.9874123699521,35.995968371942055,45079100
2006-05-09,35.96175003051758,36.081507950244514,35.90187107065411,36.01307298859565,48528800
2006-05-10,35.64524841308594,35.91042903331431,35.542599218838426,35.8676588076411,92424200
2006-05-11,34.849700927734375,35.62813051094566,34.75560450616632,35.611021774009835,140989700
2006-05-12,34.37923812866211,34.74706802147557,34.37068538696959,34.69574504500097,153920800
2006-05-15,34.35357666015625,34.507552115987984,34.037073006795346,34.23381869743373,127896500
2006-05-16,34.09695816040039,34.439123363952206,34.019970418548176,34.362135622099984,132397500
2006-05-17,33.63502883911133,34.05418501190787,33.5580411038287,33.94297978024184,207897100
2006-05-18,33.404048919677734,33.92585405738126,33.361278702178424,33.78043466525191,139690900
2006-05-19,33.66068649291992,33.76333897036903,33.14743715831314,33.53237579084807,194306300
2006-05-22,33.33564376831055,33.56660704250488,33.036245481098184,33.369858011658536,169591800
2006-05-23,33.01055908203125,33.68633964160001,32.99345034168233,33.58368719950649,142243900
2006-05-24,33.232975006103516,33.39550645100328,32.70261696707136,32.95924161414115,234981600
2006-05-25,33.669219970703125,33.68632870549778,33.20729392072005,33.45536568050624,123510900
2006-05-26,33.78044509887695,33.857432819417966,33.55803467813207,33.74622760904552,91319600
2006-05-30,33.05332565307617,33.64356570891138,33.02766417696445,33.617900969641454,105606200
2006-05-31,33.207305908203125,33.41260753669314,32.96779006093035,33.11320946444348,137066200
2006-06-01,33.994300842285156,33.994300842285156,33.22442360682894,33.30141133037456,119357400
2006-06-02,33.908748626708984,34.21669944380866,33.62646255314011,34.182481961206754,128864100
2006-06-05,33.17307662963867,33.84030423759049,33.17307662963867,33.84030423759049,103190600
2006-06-06,33.14741897583008,33.31850308124014,32.805250765009966,33.23295939695616,127271000
2006-06-07,32.899356842041016,33.50670249450149,32.89080410268135,33.19019892765233,130754700
2006-06-08,32.848052978515625,32.98491972996107,32.06962271782698,32.73684772322846,280562200
2006-06-09,32.634185791015625,33.138882352645375,32.599968300663896,32.9849069092221,144146200
2006-06-12,31.992610931396484,32.72826712827064,31.98405493033101,32.676944174510986,145607500
2006-06-13,31.86429977416992,32.334778715519235,31.78731207371941,32.06960139642415,207099500
2006-06-14,32.189369201660156,32.25780092132097,31.821539326899455,31.95840602938068,201876800
2006-06-15,33.06186294555664,33.18162078385631,32.33475665663437,32.377526847004766,200700400
2006-06-16,32.818790435791016,33.10982835210583,32.69895187001833,32.998548284450045,120006100
2006-06-19,32.55343246459961,32.9899909876469,32.4507141566763,32.95575046322042,129450100
2006-06-20,32.596221923828125,32.93861723726708,32.4763801355019,32.60478041888829,102871700
2006-06-21,33.10981750488281,33.3751765745557,32.639021894147966,32.647580389460984,129548100
2006-06-22,32.690372467041016,33.109810486275514,32.5191764742311,33.032770983369346,143100500
2006-06-23,32.65615463256836,32.981429824474986,32.46783501014943,32.664713131152766,88050200
2006-06-26,32.74174499511719,32.86158353930911,32.58766593391173,32.67326396109013,65157700
2006-06-27,32.125431060791016,32.81022838889126,32.09119380667053,32.75886760967705,128227500
2006-06-28,32.36509704589844,32.390775791413844,31.99701978852465,32.20245628335631,91576300
2006-06-29,33.349491119384766,33.349491119384766,32.44214050343004,32.5106182549386,181997200
2006-06-30,33.18687057495117,33.503587276533544,33.10983102425748,33.48646701356203,82719200
2006-07-03,33.38373947143555,33.38373947143555,33.22110191620521,33.28957968380284,21598500
2006-07-05,32.65615463256836,33.109830160734475,32.604793844993324,33.07558963568445,93724000
2006-07-06,32.621925354003906,32.938642156514994,32.536324011867585,32.7588842360647,70615200
2006-07-07,32.262386322021484,32.673262714440554,32.159668040255546,32.442147396806014,108063300
2006-07-10,31.979904174804688,32.46782000249062,31.817263388672924,32.34798148556491,105109800
2006-07-11,32.21959686279297,32.305198177440445,31.740242562192183,31.911438660774596,136114200
2006-07-12,31.611854553222656,32.21960943017361,31.53481497266848,32.15113161710187,154458900
2006-07-13,31.081117630004883,31.70599234176369,31.081117630004883,31.363593718579693,177745500
2006-07-14,30.764400482177734,31.141039654069584,30.636003436141884,31.07255861723268,172448500
2006-07-17,30.84144401550293,31.029763625870405,30.704485189423675,30.772966235141293,134311000
2006-07-18,30.944169998168945,31.09824910765651,30.422013378834013,31.004089289041172,206964900
2006-07-19,31.34647560119629,31.52623668658722,30.892800170052897,30.918478925670676,192517600
2006-07-20,30.884260177612305,31.50057353919178,30.85001963936971,31.457774499067263,152292100
2006-07-21,30.558948516845703,30.781505243803743,30.49046751448697,30.71302750679893,119343000
2006-07-24,31.16674041748047,31.18386068877856,30.64458357164123,30.67882411423741,130269300
2006-07-25,31.34647560119629,31.449197154378393,31.02120047885278,31.235198816615583,108869600
2006-07-26,31.320802688598633,31.56047982669194,31.01264450227518,31.25232164036849,107170500
2006-07-27,31.1153621673584,31.705999767412273,31.029764124192695,31.449202372559128,99698700
2006-07-28,31.76592063903809,31.79159940020056,31.24376405969307,31.26944282085555,93556100
2006-07-31,31.757354736328125,31.945674334593548,31.57759690090519,31.7402377413547,78015300
2006-08-01,31.226640701293945,31.500558344391234,31.038321097156103,31.474879585774577,98552800
2006-08-02,31.577598571777344,31.78303844124245,31.33792144519801,31.33792144519801,87370600
2006-08-03,31.774484634399418,31.962804289785396,31.2266491991203,31.260889730164436,99205600
2006-08-04,31.62894821166992,32.21102382715669,31.3464688988507,32.05694479568344,123493800
2006-08-07,31.42351722717285,31.62039531919008,31.269438152488817,31.59471656186131,69634800
2006-08-08,31.226640701293945,31.586159648706563,31.038321097156103,31.509120107500703,124139900
2006-08-09,31.269447326660156,31.93712460130001,31.18384926688009,31.663206891575797,145342200
2006-08-10,31.49199867248535,31.569038210818853,31.08112222315859,31.183840519151342,102481300
2006-08-11,31.269447326660156,31.40640618152226,31.132488471798048,31.372168916824236,86903200
2006-08-14,31.474884033203125,31.902880819188447,31.41496474439369,31.534803322012564,109281100
2006-08-15,32.27095031738281,32.31374933230151,31.74879384545033,31.84295363748478,133712100
2006-08-16,33.03278350830078,33.04990376714406,32.39078849577772,32.51062704232515,135452100
2006-08-17,33.15263366699219,33.36663207945562,32.90439472484901,32.92151498968888,129492200
2006-08-18,33.20396041870117,33.238200913275385,32.767402276263205,33.06700170575762,97754500
2006-08-21,32.887271881103516,33.00711372558503,32.75031303848102,32.95575293509295,66668400
2006-08-22,32.89583969116211,33.2211182266792,32.69896152279457,32.83592039058751,102058600
2006-08-23,32.647579193115234,33.10125453124451,32.45925964958014,32.921496748063646,96056300
2006-08-24,32.74174499511719,32.82734302229558,32.4592656277887,32.74174499511719,78985300
2006-08-25,32.801658630371094,33.07557618869677,32.579101838739554,32.67325834631318,73572900
2006-08-28,33.049896240234375,33.2039752693778,32.73317968715277,32.775978691836,80035000
2006-08-29,33.15263366699219,33.17831243157367,32.68183781264396,33.02423657872811,104842000
2006-08-30,33.30670166015625,33.40941994952908,33.04134254180793,33.144064096536304,75687200
2006-08-31,33.27244567871094,33.40940442267567,33.17828592998131,33.34948517627573,61207200
2006-09-01,33.45222854614258,33.563505353408566,33.29814945031381,33.45222854614258,69388500
2006-09-05,33.77751159667969,33.794631863018395,33.25535490209833,33.469353333296795,85582800
2006-09-06,33.101261138916016,33.546378070900104,33.049903627957974,33.46933853910756,97888600
2006-09-07,32.947181701660156,33.298138804317205,32.83590166461618,32.99853920694575,115877400
2006-09-08,33.14405822753906,33.2296562426332,32.92149816372637,32.98997918808565,96627000
2006-09-11,33.349491119384766,33.512131901757485,32.80165604589785,32.87869555719161,142377500
2006-09-12,33.96580123901367,34.06851948089736,33.34092676407734,33.34092676407734,124102400
2006-09-13,34.19694519042969,34.22262395367884,33.92302749791716,33.991505288367065,116054300
2006-09-14,34.23117446899414,34.428052541703,34.03429313092989,34.111332660716435,98116000
2006-09-15,34.353660583496094,34.65342943419999,34.25944658263618,34.51639177855886,137825600
2006-09-18,34.36219787597656,34.602016041399466,34.208030222216465,34.36219787597656,117806700
2006-09-19,34.13097381591797,34.473569603342305,33.84833506844313,34.44787606281793,159060800
2006-09-20,34.627723693847656,34.72193766151168,34.42216564919575,34.430732337474815,116635500
2006-09-21,34.413597106933594,34.83327328759432,34.327949840294124,34.71336580740554,121886900
2006-09-22,34.14809799194336,34.39647973125817,34.002496931318476,34.387916308318175,100996400
2006-09-25,34.74763870239258,34.82472257739402,33.9853666425089,34.293702142514654,136473400
2006-09-26,34.918941497802734,34.94463503735416,34.60204253013855,34.70481995557969,113375600
2006-09-27,34.8761100769043,35.07310145981696,34.687682116190125,34.83328316420764,113003800
2006-09-28,34.970314025878906,35.02170107879875,34.627718425989,34.918923705725284,85943600
2006-09-29,34.81616973876953,35.05598485957444,34.79047292780045,35.03029131584133,85438200
2006-10-02,34.37935256958008,34.85898597627081,34.327965493058585,34.77333540334285,97068800
2006-10-03,34.52494812011719,34.67054915617274,34.15665891837915,34.27656642271536,116261400
2006-10-04,35.37287902832031,35.381445719880624,34.379355177633215,34.46500575705871,149209500
2006-10-05,35.54415512084961,35.595545436987436,35.27007996924824,35.37285733429037,91799900
2006-10-06,35.467079162597656,35.59555334787805,35.321478135365176,35.42425552324894,85450400
2006-10-09,35.586997985839844,35.74973244128594,35.39000656835246,35.42426679762904,62786100
2006-10-10,35.64693832397461,35.75828239355853,35.38142981519595,35.62980821578985,98181800
2006-10-11,35.57842254638672,35.82680422390406,35.261520433457335,35.48420858131226,136561300
2006-10-12,36.14370346069336,36.18652709967216,35.715460536436886,35.76684759631776,95260200
2006-10-13,36.3406982421875,36.417782106515176,36.09231653855005,36.16940040287772,80470200
2006-10-16,36.374969482421875,36.50344045039551,36.31501571058707,36.3407092507347,62017400
2006-10-17,35.972415924072266,36.143713796205354,35.766857824065525,36.11801699168254,146149100
2006-10-18,35.80113220214844,36.23794211209639,35.6726611976975,36.16085820253125,120366100
2006-10-19,35.886749267578125,36.06661046606129,35.62123754560293,35.70688480186156,108198400
2006-10-20,35.972415924072266,36.04093637981956,35.664080407679734,36.00667615194592,105454300
2006-10-23,36.3406982421875,36.469172438478466,35.81824130254821,35.90388858858583,126960500
2006-10-24,36.09233474731445,36.35784669555845,35.903906702287344,36.21224231515491,103541700
2006-10-25,36.3406982421875,36.417782106515176,36.01523267422237,36.10944664920447,125399500
2006-10-26,36.67473983764648,36.760387153122664,36.160849410318065,36.46918497360938,130260700
2006-10-27,36.15227127075195,36.674728224532515,36.0409304493363,36.589080936176686,129375000
2006-10-30,36.38352966308594,36.529134001157864,36.02380706414687,36.10945436849373,103899900
2006-10-31,36.46916198730469,36.623326404545736,36.23791046059272,36.45203188155933,135811800
2006-11-01,35.972415924072266,36.63191060808181,35.818248165876,36.59765038020816,148960600
2006-11-02,36.00666427612305,36.09231155032358,35.74971918628737,35.809672931674555,100216400
2006-11-03,35.91245651245117,36.13514142414718,35.63838126702472,36.058057557168816,119263300
2006-11-06,36.434913635253906,36.580514680631715,36.023800765250215,36.03236418729346,101283300
2006-11-07,36.68329620361328,36.905981121509534,36.374960727114825,36.434914484519,139706500
2006-11-08,36.85457992553711,37.00018419863483,36.37495000764762,36.47772738044769,180245700
2006-11-09,36.68329620361328,37.128666039405786,36.546255309849755,37.05158217028117,124278000
2006-11-10,36.85457992553711,36.86314661249015,36.54624453990314,36.69184881300086,82419400
2006-11-13,37.23143768310547,37.29139142597408,36.82888832335855,36.87171195865985,89146200
2006-11-14,37.62542343139648,37.65968364933194,37.03444937456388,37.2571342566759,121962800
2006-11-15,37.77959442138672,38.02797612210886,37.61686000569694,37.67681702590099,116565900
2006-11-16,37.94233703613281,38.0451144626782,37.70252195178175,37.90807680487252,113513200
2006-11-17,37.94233703613281,37.94233703613281,37.64256818069398,37.73678218304204,95162500
2006-11-20,38.019412994384766,38.09649686502782,37.6939473997547,37.822421606571375,107184100
2006-11-21,38.070804595947266,38.12219166659409,37.89950673690973,38.045107793388944,68092200
2006-11-22,38.31061935424805,38.3277494667483,37.908069878579326,38.182148411348486,69852700
2006-11-24,38.24209976196289,38.421961031030705,38.01084815863228,38.02797827005321,51762900
2006-11-27,37.37704849243164,38.2078409573953,37.37704849243164,38.122190397111275,159506300
2006-11-28,37.488407135009766,37.54836091685697,37.12011775095633,37.26571885908924,118268400
2006-11-29,37.745330810546875,37.839544775961755,37.394171745876825,37.685377062961805,139515500
2006-11-30,37.71965026855469,37.92520511184251,37.50552873424259,37.72821369234363,123457100
2006-12-01,37.394187927246094,37.985162237985286,37.05159213516691,37.68539337034272,144559600
2006-12-04,37.90806198120117,38.09648991221391,37.50551585662968,37.50551585662968,89782400
2006-12-05,38.04510498046875,38.156449070696,37.84811360067265,38.01941144704503,84697500
2006-12-06,37.90806198120117,38.02797274372195,37.74533084720285,37.92519209013271,78207500
2006-12-07,37.42844009399414,38.09649815062146,37.42844009399414,37.976590629404754,124936100
2006-12-08,37.599735260009766,37.90806746366753,37.231446032803206,37.30852990052632,133798700
2006-12-11,37.73677062988281,38.00227917277559,37.47125881975556,37.53977926129852,72931300
2006-12-12,37.51409912109375,37.79674116712039,37.3085442396525,37.728220695149346,110985900
2006-12-13,37.58260345458984,37.77959482606194,37.35991528354519,37.77102813712624,79035500
2006-12-14,38.00228118896485,38.173579034675875,37.633991964218254,37.659688764777435,109104200
2006-12-15,38.100040435791016,38.38302350310114,38.031436497524425,38.314422836050376,99942300
2006-12-18,37.72271728515625,38.374438147318074,37.55978461620466,38.22865972900859,121588700
2006-12-19,37.60266876220703,37.78275245049382,37.19963210560224,37.43116547235762,136535200
2006-12-20,37.465476989746094,37.82564121836635,37.4483260006483,37.64556073966457,67213400
2006-12-21,37.19964218139648,37.5512292547626,37.05386042007975,37.508353420687016,102952300
2006-12-22,36.813751220703125,37.22536509464501,36.813751220703125,37.21679123676168,92858600
2006-12-26,36.968116760253906,36.97669062043978,36.770885263807216,36.813761107170905,50848600
2006-12-27,37.156776428222656,37.21680326645748,36.95954164977413,37.05387047306238,54129200
2006-12-28,36.97666931152344,37.199628802474976,36.91664251116309,37.045273238343995,69016000
2006-12-29,37.01096725463867,37.396856123049155,36.97666529495442,37.0366920887944,75152500
2007-01-03,37.079566955566406,37.78274069302073,36.46214483635205,37.268221169937256,167689500
2007-01-04,37.78276062011719,37.911388115316875,37.0024087061938,37.131036201393485,136853500
2007-01-05,37.60266876220703,37.688423678347306,37.28538375052695,37.688423678347306,138958800
2007-01-08,37.62841033935547,37.83421566931592,37.42260173817827,37.636984198430184,106401600
2007-01-09,37.81705093383789,37.97998363798368,37.4140142794914,37.73987314535187,121577500
2007-01-10,38.2629508972168,38.29725284933031,37.57692821101756,37.69698177220065,121070100
2007-01-11,38.65745162963867,38.79465629048281,38.28871349026682,38.34016319357266,174029800
2007-01-12,38.85468292236328,38.888981633982446,38.56312261068903,38.60599845362583,104217300
2007-01-16,38.82893371582031,38.93183960845211,38.70030625685361,38.88896051758118,95690500
2007-01-17,38.51165771484375,38.837519908481056,38.44305704162417,38.666013318607945,127142600
2007-01-18,37.79990005493164,38.451621003265,37.688420309521824,38.40874518463515,189029800
2007-01-19,37.87709426879883,37.971423081582,37.65413793321613,37.70559090506613,127544300
2007-01-22,37.465476989746094,37.92854388173642,37.311121359082655,37.911392892638624,123441700
2007-01-23,37.371150970458984,37.714160934303344,37.302547014960126,37.439751654741194,133103600
2007-01-24,37.98856735229492,38.0057183398777,37.53407763060866,37.61125543912296,117615300
2007-01-25,37.499755859375,38.134328980082,37.371128427230985,38.04000023378092,158337600
2007-01-26,37.362552642822266,37.58551210048118,37.12244547723401,37.56836112133705,146284300
2007-01-29,37.39687728881836,37.65413558962263,37.21679680537704,37.268246502807834,104191500
2007-01-30,37.41400146484375,37.551206011689985,37.319672725534254,37.45687727238049,69605900
2007-01-31,37.79132843017578,37.89423106411113,37.15675837115608,37.37114076673058,157772500
2007-02-01,37.7313117980957,38.07432503201959,37.602681017570085,37.96284524031183,147365600
2007-02-02,37.8685188293457,37.9456966482926,37.67986121164955,37.83421684954334,98189200
2007-02-05,37.83420944213867,38.04001800944159,37.69700482100879,37.85136042868193,96347800
2007-02-06,37.78276062011719,37.928539102253424,37.422596436882245,37.90281425745674,121110200
2007-02-07,38.125770568847656,38.28870330923778,37.834210333178056,37.97141495753927,117823800
2007-02-08,38.11719512939453,38.2458226193369,37.92853755201969,38.074319299413744,89521900
2007-02-09,37.62841033935547,38.34873553665055,37.499779554717634,38.22010475201271,133472000
2007-02-12,37.48262405395508,37.6369796684556,37.37972140136018,37.61982868115373,126940000
2007-02-13,37.61125183105469,37.731305461400936,37.47404721477096,37.54264788730478,93648000
2007-02-14,38.24580383300781,38.340132575360975,37.76558953915829,37.76558953915829,133370000
2007-02-15,38.46879577636719,38.46879577636719,38.20296030250913,38.27156427171791,110452500
2007-02-16,38.340145111083984,38.443051011596104,38.22009149836879,38.297269288145074,72342200
2007-02-20,38.63172149658203,38.6917483281268,38.10005387237824,38.28013436701254,93629000
2007-02-21,38.751766204833984,38.76891719148591,38.44305825874789,38.52023279185725,95864000
2007-02-22,38.948997497558594,39.06047727476744,38.64886341032271,38.89754780901313,116344400
2007-02-23,38.811771392822266,38.98327789254529,38.640268164313646,38.948975938357805,113467100
2007-02-26,38.62312316894531,39.01758588955029,38.38301272366041,39.000434909800305,101623700
2007-02-27,37.03670120239258,38.14291514030304,36.925224712810206,38.04858636356739,317813200
2007-02-28,37.156776428222656,37.52551131828629,36.81376312012309,37.002420766699586,214978700
2007-03-01,36.98523712158203,37.33682397993617,36.222036619633855,36.48786859106354,231806500
2007-03-02,36.427860260009766,36.99382971557088,36.41928640258107,36.68511850868007,183359400
2007-03-05,36.14488220214844,36.70227460669917,36.0677043896763,36.14488220214844,171885400
2007-03-06,36.745121002197266,36.865177825244416,36.44498712261426,36.470711949088816,155551800
2007-03-07,36.599388122558594,36.856646520757785,36.57366326410408,36.75374381572171,119979300
2007-03-08,36.84805679321289,37.07959023326957,36.73657700254487,36.98526143125945,120900700
2007-03-09,36.813751220703125,37.16533827581283,36.573643945374435,37.1567644179295,128597600
2007-03-12,37.05385208129883,37.11387888973921,36.72799319868411,36.76229189549595,81310100
2007-03-13,36.33354187011719,37.07959525734698,36.324968010234834,36.87378663678293,171231800
2007-03-14,36.86519241333008,36.87376626847641,36.101988456696624,36.384974744754295,192586700
2007-03-15,36.77943801879883,36.925219728041846,36.633659580771095,36.788015145280035,111627400
2007-03-16,36.75113677978515,36.931330680021894,36.562360347188374,36.84552172280653,108328800
2007-03-19,37.1286735534668,37.231640993299926,36.85409153172786,36.94847971543985,95913200
2007-03-20,37.394683837890625,37.40326309573676,37.077195651882185,37.12009848766597,78755700
2007-03-21,38.115474700927734,38.13263649681523,37.19733989725309,37.44618102770491,173333500
2007-03-22,37.978172302246094,38.14120767800803,37.83230199054004,38.132625145980086,114856300
2007-03-23,37.85804748535156,38.07256498536216,37.8151446400049,37.97817676163313,68530300
2007-03-26,38.01249694824219,38.02965873950174,37.43759167079344,37.87520589144271,114237300
2007-03-27,37.746490478515625,37.96100792019711,37.71216690226026,37.95242538949507,76419200
2007-03-28,37.34318923950195,37.780803293557994,37.33460671050092,37.58344767911894,142795000
2007-03-29,37.38608932495117,37.62634774696153,36.98279559662621,37.60060670839628,124407000
2007-03-30,37.35177230834961,37.64351613192874,37.085772801125984,37.37751662470512,120418700
2007-04-02,37.40327453613281,37.54914487706981,37.1544334298876,37.47191843972741,89617700
2007-04-03,37.892372131347656,38.02108394426689,37.57488713896489,37.600628192237785,105814500
2007-04-04,38.04681015014648,38.08113372330082,37.866616301000334,37.91809838745575,85147200
2007-04-05,38.23557662963867,38.25273841177248,37.95241213434367,38.0038974807451,54220200
2007-04-09,38.14120101928711,38.398621289477504,38.08113639868523,38.36429771391177,63050200
2007-04-10,38.33855438232422,38.33855438232422,38.10687517098756,38.13261621448848,76364500
2007-04-11,37.93525314331055,38.32138508654297,37.81512393281057,38.30422330314648,114012300
2007-04-12,38.23557662963867,38.28705870276485,37.71215373102082,37.87518575137914,113801300
2007-04-13,38.31280517578125,38.37286978000327,38.00389962648205,38.24415804337012,94572000
2007-04-16,38.66463088989258,38.74185731185863,38.467275205596415,38.467275205596415,72803200
2007-04-17,38.750450134277344,38.78477372789349,38.578835439474666,38.74187087251233,81852300
2007-04-18,38.6217155456543,38.81049192607082,38.46726601191256,38.55307167213309,82002500
2007-04-19,38.74185943603515,38.8276651214679,38.372889096775616,38.45011552297592,95413000
2007-04-20,38.95637512207031,39.18805111668452,38.784760485860915,39.05934259448517,122377400
2007-04-23,39.01644515991211,39.12799190661886,38.90489513992797,39.00786262661012,85303300
2007-04-24,39.21380233764648,39.32535236179633,38.89631733244194,39.15373769539907,108143700
2007-04-25,39.73720932006836,39.74578857689912,39.213786274935615,39.342494767053985,106818100
2007-04-26,39.943153381347656,40.02896233572413,39.754380228273256,39.8316033772967,99308300
2007-04-27,39.960296630859375,40.071846583151746,39.72003821663772,39.78868207501159,96536500
2007-04-30,39.43688201904297,39.92598147864822,39.40255844598531,39.89166117886665,93290500
2007-05-01,39.402557373046875,39.59133374644747,39.17946070079927,39.44546347483865,135044400
2007-05-02,39.83158493041992,39.9688791938383,39.514100129453425,39.54842369530802,91971600
2007-05-03,39.97748565673828,40.08903568504728,39.84019457315706,39.90883847830886,98003600
2007-05-04,40.01179885864258,40.23489558406566,39.83160169868445,40.131928116430146,93591800
2007-05-07,40.01179885864258,40.14050737486778,39.96031348818643,40.037539907232265,47487900
2007-05-08,40.09759521484375,40.13191878716883,39.728624995539256,39.87449854128281,95138900
2007-05-09,40.18342208862305,40.30355137212571,39.86593381276319,39.89167814014053,116021000
2007-05-10,39.634246826171875,40.14050818946245,39.53127935644678,40.0461199783491,171196300
2007-05-11,40.140506744384766,40.140506744384766,39.62566614101696,39.67715151066444,104767900
2007-05-14,39.86591720581055,40.226308179467864,39.63423799559001,40.13191998938438,118899200
2007-05-15,39.55701446533203,40.07185828319775,39.46262954166919,39.83159652554987,179438500
2007-05-16,39.943153381347656,39.95173591342376,39.39398916644593,39.64283022422231,144420500
2007-05-17,39.754390716552734,39.96032571483362,39.72006712574666,39.89168180649925,109869100
2007-05-18,40.0804443359375,40.0804443359375,39.79728297038782,39.88308865127514,104961700
2007-05-21,40.337852478027344,40.535211376404256,40.04610866847024,40.106176554895335,112831400
2007-05-22,40.37220001220703,40.5695557544483,40.21774712292641,40.36362075092605,98029100
2007-05-23,40.18342208862305,40.646777428807944,40.15767776124571,40.49232455765382,119220600
2007-05-24,39.6085205078125,40.36362320427175,39.44548834734162,40.20917030560331,206268600
2007-05-25,39.85734939575195,39.951737612942814,39.62567011899539,39.69431401213971,87143200
2007-05-29,40.16624450683594,40.20914733789791,39.82301531178774,39.90024171700978,99702400
2007-05-30,40.49232482910156,40.500907362710706,39.77154584997626,39.88309587395259,132036500
2007-05-31,40.68110656738281,40.77549480966485,40.50949187898618,40.603880121268226,109457700
2007-06-01,40.70684051513672,40.99000519252529,40.64677587568048,40.82697306732655,125089800
2007-06-04,40.82695388793945,40.87843596998715,40.53521008765784,40.56095112868169,64782700
2007-06-05,40.82695388793945,40.82695388793945,40.3292719396396,40.715403921376414,151160400
2007-06-06,40.38933944702149,40.655342225353145,40.294951258798115,40.6467596955459,183166500
2007-06-07,39.76296615600586,40.50948618126234,39.74580436225224,40.25206582151295,221373300
2007-06-08,40.2520637512207,40.26922554409164,39.60851124830845,39.74580231799864,177587800
2007-06-11,40.17483901977539,40.49232401812755,40.12335363898419,40.2263244005666,97100400
2007-06-12,39.934574127197266,40.3636090792988,39.857347704887914,39.960315176874744,153967700
2007-06-13,40.37220001220703,40.4065236038867,39.93458567476385,40.106200359884305,147985300
2007-06-14,40.63819122314453,40.74974122730829,40.40651195600917,40.41509121481703,101531900
2007-06-15,41.013465881347656,41.10792790894674,40.91900712958528,41.013465881347656,100378400
2007-06-18,41.02204513549805,41.10791789831084,40.93616909684934,41.090742690581095,75713200
2007-06-19,41.013465881347656,41.09934194090897,40.79878064619943,40.901831917673015,109621300
2007-06-20,40.627052307128906,41.150881751323745,40.5669406778633,41.07359817870063,161889500
2007-06-21,40.99629592895508,41.03923232289494,40.42952701177307,40.6098618318226,143181300
2007-06-22,40.609859466552734,40.970529085645055,40.4810470163988,40.910417482463,153328700
2007-06-25,40.43810272216797,40.85888713804541,40.20624232270522,40.61843749647142,136602600
2007-06-26,40.20625686645508,40.63562740392328,40.13755928389553,40.62704143454229,128211900
2007-06-27,40.824554443359375,40.841729659201626,40.10321175717205,40.1633233747012,141196200
2007-06-28,40.8073616027832,41.090744352193475,40.764425219640565,40.8073616027832,116546300
2007-06-29,40.87604522705078,41.11649478719139,40.54113696652933,41.03061877434298,124794700
2007-07-02,41.24531936645508,41.262494575468274,40.94476139831457,40.97052257391629,80863100
2007-07-03,41.485782623291016,41.49436859269555,41.25392213932163,41.2968585380188,34803300
2007-07-05,41.78630828857422,41.88077025796377,41.46857525358322,41.511511618987186,73588500
2007-07-06,41.95806884765625,42.001005225157485,41.64892168831035,41.829256439316914,65804300
2007-07-09,41.98383712768555,42.06112393060821,41.83785276429617,41.992426370141494,66768800
2007-07-10,41.63174819946289,41.992420992189494,41.58881182019052,41.75197137175984,104383100
2007-07-11,41.91512298583984,41.91512298583984,41.4943387195349,41.53727508732074,99637600
2007-07-12,42.5591926574707,42.65365138806465,42.00959582695434,42.05253548503048,107667100
2007-07-13,42.85116958618164,42.911281183419526,42.56778353420044,42.61930916433421,74232200
2007-07-16,42.80821990966797,43.00573314106128,42.73093312046403,42.84257032172207,77799500
2007-07-17,43.13454055786133,43.194652138648706,42.8683297887776,42.90268019946623,124833700
2007-07-18,43.083011627197266,43.083011627197266,42.62788018601293,42.89409093461549,144915900
2007-07-19,43.21184158325195,43.50381361864568,43.20325561566826,43.28912839485137,116563800
2007-07-20,42.97996139526367,43.2461721297218,42.713753936640586,43.186060556753034,163721300
2007-07-23,42.99715042114258,43.203249648888935,42.86833799432159,43.12596284796357,107464100
2007-07-24,42.36167907714844,43.02290651427224,42.12122946054044,42.67941220971692,175496200
2007-07-25,42.42179489135742,42.65365201402407,42.129822901669165,42.57636849035921,170258700
2007-07-26,42.061126708984375,42.48191116954433,41.262497451308256,42.12982754982534,318522000
2007-07-27,41.21095275878906,42.181327040919264,41.21095275878906,41.98381714431308,246387600
2007-07-30,41.69187545776367,41.846449101917706,41.17663216114154,41.408492627372596,166517200
2007-07-31,40.815948486328125,42.06971252278685,40.730075718113035,42.0525373139766,260224500
2007-08-01,41.13367462158203,41.1594357904199,40.34363159358926,40.695715096326445,301153900
2007-08-02,41.511531829833984,41.58881863552387,41.03922502876747,41.1594482207659,177369900
2007-08-03,40.721473693847656,41.485755504742755,40.48961663727661,41.43422989448524,166048400
2007-08-06,41.19378662109375,41.2367229948748,40.386568380334474,40.76441633161255,190869100
2007-08-07,41.485782623291016,41.751990260715786,40.773025956736554,41.11652369798835,167109700
2007-08-08,41.94089126586914,42.12981524717628,41.5630465790903,41.65750529390843,164831200
2007-08-09,40.97053909301758,42.05255476625864,40.953363877079425,41.38273444802073,242418200
2007-08-10,40.60127639770508,41.07358660287747,40.04309667243153,40.53257881612185,247006400
2007-08-13,40.87604522705078,41.11649478719139,40.77299728746763,40.94474603732951,116935100
2007-08-14,40.18048477172851,40.9962892265592,40.12895914192237,40.96193880668845,153529800
2007-08-15,39.41619491577149,40.438095052167256,39.33890813060976,40.086011536616155,214854100
2007-08-16,39.02977752685547,39.42479758468052,38.11951092436413,39.09847510064222,362468700
2007-08-17,39.76826858520508,40.00871484580549,39.14997445699304,39.76826858520508,223246600
2007-08-20,39.95719909667969,40.120361907324394,39.57076844708742,39.922851962291446,144715100
2007-08-21,40.377986907958984,40.47244890628739,39.83697936579175,39.91426615752992,115027200
2007-08-22,40.92757797241211,40.96192838354208,40.5926696534836,40.687131646173285,115814100
2007-08-23,40.815948486328125,41.09074527561976,40.558326905846734,41.03922292502516,118663400
2007-08-24,41.39131164550781,41.4170728239976,40.6356187433877,40.6871443762038,88189200
2007-08-27,41.116493225097656,41.39128990410264,41.08214282126333,41.271066766517315,72490400
2007-08-28,40.13753128051758,40.961921351090496,40.11176683867565,40.87604533800898,106024800
2007-08-29,41.28824996948242,41.3225971041379,40.403744916436075,40.403744916436075,113201000
2007-08-30,41.5029411315918,41.85502470052253,41.004869934851,41.07357076578184,138930000
2007-08-31,41.96665954589844,42.12982238497481,41.74338839220971,41.9580735797641,94687200
2007-09-04,42.66221237182617,42.93700896714922,42.00098204063202,42.01815723731893,98480900
2007-09-05,42.232872009277344,42.63648122593021,41.966661186998806,42.55919442435489,114049300
2007-09-06,42.198509216308594,42.38743318160672,41.91512654419656,42.27579599521827,99222600
2007-09-07,41.41706848144531,41.73480166090581,41.17662210518723,41.674690066841286,152438000
2007-09-10,41.39131164550781,41.86361848089419,41.056403221794504,41.75198124771091,125199400
2007-09-11,42.0181884765625,42.06971410493099,41.588818067667184,41.657515629655585,103064500
2007-09-12,42.02677154541016,42.39603033366473,41.88937315507143,41.94089877988696,93993400
2007-09-13,42.232872009277344,42.37885637012175,42.02677277979781,42.32733401962896,80807500
2007-09-14,42.26723098754883,42.34451780477765,41.84644647689483,41.90655808186872,99801200
2007-09-17,41.91512298583984,42.16415522933167,41.72619903658029,42.07828249375999,84882300
2007-09-18,42.97138595581055,43.00573637044409,41.93231048191467,42.155581625361016,151452100
2007-09-19,43.083011627197266,43.44368436000832,42.91985210273227,43.18606285133483,127025800
2007-09-20,42.962799072265625,43.16030905349516,42.86833706475672,42.9885635225728,109970600
2007-09-21,43.26866149902344,43.406131299533065,42.96794405710085,43.19992495999933,86829500
2007-09-24,43.46627426147461,43.784172561558584,43.24288706406012,43.38035686497794,107226800
2007-09-25,43.87868881225586,43.87868881225586,43.26866670395889,43.32021583688941,101102200
2007-09-26,44.09349060058594,44.25673500258779,43.92165249042963,44.12785887812507,96124600
2007-09-27,44.316890716552734,44.37703357649054,44.127868426725314,44.35125572398859,73423200
2007-09-28,44.17082595825195,44.402806959300875,43.9732132412562,44.28252124265476,75546000
2007-10-01,44.677734375,44.815204195821515,44.145039229009015,44.20518207077223,100404100
2007-10-02,44.68632888793945,44.729290873872166,44.437167068242246,44.712106735006955,71046000
2007-10-03,44.37703323364258,44.73789039048151,44.24815380474866,44.54027766970685,106785000
2007-10-04,44.480125427246094,44.5316778434368,44.110674638394414,44.462941288515864,84129300
2007-10-05,45.38227081298828,45.45100736701016,44.72928993747691,44.823797782948056,115674700
2007-10-08,45.665802001953125,45.67439243202611,45.28775752795908,45.36508450877248,63022400
2007-10-09,45.86342239379883,45.92356524705699,45.562704849968334,45.76891125938181,93965600
2007-10-10,45.97511291503906,46.026665335122054,45.717357369703265,45.87201135241266,91777500
2007-10-11,45.24479675292969,46.34455529415823,44.91830470692535,46.215679183723694,239786700
2007-10-12,45.992279052734375,46.00087275815424,45.365072936154256,45.45099360266144,131676000
2007-10-15,45.64003372192383,46.146954418488235,45.27917658752535,46.06103698959521,121578700
2007-10-16,45.42523193359375,45.777498597820994,45.261987525428744,45.356498653459866,193676600
2007-10-17,46.00947189331055,46.1039830055855,45.26197997969611,46.06961473247844,183985200
2007-10-18,46.207088470458984,46.30159959075815,45.64002502620319,45.820456836564865,144491200
2007-10-19,45.05577850341797,46.19849912657641,45.01281979614614,46.19849912657641,245111500
2007-10-22,45.597076416015625,45.640035131789176,44.69493027461142,44.81521598979332,207052100
2007-10-23,46.55076599121094,46.57654056018851,45.82904856198522,46.061029515401266,162360600
2007-10-24,46.198490142822266,46.34455037465147,45.19323954493819,46.172715578979144,298293400
2007-10-25,45.57987594604492,46.37892022784169,45.32212046619988,46.301593256134296,233833100
2007-10-26,46.33595657348633,46.567937463806444,45.91495348863758,46.46483593839919,146690300
2007-10-29,46.52501678466797,46.6796708379194,46.25866740905915,46.55938180285856,101896600
2007-10-30,46.619510650634766,46.877269513504025,46.31020591476381,46.34457092261164,114616600
2007-10-31,47.28105163574219,47.31541989659043,46.43045848374358,46.7999090940178,148431900
2007-11-01,46.3961067199707,47.057681227615696,46.37033215393873,46.980354251980856,181974200
2007-11-02,46.75696563720703,46.868660890407774,46.05243239862829,46.75696563720703,217882900
2007-11-05,46.456260681152344,46.7397940855404,46.04385113821131,46.275832120654336,150588900
2007-11-06,46.98036575317383,46.98895618477452,46.20709580752236,46.67965148405366,131884700
2007-11-07,45.837623596191406,46.89442645485546,45.80325860827717,46.58511862085995,197908200
2007-11-08,44.445743560791016,45.82044474104982,43.64669938060401,45.657197111794154,380626400
2007-11-09,42.95935821533203,43.92164692164457,42.95935821533203,43.586564451971206,309414900
2007-11-12,41.86819076538086,43.16556523880013,41.79945749550259,42.890622326670105,283216000
2007-11-13,43.59516906738281,43.638127780839454,42.40089585703384,42.43526413881505,255625900
2007-11-14,43.03667068481445,44.19657165464405,42.873426358535106,44.153612966416624,263284100
2007-11-15,42.80470657348633,43.42332241398283,42.41807167317601,42.95936053361045,251548800
2007-11-16,43.19993591308594,43.38036773500234,42.39230104001316,43.09683435594757,263623700
2007-11-19,42.70161437988281,43.34600492904339,42.452449247597826,43.09683979675842,198651100
2007-11-20,42.87343978881836,43.62952211557288,42.0400272104775,42.92498891982411,300763600
2007-11-21,42.36652374267578,43.10542201172852,41.97129512360017,42.48680943118346,212225400
2007-11-23,42.8218879699707,42.93358321791941,42.418068957990755,42.641459453888174,46463300
2007-11-26,42.0829963684082,43.27726627068174,42.01426308414293,42.93359329427608,150352100
2007-11-27,42.92498779296875,43.002314764986274,42.18608634425436,42.44384510267195,211369300
2007-11-28,44.230960845947266,44.41998309663701,43.47487512072766,43.50065296789223,216868100
2007-11-29,44.419960021972656,44.58320434069795,43.99036660450201,44.05909984697772,172087300
2007-11-30,44.08489608764648,44.89253086979184,43.77558817351536,44.85816259543527,171417400
2007-12-03,43.7154541015625,44.27392392296131,43.66390167968612,43.89588266182028,108625700
2007-12-04,43.5350227355957,43.76700372024406,43.28586088767537,43.38037202336986,113374100
2007-12-05,44.316890716552734,44.67774787617957,43.95603027938584,43.99039856436175,137614200
2007-12-06,44.95269012451172,44.995648844373235,44.34266778087352,44.35985192432618,99724500
2007-12-07,44.96126174926758,45.14169025058054,44.746464977931595,44.926893479244555,88992300
2007-12-10,45.141693115234375,45.27056921969116,44.95267089565115,45.07295657082635,75657900
2007-12-11,44.09349060058594,45.39945564921878,43.998979476123,45.210433400292914,167064300
2007-12-12,44.488712310791016,45.04718530360932,43.724036224729,44.892531344906985,162975200
2007-12-13,44.248146057128906,44.35984132411038,43.80136826674248,44.10208578899421,153476200
2007-12-14,43.79278564453125,44.334071381530016,43.74982364973513,43.89588722145387,128396700
2007-12-17,42.72738265991211,43.80996045847617,42.71019852116069,43.629528640355936,134377000
2007-12-18,42.8648567199707,43.19134883336959,42.25483448305832,43.16557426147008,154251700
2007-12-19,42.85625076293945,43.131190355397024,42.624269867264914,42.86484119128067,137970900
2007-12-20,43.732627868652344,43.78417700076139,43.13119619958178,43.492053234500766,167341700
2007-12-21,44.59528350830078,44.63829026500363,44.27705385061998,44.44907103456673,107573500
2007-12-24,44.93071746826172,45.06833055608828,44.6812927212777,44.7328955786159,34499800
2007-12-26,45.15433883666992,45.26615049912334,44.72429751441592,44.83610917686934,58492100
2007-12-27,44.61250305175781,45.15435624536998,44.47488990681969,45.00814371429155,65778900
2007-12-28,44.56947708129883,44.86190527693075,44.23404541474108,44.75869629051787,67545400
2007-12-31,44.05344009399414,44.44907737685538,44.04483742904413,44.354467748137395,70135600
2008-01-02,43.35676574707031,44.26845452652804,43.1159436577986,44.0964373423533,152344100
2008-01-03,43.53738021850586,43.657791257346155,43.13314362824984,43.35676366024542,114103700
2008-01-04,41.62799835205078,42.857916708881014,41.46458056138158,42.84071466349717,212617600
2008-01-07,41.4301872253418,41.80002309471229,40.79372778569644,41.62800915813064,235083600
2008-01-08,40.35508728027344,41.937639915634506,40.35508728027344,41.51620114045879,261669800
2008-01-09,41.215179443359375,41.249583553842555,39.95945893933238,40.51851425133608,254011800
2008-01-10,41.27538299560547,41.63661626658594,40.67332426301521,40.79373535334203,249958500
2008-01-11,40.46690368652344,41.086164484075645,40.16587595491123,41.05176037733248,211685200
2008-01-14,41.17214584350586,41.29255686120421,40.69050177271245,41.017330740478215,168048500
2008-01-15,40.036842346191406,40.87112347584576,39.86482517871206,40.742109779997605,241094900
2008-01-16,39.606807708740234,40.34647935625203,39.09935878411854,39.72721876187841,265625900
2008-01-17,39.05636215209961,40.06266079436714,38.875745540729135,39.77023249364345,254098800
2008-01-18,39.0047492980957,39.68421542140757,38.68651961641305,39.254174069583115,273063300
2008-01-22,37.99847030639648,38.50591944908592,36.75134919833365,36.8373594739332,325732000
2008-01-23,37.85225296020508,37.97266734121495,35.788055642953374,36.58793312868729,390129000
2008-01-24,38.626312255859375,38.643514302830305,37.89524330484718,38.00705168872576,250249100
2008-01-25,37.83505630493164,39.45201014039839,37.79204952597075,39.45201014039839,199299100
2008-01-28,38.12747573852539,38.22208209955394,37.47381091079116,37.860848863929085,163711200
2008-01-29,38.1962776184082,38.42850037178071,37.878047896063165,38.32529135282255,138520000
2008-01-30,38.161869049072266,38.978948282440506,37.99845451478068,38.05866004220154,220824400
2008-01-31,38.8155517578125,39.211189201847695,37.68884170010528,37.731845199507944,246824100
2008-02-01,39.211177825927734,39.460602643439586,38.60051978108623,39.1337702370777,161920300
2008-02-04,38.66071319580078,39.22836757571148,38.652110532539645,39.202566147837494,100209900
2008-02-05,37.559814453125,38.3596917228381,37.53401301892636,37.989855854865134,188990400
2008-02-06,36.82014083862305,37.98985053144518,36.78573674387547,37.7748298607054,178285000
2008-02-07,37.07817840576172,37.663035104307575,36.25249951874036,36.407314720176394,286254800
2008-02-08,37.499629974365234,37.64584583914993,36.93197513658395,37.15559862838233,173781300
2008-02-11,37.90384292602539,38.032856638640546,37.448000161773834,37.64581878175007,119562300
2008-02-12,37.6888313293457,38.42850312698159,37.42220445688567,38.136074818171025,145412400
2008-02-13,38.514495849609375,38.60050607387554,37.98124558297743,38.17906417735776,148685900
2008-02-14,37.817832946777344,38.574703271987026,37.74902476396479,38.574703271987026,170868900
2008-02-15,37.6888313293457,37.82644445814151,37.37060158418461,37.61142373933833,100053300
2008-02-19,37.620018005371094,38.27367940095824,37.2157780943767,38.18767244502351,110507600
2008-02-20,37.79204177856445,37.92105552708602,37.18998636801294,37.20718513892363,137338800
2008-02-21,37.43080520629883,38.24788455210289,37.2759900342115,38.15327491572112,127857000
2008-02-22,37.56841278076172,37.57701216418319,36.6395218853962,37.55981011638511,157364700
2008-02-25,37.75764846801758,37.903861016540155,37.276000762792215,37.52542564304945,121444300
2008-02-26,37.90384292602539,38.25647668875782,37.301784402079655,37.54260978023095,148375900
2008-02-27,38.09306716918945,38.2392796671441,37.55981348252377,37.64582372922248,125682600
2008-02-28,37.94684600830078,38.29947976736305,37.80063353108336,37.94684600830078,129196700
2008-02-29,36.9405632019043,37.64583095543444,36.854552938695704,37.54262192054019,188724500
2008-03-03,36.699729919433594,36.974959422050645,36.32989734985193,36.9147506101665,132963800
2008-03-04,36.90615463256836,37.01796632073711,36.14068142785946,36.46751382660737,183851000
2008-03-05,37.08675765991211,37.4479940274881,36.76852804346632,36.97494929364609,183208300
2008-03-06,36.26968765258789,37.2157806372908,36.20948212312879,37.060965481265875,152752200
2008-03-07,36.18367385864258,36.673920666502255,35.590218059905766,36.05466015933017,242552400
2008-03-10,35.48701095581055,36.24388465468883,35.409603381141686,36.13207298439933,146801900
2008-03-11,36.83734893798828,36.85454770723259,35.70203659148366,36.00306754854862,196755300
2008-03-12,36.734134674072266,37.36199470852189,36.6395250435056,36.98355946721066,155566100
2008-03-13,37.017974853515625,37.26739972271015,35.96007310733063,36.32130640951049,208967900
2008-03-14,36.338497161865234,37.310391614092694,35.89985639122404,37.26738813163068,309589800
2008-03-17,35.67624282836914,36.1320857733451,35.306406871931785,35.512828237763266,193130600
2008-03-18,37.267391204833984,37.27599058965336,36.21808908526351,36.32990077364946,216300400
2008-03-19,36.34710311889648,37.49961437445496,36.32130168094449,37.42220677964297,216157200
2008-03-20,37.089935302734375,37.09854140850113,36.23778635694871,36.452975119836815,128397000
2008-03-24,38.372459411621094,38.527392290522634,37.25347528668527,37.25347528668527,125018000
2008-03-25,38.587642669677734,38.79422200116037,38.11422486103154,38.47574361640506,118107500
2008-03-26,38.47574996948242,38.604861252097976,38.11423115441527,38.44992508614346,124824600
2008-03-27,37.62359619140625,38.31219946020136,37.62359619140625,38.25194687940175,143868600
2008-03-28,37.43423843383789,38.165878910283354,37.29651775767686,37.8904375579613,111822300
2008-03-31,37.632205963134766,37.89043178112719,37.39980174188576,37.57195338172052,113644800
2008-04-01,39.24181365966797,39.25902915065378,38.226122676139184,38.23472877987251,137494400
2008-04-02,39.15574264526367,39.61194170085253,38.8802980508016,39.336500389909894,132486800
2008-04-03,39.24181365966797,39.51725494840264,38.8544733212851,38.98358786191911,140033800
2008-04-04,39.47420501708984,39.8959729166744,39.07825870382162,39.39673697462275,139261000
2008-04-07,39.38814163208008,39.94763361419273,39.29346135399389,39.715229403939134,102297100
2008-04-08,39.08687973022461,39.353714930285086,38.88890649799369,39.08687973022461,97435200
2008-04-09,38.64789581298828,39.155741328621986,38.4154915990353,39.13852583682702,127182300
2008-04-10,39.198787689208984,39.45701356018062,38.673726557571946,38.673726557571946,112773800
2008-04-11,38.11424255371094,38.820061617037375,37.97652184095263,38.75120290241862,120135400
2008-04-14,37.94207382202149,38.28637377791671,37.83017477668399,38.05396958383994,89274600
2008-04-15,37.993709564208984,38.17446725189656,37.5977632149357,38.079786998954305,124232300
2008-04-16,39.05244827270508,39.14713183556277,38.43270698735174,38.46713468732965,134027900
2008-04-17,38.96638488769531,39.13853656933275,38.71676511349705,39.09549618628323,124953100
2008-04-18,40.20585632324219,40.39522343186772,39.784088305782255,39.99927700794071,133022500
2008-04-21,40.48989486694336,40.52432583702757,40.01648052059861,40.12837624809524,83303200
2008-04-22,39.88738250732422,40.25750737988218,39.53447312692237,40.240291887726066,104689600
2008-04-23,40.32635498046875,40.50711595666242,39.82711897924418,40.18002826264174,131086200
2008-04-24,40.687889099121094,41.135482091549456,39.93042378243312,40.34358578693936,166509000
2008-04-25,40.5845947265625,40.756743079230176,40.08535530997205,40.730921483033896,121945400
2008-04-28,40.66205978393555,40.98914425656917,40.56737622687667,40.679271991110696,71244000
2008-04-29,40.97193908691406,41.109659763641574,40.50713385515867,40.584601941037896,91270600
2008-04-30,40.6362419128418,41.3678856176656,40.48130575339768,41.05801329877737,132152700
2008-05-01,41.918758392333984,41.93597388193557,40.644841713487,40.65344781652834,143596900
2008-05-02,41.9790153503418,42.34053081919113,41.60889049403267,42.31470922385025,124990000
2008-05-05,41.85850524902344,42.2028051857979,41.66053204658638,41.97901039107044,75624700
2008-05-06,42.11674118041992,42.288892832087015,41.436743962270704,41.73801017356803,139582600
2008-05-07,41.35068130493164,42.37497882842409,41.2043512109924,42.12535902809986,140008300
2008-05-08,41.66053771972656,41.91876352835113,41.36788092768025,41.52281706955884,128058700
2008-05-09,41.49699401855469,41.71218274914274,41.230162094077954,41.35066725784415,97062000
2008-05-12,42.25446319580078,42.340537382626046,41.488391769088786,41.55725046184504,89606500
2008-05-13,42.36635971069336,42.46104328060335,41.97040993802255,42.27167614078338,85448100
2008-05-14,42.27167510986328,42.97749388931754,42.211422527484466,42.529900931989566,143598200
2008-05-15,43.011932373046875,43.05496947031757,42.15978339959889,42.28028858536486,157248900
2008-05-16,43.046348571777344,43.13242602682491,42.56432795758765,43.09799504480589,146563200
2008-05-19,42.73649597167969,43.44231495612359,42.469660683991705,43.08079607333598,140048700
2008-05-20,42.40940475463867,42.58155643371176,42.08231689275182,42.58155643371176,137163700
2008-05-21,41.47117614746094,42.69344667092287,41.33345547885227,42.46104571050554,192806700
2008-05-22,41.61750411987305,41.91016095953474,41.41092475277058,41.57446702535336,153198200
2008-05-23,41.48838806152344,41.61749933022344,41.16130027048174,41.47117256899288,121698400
2008-05-27,42.22001647949219,42.27166294245941,41.565844366166765,41.57445046823537,106984300
2008-05-28,42.39218521118164,42.486868789808376,41.961807696347314,42.41800681134535,121363000
2008-05-29,42.77092361450195,43.0119372971457,42.39219251823382,42.41801412284834,143993000
2008-05-30,43.046348571777344,43.24432507662715,42.822553755692006,42.93445280549426,94153600
2008-06-02,42.52129364013672,42.968883301447335,42.14255938030859,42.968883301447335,144359900
2008-06-03,42.28887939453125,42.95166090855882,41.89292973645651,42.684825769087375,167606900
2008-06-04,42.83116912841797,43.12382597187445,42.12535026187937,42.159781251349514,174870800
2008-06-05,43.51116561889648,43.56281210218095,42.77952516505891,42.94306743684665,126653700
2008-06-06,42.20280838012695,43.21849934499911,42.194202276551714,43.13242517517026,189136000
2008-06-09,41.9790153503418,42.34053081919113,41.27319662052422,42.28888762850937,208897300
2008-06-10,41.78105545043945,42.12535553770177,41.45396757654801,41.54865116768923,162798500
2008-06-11,40.77396011352539,41.763829596404314,40.756744620903554,41.69496762591697,170366900
2008-06-12,40.8170051574707,41.41092827634569,40.45548959252081,41.066624923852366,189913200
2008-06-13,41.63470458984375,41.72078203134057,40.85141793157527,41.066606610039344,167855000
2008-06-16,42.00483322143555,42.19420032653027,41.3764826168709,41.419519699796346,136343900
2008-06-17,41.78105545043945,42.22864851904873,41.72080285308054,42.1339649279075,122932000
2008-06-18,41.33344650268555,41.70357133485323,41.16990427032828,41.54002581897693,169338100
2008-06-19,41.9790153503418,42.18559468010735,40.980539833756986,41.25598112912388,221304200
2008-06-20,40.84547805786133,41.64653897151902,40.664594183373616,41.62931475226263,197434200
2008-06-23,40.52677154541016,41.12110888360547,40.46647692933384,41.00913175983083,131488800
2008-06-24,40.3200569152832,40.80241394951741,39.97551336013518,40.33728442162169,178293800
2008-06-25,40.97468566894531,41.34506884017003,40.43203072039104,40.49232534958475,179023400
2008-06-26,39.32087707519531,40.22529962830522,39.31226168075804,40.216684233867944,190028300
2008-06-27,39.32087707519531,39.536215934783876,38.73515511424961,39.27780667462941,181351800
2008-06-30,38.907413482666016,39.47591107891825,38.89018926987902,39.20027438718563,132912400
2008-07-01,39.45869445800781,39.50176157346649,38.48536187675236,38.59733900559314,245494300
2008-07-02,38.51120376586914,39.73433028923759,38.45090914349997,39.57928603577102,199576400
2008-07-03,38.442283630371094,38.829894128887545,38.14080733783193,38.74375663710092,123118300
2008-07-07,38.67485809326172,39.157215005848975,38.10636367070528,38.79544732140853,181011300
2008-07-08,39.59649658203125,39.63094829019427,38.56286976353189,38.71791395059725,206151200
2008-07-09,38.545658111572266,39.648192085427176,38.52843060750448,39.587897464095136,168500300
2008-07-10,39.00217056274414,39.12275979023867,38.226952692075045,38.60594787645927,238811500
2008-07-11,38.38199615478515,38.99355767386681,37.77043134989355,38.59733499551616,265514700
2008-07-14,38.097755432128906,38.916043858567654,37.959938676104215,38.88158884810882,177389800
2008-07-15,38.10635757446289,38.70069151202373,37.29668153933449,37.90824297613311,283891100
2008-07-16,39.05385971069336,39.08831472035473,37.83073315419911,38.2097316888531,186047800
2008-07-17,39.312259674072266,39.46730390792665,38.74376524520955,39.28642006369989,197555100
2008-07-18,38.40782928466797,38.90741360226096,38.40782928466797,38.88157399719166,160661000
2008-07-21,38.57149887084961,38.92465450020653,38.32170826897071,38.760998135415456,128107800
2008-07-22,38.57149887084961,38.597341770624375,37.779053375047944,37.92548223525935,152524500
2008-07-23,39.0797004699707,39.52760575125936,38.51982133271788,38.63179518868205,169259100
2008-07-24,38.49397659301758,39.286425371539174,38.459524869803126,39.260585757675706,145561000
2008-07-25,38.99354934692383,39.174433145916346,38.55425636558858,38.74375555642412,111616700
2008-07-28,38.26140213012695,39.20889496334286,38.080518299663765,38.984940737789536,124028500
2008-07-29,39.05385971069336,39.22613147318966,38.39061556085946,38.42507057052083,142290900
2008-07-30,39.25197219848633,39.46731108624884,38.657638051153626,39.165837957705584,165679900
2008-07-31,39.15720748901367,39.7515446933736,38.77821237533339,38.864346582957744,180473100
2008-08-01,38.65763092041016,39.234737455972144,38.24418072646797,39.20028245169112,180350400
2008-08-04,38.27003479003906,38.69209725154484,38.15805762674085,38.649030122833615,116298000
2008-08-05,39.56206512451172,39.59652013898196,38.62318733796944,38.66625446315171,151657400
2008-08-06,40.165016174316406,40.32006045917941,39.26059336982297,39.57929405056975,133463700
2008-08-07,39.85491180419922,40.35449619062334,39.691255473196634,39.923818522480886,152805800
2008-08-08,40.75933074951172,40.86269246096191,39.751546669800895,39.82906877484092,143121500
2008-08-11,41.12972640991211,41.58624378771457,40.60429901276783,40.742115765640875,157290100
2008-08-12,41.17278289794922,41.48287133329886,40.92298907104982,41.12110368259743,140549300
2008-08-13,41.0866584777832,41.44842621473799,40.69904784118128,41.103885982277795,169652100
2008-08-14,41.560394287109375,41.74127811613768,40.905765688136086,40.94883279707476,158069200
2008-08-15,41.482879638671875,41.836035252790595,41.310607886119,41.62931177837545,123115900
2008-08-18,41.00050735473633,41.61207206109083,40.70764644709638,41.60345666879616,151399100
2008-08-19,40.49231719970703,40.99190492482975,40.26836623432077,40.79379357080838,155410600
2008-08-20,40.561222076416016,40.96606012753839,40.25974902928857,40.77656090602412,155466700
2008-08-21,40.371726989746094,40.55261412235867,39.949664680540344,40.25975315266464,118916200
2008-08-22,40.905765533447266,41.06942186111926,40.55260998418997,40.58706169972475,96515500
2008-08-25,40.044429779052734,40.664603677202024,39.94106472451836,40.62153654738506,128076500
2008-08-26,39.99272918701172,40.28559013761728,39.725707845462274,40.070251299989955,107225500
2008-08-27,40.25114059448242,40.56122908845433,39.87214537174472,40.00996211508664,108489900
2008-08-28,40.57846450805664,40.72489338888044,40.33728598161228,40.414804834417126,112808600
2008-08-29,39.72570037841797,40.58705556702258,39.55342868353519,40.14776586659031,133184300
2008-09-02,39.234745025634766,40.55262126426,39.05386114697604,40.37173409979059,162277500
2008-09-03,38.864356994628906,39.31226222304895,38.58011140467232,39.14860587039578,161682900
2008-09-04,37.60676574707031,38.68345968541498,37.60676574707031,38.640392585043024,219004700
2008-09-05,37.4258918762207,37.71013744268096,36.87462495936808,37.27945975316359,247977500
2008-09-08,37.35698318481445,38.08913725427413,36.76264913523341,37.91686551523596,311065100
2008-09-09,36.56452178955078,37.71873766462038,36.478384314809055,37.33973934737417,214180600
2008-09-10,36.86601257324219,37.1933285640063,36.56453948030832,36.9176950830924,160658100
2008-09-11,37.55509567260742,37.63261779323304,36.32335713700609,36.34920003442144,203398200
2008-09-12,37.40866470336914,37.649843160160934,36.95214739992466,37.236392968884985,172094300
2008-09-15,36.24583053588867,37.2880696009072,36.20276014469507,36.52146395331821,616772300
2008-09-16,36.53007888793945,36.90046193737179,35.685951070989645,35.72901817970764,349506500
2008-09-17,34.6351203918457,36.53871616651303,34.617892879328686,36.06497107263733,340088000
2008-09-18,35.806556701660156,36.15110030094522,34.023550639854214,35.4017184653719,423934000
2008-09-19,36.97706604003906,37.77866700690609,36.28751441708081,37.72694964877647,263394000
2008-09-22,35.23594665527344,36.9253405246569,35.1669901930006,36.83914823484094,164698200
2008-09-23,34.968746185302734,35.98583101351721,34.85669357527228,35.511766831423216,184011200
2008-09-24,35.21009826660156,35.56349203541204,34.92566098342542,35.1756233118106,159270800
2008-09-25,35.770355224609375,36.21856247981819,35.365244125318995,35.53763203701868,148586800
2008-09-26,35.408321380615234,35.76171489853365,34.667056126439086,34.744630473690634,182678600
2008-09-29,32.59843063354492,34.804988747304705,32.04679192711149,34.7015540238289,307954400
2008-09-30,33.537940979003906,33.87409560668753,32.40880325317145,32.51223797555566,195436700
2008-10-01,33.18453598022461,33.58964695215116,32.779425008298055,33.477594351570964,174033300
2008-10-02,31.676156997680664,32.969061364932934,31.581343484664696,32.969061364932934,192124000
2008-10-03,31.184850692749023,32.90872302164383,31.11589422134098,32.11574004057894,272116100
2008-10-06,30.047103881835938,30.624599700265776,28.36632721896054,30.391876474203663,394046600
2008-10-07,28.142200469970703,30.340135734100787,27.814664000202836,30.28841841107736,329365700
2008-10-08,27.91810417175293,29.40925293209142,27.444040069129073,27.538853547258768,452066500
2008-10-09,27.16822624206543,29.03000808486565,26.694160401085313,28.57318300444566,352433900
2008-10-10,26.99583625793457,27.995681923486774,25.323679895609324,26.306288089971844,472339100
2008-10-13,30.27981758117676,30.383248997542545,27.926732308696092,28.323222144786143,276998700
2008-10-14,28.96966552734375,31.158983457296756,28.60765074704057,31.158983457296756,341595900
2008-10-15,26.375246047973633,28.74556877414787,26.323530340220383,28.642137358641374,312088500
2008-10-16,27.806055068969727,27.814676270621995,25.211629047868776,26.556248803431608,494783500
2008-10-17,27.84053421020508,29.004149869445666,27.07341163931229,27.29751521323871,326571300
2008-10-20,28.616275787353516,28.667989842890623,27.323371790527528,28.23702184394863,232783400
2008-10-21,27.13374710083008,28.66799225392885,27.13374710083008,28.150831926914147,239932400
2008-10-22,26.38386344909668,27.237179955303656,25.608119676169817,27.038935055116823,289993600
2008-10-23,26.28042984008789,26.797591796388648,24.909951395696527,26.28042984008789,377966900
2008-10-24,25.435726165771484,26.073558473291204,24.211777239446587,24.33244772778456,322129500
2008-10-27,24.728944778442383,26.030468360888033,24.70308610609794,25.142673671878587,239302300
2008-10-28,27.46127700805664,27.478514475796313,24.866849873840525,25.582256571420825,327239500
2008-10-29,27.39232635498047,28.512844128426217,26.935499688420386,27.50437731031883,341316000
2008-10-30,28.305980682373047,28.49560767002184,27.564715135773408,28.15944984063757,255292100
2008-10-31,28.349063873291016,28.814509927715033,27.65951598971302,27.900856926959403,224261000
2008-11-03,28.28873634338379,28.693847273827704,28.021535027214995,28.28011843100234,128455500
2008-11-04,29.090343475341797,29.314445415383673,28.42665228148948,28.84038121635353,182487600
2008-11-05,27.57332420349121,28.961039630897368,27.512988964562066,28.900704391968222,183893900
2008-11-06,26.340776443481445,27.469914333453207,26.202866748281014,27.142377574342245,220677200
2008-11-07,26.8837833404541,27.133743916642935,26.366621430116567,26.65106023420035,176946200
2008-11-10,26.52177047729492,27.55609266603464,26.202853441592417,27.55609266603464,142584500
2008-11-11,25.94428062438965,26.51315839968216,25.616743939213432,26.271815665552992,162869800
2008-11-12,24.746173858642575,25.685683929768807,24.694458175501406,25.556393899909917,184946400
2008-11-13,26.25457000732422,26.314906908838076,23.51361488360948,24.6599897081733,317943900
2008-11-14,24.978912353515625,26.220101024923903,24.884100483097683,25.668462346081533,259407000
2008-11-17,24.453123092651367,25.194386875589608,24.358309614131,24.5565544837533,202835200
2008-11-18,24.42726707458496,24.780660713235317,23.608427193412187,24.616892408198265,252661800
2008-11-19,23.15159034729004,24.80650673682996,23.091255119360778,24.478970293768743,244180600
2008-11-20,22.03108787536621,23.660148342060683,21.953513489142058,22.86716700600148,342472400
2008-11-21,22.987831115722656,22.996450672227965,21.591494198096324,22.41895353847067,282746800
2008-11-24,24.39279556274414,24.68585402341425,23.255039959678047,23.46190446532525,225058200
2008-11-25,24.280738830566406,24.68584818616451,23.72048072141635,24.659991156580897,202968700
2008-11-26,25.297821044921875,25.30644060190221,23.970438862173307,24.03077411702326,164912000
2008-11-28,25.09957695007324,25.15991220680699,24.849614721876343,25.013383021591125,41238200
2008-12-01,23.21194076538086,24.57379981561349,23.17746253028023,24.565180256838335,149161500
2008-12-02,23.987680435180664,24.03939613835181,23.13436393480023,23.53085373246662,181743000
2008-12-03,24.668607711791992,24.74618043511328,23.33260599749984,23.38432169438482,230944900
2008-12-04,23.970441818237305,24.806520864299795,23.548093338190704,24.280739331746073,188868700
2008-12-05,24.944433212280273,25.056484190979425,23.229180431801137,23.703244667546965,212283700
2008-12-08,25.92703628540039,26.254571260620015,25.37539774018311,25.50468781871684,185782500
2008-12-09,25.8667049407959,26.573492344854213,25.487452561540415,25.582266067357487,178148300
2008-12-10,25.780506134033203,26.254570285724594,25.530545544017965,25.94427443756818,162335100
2008-12-11,25.07370948791504,26.09079387060441,24.944419462524937,25.69430259619465,167161400
2008-12-12,25.582256317138672,25.737405033338888,24.53931308268843,24.728940022049656,158600100
2008-12-15,25.13405418395996,25.651216124192107,24.772040990198708,25.62535745177613,107887000
2008-12-16,26.340776443481445,26.42697041398503,25.082350063774182,25.358169454175048,169300100
2008-12-17,26.0218505859375,26.375244245456628,25.70293351456013,26.073566290156432,159813500
2008-12-18,25.56502342224121,26.202855909713044,25.30644326170299,26.0218501261388,142656400
2008-12-19,25.774768829345703,26.21499447347331,25.602130740762743,25.83519166643009,118308900
2008-12-22,25.21371078491211,25.826574880286177,24.808013176988293,25.77478408162352,95379600
2008-12-23,25.084228515625,25.567614705399663,24.937486573443316,25.317289537866408,68764800
2008-12-24,25.153282165527344,25.213705024562813,25.015172303046437,25.205074598757257,27194700
2008-12-26,25.14464950561523,25.23096857924812,25.006539646362373,25.205074009637823,20937000
2008-12-29,24.93749237060547,25.239608397846983,24.56632139254303,25.213712173889174,52688300
2008-12-30,25.45539093017578,25.541709981489294,24.98063861754991,25.006533180464693,77089500
2008-12-31,25.67119407653809,25.964677935660795,25.42087057693305,25.429501002437213,89189700
2009-01-02,26.784711837768555,26.8710292807038,25.62804032131966,25.67983111636074,107891500
2009-01-05,26.776079177856445,27.043666867175418,26.404908254323864,26.61207307635142,91751900
2009-01-06,27.04366683959961,27.302622455270093,26.85376616453457,26.97461189899417,136791700
2009-01-07,26.275426864624023,26.67249230778432,26.05962999862836,26.52575037305129,133879800
2009-01-08,26.551637649536133,26.586164280342356,25.96467010824045,26.223625601683192,131926600
2009-01-09,25.956045150756836,26.577541139544195,25.82656736855925,26.560276996211364,117137900
2009-01-12,25.481292724609375,26.02510006820073,25.205073016982062,25.990573427946977,102726200
2009-01-13,25.489927291870117,25.878360676350944,25.187811339674266,25.47266314685333,186266700
2009-01-14,24.71306610107422,25.274139490725496,24.574956184163156,25.196452456663017,136294000
2009-01-15,25.11874771118164,25.325912440474816,24.22966430736604,24.66125790499322,192567200
2009-01-16,25.39496803283691,25.550341995582865,24.773473828252087,25.46402294445745,175478100
2009-01-20,24.134719848632812,25.403606429481115,24.134719848632812,25.29139114115063,135105800
2009-01-21,25.161903381347656,25.196431655269983,24.255557594069792,24.540409268334155,149179600
2009-01-22,24.825271606445312,25.23096912091024,24.39367787541476,24.61810681311858,200602700
2009-01-23,24.946123123168945,25.334558229950392,24.29010030193795,24.419579768464978,170164100
2009-01-26,25.12738800048828,25.541717594612027,24.816639981695744,24.98064606343619,140398700
2009-01-27,25.308656692504883,25.524453562865805,25.136020184055823,25.136020184055823,110591300
2009-01-28,26.197734832763672,26.456690363694804,25.731612901408695,25.731612901408695,139722800
2009-01-29,25.5330810546875,26.240894399067745,25.446761992748627,25.87835565604382,130731800
2009-01-30,25.084228515625,25.835202371825257,24.980646936672937,25.722987073827756,140334200
2009-02-02,25.386343002319336,25.55898115244001,24.808007339734324,24.842535628318224,126796100
2009-02-03,25.783411026000977,26.266795558945773,25.058333403384047,25.43813471321236,120541100
2009-02-04,25.817930221557617,26.646590828241393,25.71434867472152,25.84382643146614,175780900
2009-02-05,26.38763427734375,26.560272387920165,25.429495891802823,25.446760032140276,217578900
2009-02-06,27.07819366455078,27.19903939245647,26.39627472245538,26.482593805130687,164513200
2009-02-09,27.190404891967773,27.337146825494685,26.92281724132437,27.095453744862297,98856900
2009-02-10,26.189105987548828,27.345777241436824,25.981941208010586,27.01776510570179,232795200
2009-02-11,26.068260192871097,26.35311196960859,25.66256106033029,26.223632542219384,169117200
2009-02-12,26.38763427734375,26.42216255801865,25.584869862041792,25.76614004278693,201151400
2009-02-13,26.26679229736328,26.56890821033945,26.145946590732525,26.309951007903045,145066700
2009-02-17,25.222335815429688,25.61077081292372,25.084225959965,25.455396813926107,157783300
2009-02-18,25.239606857299805,25.610777812707124,24.920228346646855,25.386348824637587,161271900
2009-02-19,24.85116195678711,25.55897524517093,24.790737465730775,25.394969205101816,155322400
2009-02-20,24.920225143432617,25.1619166022871,24.50589387065428,24.57494880838407,210752400
2009-02-23,24.04840087890625,25.07559267336057,23.936185597778096,25.05833017706331,169473500
2009-02-24,24.842527389526367,25.01516383599436,24.13471252589132,24.17787287230747,181337300
2009-02-25,24.67852210998535,25.179170618714867,24.290087212523265,24.695786249072317,220224700
2009-02-26,23.98798370361328,24.98928116742042,23.91029668949034,24.842539212565946,211218500
2009-02-27,23.7635498046875,24.15198314831877,23.642702448678367,23.737653589885692,204492600
2009-03-02,22.995315551757812,23.746289436398364,22.848573604018835,23.409646822455827,188180400
2009-03-03,22.97805404663086,23.44417448253896,22.80541587250214,23.185218867745533,158758800
2009-03-04,23.59091567993164,23.918926224575436,23.237008916079287,23.314695927305372,164911000
2009-03-05,22.883100509643555,23.513226980890753,22.805413503993957,23.331958398641344,199626900
2009-03-06,22.701828002929688,23.142053775302152,22.19254730428699,23.00394392276169,218421600
2009-03-09,22.21844482421875,23.14205513473858,22.123493677619713,22.520560761797984,181098800
2009-03-10,23.59091567993164,23.642706471949168,22.580986180392102,22.65867319161819,175068200
2009-03-11,23.95345115661621,24.160615942024428,23.530489513941184,23.83260544339459,173094900
2009-03-12,24.747583389282227,24.825270388769145,23.68586325816016,23.936186753751844,184395100
2009-03-13,24.80800437927246,24.894323444031915,24.44546562440212,24.738949456744734,156783500
2009-03-16,24.3936824798584,25.015176977149153,24.33325960953287,24.972018254459417,190269800
2009-03-17,25.317285537719727,25.317285537719727,24.428201952459467,24.514521018880732,169773800
2009-03-18,25.63666534423828,26.06825902581536,25.10148845466703,25.213702087461417,208033900
2009-03-19,25.619403839111328,26.007837204676648,25.42950154597328,25.990574706899977,146753400
2009-03-20,25.22945022583008,25.96437284721275,25.0565266740502,25.670403798659684,149410800
2009-03-23,26.71659469604492,26.751180076653593,25.246750651732263,25.85197997028863,179499000
2009-03-24,26.223766326904297,26.69930379834947,26.20647363543892,26.491796448130387,118757600
2009-03-25,26.34480857849121,26.8462850245008,25.644471152832672,26.448563065202887,190555200
2009-03-26,27.157548904418945,27.200778981854537,26.301580508044687,26.630133384271694,182459500
2009-03-27,26.647430419921875,26.958692305400856,26.552322255109516,26.803061362661367,156108100
2009-03-30,25.990325927734375,26.21512602121344,25.60989652257492,26.197833325763774,162919700
2009-03-31,26.21512031555176,26.759828559806337,26.17189023545873,26.18918292714468,150243800
2009-04-01,26.604202270507812,26.69930879311578,25.756880019653508,25.88657193166229,137950000
2009-04-02,27.460161209106445,27.901114874120616,27.00191485547488,27.07973030513159,212272400
2009-04-03,27.970293045043945,28.013526432270577,27.520694512613048,27.74549460338959,134577300
2009-04-06,27.901119232177734,27.952997306133085,27.36505734515847,27.65902650108487,160413700
2009-04-07,27.166200637817383,27.598508094403194,26.984630648507864,27.598508094403194,147531200
2009-04-08,27.62444496154785,27.797368590222604,27.226721275244707,27.43422864018124,126126000
2009-04-09,28.480411529541016,28.54093430424203,28.039459414113075,28.143212270994265,131871500
2009-04-13,28.43716812133789,28.592798982850976,28.12590639831172,28.393938059415877,119310500
2009-04-14,28.091337203979492,28.42853645907283,27.901120886442193,28.264257530929232,124069000
2009-04-15,28.013521194458008,28.039458583348857,27.53798205895592,27.89247235039861,124808200
2009-04-16,28.739803314208984,28.9040789726282,28.108631477939948,28.402600702331025,171168000
2009-04-17,28.80031967163086,28.96459529338983,28.471765129869254,28.679270831223363,129835400
2009-04-20,27.87518310546875,28.37665798341735,27.71955217480517,28.281549825984744,123080500
2009-04-21,28.264253616333008,28.30748699032645,27.73684141499272,27.771423496646765,145490200
2009-04-22,28.35072135925293,28.990534493025603,28.004874104393636,28.099982264392136,165040500
2009-04-23,28.627403259277344,28.65334065391301,28.091342881258583,28.532295081287263,181666600
2009-04-24,29.128883361816406,29.33639245008206,28.592822889643976,28.826269377100935,141170000
2009-04-27,29.16345977783203,29.44878427404269,28.834905196868135,28.89542797517148,120749100
2009-04-28,28.94730567932129,29.31909034020284,28.84355281761416,28.981891065971663,108968000
2009-04-29,29.345029830932617,29.74275520938428,29.13752409266972,29.180754179954135,141413600
2009-04-30,29.638996124267575,30.175059708204408,29.43149040643209,29.73410428587714,144120400
2009-05-01,29.716819763183594,29.863806043785527,29.405557802609923,29.630359573355275,100112000
2009-05-04,30.304750442504883,30.33933582877919,29.846505618224224,29.98484386507748,119317400
2009-05-05,30.278812408447266,30.313397793986574,29.941613145048738,30.25287501841473,113569500
2009-05-06,30.287452697753903,30.555484449309073,29.794622569397585,30.512254372798477,178840500
2009-05-07,29.57848358154297,30.4949768307501,29.29316229624659,30.4949768307501,216484700
2009-05-08,29.595766067504883,30.036721490223496,29.293152187791264,29.80327508376845,183507300
2009-05-11,29.69951629638672,30.01942613888933,29.12022597845171,29.215334131723104,142775900
2009-05-12,29.336380004882812,29.811917478377698,28.981888073923685,29.760039403757943,147842200
2009-05-13,28.549579620361328,29.094287839795637,28.49770154766735,29.076995148897648,175548300
2009-05-14,28.869483947753903,29.137515688802132,28.601455504948973,28.618744896280724,140021700
2009-05-15,28.85219383239746,29.241271136941517,28.73114829281566,28.826256444842382,121326400
2009-05-18,29.60442352294922,29.63900562150701,28.869498682992795,29.05106706883986,114333400
2009-05-19,29.742753982543945,30.036723181494168,29.35367661654452,29.535244954596216,129086400
2009-05-20,29.638996124267575,30.29610525998243,29.55253595821011,29.85514983765516,131873700
2009-05-21,29.09428977966309,29.62170204512118,28.800320611283876,29.41419633699689,139253200
2009-05-22,28.99919319152832,29.370977973335997,28.80897680132577,29.20669898243558,83510600
2009-05-26,30.079954147338867,30.11453953604971,28.687923585047383,28.74844636616926,144857200
2009-05-27,29.87244987487793,30.425802989477074,29.768696990451772,29.9934954564159,121348800
2009-05-28,30.218292236328125,30.32204510364097,29.578475741703183,30.054013289984923,118931300
2009-05-29,30.590068817138672,30.693821656978077,30.054005331774576,30.23557692429767,111535700
2009-06-01,31.463342666625977,31.558450854454463,30.788943950380087,30.918634235218622,119126200
2009-06-02,31.506555557250977,31.809172653118207,31.22123444781144,31.290401902307103,126858600
2009-06-03,31.411457061767575,31.446039146876235,31.06560982473147,31.411457061767575,93329800
2009-06-04,31.76594352722168,31.809173599848496,31.420096349720897,31.480619111047066,89280600
2009-06-05,31.800525665283203,32.05991269801083,31.489263864604553,31.956156565622525,121958800
2009-06-08,31.705421447753903,31.94751582169273,31.229883992676655,31.60166860077643,89194100
2009-06-09,31.947513580322266,32.1377265700621,31.70541922336827,31.852405436330695,109187800
2009-06-10,31.835121154785156,32.13773505809817,31.37687630169853,32.129090360108165,133404700
2009-06-11,31.835121154785156,32.18961314077077,31.77459837412255,31.79189106834675,147909800
2009-06-12,31.688142776489254,31.74866556589035,31.299065345878905,31.70543217496558,109452500
2009-06-15,31.03968048095703,31.41146520274176,30.763003938918796,31.38552450938255,112152900
2009-06-16,30.737058639526367,31.29041164068136,30.711121248298493,31.160721386297936,110550300
2009-06-17,31.031023025512695,31.30769948322006,30.65059372072596,30.866747409450056,153421800
2009-06-18,30.97049903869629,31.178008022938837,30.754345358471863,30.979147032921578,126266700
2009-06-19,31.302919387817383,31.476055665091007,31.08649986680031,31.207694270201905,122044700
2009-06-22,30.367998123168945,31.0691954736597,30.316056233306323,31.01725688609792,137714900
2009-06-23,30.29874038696289,30.52381529111091,30.099634774981784,30.45456274456561,114903100
2009-06-24,30.809480667114254,31.051869454430275,30.541119293800413,30.558433250365777,103314600
2009-06-25,31.415464401245117,31.476061614399423,30.54112752178933,30.610383366708792,112538200
2009-06-26,31.484704971313477,31.59724402536265,31.20768830157642,31.268285491687703,87677300
2009-06-29,31.55397605895996,31.81367889972202,31.268300622511138,31.5712900219842,93817600
2009-06-30,31.49337577819824,31.79636184591863,31.25964225354232,31.640539496148012,97843000
2009-07-01,31.51070213317871,31.89159952559715,31.50204349795229,31.649210576085576,85976000
2009-07-02,30.81815528869629,31.250994566921246,30.731588753971945,31.24233923436946,113309800
2009-07-06,30.653661727905273,30.766200806793805,30.333361752007058,30.627692441354043,107632500
2009-07-07,29.891868591308594,30.722922212036433,29.87455463022047,30.662321697077793,149773000
2009-07-08,30.047679901123047,30.186188236648135,29.692752084946314,30.073652484364704,152776400
2009-07-09,30.099628448486328,30.307389346754604,29.99574799935219,30.16022565233957,97851500
2009-07-10,30.22948455810547,30.41993484025708,29.917843144994603,30.013064983769773,108482000
2009-07-13,30.809480667114254,30.81813599424716,29.848577542683536,30.255447266220756,127140300
2009-07-14,30.922019958496097,30.982617155765748,30.64500325603495,30.774852977770102,115631700
2009-07-15,31.960838317871097,31.96949694936486,31.285610362572516,31.441432706456855,160869700
2009-07-16,32.34174346923828,32.4109960195812,31.78770985729172,31.81367915088271,120142500
2009-07-17,32.51487350463867,32.52352883339332,32.17725624180434,32.333078577789365,104906500
2009-07-20,32.82651138305664,32.895767214928824,32.558153290301476,32.68800302161209,97168800
2009-07-21,33.05159378051758,33.05159378051758,32.58412676222377,32.956368650609555,130587600
2009-07-22,33.328609466552734,33.493087129637544,33.00830946905068,33.077562005291604,113808600
2009-07-23,34.064430236816406,34.185627938780776,33.233380094287604,33.293977294119934,160239300
2009-07-24,33.80474853515625,34.081765421870884,33.571014917809194,33.700868028213705,109312300
2009-07-27,34.064430236816406,34.11637210908685,33.64890516555201,34.04711958169264,94718600
2009-07-28,33.83070373535156,34.27219813946917,33.700850691746346,33.917270229554994,111564300
2009-07-29,34.05577087402344,34.13368202204764,33.7614402372986,34.03845691865147,126538200
2009-07-30,34.254878997802734,34.782943118533865,34.20293712775884,34.41070130563486,108969900
2009-07-31,34.151023864746094,34.497293348047116,34.116395925725385,34.2549043795062,78208300
2009-08-03,34.661746978759766,34.679060934569264,34.3154744671686,34.51458000552873,111722800
2009-08-04,34.661746978759766,34.7915966938819,34.42801352878064,34.49726604971923,100690800
2009-08-05,34.393409729003906,34.74833781617599,34.1596761151635,34.73968248335304,118093000
2009-08-06,34.09040069580078,34.56652293717268,33.96920630370243,34.4712978284384,116937500
2009-08-07,34.52324295043945,34.68772059774244,34.27219551326662,34.55786756408757,107442100
2009-08-10,34.28085708618164,34.49727664683253,34.055782196116894,34.4020548140785,87163200
2009-08-11,33.98652648925781,34.19429072133635,33.80473485012686,34.1683214306892,91922700
2009-08-12,34.514591217041016,34.81758058867939,33.934588369365486,33.96055766036574,147240000
2009-08-13,34.70505142211914,34.765648653327936,34.315495434132984,34.72236538850757,110107000
2009-08-14,34.30683898925781,34.592511169646855,34.00384954074064,34.514599974576875,124480200
2009-08-17,33.311279296875,33.77008744589232,33.29396534566511,33.726804219016856,131797200
2009-08-18,33.787410736083984,33.85666656006616,33.4238275670759,33.51905267390167,84496200
2009-08-19,34.02115249633789,34.10772229745544,33.36323851934577,33.389207808530905,88036300
2009-08-20,34.41936111450195,34.48861695024482,33.93458347350193,34.00383600694479,81473500
2009-08-21,34.87818908691406,34.93878632038706,34.40206655149701,34.61848618598672,114660200
2009-08-24,34.84355926513672,35.120576118091584,34.71370617055727,34.93878442752146,109904900
2009-08-25,34.947418212890625,35.28503208788261,34.84353778265447,34.92144893090642,92900400
2009-08-26,34.8868293762207,35.14653216516525,34.69638242555477,34.86951541665105,96407500
2009-08-27,34.9734001159668,35.03399732494251,34.34145213270538,34.87817498691918,121957800
2009-08-28,35.00803756713867,35.56207458448975,34.76564864237981,35.40625218934436,114300900
2009-08-31,34.6530876159668,34.80025458608175,34.44532675525071,34.74831271975306,96415300
2009-09-01,34.00384521484375,35.13788506496968,33.89996473539967,34.53190954732757,162958900
2009-09-02,33.97786331176758,34.1683135386586,33.79607171462597,33.82204099927486,92757200
2009-09-03,34.20294189453125,34.25488377181415,33.77876145477102,34.14234468885122,76783100
2009-09-04,34.93877410888672,34.95608806987066,34.21160425906339,34.2635461420152,74866600
2009-09-08,35.267757415771484,35.302382059642206,35.02536509486023,35.21581549651135,71024400
2009-09-09,35.570716857910156,35.743853155877225,35.137877764142594,35.29370010208293,99280800
2009-09-10,35.90834045410156,35.951623714627814,35.49281520890756,35.58804036344597,99289100
2009-09-11,35.94293975830078,36.02950621041132,35.6832370996707,35.93428113171065,93868400
2009-09-14,36.08147430419922,36.1074435982595,35.674604418316896,35.70923234526452,90435600
2009-09-15,36.19400405883789,36.31519846952278,35.98623985316378,36.05549568915516,91594600
2009-09-16,36.7220573425293,36.77399920876531,36.21996584477853,36.35847418577522,96888500
2009-09-17,36.71340560913086,36.92982511951298,36.54026934036523,36.626839125897874,102169600
2009-09-18,36.774925231933594,36.93089832285633,36.575627016975666,36.86157878549905,87444200
2009-09-21,36.887577056884766,37.000225035554145,36.53230571384635,36.56696713889776,71351400
2009-09-22,36.9569091796875,37.112882326057985,36.77493830525776,37.09555160918391,75638400
2009-09-23,36.783592224121094,37.407481282047,36.72293638939906,37.11286911653718,143924100
2009-09-24,36.4543342590332,36.991573347864275,36.19438007446958,36.93091748164933,111016400
2009-09-25,36.13372802734375,36.471668833544186,36.02974700362757,36.185716886453264,109216000
2009-09-28,36.748931884765625,36.96556081672145,36.2983433096381,36.333004732069874,84478500
2009-09-29,36.58430099487305,36.93090535868234,36.4196608644801,36.74893781977028,106686400
2009-09-30,36.61030197143555,36.91358125728442,36.047065234291864,36.731613685775095,173102700
2009-10-01,35.527164459228516,36.50632869791227,35.527164459228516,36.48033096398463,140119100
2009-10-02,35.42316436767578,35.74377426585509,35.28452198153106,35.28452198153106,145286400
2009-10-05,35.709144592285156,35.87378484474319,35.37987069836541,35.605163536599875,97054200
2009-10-06,36.34169006347656,36.51499397328107,35.89110122018369,35.90843194171386,124628000
2009-10-07,36.44565200805664,36.462982718942435,36.19436165845529,36.298342618274944,93787600
2009-10-08,36.60163116455078,36.930904809448315,36.51497759576538,36.66228700995273,107850400
2009-10-09,36.80959701538086,36.87025286720396,36.445661904442275,36.523648471857115,62828000
2009-10-12,36.887577056884766,37.14753113377951,36.63628668350516,36.956899906987594,53221900
2009-10-13,36.896236419677734,37.04354248737602,36.714265628616374,36.85290799459495,70939300
2009-10-14,37.39883041381836,37.44215555270294,37.13020926394,37.355505274933776,91004900
2009-10-15,37.31219100952149,37.36417986913502,37.14755080608612,37.19954297119685,85772800
2009-10-16,37.069557189941406,37.25152808061381,36.80960302461926,37.17354150046751,111859300
2009-10-19,37.44215774536133,37.49414989836528,36.90491871963946,37.09555330849088,83512000
2009-10-20,37.450828552246094,37.65879057434415,37.2082017858027,37.65879057434415,89847900
2009-10-21,37.38148880004883,37.97071977250122,37.31216925914015,37.44214463790464,110397400
2009-10-22,37.5288200378418,37.684793227532445,37.07823119045739,37.31219097499336,85871800
2009-10-23,37.37282943725586,37.892737623683395,37.2775121651285,37.892737623683395,117020400
2009-10-26,37.25152969360352,37.918744201471995,37.07822580738585,37.43349728665855,107068600
2009-10-27,36.68829345703125,37.355511280712705,36.54965100701282,37.19953811125487,121438200
2009-10-28,35.86509704589844,36.670957197860325,35.78711047295064,36.55830919126989,143553600
2009-10-29,36.471656799316406,36.55830707290581,35.99507368358257,36.07306025201145,85207600
2009-10-30,35.492488861083984,36.523644850838025,35.45782743333689,36.44565829115491,162796500
2009-11-02,35.639801025390625,36.021066843531095,35.21520676647624,35.52715302927115,142456600
2009-11-03,35.75245666503906,35.80444882659255,35.38852145065549,35.44917731971942,95107000
2009-11-04,35.81310272216797,36.281018782775774,35.76977428399503,35.98640325287677,107970600
2009-11-05,36.69693756103515,36.74026598923661,36.2030238900924,36.22902160811226,135204800
2009-11-06,36.91356658935547,36.956895017685206,36.46298134528008,36.49763946025088,96312300
2009-11-09,37.70210266113281,37.710769670591304,37.15620006308925,37.19952519389493,101620800
2009-11-10,37.797420501708984,37.92739920158004,37.6067892621926,37.6587780977445,72846500
2009-11-11,38.040061950683594,38.2480239845902,37.7887714630076,38.08338709895606,84676200
2009-11-12,37.82341003417969,38.265331568149335,37.73675648453226,38.06603336220264,92426100
2009-11-13,38.1353759765625,38.24802400653308,37.80610220510532,37.93607764999728,87959500
2009-11-16,38.52530288696289,38.68994305239633,38.230687296999086,38.30001016781241,87776100
2009-11-17,38.64661407470703,38.64661407470703,38.343334782804305,38.42132135865021,81884000
2009-11-18,38.42998123168945,38.55129624184715,38.170027106629334,38.52529851549391,100240800
2009-11-19,37.83208084106445,38.19601920693953,37.563459744954166,38.1700214844156,114558000
2009-11-20,37.64144515991211,37.73676242678603,37.502802764139695,37.63278145633059,70912100
2009-11-23,38.24800491333008,38.473300860804684,38.00538155958384,38.03137597448657,91621500
2009-11-24,38.118038177490234,38.25668059757072,37.89274217892442,38.23068287127711,60670000
2009-11-25,38.28266906738281,38.31733049338887,38.13535965960481,38.24800764137675,37630100
2009-11-27,37.70210266113281,37.97939077037944,37.17353077651064,37.2341866207377,61230000
2009-11-30,37.74542999267578,37.797418825922705,37.355497215846334,37.615451298567464,84819400
2009-12-01,38.1353759765625,38.386666464382664,38.02273125208885,38.031394959549544,81817800
2009-12-02,38.18736267089844,38.55130113658759,38.10937609292908,38.26534924886779,81653600
2009-12-03,38.03136444091797,38.55993942027726,38.02270074040955,38.32597984061851,72460400
2009-12-04,38.230682373046875,38.75925762568275,37.83208583369707,38.51663422007782,125062600
2009-12-07,38.04872512817383,38.37800220035266,37.97073854017086,38.20469830417976,67471900
2009-12-08,37.81476593017578,38.12671228685685,37.57214245520026,37.83209665060217,86621400
2009-12-09,38.196041107177734,38.23069924792212,37.53748685057263,37.78011036327059,78820500
2009-12-10,38.38664627075195,38.59461150087287,38.33465744234312,38.36065185654754,76722400
2009-12-11,38.23934555053711,38.63794204993284,38.08337243242649,38.594616918345594,66643700
2009-12-14,38.60329055786133,38.64661570059925,38.291344241353926,38.49930955419103,47965500
2009-12-15,38.38664627075195,38.7072561660888,38.27399830004082,38.48196353016174,61171100
2009-12-16,38.43865585327149,38.73327146813998,38.37799998893062,38.53397315594904,61629700
2009-12-17,37.970703125,38.30864358931774,37.91871101299196,38.26531848205794,90440900
2009-12-18,38.58959197998047,38.60695161831619,38.19033023129627,38.32920402696958,96442600
2009-12-21,39.0235595703125,39.171114789859615,38.77184986762181,38.78920949998096,82357400
2009-12-22,39.2579231262207,39.31000204118789,39.08433005400918,39.15376860729877,51569100
2009-12-23,39.54434585571289,39.55302401797733,39.24055720026657,39.33603354023508,73932200
2009-12-24,39.90890121459961,39.90890121459961,39.579074654359594,39.58775613045204,31770400
2009-12-28,40.11721420288086,40.18664945760298,39.87418253382081,40.00437818906773,49381400
2009-12-29,39.95228958129883,40.143242279775194,39.91757361785861,40.12588264254896,32410200
2009-12-30,40.07379913330078,40.15191583635059,39.891527929855194,39.9088875650898,57612700
2009-12-31,39.70927047729492,40.16928938177002,39.70927047729492,40.151929740523954,50079200
2010-01-04,40.290775299072266,40.351535656321985,40.16058304756464,40.21266193477411,62822800
2010-01-05,40.290775299072266,40.36021381535155,40.06510674318597,40.26473751097288,62935600
2010-01-06,40.04775619506836,40.40362039416627,39.98699913505248,40.27342811313715,96033000
2010-01-07,40.07379913330078,40.16059730947383,39.856808659385976,40.10851840377,77094100
2010-01-08,40.40362930297851,40.40362930297851,39.86549380517659,39.987007952001655,88886600
2010-01-11,40.23870468139648,40.48173289630041,40.03039241789948,40.45569510499245,104673400
2010-01-12,39.735294342041016,40.04776115281128,39.51830386911853,39.99568555835747,90673900
2010-01-13,40.23002243041992,40.35153984652735,39.58773264319301,39.856798644189,100661000
2010-01-14,40.264766693115234,40.37760270834234,40.11721470559856,40.15193067788813,75209000
2010-01-15,39.79604721069336,40.40362113297349,39.622457499480326,40.33418591069058,126849300
2010-01-19,40.43833923339844,40.48173665995014,39.88284422710933,39.891522388015105,84388200
2010-01-20,39.85679626464844,40.44701043503181,39.43149692220241,40.151903349840126,145680000
2010-01-21,39.48358917236328,40.23003364183528,39.318674288621224,39.9696457282044,204939600
2010-01-22,38.3292121887207,39.47492207474392,38.22505764754037,39.35340789153134,171098700
2010-01-25,38.459381103515625,38.71108746041187,38.29446627439883,38.56353557226617,154218700
2010-01-26,38.49410629272461,38.96280648112727,38.23371840283813,38.4159895946575,140816500
2010-01-27,38.79790115356445,38.92809346390802,38.19900526854261,38.42467723742429,161632700
2010-01-28,37.79973220825195,38.56353944821683,37.600101410161024,38.53750165616489,221439800
2010-01-29,37.14008331298828,38.20767584620128,37.00120956828605,38.1121995259039,212099600
2010-02-01,37.54804611206055,37.56540575467521,37.21822283542181,37.23558247803648,136827100
2010-02-02,37.886531829833984,37.999364473757055,37.348393159230774,37.608784333850345,110727700
2010-02-03,38.0948486328125,38.164287176598286,37.68690546560103,37.70426510154748,93581600
2010-02-04,36.99253845214844,37.89521970090682,36.99253845214844,37.817102990706346,151652500
2010-02-05,37.30500793457031,37.339727210676195,36.55856005335586,37.088017425427154,213618600
2010-02-08,37.035926818847656,37.478589171916006,37.00988902549471,37.24423909870536,94354400
2010-02-09,37.417842864990234,37.76502568316344,37.11405417419983,37.478599940945855,118956000
2010-02-10,37.3397216796875,37.59143142765175,37.10537156720478,37.417838383848405,94102900
2010-02-11,37.90388488769531,38.00804267297974,37.114039893182415,37.34838994355583,93050800
2010-02-12,37.98200607299805,38.08616387062786,37.461230328894715,37.5653848155131,93938500
2010-02-16,38.46808624267578,38.494124050372385,38.0601429300254,38.25977715907661,83861400
2010-02-17,38.68507385253906,38.68507385253906,38.41600438647972,38.6416764060167,82691700
2010-02-18,38.92810821533203,38.99754678930475,38.58092527850877,38.65904201872136,65752600
2010-02-19,38.91073226928711,39.101681629434175,38.72845775999377,38.82393409557319,80416500
2010-02-22,38.83259963989258,39.084305962887285,38.67636630230391,39.066946335265165,72055000
2010-02-23,38.3292121887207,38.832631874616474,38.14694091390182,38.80659075606152,95814400
2010-02-24,38.71977996826172,38.87601337142848,38.46807022860286,38.52882729527751,86591000
2010-02-25,38.71110153198242,38.79789971333493,38.042773746134515,38.311839830797105,97961300
2010-02-26,38.84996795654297,38.936766121463926,38.537504495861846,38.7024160426945,66222400
2010-03-01,39.414154052734375,39.48359260160655,39.01489232975607,39.02357049285897,77290100
2010-03-02,39.5356559753418,39.79604383105971,39.448861127106234,39.55301560719115,76368500
2010-03-03,39.579071044921875,39.77002376938567,39.43151907493636,39.631149963688195,65735500
2010-03-04,39.70927047729492,39.76134940103311,39.40548503302137,39.60511594083156,54470900
2010-03-05,40.30813980102539,40.3949379568676,39.917559688274295,40.004354533105406,68136300
2010-03-08,40.386253356933594,40.48172966545764,40.30813667823309,40.32549630805663,58712400
2010-03-09,40.6119499206543,40.83761862351719,40.27344521085353,40.29948301591117,98002800
2010-03-10,40.94175338745117,41.03722970791556,40.62060847308017,40.63796810507471,102578900
2010-03-11,41.097991943359375,41.097991943359375,40.776846988519246,40.846285525247744,67510300
2010-03-12,41.106658935546875,41.25421080760017,40.880987081687074,41.228173021005,64068300
2010-03-15,41.00250244140625,41.12401652082831,40.71607355904539,41.019858757600545,60150500
2010-03-16,41.262908935546875,41.32366600280441,40.99383955839792,41.132713327988256,74950600
2010-03-17,41.375755310058594,41.57538952408246,41.25424113527046,41.32367969858536,75643500
2010-03-18,41.514617919921875,41.55801535131207,41.31498377570576,41.410460111371265,77829400
2010-03-19,41.26350021362305,41.663187972088856,41.11578750272768,41.6371190733748,86337100
2010-03-22,41.63712692260742,41.802217825585885,41.05497333612484,41.098417089444354,71902800
2010-03-23,41.92384338378906,41.96728711816907,41.50677756756095,41.69793397628634,59182600
2010-03-24,41.723995208740234,41.85432639830716,41.62841701433134,41.85432639830716,62995700
2010-03-25,41.66320037841797,42.22797586237176,41.61975662035172,42.071575681696245,76294800
2010-03-26,41.70663833618164,41.99337306572488,41.48072883692748,41.83697290680053,78067900
2010-03-29,41.90647888183594,42.05419160431169,41.7935224840069,41.91516962027039,57993300
2010-03-30,42.04550552368164,42.184527523123805,41.75877409994601,42.036818098830345,49437300
2010-03-31,41.84565353393555,42.09763189510935,41.767453467176274,41.915166177519474,59947400
2010-04-01,41.84565353393555,42.31485393449119,41.524165843723104,42.01943182835007,83728600
2010-04-05,42.236671447753906,42.33224971519137,41.82829278308353,41.941249218650235,56220300
2010-04-06,42.358299255371094,42.48863380966732,42.04549897669647,42.14107720790765,54097100
2010-04-07,42.254024505615234,42.46255577014901,42.02811176873484,42.297468242847714,77211500
2010-04-08,42.34962844848633,42.41913780738423,41.91518418309768,42.132406315792,68314300
2010-04-09,42.60160827636719,42.618986446634565,42.25405481466082,42.35832052171802,54227300
2010-04-12,42.63634490966797,42.74930130692205,42.52338851241388,42.61896674743306,44280600
2010-04-13,42.85356140136719,42.87962698406223,42.45387366549945,42.5928956307815,59376000
2010-04-14,43.3662109375,43.37489836130195,43.009966899800645,43.07947954839833,69004800
2010-04-15,43.557373046875,43.609504225528255,43.33146022422441,43.33146022422441,72254200
2010-04-16,43.03603744506836,43.548681686642254,42.749306022924806,43.400972263168946,127388000
2010-04-19,43.009979248046875,43.14900127061022,42.48864749207095,42.879644651779664,98251700
2010-04-20,43.22718811035156,43.340144504843295,42.94914415048379,43.24456627216148,69543700
2010-04-21,43.47046661376953,43.60948856449591,43.20111344866859,43.522601088246205,74748700
2010-04-22,43.713775634765625,43.75721939089986,42.80144018321607,43.05341860915921,110477200
2010-04-23,43.896236419677734,43.93968017088372,43.522614193123914,43.705079936916505,77205200
2010-04-26,43.800682067871094,44.00921682776198,43.70510377436059,43.939704136282494,67361000
2010-04-27,42.87095260620117,43.818041068662325,42.75799618924358,43.62688456527964,112608000
2010-04-28,42.89702224731445,43.12293510256114,42.55815627899086,43.09686619492718,130082100
2010-04-29,43.644256591796875,43.73114740590659,43.105546802499234,43.14030312814312,84180200
2010-04-30,42.784080505371094,43.69641296592465,42.74932416231925,43.62690027982095,110897000
2010-05-03,43.383602142333984,43.59213352172811,42.94915790162529,42.96653606899922,74169700
2010-05-04,42.08025360107422,42.85356352849962,41.77614407271994,42.85356352849962,141136500
2010-05-05,41.863040924072266,42.14108493061574,41.3938404200754,41.63712809716444,128560200
2010-05-06,40.46412658691406,41.98468106385493,37.04939541067749,41.576302515107606,274356800
2010-05-07,39.45622634887695,40.66398082425811,38.47438142335735,40.1600272216993,288200400
2010-05-10,41.506797790527344,41.53286338094615,41.10710993622398,41.21137561244527,136041600
2010-05-11,41.46335220336914,42.045505793980105,41.01152987364099,41.08972995598905,113016100
2010-05-12,42.245365142822266,42.28012148423781,41.61976757007828,41.68927693836221,85462400
2010-05-13,41.57630920410156,42.39306643299998,41.47204352269509,42.06288790824219,102844300
2010-05-14,40.77694320678711,41.289587625232144,40.29905512863765,41.26352202728399,147386100
2010-05-17,40.90727233886719,41.07235996130794,40.02969309411948,40.85513783541645,120969600
2010-05-18,40.34247970581055,41.34170246942206,40.160013977878336,41.2548116600171,153072100
2010-05-19,40.0210075378418,40.51627374285662,39.57787252416742,40.19478259503898,159000300
2010-05-20,38.53519821166992,39.34326466781138,38.44831069974882,39.23899899059684,189289800
2010-05-21,38.96095657348633,39.65606664101249,37.78795854169508,37.9356679809304,190631100
2010-05-24,38.80455780029297,39.38671478169466,38.78717963365673,38.943579818836504,113038000
2010-05-25,38.83931350708008,38.891444691601535,37.56204645356326,37.95304691020579,155643000
2010-05-26,38.40486145019531,39.59523742887778,38.33534879896492,39.108658813901975,140203200
2010-05-27,39.85591506958008,39.87329323754483,39.17818309168759,39.273761358220455,110671600
2010-05-28,39.62131118774414,39.960180460565894,39.27375780354595,39.92542412778217,128535300
2010-06-01,39.25637435913086,40.18608459154454,39.21293060626539,39.47359643800407,104242700
2010-06-02,40.18608856201172,40.21215415339716,39.212934480582966,39.48228776368904,97249300
2010-06-03,40.56837463378906,40.63788725638655,40.03835580193247,40.29902150758449,98928400
2010-06-04,39.178184509277344,40.220851423063486,39.047849902099045,39.70820705046719,112849900
2010-06-07,38.46568298339844,39.49965880116105,38.42223923408071,39.378014977253166,88436600
2010-06-08,38.39617156982422,38.648149964348626,37.87483993212505,38.53519356084704,133030100
2010-06-09,38.074684143066406,39.02177250031667,37.961727738657,38.665528438298445,101949200
2010-06-10,39.16080856323242,39.20425232990856,38.43963275567704,38.54389845860917,76892300
2010-06-11,39.5344123840332,39.56916870689467,38.76110243036509,38.76110243036509,74346800
2010-06-14,39.52573776245117,40.17740411171558,39.456225094214,39.89935675331336,68085000
2010-06-15,40.58577728271485,40.637911781125815,39.49097933245454,39.73426702927988,76332600
2010-06-16,40.75087356567383,40.95940495766339,40.403316826295615,40.47282949998994,78399700
2010-06-17,40.881195068359375,40.99415147879281,40.524950987342486,40.97677331453029,77111900
2010-06-18,40.91514587402344,41.21112791317926,40.793271502752376,40.95867196078774,75921400
2010-06-21,40.566932678222656,41.50711214189975,40.33189113313111,41.43746774274098,95488100
2010-06-22,40.25353240966797,41.037011772138406,40.175184141338235,40.74102979409574,94493400
2010-06-23,40.08812713623047,40.45375348143532,39.77473407486252,40.29705695075135,92397600
2010-06-24,39.478755950927734,40.03590107027309,39.34817770986524,39.91402339612353,114145900
2010-06-25,39.48660659790039,39.82678226206538,39.207487933592866,39.695943932452565,88740300
2010-06-28,39.34706115722656,39.73084862430634,39.08538773297407,39.48662053865176,71350000
2010-06-29,37.829341888427734,38.780091011005446,37.56766852009644,38.74520034126597,136384200
2010-06-30,37.253662109375,38.091018285560345,37.19260509615467,37.70723086998148,101313200
2010-07-01,37.14899826049805,37.47172870491524,36.43375601754204,37.36706000109093,158695000
2010-07-02,37.04431915283203,37.34960417297999,36.71286446855913,37.21004483128989,78565300
2010-07-06,37.1577033996582,37.82933367317956,36.8524184241288,37.59382669461831,88591900
2010-07-07,38.34398651123047,38.38759820621112,37.24495649186664,37.27984717879477,72448400
2010-07-08,38.553314208984375,38.71031891946786,38.099745415071865,38.64926190176405,78264600
2010-07-09,38.919647216796875,38.92837154720527,38.4486365228145,38.535859862755686,47851200
2010-07-12,39.03304290771485,39.27727093824898,38.78009054617171,38.884762554135506,60927500
2010-07-13,39.53894805908203,39.68722841426752,39.07665500396116,39.373219041689545,93310500
2010-07-14,39.73957443237305,39.95763618190402,39.460455659162065,39.61745705765478,87687100
2010-07-15,39.774444580078125,39.896561901977634,39.242376936335845,39.66105491506377,95992500
2010-07-16,38.6754150390625,39.800613970887014,38.6405243758997,39.6348849845421,98831900
2010-07-19,39.00689697265625,39.085399356012495,38.46610129737588,38.78883516637326,81800800
2010-07-20,39.477882385253906,39.477882385253906,38.25673905712085,38.37885305719846,89061200
2010-07-21,38.937103271484375,39.91401892271671,38.867325245789665,39.89657691181157,83577000
2010-07-22,39.922725677490234,40.1058966575662,39.46043606281568,39.486602395010365,82890300
2010-07-23,40.17569732666016,40.21058467726768,39.58256911067576,39.652347139249,81056100
2010-07-26,40.50714111328125,40.52458644895999,40.04485136354602,40.228022397136485,64850900
2010-07-27,40.48969650268555,40.751373215195194,40.30652546581489,40.68159187123059,67655600
2010-07-28,40.16695785522461,40.62925084564424,40.018677520792025,40.44607651903872,51988200
2010-07-29,39.87040710449219,40.48098063218521,39.469174307884046,40.402478273948134,85669500
2010-07-30,39.957637786865234,40.20186589139509,39.31217351828985,39.53895961023189,98958100
2010-08-02,40.70774841308594,40.81242040383804,40.306515763939984,40.463520422711326,68706800
2010-08-03,40.5333137512207,40.73393013519336,40.34141837204782,40.68159412432135,60856600
2010-08-04,40.94325256347656,40.98686755361207,40.559465272722825,40.71646992061221,43820600
2010-08-05,40.84733581542969,40.92583486501844,40.57693799986383,40.74266376126035,39150200
2010-08-06,40.78624725341797,40.864749576088165,40.166953000884455,40.40245996889506,71339200
2010-08-09,41.06538772583008,41.16133209470143,40.81243531347225,40.99560637316942,26927600
2010-08-10,40.70774841308594,40.95197973081736,40.36757276153364,40.73391807445237,86694500
2010-08-11,39.60001373291016,40.05357922882229,39.43428467925175,40.036137217513314,92219700
2010-08-12,39.2859992980957,39.460449335234784,38.77137351858215,38.84115153702316,66000200
2010-08-13,39.00689697265625,39.30346116229549,38.99817263708383,39.137732060010585,46387300
2010-08-16,39.076663970947266,39.347061732128566,38.64054048170152,38.81499054287145,55472900
2010-08-17,39.5738410949707,39.93146219244546,39.277277014575205,39.35577936901395,56927100
2010-08-18,39.7308464050293,39.96635347190907,39.347058959387034,39.49533933814952,61835400
2010-08-19,39.12899398803711,39.652340763946384,38.86732060008247,39.49533606570208,82969500
2010-08-20,39.18131637573242,39.27726403582578,38.84986505750036,39.06792671140098,65806700
2010-08-23,38.79753494262695,39.547667678107594,38.78008960838818,39.425553665793494,69612200
2010-08-24,38.07355880737305,38.48351237555947,37.916554180457005,38.352677404700195,79095800
2010-08-25,38.43992233276367,38.60564805331281,37.7421254470857,37.80318246662264,87247900
2010-08-26,37.97760391235352,38.65795494747928,37.94271326251232,38.57073165023181,91199000
2010-08-27,38.43992233276367,38.51842469036232,37.48045203087621,38.25675127415283,109568800
2010-08-30,38.03867721557617,38.59691454325977,38.02995288569284,38.256738879662386,49373200
2010-08-31,37.907859802246094,38.24803565353912,37.66363166846829,37.838081761463336,72066900
2010-09-01,39.041770935058594,39.17260930487274,38.43992175410102,38.46608809712066,83523100
2010-09-02,39.477882385253906,39.49532771774456,39.01559272000097,39.11154038502107,41816800
2010-09-03,40.13208770751953,40.14081204186222,39.73085483908025,39.91402593197314,64041100
2010-09-07,39.86168670654297,40.14952647289343,39.80062968557899,39.96635541000149,51195200
2010-09-08,40.341434478759766,40.51588459062623,39.96636790282256,39.97509223846341,66879800
2010-09-09,40.49842071533203,40.73392775948397,40.40247303134151,40.69903708760421,61476400
2010-09-10,40.64670181274414,40.70775882595592,40.34141674668527,40.542033122575056,66995700
2010-09-13,41.21366500854492,41.31833370230327,40.94326727836493,40.960712615217616,64523400
2010-09-14,41.38810348510742,41.60616514379887,41.065373161904006,41.16131749674848,91405800
2010-09-15,41.64978790283203,41.693399580714235,41.161328459421235,41.283445815792234,67108200
2010-09-16,41.815521240234375,41.85041191985009,41.46662442615223,41.57129313764104,66885800
2010-09-17,41.95716094970703,42.0883023935499,41.74732997034806,42.0883023935499,76372600
2010-09-20,42.691551208496094,42.77897881076166,42.06206179970646,42.1145170270061,84475000
2010-09-21,42.68281555175781,42.98881556010871,42.49921554674727,42.71778793418362,82272000
2010-09-22,42.56913757324219,42.857654594022776,42.333079102189465,42.50793759946723,88315900
2010-09-23,42.55167007446289,42.980073414148166,42.24567007122334,42.28938388095043,85040000
2010-09-24,43.41720962524414,43.44343723888159,42.97132351766125,43.032523506248125,79495900
2010-09-27,43.181148529052734,43.49589321458109,43.14617615618313,43.39097943112131,43859800
2010-09-28,43.16365432739258,43.312285216914034,42.4817098588134,43.28605427455823,104922900
2010-09-29,43.093727111816406,43.30355470882595,42.93635474648449,43.102468538712834,81679200
2010-09-30,42.901371002197266,43.57457408994591,42.6215987235418,43.3122879956,122458600
2010-10-01,42.84893035888672,43.303561335511645,42.647844158001654,43.259847524040985,77675400
2010-10-04,42.385555267333984,42.88390002384099,42.14075527049541,42.726527644401955,71359900
2010-10-05,43.41720962524414,43.50463722746847,42.8401787791755,42.866406392812955,99301300
2010-10-06,43.0412712097168,43.46092976486687,42.76149883961675,43.36475738730441,81831200
2010-10-07,43.198631286621094,43.3122898218512,42.84017283103269,43.28605887670655,75693300
2010-10-08,43.495887756347656,43.60080152664195,42.910115592460144,43.21611547879711,83223900
2010-10-11,43.51338195800781,43.73195429856331,43.382237219614815,43.52212338416437,46880000
2010-10-12,43.81062698364258,43.89805455888287,43.06747925350723,43.443423830307275,88571700
2010-10-13,44.16910171508789,44.37018788063441,43.95927078769401,44.090415534208866,71122900
2010-10-14,44.08168029785156,44.27402507826342,43.86310789652905,44.195338880381314,68464000
2010-10-15,45.01717758178711,45.025919011216274,44.265287915160194,44.62374655446483,104654000
2010-10-18,44.851051330566406,45.21825466014627,44.851051330566406,45.025909900121114,72399400
2010-10-19,44.43140411376953,44.8510627868037,44.081686885332395,44.43140411376953,105739800
2010-10-20,44.75487518310547,45.08710610377736,44.475102829429,44.55378901234735,80861400
2010-10-21,44.842315673828125,45.20951571551449,44.4051708612585,45.03465712345659,85885400
2010-10-22,45.14830017089844,45.19201397008136,44.77235549465691,44.85104166724581,47406900
2010-10-25,45.36687469482422,45.664133212845194,45.33190231972781,45.33190231972781,51413900
2010-10-26,45.48927688598633,45.59419401638075,44.95595981283767,45.139563123453186,60498300
2010-10-27,45.629180908203125,45.66415329868249,45.16580840737904,45.253236048426736,57483400
2010-10-28,45.725341796875,45.856486560563745,45.32316941311601,45.82151417889342,61220000
2010-10-29,45.620418548583984,45.891449447730395,45.61167378740067,45.725332336739385,46668700
2010-11-01,45.65538024902344,46.11875242892916,45.445549386620826,45.786521619770205,60555600
2010-11-02,46.144996643066406,46.27614139615897,45.970141419142465,46.03134141454576,48137500
2010-11-03,46.35483169555664,46.37231788653108,45.77780073399992,46.18871788402437,126225800
2010-11-04,46.92312240600586,47.089239568661256,46.77449477115654,46.861922399285525,84201000
2010-11-05,46.92312240600586,47.04552575459676,46.78323619990935,46.949353362564736,77937100
2010-11-08,46.98430633544922,47.06299250231476,46.730761649421474,46.84442018714923,39623500
2010-11-09,46.730770111083984,47.24660100168345,46.52093918306494,47.16791482056999,66828700
2010-11-10,46.96684265136719,47.01055646831338,46.42478064875295,46.79198404843197,83553700
2010-11-11,46.6695671081543,46.75699471035221,46.04007769985174,46.25865004049577,85163600
2010-11-12,45.9089469909668,46.660836606180105,45.55923314015497,46.42477800592823,99164300
2010-11-15,45.73408508300781,46.23242983269252,45.71659889273732,46.14499888134008,56723400
2010-11-16,44.98219680786133,45.68162776206877,44.45762109084335,45.41059680818532,101097000
2010-11-17,45.113338470458984,45.34939704407271,44.89476608768515,45.00842466056951,77836200
2010-11-18,45.8390007019043,46.15374546891819,45.57671450777601,45.60294212664387,71488300
2010-11-19,45.87397384643555,45.97888765880096,45.58545669349321,45.77780146212143,54506100
2010-11-22,46.258644104003906,46.258644104003906,45.61166859125997,45.690354757199785,69918900
2010-11-23,45.52423477172851,45.856465575257886,45.261948699530954,45.78652084392608,76818300
2010-11-24,46.44225311279297,46.55591167137244,45.95265317149579,45.970139360134894,53444200
2010-11-26,46.13625717163086,46.45100192427526,46.048826220813105,46.14499859913776,23640300
2010-11-29,46.101261138916016,46.24989201147581,45.55045810437943,46.07503353470172,89269100
2010-11-30,45.5417366027832,46.11002606710016,45.358136622674465,45.62042278499402,118862100
2010-12-01,46.503448486328125,46.73950700678451,46.19744855341196,46.21493474031419,81758800
2010-12-02,46.975555419921875,47.045500152481395,46.52092466373026,46.573383213149896,56844600
2010-12-03,47.09796905517578,47.159169046378146,46.774482910941934,46.774482910941934,38014200
2010-12-06,47.080474853515625,47.16790577974433,46.93184728165005,47.10670579895864,39312000
2010-12-07,47.10670471191406,47.66624928627034,47.05424615738739,47.64876310142811,59067300
2010-12-08,47.28157424926758,47.342774242910274,46.94059856806605,47.22911568250976,48066900
2010-12-09,47.32528305053711,47.59631061225771,47.16791070205134,47.57008299922647,51679800
2010-12-10,47.64002227783203,47.69247749787199,47.29030524687131,47.46516376235167,44696200
2010-12-13,47.473915100097656,47.85860458150928,47.44768748460122,47.82363220408104,53110200
2010-12-14,47.56134033203125,47.75368171448932,47.412709413385066,47.596309370110575,69884800
2010-12-15,47.35151672363281,47.82363382951186,47.23785816070277,47.535116708647024,76951900
2010-12-16,47.71870803833008,47.78864944283977,47.26407723599646,47.395218620132916,65519400
2010-12-17,47.760772705078125,47.90093624654796,47.664409643737166,47.77829356548216,36844200
2010-12-20,47.79581451416016,47.97101643499921,47.4454039889572,47.8483737537069,48159600
2010-12-21,48.08488845825195,48.08488845825195,47.84836191353329,47.97976666340864,35775400
2010-12-22,48.076133728027344,48.14621381653906,47.997291539850494,48.0673716283622,35766500
2010-12-23,47.953495025634766,48.067375596588,47.83961111291937,47.98853340190229,21664800
2010-12-27,47.979774475097656,48.058616669507,47.489200449688106,47.81333132768331,29263700
2010-12-28,47.89216232299805,48.111168011341945,47.78704052828622,48.07612964094574,24160500
2010-12-29,47.99729919433594,48.09366225544892,47.94473661324819,48.0235788139986,24132700
2010-12-30,47.88340759277344,48.00605025387826,47.78704454711626,47.997291495983006,27553300
2010-12-31,47.70819854736328,47.84836205482212,47.48919285809875,47.822082441474095,38540100
2011-01-03,48.45282745361328,48.78571374715076,48.137458677199135,48.15497953608459,90994300
2011-01-04,48.41777801513672,48.66306331689577,48.1111680461763,48.62802160471259,43851500
2011-01-05,48.82950973510742,48.8470272494217,48.242572752730986,48.26885236596401,43787400
2011-01-06,48.9871940612793,49.02223577579522,48.77695045770744,48.88207225949337,46139600
2011-01-07,48.94339370727539,49.1010780812162,48.46158182768373,49.07479846614668,72261700
2011-01-10,49.12736129760742,49.21496224280989,48.68934988807138,48.838272163267945,55551800
2011-01-11,49.19744110107422,49.37264633222838,49.013477112155165,49.328845859880296,56663800
2011-01-12,49.547855377197266,49.547855377197266,49.232486605197465,49.43397146691687,51979300
2011-01-13,49.565372467041016,49.696773884208184,49.41644685080402,49.58288998258717,47364500
2011-01-14,49.93328857421875,49.95080942736138,49.46023556465087,49.58287819488824,43867400
2011-01-18,50.073455810546875,50.13477713026152,49.48652222420346,49.55660230026536,65805600
2011-01-19,49.504058837890625,50.16107609556536,49.33761566898088,50.16107609556536,67767200
2011-01-20,49.15364074707031,49.36388435155204,48.77695066879857,49.29380426397874,92357800
2011-01-21,48.776947021484375,49.486526652515245,48.75066740832969,49.39892237239697,59673300
2011-01-24,49.45148086547851,49.460239621887794,48.776943002079435,48.87330603138806,64103300
2011-01-25,49.52155685424805,49.53907770738165,49.101066404324754,49.20618818136532,55305100
2011-01-26,49.78437805175781,49.915779468610914,49.45148844722531,49.5916519635924,60547700
2011-01-27,50.09098434448242,50.23990661754613,49.86321654339912,49.942058729656914,53656100
2011-01-28,48.82074737548828,50.12602274119775,48.59298293124127,50.08221893036116,123359900
2011-01-31,49.05730056762695,49.19746414986392,48.52292586604744,48.89085735802161,70571300
2011-02-01,49.97710037231445,50.090984272692886,49.37264583971224,49.4252050693009,76952900
2011-02-02,49.89825820922851,50.082222196397446,49.79313640824081,49.87197859442204,48661000
2011-02-03,49.98586654663086,50.05594663904931,49.40769158168981,49.801899202788015,45341900
2011-02-04,50.26619338989258,50.30123176507443,49.845702811851815,49.9771042377484,47647800
2011-02-07,50.502723693847656,50.78305076656367,50.28371795942813,50.36256015748965,45627100
2011-02-08,50.83559799194336,50.87063970319328,50.42386958092202,50.52022927421704,38099900
2011-02-09,50.748008728027344,50.91445188210548,50.59032433289552,50.75676748697365,62540800
2011-02-10,50.82685089111328,50.896930987923064,50.362559806741366,50.41511904390813,70194700
2011-02-11,51.19477081298828,51.22981252672638,50.60783714580299,50.67791723151745,47853500
2011-02-14,51.31741714477539,51.38749723094555,51.14221191670733,51.19477114589451,48506100
2011-02-15,51.247337341308594,51.3086586742051,51.01081076795265,51.194774766642155,39723800
2011-02-16,51.580230712890625,51.720394247092955,51.36122498183935,51.37874584133492,53061700
2011-02-17,51.56270980834961,51.659072864609946,51.291141499048855,51.32618321800939,38361900
2011-02-18,51.44882583618164,51.65907280795199,51.25609972387233,51.56270975179734,44334300
2011-02-22,49.95958709716797,50.923214334264365,49.88074489905792,50.748009078268446,92598100
2011-02-23,49.547855377197266,50.13478910371527,49.17116527083773,49.95958385907515,97842900
2011-02-24,49.8106575012207,49.959579774844954,49.17992000878432,49.65297312811161,98716100
2011-02-25,50.502723693847656,50.56404503214414,50.038429264479895,50.09099184377501,54094600
2011-02-28,50.60783386230469,50.85311915903347,50.30998599837909,50.704196897951434,51402800
2011-03-01,49.79313659667969,50.8268437786292,49.670493938102936,50.8268437786292,91993900
2011-03-02,50.05593490600586,50.38006235871057,49.74932830773941,49.76684916217768,61552900
2011-03-03,51.04584884643555,51.133449789541075,50.52023316251707,50.52023316251707,64146600
2011-03-04,50.78303909301758,51.037083146807525,50.4501495175281,51.02832438981954,62328400
2011-03-07,50.099735260009766,51.037079248927945,49.64420307090989,50.993278783810155,98470000
2011-03-08,50.30123519897461,50.52900303289694,49.73182229769336,50.03842898747848,62399100
2011-03-09,49.95958709716797,50.16983407271553,49.68802212504848,50.11727149338807,84764200
2011-03-10,49.1799201965332,49.51280980123011,48.97843535051613,49.398925899825045,102894400
2011-03-11,49.48654556274414,49.63546788321031,48.89960835783172,48.89960835783172,81679400
2011-03-14,49.31132888793945,49.574135084496874,48.934638780894375,49.21496583612391,73565800
2011-03-15,48.61050796508789,48.89959375923792,47.71696428376277,47.86588655976936,101276500
2011-03-16,47.436641693115234,48.47910774814416,47.10375205316631,48.20753944426976,176507700
2011-03-17,47.87466049194336,48.39151421942156,47.41912810994878,48.19002597938942,94434500
2011-03-18,47.766754150390625,48.44224399513493,47.731662986552,48.44224399513493,94887200
2011-03-21,48.6878547668457,48.933486116418685,47.81059612239803,48.494856794194845,57423000
2011-03-22,48.60013961791992,48.78436316564382,48.49486615081187,48.7580464721052,36162100
2011-03-23,48.87211608886719,49.01247744671013,48.091355826710895,48.42471530651741,60365100
2011-03-24,49.74058151245117,49.84585164600508,48.96859272460904,49.24054419497361,69502400
2011-03-25,49.86338806152344,50.196747327398825,49.766889062469254,49.89847921508434,74131100
2011-03-28,49.59144592285156,50.09148324201509,49.56512922599365,50.082712125221526,37824000
2011-03-29,50.073944091796875,50.073944091796875,49.32827195229401,49.47740771878556,47994800
2011-03-30,50.310787200927734,50.38096950615819,50.0739302869662,50.31956166231979,44935900
2011-03-31,50.3809814453125,50.42484372323765,50.13535001174981,50.223074567600115,50004300
2011-04-01,50.40730285644531,50.793298969827326,50.25817042825871,50.6353920773488,68031800
2011-04-04,50.240623474121094,50.600299531282474,50.02130872349885,50.547662786401226,48659100
2011-04-05,50.1090202331543,50.43360838899287,50.00375011728926,50.1441113872682,55349400
2011-04-06,50.23186111450195,50.64417401590013,49.942367314089225,50.495041555849575,49532100
2011-04-07,50.1967658996582,50.53012194239511,49.83708980877418,50.21431148293033,60697000
2011-04-08,49.95989990234375,50.50379953643612,49.69672287594276,50.42484609386808,42782200
2011-04-11,49.793209075927734,50.25815852543331,49.61775998937283,50.152885057728184,42451700
2011-04-12,49.45107650756836,49.68793677982211,49.25808185151012,49.565121086018685,50422800
2011-04-13,49.87215042114258,50.00374055065576,49.47738672555505,49.819517046518115,49979800
2011-04-14,49.784446716308594,49.85462904045571,49.328271648784515,49.53004081099138,53544100
2011-04-15,49.69671249389648,49.88970715481775,49.37212432754949,49.5914390281466,68530000
2011-04-18,49.345802307128906,49.36334788285972,48.52995144126626,49.19666993313158,69065000
2011-04-19,49.65285873413086,49.65285873413086,49.21422922818808,49.477409608935794,38608400
2011-04-20,50.77574157714844,50.82837496474687,50.468698981424616,50.53010683127401,67397500
2011-04-21,51.17928695678711,51.29333155658753,51.02138007905646,51.26701151264756,43666800
2011-04-25,51.31088638305664,51.33720308526147,51.126659428189114,51.2231584649107,25376800
2011-04-26,51.60036849975586,51.78459206656342,51.32841703460387,51.44246162921305,49400000
2011-04-27,51.95127487182617,52.01268272916822,51.46000866661254,51.6968689791364,56465500
2011-04-28,51.872310638427734,51.96003517452241,51.6529959517145,51.79335721735191,48100000
2011-04-29,51.82845687866211,52.01268044258943,51.74072898168927,51.7758201404784,44831200
2011-05-02,51.731956481933594,52.05654132586106,51.60036631323157,51.90740557823363,48149400
2011-05-03,51.4863166809082,51.758268107901664,51.17050633061226,51.70563137628067,38100000
2011-05-04,51.40738296508789,51.644243328474005,50.97752787138854,51.51265646868925,53097200
2011-05-05,51.12665557861328,51.731966455570806,50.951206448487625,51.15297562531425,72200000
2011-05-06,51.2933349609375,51.93373363135861,51.1529736543586,51.635465436568744,72507000
2011-05-09,51.4863166809082,51.68808579907367,51.17927744597743,51.38104656414289,40022000
2011-05-10,51.924949645996094,52.003903075624144,51.565273654685406,51.63545596834451,38053600
2011-05-11,51.54774856567383,52.03024379767208,51.19684689733119,51.84601682432809,61900000
2011-05-12,51.85477828979492,51.92495726727764,51.09156392235432,51.389832106230024,66100000
2011-05-13,51.240699768066406,51.819690593551094,51.22315418590292,51.731966029211264,63506600
2011-05-16,50.35466384887695,51.16174045701845,50.24061925112574,51.00383358212516,73115300
2011-05-17,50.495025634765625,50.50379675168846,49.98621384483215,50.09148398029252,63136000
2011-05-18,50.916114807128906,51.00383937137034,50.363440682270515,50.424848546535046,42351100
2011-05-19,51.06523513793945,51.17927972161749,50.74942142712447,51.07400960017144,35015800
2011-05-20,50.67924499511719,51.06523769069978,50.60906267966018,51.012604300584016,44703300
2011-05-23,49.93358612060547,50.13535865751567,49.69672910966856,49.98622287107916,43700000
2011-05-24,49.62654495239258,50.06517448412416,49.61777383420815,50.05640336593973,39314800
2011-05-25,49.819541931152344,50.05640227470113,49.53881930468216,49.565136005139465,41369000
2011-05-26,50.12656784057617,50.26692911624041,49.66162174240277,49.67039285804819,40564100
2011-05-27,50.3809814453125,50.43361818670906,50.17043782620355,50.214303450606,30127200
2011-05-31,51.196834564208984,51.196834564208984,50.591523726783976,50.85470409773959,47590100
2011-06-01,50.08271408081055,51.196833359820445,50.03885180217559,51.074017641051654,51795000
2011-06-02,50.18798065185547,50.3634331004028,49.907258072770574,50.1792095353428,50198100
2011-06-03,49.43354797363281,49.99499659762579,49.36336898718233,49.60900045947575,57773700
2011-06-06,49.03001403808594,49.59145936643642,49.00369733409392,49.3195111679106,50175600
2011-06-07,48.9422721862793,49.35458157136809,48.907181029023285,49.161586899413926,46311100
2011-06-08,48.59135055541992,48.92470974147675,48.45098932126059,48.8369818785798,46426400
2011-06-09,48.67911148071289,48.91596850521624,48.45102222874053,48.608929142728144,45307500
2011-06-10,47.93341064453125,48.54749235017304,47.88954838265885,48.45099336616813,53740600
2011-06-13,47.93341064453125,48.18781644845766,47.76673271082571,47.95972733235947,37736800
2011-06-14,48.547508239746094,48.66155283512192,48.27555677276594,48.30187681568477,40565300
2011-06-15,47.626373291015625,48.38081627146122,47.529874303310784,48.08254819422636,59022400
2011-06-16,47.44217300415039,47.81062021417041,47.0386312810379,47.65271331088245,66316200
2011-06-17,47.29359436035156,48.00576568061547,47.15291825415276,47.829923063354165,70337000
2011-06-20,47.53976058959961,47.68043664810294,47.16169305350032,47.16169305350032,37402900
2011-06-21,48.55965423583984,48.61240900616098,47.50458230728548,47.706803895878046,55892800
2011-06-22,48.20796585083008,48.63878473638047,48.1991717121153,48.357432669169256,36833300
2011-06-23,48.65635299682617,48.68272869597539,47.530945113391915,47.68920601624736,80743300
2011-06-24,47.81233596801758,48.471755814867095,47.71562052050907,48.42779516254035,56298300
2011-06-27,48.57723236083984,48.82341454658927,47.759551982194125,47.86505815408949,49968900
2011-06-28,49.298213958740234,49.30700809918286,48.61241857941757,48.682754933049246,47028800
2011-06-29,49.500431060791016,49.59714647292495,49.14874261682764,49.41250978829556,65407300
2011-06-30,50.15987014770508,50.19504001195527,49.64992053200875,49.67629625320497,50347200
2011-07-01,50.915985107421875,50.98632480780661,50.04554976205914,50.18622916282861,53203900
2011-07-05,51.17096710205078,51.22371852914284,50.84565433704949,50.968745472240144,43128800
2011-07-06,51.33802032470703,51.425944962308314,50.94236784045619,51.109422974907645,49282700
2011-07-07,52.04139709472656,52.19086729143041,51.6457479915296,51.724878482965345,54799800
2011-07-08,51.90071487426758,51.90950901337254,51.320425790649814,51.59298708522079,69519500
2011-07-11,50.959957122802734,51.61937686824474,50.78411118655507,51.355609640864394,52080800
2011-07-12,50.573089599609375,51.05666332134472,50.52033482208161,50.95115712027086,84000700
2011-07-13,50.78409194946289,51.294044636012,50.59945529563552,50.942352896738065,82378100
2011-07-14,50.19502258300781,51.153379250171895,50.00159175077857,50.91598777988556,98774200
2011-07-15,50.863224029541016,50.863224029541016,50.38844452670127,50.75771784601897,68281500
2011-07-18,50.59067153930664,50.81047806839228,50.098303706721474,50.581877399913594,59512200
2011-07-19,51.742454528808594,51.78641851689634,51.07424417004035,51.07424417004035,73904600
2011-07-20,51.52265930175781,52.04140294751397,51.43473801426645,52.03261216035769,57085500
2011-07-21,51.86555480957031,52.155697710357565,51.29405644022744,51.57540855480129,70148800
2011-07-22,52.401878356933594,52.489802986266426,51.80400429339698,51.83917414513011,43620400
2011-07-25,52.29637145996094,52.58651770192667,51.89192823235564,51.988643646344215,48916100
2011-07-26,52.428245544433594,52.604091409277466,52.15568428622655,52.26119046354051,40918900
2011-07-27,51.07424545288086,52.12931746784079,50.94236019326781,52.085356832630275,83969500
2011-07-28,51.16217041015625,51.8127992616947,50.89840322590401,51.100624845630115,61031900
2011-07-29,50.99512481689453,51.53145339039901,50.50275688709095,50.74894252898381,82860500
2011-08-01,50.75772476196289,51.716081390652555,50.14226579192687,51.61057519275487,85421100
2011-08-02,49.47405242919922,50.74893092901177,49.42129765642733,50.520330267648255,90853300
2011-08-03,49.94883346557617,50.010379021198354,48.66516087435912,49.53559614584333,103612300
2011-08-04,47.6276741027832,49.31578988355962,47.6276741027832,49.23665940392976,132830000
2011-08-05,47.328739166259766,48.3838077271324,46.00110597259122,48.11124980229881,214111800
2011-08-08,44.48006820678711,46.704510150388415,44.48006820678711,45.878038458271554,204804500
2011-08-09,46.625370025634766,46.66933402420701,43.899769813265394,45.14826956033019,193707100
2011-08-10,44.71744918823242,46.634162749128215,44.664694403938945,45.57029975407546,205917900
2011-08-11,46.68690490722656,47.20564844415048,45.13946843574823,45.35927496234342,143825300
2011-08-12,47.100128173828125,47.390274312129776,46.49346354917071,46.9770370923597,90483300
2011-08-15,47.79474258422851,47.79474258422851,47.064983139521246,47.29358385756683,73554300
2011-08-16,47.39027404785156,47.78592299208499,46.75723037070944,47.32872850746057,89219200
2011-08-17,47.10893630981445,47.84748301809828,46.61656848364382,47.451833954083774,84416600
2011-08-18,44.79656600952149,45.84284375700651,44.38332871035547,45.83405297263282,130019400
2011-08-19,43.987693786621094,45.42962448264888,43.952527281192474,44.33059153092253,96674600
2011-08-22,44.14593124389648,45.05153619359986,44.014049372450394,45.04274205644842,77107700
2011-08-23,45.9659538269043,45.9659538269043,44.260255866274726,44.44489260012991,75688400
2011-08-24,46.32642364501953,46.41434827052754,45.46478243893015,45.83405915810075,80197700
2011-08-25,45.570308685302734,46.5110807220327,45.412047655387155,46.30006489748435,93623700
2011-08-26,46.71327590942383,46.87153684957847,44.972408921703675,45.42081268282124,91573300
2011-08-29,48.0145378112793,48.06728923068027,47.16168742182867,47.17927234628946,45985800
2011-08-30,48.33103942871094,48.621182175405295,47.5749047646287,47.838671812709016,61617900
2011-08-31,48.410194396972656,49.00806846421757,48.00574780749638,48.621206800716934,60900400
2011-09-01,47.9705810546875,48.92014357445564,47.88265642527641,48.53328526699183,57158400
2011-09-02,46.845176696777344,48.01454929832109,46.5902036160494,47.10894727281249,58185700
2011-09-06,46.85395050048828,46.924286830646906,45.64061778093015,45.75491809066624,52992200
2011-09-07,48.040897369384766,48.04969150564923,47.39027215298604,47.522154011130525,48952200
2011-09-08,47.82110595703125,48.506901226192625,47.66284499430458,47.794730247903914,61422800
2011-09-09,46.75724029541016,47.689221089693994,46.467094097140055,47.48699615236453,63663500
2011-09-12,47.35512924194336,47.39029909903819,46.22092650550147,46.23851143404888,65973000
2011-09-13,47.9881591796875,48.08487122736117,47.30236058339902,47.53096123348891,59020000
2011-09-14,48.673946380615234,49.2190654997244,47.75955063928457,48.234333430434795,90757300
2011-09-15,49.394927978515625,49.48284925655659,48.700338478453986,49.20149714204738,83536100
2011-09-16,49.84768295288086,49.90053556684946,49.40725458374786,49.50414936258941,91902100
2011-09-19,49.86529922485352,50.12955556758382,48.82588803127283,49.231081314139416,73042900
2011-09-20,49.64509582519531,50.51714228157079,49.53058348640777,50.12075936151054,66570100
2011-09-21,48.78184509277344,50.14717230869755,48.77303464404139,49.90053350742657,79938000
2011-09-22,47.19629669189453,47.97144805510883,46.46518412499334,47.53983021698742,151885500
2011-09-23,47.698394775390625,47.90099142644528,46.76468540251964,46.79992047927746,85940600
2011-09-26,48.25333023071289,48.34141791917051,46.870385443844754,47.93622127266894,96261400
2011-09-27,48.755409240722656,49.50413933267137,48.42949325445381,49.07251813988201,81148600
2011-09-28,48.03312301635742,49.301559032500926,47.91861404505731,48.966832488218365,76757100
2011-09-29,47.460567474365234,48.825894904161075,46.65898788446945,48.76423519418464,116900200
2011-09-30,46.23617172241211,47.22273032953035,46.20974373529699,46.82634412482157,104870100
2011-10-03,45.04701232910156,46.55327652073908,45.020587702645315,45.82216718710169,99149500
2011-10-04,45.971923828125,46.0600115408126,44.13093263548739,44.588978660854934,137013700
2011-10-05,47.15225601196289,47.28438585526045,45.505054995914485,45.85739900457366,108825700
2011-10-06,47.94504165649414,47.95384874706399,46.87039515604165,47.09060938251454,71939200
2011-10-07,47.62793731689453,48.14764307689112,47.31963871359264,47.9186217373244,72525200
2011-10-10,49.275123596191406,49.275123596191406,48.350224714314024,48.43831240223674,48230200
2011-10-11,49.60984802246094,49.733167420211835,49.063717820906305,49.1429950566321,66449100
2011-10-12,49.85648727416992,50.411427929328454,49.82125556034841,50.0855118951186,85627600
2011-10-13,50.31453704833984,50.376196752549674,49.7067470953279,49.75959971045141,63443700
2011-10-14,51.248252868652344,51.2570599588467,50.65807701956148,50.93114385841872,65643600
2011-10-17,50.45547103881836,51.16896618027181,50.18240761051772,51.01041170439326,65161300
2011-10-18,51.08090591430664,51.34516237850923,49.909364330730746,50.37621752949542,91434600
2011-10-19,50.09433364868164,50.95757305375252,49.92697203837897,50.79901853443312,67639400
2011-10-20,49.84768295288086,50.138363929203706,49.14299823430842,50.08551467543689,80378300
2011-10-21,50.47307968139648,50.79018857727014,50.01503387182354,50.37618492319053,60455800
2011-10-24,51.52132797241211,51.66226495954661,50.48191643221908,50.65808514598509,61449500
2011-10-25,50.508323669433594,51.37156283831133,50.402621805542886,51.3539453009626,65299200
2011-10-26,50.4466667175293,50.8959021836938,49.51295734838111,50.79020031404366,98193800
2011-10-27,51.83842086791992,52.14672276125778,51.116118567257054,51.6534417480384,104455500
2011-10-28,51.917701721191406,51.9793614321031,51.5301259154319,51.547743455721275,42950000
2011-10-31,51.04563903808594,51.65342886331553,51.01040396874479,51.46844978957624,60520200
2011-11-01,49.71555709838867,51.01041768309433,49.4336831882789,49.78602725601714,99933000
2011-11-02,50.138370513916016,50.349777637352915,49.66271036653691,50.235265305482834,65003800
2011-11-03,51.177772521972656,51.248242670313225,49.953382256269045,50.53474753927225,78994200
2011-11-04,50.91353225708008,51.133746499853096,50.40263696115208,50.93114979972624,61527800
2011-11-07,51.274662017822266,51.30989708836559,50.35857034490357,50.8782758747131,65559000
2011-11-08,51.86484146118164,51.95292578374561,51.06326202912408,51.644627294570206,62906900
2011-11-09,50.041473388671875,50.93994768069348,49.8829189041856,50.86067043845034,69539000
2011-11-10,50.015037536621094,50.57878523272623,49.53056707029332,50.53474307400577,66052400
2011-11-11,50.95756149291992,51.107308887282606,50.38500662323202,50.44666632673377,54471000
2011-11-14,50.640472412109375,51.09851511325365,50.455489881036314,50.81664113091736,44617600
2011-11-15,51.204193115234375,51.40678972216175,50.43784548357735,50.49069808720232,52203900
2011-11-16,50.35857391357422,51.23062349021237,50.26168250301577,50.83423731901321,68342800
2011-11-17,49.178245544433594,50.24408165643667,48.86994359322268,50.22646411406439,101706900
2011-11-18,48.79945755004883,49.23988585515685,48.711369872906445,49.187033248871415,60417000
2011-11-21,47.865745544433594,48.209279064768104,47.37246466178338,48.13881228736157,52283700
2011-11-22,48.02429962158203,48.16523653550372,47.45174151866204,47.74242579373864,51940100
2011-11-23,46.94084167480469,47.71599294215848,46.91441369600347,47.66314370495752,48437300
2011-11-25,46.57971954345703,47.275594026315105,46.57090909165975,46.73827407377984,25448100
2011-11-28,48.20048141479492,48.26214111717336,47.68958289771446,47.71600752439042,46710700
2011-11-29,47.9010009765625,48.53521568363853,47.760064001634206,48.174064475372134,52056700
2011-11-30,49.67151641845703,49.71555858819359,49.03729842160368,49.204663370885626,66918600
2011-12-01,50.015037536621094,50.147167372983816,49.636268923262705,49.662696906656045,45362200
2011-12-02,49.87411880493164,50.508336874491185,49.83007663014613,50.508336874491185,36938900
2011-12-05,50.42025375366211,50.75497697835126,50.13837643571987,50.62285045077479,40492200
2011-12-06,50.27931594848633,50.605232076728555,50.111950978689656,50.46429510017495,38670000
2011-12-07,50.27931594848633,50.50833727530997,49.63628742274528,50.138375611730154,44576200
2011-12-08,49.433692932128906,50.34097790931864,49.336798126391905,49.95339868637062,51692600
2011-12-09,50.226444244384766,50.37618825500616,49.53937716468416,49.55699133988561,55757900
2011-12-12,49.66271209716797,50.21764951514892,49.23990119576243,49.6979438188,55411700
2011-12-13,49.11656951904297,50.19121579905983,48.91397287546961,49.988619155486475,68557700
2011-12-14,48.35022735595703,48.96682776429751,48.07716390898192,48.93159268720334,63682800
2011-12-15,48.21811294555664,48.81709260531382,48.14764277370125,48.76424333662501,58732900
2011-12-16,48.466365814208984,49.128957391974986,48.38685469007246,48.47519888572858,60978900
2011-12-19,47.98927688598633,48.7667182548192,47.856757283645294,48.65186815746454,46733900
2011-12-20,49.41164779663086,49.473489388757685,48.74021998194816,48.766725928655376,81758800
2011-12-21,48.70488739013672,49.15544807103972,48.1394765866058,49.12010905329048,78552300
2011-12-22,49.1201057434082,49.14661168999118,48.74021975348748,48.81089778422343,40334100
2011-12-23,49.544166564941406,49.544166564941406,49.102438988735216,49.21728573206678,26594600
2011-12-27,49.728965759277344,49.888123637027256,49.454853966645224,49.50790884126912,21443500
2011-12-28,49.15423202514648,49.74666313438129,49.021596483017696,49.66708248371641,38180100
2011-12-29,49.507911682128906,49.543278227513355,49.07463861382395,49.23379987376772,28077900
2011-12-30,49.366432189941406,49.622855649441355,49.357588024371246,49.401798733039456,21832400
2012-01-03,50.31257629394531,50.56899985931025,50.179940740120976,50.32141709010455,39514100
2012-01-04,50.524776458740234,50.595516302518746,50.01192608359164,50.232983035807386,29403400
2012-01-05,50.94035339355469,50.98456409965238,50.22412781175362,50.41865896625628,41260600
2012-01-06,51.11720657348633,51.232153750429696,50.75467333706704,50.94920114508104,46325200
2012-01-09,50.9492073059082,51.267529868682594,50.781205230249064,51.24984490707718,39195500
2012-01-10,51.32058334350586,51.638905897534585,50.966890867238064,51.48858541454927,35949900
2012-01-11,51.42669296264648,51.54164353060244,51.117214556297746,51.31174239469053,37144100
2012-01-12,51.63006210327149,51.70080194826044,51.161422435934774,51.541640670096754,26188300
2012-01-13,51.44437026977539,51.462055229372545,51.002256399030024,51.35594884485078,35980400
2012-01-17,51.91300201416016,52.13405891598137,51.71847423423871,51.89531705724718,41790800
2012-01-18,52.60271072387695,52.60271072387695,51.88648502673442,52.010276372967674,48692700
2012-01-19,52.929874420166016,53.02714001376247,52.74418739951528,52.841449620050504,47774500
2012-01-20,52.850311279296875,52.876837041580565,52.66462419718634,52.69999075587715,41041700
2012-01-23,52.86797332763672,53.23934733087227,52.5584916185462,52.85912916200108,40958300
2012-01-24,52.77071762084961,52.912193939951294,52.531975699916494,52.62924130174793,38440200
2012-01-25,53.433876037597656,53.566511531537536,52.9033408079596,53.28355558626175,61591800
2012-01-26,53.24819564819336,53.76104598403736,52.99176879374078,53.66378039282699,37852700
2012-01-27,53.40735626220703,53.50461847917392,53.106718698966475,53.13324445149734,45532300
2012-01-30,53.451568603515625,53.53114923659525,52.75302786571239,52.956399845124494,42797800
2012-01-31,53.52230453491211,53.81410131097332,53.17745625270245,53.716835718952915,51449600
2012-02-01,53.95557403564453,54.15010520677745,53.63725152763102,53.83178269876393,46146700
2012-02-02,54.12358093261719,54.30042716103487,53.911368156964976,54.13242509922176,46373600
2012-02-03,54.866336822509766,54.928232501493184,54.53917346601719,54.62759490083307,36453800
2012-02-06,54.822120666503906,54.83980562632496,54.52148309566837,54.66295940117561,28541300
2012-02-07,54.937068939208984,55.04317532067125,54.53032162632501,54.77790768048505,37935700
2012-02-08,55.22886657714844,55.22886657714844,54.74254197057793,54.94591395612337,41171100
2012-02-09,55.626766204833984,55.688661875917134,55.10507171066092,55.44107919158453,46856400
2012-02-10,55.23770904541016,55.38802614499333,55.04317785953903,55.228864878928086,58090500
2012-02-13,55.75054931640625,55.821289143235546,55.39686030144154,55.65328374104626,36810200
2012-02-14,55.89204406738281,55.90088823518946,55.43224516022659,55.626776375232375,51648200
2012-02-15,55.50297546386719,56.46678383225178,55.414550666318384,56.15730210042267,105709100
2012-02-16,56.2634162902832,56.32531196691335,55.37918848349669,55.520664797660075,83642300
2012-02-17,56.08656311035156,56.31646082750588,55.83898043448369,56.27225011725247,76112300
2012-02-21,56.24571990966797,56.49330256592121,55.89202750953988,56.14845433097971,38141300
2012-02-22,55.989295959472656,56.307618461300024,55.909715334015814,56.13961641780708,43174700
2012-02-23,56.36067962646485,56.42257530061056,55.785930225898845,56.060042049302226,54250000
2012-02-24,56.555206298828125,56.65247189139346,56.41372999320432,56.51983637915688,41364900
2012-02-27,56.6347770690918,56.82046404437909,55.99813215603779,56.24571478975417,42678500
2012-02-28,57.20952606201172,57.20952606201172,56.61709515759545,56.687834988424086,43717500
2012-02-29,56.95310592651367,57.43942708422198,56.76741218423567,57.25374008806554,59784400
2012-03-01,57.404056549072266,57.45711479463095,56.99731264577036,57.16531805548344,67558900
2012-03-02,57.35986328125,57.5455503209376,57.17417624156241,57.32449335757763,33358200
2012-03-05,56.76741790771485,57.39522553636436,56.58173426589795,57.324485698471136,45788800
2012-03-06,56.210350036621094,56.342985530032415,55.909712508208045,56.210350036621094,54638600
2012-03-07,56.64362335205078,56.776258854047896,56.38719988688314,56.47562130617392,42741800
2012-03-08,57.253761291503906,57.42176676525026,56.855861401827255,56.97965277844328,43711100
2012-03-09,57.492488861083984,57.598598626192725,57.31564599869219,57.3510159203951,43117200
2012-03-12,57.5190315246582,57.57208304352455,57.227234678645345,57.47481742818694,32687300
2012-03-13,58.58893203735352,58.58893203735352,57.71354171611053,57.82849564001722,61559100
2012-03-14,58.79231262207031,59.0133696024846,58.42978268217518,58.65083966258947,59926900
2012-03-15,58.96030807495117,59.08409942327449,58.66851129127941,58.9691522415807,65531200
2012-03-16,58.91868209838867,59.051542781845335,58.77696899158995,59.051542781845335,53023100
2012-03-19,59.33498001098633,59.47669988553015,58.856685570764256,59.01611705083828,60966200
2012-03-20,59.44126892089844,59.503269675578586,58.865543765968205,59.0249752433708,47290600
2012-03-21,59.45011520385742,59.77783051138967,59.37039610366446,59.45011520385742,39648100
2012-03-22,59.32612609863281,59.467839212045774,59.060404719317354,59.09583468706444,56953900
2012-03-23,59.29068756103515,59.41468905143915,58.95410629487483,59.396970691338915,45541700
2012-03-26,60.32698822021485,60.32698822021485,59.63612084760065,59.68926241239425,40855300
2012-03-27,60.415550231933594,60.663553172009,60.34469031831967,60.371267854104865,37278200
2012-03-28,60.176414489746094,60.68127961577186,59.82212163203566,60.45098824462394,44421900
2012-03-29,59.94612884521485,60.16756105774037,59.520976023832894,59.87526891538871,53975300
2012-03-30,59.83100509643555,60.24729210881851,59.59185444844384,60.21186889048643,39480900
2012-04-02,60.45098876953125,60.5307011154818,59.66269070200704,59.768980587515365,40031600
2012-04-03,60.433292388916016,60.71672539741976,60.096711045484355,60.50414557285998,45539900
2012-04-04,59.60953903198242,60.01697338766085,59.26410540961217,59.98154343183145,54088100
2012-04-05,59.98153305053711,60.03467459629719,59.45894973946588,59.50323886598058,42979900
2012-04-09,59.52984619140625,59.76899680931387,59.13127083832834,59.237553995108534,36908200
2012-04-10,58.573246002197266,59.73355538261579,58.38724375592593,59.50326399112875,69254200
2012-04-11,58.85667419433594,59.24639701642622,58.70610192491896,59.08696556716877,62950000
2012-04-12,59.52984619140625,59.591846952053395,58.88326779573977,58.97183934558196,57407400
2012-04-13,58.626407623291016,59.52098909286363,58.599836833165774,59.32613437941976,55227500
2012-04-16,57.97095489501953,58.95411453316315,57.78495263342146,58.91868456558608,57588000
2012-04-17,59.14897918701172,59.33498145870711,58.13038952599587,58.218967828534765,47362400
2012-04-18,58.998390197753906,59.3438238557111,58.82124715793056,58.98067183922729,42536100
2012-04-19,58.33409118652344,59.49439359054619,58.121518196241645,58.78581470374906,81110900
2012-04-20,58.17469024658203,58.90984705537238,58.086118684004454,58.652984793593454,59906900
2012-04-23,57.64324188232422,57.73181342610796,57.12065828612154,57.62552351902209,70514400
2012-04-24,57.333229064941406,57.77609347164316,57.085219320825786,57.53694290778245,49661500
2012-04-25,58.85667419433594,58.89210415612362,58.43152816803221,58.5200996937143,57526900
2012-04-26,59.20212173461914,59.334982433033446,58.76811642686986,58.84783554894878,41799500
2012-04-27,59.556419372558594,59.74242166197042,59.14012563824704,59.450136211509765,46003800
2012-04-30,59.13127136230469,59.49441674714842,59.08698220820309,59.37927440709088,37787700
2012-05-01,59.22869491577149,59.90184402500116,58.98068514347202,59.069263440938066,37643800
2012-05-02,59.39696502685547,59.44125416530793,58.7946692348002,58.9363890717891,38299300
2012-05-03,58.76809310913086,59.476678714473856,58.617520864206746,59.432389580049986,51297600
2012-05-04,57.30665588378906,58.76810988860009,57.29780346043527,58.22781473071495,107554000
2012-05-07,57.359806060791016,57.63437986026141,56.943512392190534,56.961223997044144,50267800
2012-05-08,57.14722442626953,57.34208586129296,56.22606895794864,56.99665213832419,72659700
2012-05-09,56.97007369995117,57.28893659486823,56.25263218638779,56.482923556622154,85715300
2012-05-10,56.85493469238281,57.24465077511312,56.64235829050859,57.22693917217861,49448900
2012-05-11,56.84606170654297,57.44835742366177,56.60691457955876,56.6600595118174,47099900
2012-05-14,56.31462860107422,56.75749292145214,56.22605370972666,56.358914357354685,46360000
2012-05-15,56.128631591796875,56.92578546296347,56.03120088582618,56.465209472753685,66908600
2012-05-16,55.74776840209961,56.491780715190544,55.63262609300241,56.32349346273429,52825900
2012-05-17,54.56975936889648,55.85406698023301,54.560900187564485,55.76549206085149,62253900
2012-05-18,53.86116790771485,54.87975396949131,53.81687876603085,54.738037500949055,79496500
2012-05-21,55.36690902709961,55.42005397455932,53.89659926858847,53.967459198534755,61473000
2012-05-22,55.304908752441406,55.7566323627573,54.9063334688288,55.52634096724284,62954800
2012-05-23,55.411190032958984,55.54404731391076,54.3571706919588,54.835465012473826,56951100
2012-05-24,55.04802703857422,55.54403283085354,54.640589365048434,55.49089128384421,83131200
2012-05-25,54.97718048095703,55.19861265733555,54.81774904366154,55.1011819591231,32078900
2012-05-29,55.67691421508789,55.933776384024206,55.16318987721527,55.49091197363221,44216700
2012-05-30,55.20747375488281,55.40233177929185,54.631748724778376,55.17204379452227,56431800
2012-05-31,54.96833038330078,55.27833411087755,54.55203676730865,55.136617638444285,55260100
2012-06-01,53.506874084472656,54.31288711833058,53.489159103875146,53.976309244551985,71430800
2012-06-04,53.914302825927734,53.99401854083079,53.17914979185444,53.65744408127276,74119500
2012-06-05,54.135738372802734,54.24202825183599,53.70173319250452,53.72830397286937,47916900
2012-06-06,55.37576675415039,55.42005251981063,54.49003792579633,54.54318287186102,58781800
2012-06-07,55.154327392578125,55.9603403866748,55.11004163266253,55.9603403866748,38414800
2012-06-08,55.68576431274414,55.7566242329666,54.879751303542,55.0657535259455,39730800
2012-06-11,54.74688720703125,56.13748086983541,54.71145725132994,56.11090671366616,51008900
2012-06-12,55.411190032958984,55.437760813391954,54.631747811984894,55.00375225319418,48802600
2012-06-13,55.03033828735352,55.66806080686676,54.844332647823975,55.25177051550937,50840100
2012-06-14,55.23404693603515,55.455479129730755,54.73803760579366,55.021470543421046,65170600
2012-06-15,55.9202880859375,56.000187027458146,55.36099549529298,55.38762734694891,41536100
2012-06-18,56.444061279296875,56.58610344557432,55.60068443540785,55.68945951937412,32191200
2012-06-19,57.02998733520508,57.26968753369439,56.683759735703056,56.728150668195255,36476500
2012-06-20,57.07437896728515,57.3229519368355,56.64825242524768,57.15427451902401,51389700
2012-06-21,55.65395736694336,57.09213496248723,55.59181412054382,57.02999171608769,42492700
2012-06-22,56.239891052246094,56.31091385210194,55.68947789957724,55.84039965599417,29504200
2012-06-25,55.15681076049805,55.795998914182064,54.99701287543881,55.77824660388917,33136400
2012-06-26,55.5030403137207,55.66283820433976,55.094669431717776,55.34324242310164,30611100
2012-06-27,55.84038162231445,56.088954568426175,55.65394852617826,55.71609176270619,35705800
2012-06-28,55.21895980834961,55.45865666112475,54.63303529708367,55.42314526370179,49793400
2012-06-29,56.95897674560547,56.95897674560547,56.11559635973768,56.284273791532435,44761300
2012-07-02,57.127647399902344,57.15427925268768,56.70152082257198,57.03887229958256,33425600
2012-07-03,57.6070442199707,57.6070442199707,57.07438681581418,57.1631619209892,15895100
2012-07-05,57.64255142211914,57.926635801870745,57.24306009134859,57.553776323404115,37016200
2012-07-06,56.923458099365234,57.429483557180845,56.50620773056716,57.37621308528621,40684100
2012-07-09,56.81693649291992,57.04775719389227,56.53285208137959,56.86132743379767,35628300
2012-07-10,56.25763320922851,57.2696875442201,56.03569209293743,57.12764197870323,47365700
2012-07-11,55.94693374633789,56.337549008765016,55.48529567989472,56.18663063006148,43432000
2012-07-12,55.42315673828125,55.653974096211485,54.917131073174914,55.503055705748245,57680400
2012-07-13,56.26652526855469,56.39081177948059,55.53855851608574,55.574066528812125,32357200
2012-07-16,56.10672378540039,56.39080818844114,55.88478263386523,56.14223518241879,27621400
2012-07-17,56.39968490600586,56.58611804893221,55.600698784455474,56.461828158130224,42467800
2012-07-18,57.16316223144531,57.331839673368414,56.27539762866081,56.293153327102885,44489700
2012-07-19,57.79348373413086,57.97991351841845,57.45613556824487,57.56266300320491,53017800
2012-07-20,57.02998733520508,57.7934653169545,57.003355484951896,57.77571300782083,40573100
2012-07-23,56.3375358581543,56.532845137054565,55.494158883374745,55.92028883489404,48657800
2012-07-24,55.893646240234375,56.515082002314635,55.52966296890275,56.43518307023928,57269700
2012-07-25,55.520809173583984,55.88479259149459,55.17458145734631,55.45866591100562,46264400
2012-07-26,56.25763320922851,56.577228958536104,55.90252945509439,56.3197764508658,41928200
2012-07-27,57.58930206298828,57.69582949873991,56.49734843478112,56.66602590553129,42621000
2012-07-30,57.544883728027344,57.97988635422839,57.34957449129502,57.73131342497065,37821300
2012-07-31,57.52713394165039,57.86448196426351,57.47386347368701,57.63366133136788,34588300
2012-08-01,57.35846328735352,57.95326386022159,57.12764262732059,57.935511550883106,30920200
2012-08-02,57.15428161621094,57.72245040948046,56.737034563589766,56.92346770045576,40534900
2012-08-03,58.237342834472656,58.485915780851286,57.87336295530532,58.07754497278571,42117400
2012-08-06,58.681243896484375,58.93869646603211,58.41491855678833,58.539205069934546,23523600
2012-08-07,59.16950988769531,59.409203341195976,58.84103455879589,58.929809661088505,28223300
2012-08-08,59.142852783203125,59.26713922796976,58.92091173567653,59.01856633843649,20723500
2012-08-09,59.3204460144043,59.40034837158486,59.02748199325584,59.13401621179387,20726200
2012-08-10,59.35594940185547,59.37370171599279,58.956457989246694,59.10737636528936,20312000
2012-08-13,59.497989654541016,59.50686919837527,59.036354971771125,59.33819173106155,19890300
2012-08-14,59.52462387084961,59.84421969410276,59.35594641604741,59.719926408964824,24218700
2012-08-15,59.675533294677734,59.76430839380689,59.47134447088534,59.480224012730034,29100400
2012-08-16,60.3857307434082,60.51889675634342,59.82644161680602,59.897464393452104,35699900
2012-08-17,60.65207290649414,60.6609524483352,60.37686806737457,60.51890687130193,22584800
2012-08-20,60.7408561706543,60.749735713688985,60.367996640479326,60.60769011756129,26924000
2012-08-21,60.50115966796875,61.14922404184855,60.26145942976714,60.90065103416279,41391000
2012-08-22,60.74972915649414,60.865136111061,60.19931269057032,60.36799012448857,44555700
2012-08-23,60.25259017944336,60.66983388208204,60.09279226901116,60.47453134542658,28800400
2012-08-24,60.62542724609375,60.76746601767051,60.01286768758904,60.11052230628122,38384800
2012-08-27,60.72309112548828,60.96278455231217,60.58992510031705,60.88288900107268,20671400
2012-08-28,60.72309112548828,60.89176176914013,60.465638616318685,60.66982065155656,27337900
2012-08-29,60.72309112548828,60.87400945989982,60.465638616318685,60.72309112548828,26672400
2012-08-30,60.11054229736328,60.48340181649731,60.0128876461939,60.456769961288686,24425400
2012-08-31,60.51001739501953,60.76746307937313,59.897457866134,60.54552200636869,42128000
2012-09-04,60.447898864746094,60.67871959731722,59.85309810495469,60.39463514688643,32017200
2012-09-05,60.3857307434082,60.67869461724473,60.225932882506896,60.42124213173125,26129300
2012-09-06,61.72627639770508,61.744035484038136,60.74085707253485,60.7586161588679,43100000
2012-09-07,61.63750457763672,61.74403878200467,61.45995434346407,61.584240862006375,32958600
2012-09-10,60.84738540649414,61.61086349066246,60.802994468047,61.477697448427286,25490000
2012-09-11,60.74972915649414,61.09595679330081,60.65207451297368,60.85626334209084,29810100
2012-09-12,60.92728042602539,61.08707832066495,60.55442092956849,60.971671364077686,42203400
2012-09-13,61.752891540527344,62.019223578584445,60.91839758261825,60.98054082175089,45417800
2012-09-14,62.30330657958984,62.525247682142805,61.95707900145563,61.974831309493695,38880300
2012-09-17,62.329978942871094,62.35661080879145,62.108037696055675,62.33885848921433,31798400
2012-09-18,62.38322067260742,62.40985930224187,62.16127950406902,62.1701590472805,27169800
2012-09-19,62.49863815307617,62.65843607490561,62.196794623795085,62.374351633109654,36484600
2012-09-20,62.436492919921875,62.49863617794123,62.02812197106508,62.19679265819926,42520200
2012-09-21,62.45428085327149,62.8014958337975,62.39196038990582,62.748080234461526,23678500
2012-09-24,62.08924865722656,62.1960866354358,61.80435417442217,61.93789994907866,32341600
2012-09-25,61.216773986816406,62.39196480226496,61.19006618525964,62.24951413740014,41299600
2012-09-26,60.718204498291016,61.17225750984332,60.406602154057744,61.13664484301356,32770400
2012-09-27,61.55507278442383,61.69752342303913,60.76270978628205,60.86954776524353,25339500
2012-09-28,61.04759979248047,61.53726533627204,60.99418420312859,61.35030398112066,30112600
2012-10-01,60.958587646484375,61.72424299404547,60.7627213772355,61.34141532026492,37715300
2012-10-02,61.13665390014648,61.41265041085937,60.65589301535463,61.225682184199194,33254300
2012-10-03,61.52838897705078,61.64412507173475,61.06543101346899,61.30581486175033,38236000
2012-10-04,61.74205017089844,61.91120865003345,61.43044780861452,61.626314091313574,26128600
2012-10-05,61.41265106201172,62.14269386686082,61.25239743204861,62.05365878944139,25207900
2012-10-08,60.85175323486328,61.18116532460541,60.709309353097765,61.05652438090233,30911500
2012-10-09,59.88132095336914,60.84283563316951,59.738870309001335,60.691486917844145,67974000
2012-10-10,59.578617095947266,60.03267003713056,59.471785904436345,59.86351159401077,45134300
2012-10-11,59.39167785644531,60.06830508871455,59.35606518186028,60.02378754737748,30469400
2012-10-12,59.36495590209961,59.70326604140424,59.249219831595234,59.38275883893816,24891200
2012-10-15,59.80118942260742,59.88131960636697,59.2314004427945,59.58752025328268,22220100
2012-10-16,60.64698028564453,60.71819882022236,59.872420137479175,59.89022307301837,33960600
2012-10-17,60.61137008666992,60.807236347670425,60.255250229616394,60.33537363143225,33439400
2012-10-18,59.90803909301758,60.611373988054126,59.68546501708532,60.41550771444626,61707600
2012-10-19,58.47465515136719,59.89022286022977,58.403429824621384,59.83680726138092,75362600
2012-10-22,58.77737045288086,58.928726016289666,58.314419273270666,58.44796510337346,38621500
2012-10-23,58.21648025512695,58.71504405872217,58.038423694535055,58.29661046208898,52591200
2012-10-24,58.011714935302734,58.643824545153855,57.92267986404916,58.54589140071275,39872400
2012-10-25,58.011714935302734,58.51027873069578,57.842556450827686,58.41234558625467,52688700
2012-10-26,58.18084716796875,58.42123091207808,57.55764263216679,58.01169553249108,54213100
2012-10-31,57.82473373413086,58.21646622392542,57.62887428165433,58.109628237866694,38524500
2012-11-01,58.64382553100586,58.75956161618993,58.02061398386556,58.189772471184305,26945000
2012-11-02,58.02059173583984,58.94650043953942,57.9671761466098,58.91088778257946,44083000
2012-11-05,58.4034309387207,58.519173794995794,57.90486722683153,58.02950815480382,28094700
2012-11-06,58.510284423828125,58.910915113761995,58.27880544240572,58.50137955735186,29608400
2012-11-07,57.13031005859375,57.958285862011984,56.889933054178805,57.88706053017737,70737800
2012-11-08,56.23111724853515,57.42411449165203,56.23111724853515,57.29056868086144,58585800
2012-11-09,56.47148132324219,57.07688293681272,56.231100971129464,56.26671362985951,51542100
2012-11-12,56.462589263916016,56.863223274951686,56.31124052430856,56.80090280614734,32663700
2012-11-13,56.07085037231445,56.60503009292272,55.89279046544503,56.026336244649656,43288300
2012-11-14,55.41204833984375,56.40917933728142,55.32301666386911,56.34685886220476,82655300
2012-11-15,55.22508239746094,55.63462130620921,55.02031464119236,55.44765648856302,55124200
2012-11-16,55.465450286865234,55.62570386793444,54.58405898719493,55.26958744038869,70873100
2012-11-19,56.78309631347656,56.82761384496409,56.053053627064045,56.07085996041689,55306400
2012-11-20,56.80091094970703,56.88103776340196,56.257829589798185,56.76529827779566,52012700
2012-11-21,56.916629791259766,56.996753179682074,56.62283044887095,56.86321080276814,19611700
2012-11-23,57.78023910522461,57.79804204498599,57.20154507285131,57.23715774479672,16462900
2012-11-26,58.02951431274414,58.065126980575506,57.45972521228593,57.637781759020925,26430900
2012-11-27,57.83364486694336,58.22537739920197,57.73571173387871,58.02060626849729,25828600
2012-11-28,58.33222198486328,58.376739525530255,57.20154845160662,57.55766839967321,37295800
2012-11-29,58.6794319152832,58.884196258858765,58.38563250849567,58.64381924848275,41136100
2012-11-30,58.58149719238281,58.73284592786762,58.41233872776951,58.68832839746786,33497400
2012-12-03,58.46575546264648,59.08896693820573,58.43904766085796,59.03554454220706,28240000
2012-12-04,58.43013381958008,58.5547747370592,58.04730620377407,58.49245427831964,49584500
2012-12-05,57.78023910522461,58.35002827150589,57.46863671623057,58.341123405413875,54076200
2012-12-06,58.15415573120117,58.29660640369571,57.45082081870868,57.60216956391769,47512300
2012-12-07,57.80693435668945,58.50136432775351,57.61106809973884,58.43904386348933,30089400
2012-12-10,57.97608947753906,58.27878691728414,57.64667744685697,57.64667744685697,33219600
2012-12-11,58.73286056518555,59.06226591952035,58.33222306900587,58.37674061050023,40750800
2012-12-12,58.60821533203125,59.044458678731154,58.44796170371376,59.044458678731154,45917700
2012-12-13,58.1452522277832,58.902009556394795,57.89597033750167,58.49246725959277,45467700
2012-12-14,57.593265533447266,57.94048052120753,57.39739927523968,57.75351912721518,39630300
2012-12-17,58.35892868041992,58.376731618821594,57.566565469313744,57.64668888075449,42302900
2012-12-18,59.24923324584961,59.33826153504175,58.49247580665874,58.65272944417382,55596000
2012-12-19,58.99101638793945,59.43616439945516,58.95540373192784,59.41835467523955,34832500
2012-12-20,58.99101638793945,59.12456214987809,58.69721707015837,59.09784756355467,40754300
2012-12-21,58.3706169128418,58.44223894430487,57.83346533737448,58.084135617242374,51152900
2012-12-24,58.25422668457031,58.31689424426395,58.11993710515487,58.21841567470941,11418300
2012-12-26,57.743953704833984,58.35272744345946,57.55595095426272,58.29901432336891,21751300
2012-12-27,57.6544075012207,57.86926672962664,56.93820096619865,57.79764471007409,52933200
2012-12-28,57.099361419677734,57.681278521588204,57.07250486317091,57.215745523085175,33082100
2012-12-31,58.30794906616211,58.41538211284687,56.920308071977985,57.036688749863515,57544000
2013-01-02,60.16112518310547,60.18798856690844,59.51654740714051,59.74036112706315,70695900
2013-01-03,59.8477783203125,60.28645123276826,59.66873010346369,60.16111611492376,47366500
2013-01-04,59.65085220336914,59.87466600594403,59.507614921453914,59.87466600594403,33972500
2013-01-07,59.66875076293945,59.76722936537864,59.31064737500184,59.49865011686193,26766200
2013-01-08,59.55235290527344,59.820932107205834,59.23901505652087,59.65978595209697,28734900
2013-01-09,59.77617263793945,59.93731880924433,59.57922227768107,59.64188985373,25600300
2013-01-10,60.13426208496094,60.22378619713628,59.57920849132267,60.18798201646769,37528000
2013-01-11,60.21485137939453,60.24170793573638,59.98208317400951,60.107418323773736,21158600
2013-01-14,59.94627380371094,60.11637443889081,59.6866490348456,59.91046278418604,36768500
2013-01-15,59.65085220336914,59.74038318860326,59.38227973843239,59.65085220336914,31675300
2013-01-16,59.89253616333008,60.098440903462496,59.62395704200429,59.731390056584765,33822300
2013-01-17,60.179054260253906,60.4118225194008,60.035810153008136,60.13428876917586,32024200
2013-01-18,60.04474258422851,60.10741015058933,59.77616339682365,59.99997710957688,31992000
2013-01-22,60.14324188232422,60.18800737239661,59.74037979269198,60.10743085631727,32123100
2013-01-23,60.51027297973633,60.68932805068934,60.39389230630629,60.48341642665652,31975700
2013-01-24,59.677703857421875,60.232757607255294,59.58817288980009,59.677703857421875,42596300
2013-01-25,59.98206329345703,60.15216386758152,59.749295165221056,59.865682644464606,39240100
2013-01-28,60.11636734008789,60.322272140224946,59.919410171085296,59.991032201677655,32926100
2013-01-29,60.125343322753906,60.25962614036383,59.650852322929715,60.04476680193274,35554700
2013-01-30,59.9999885559082,60.41181187656078,59.86570576684081,60.23275677404797,34445000
2013-01-31,59.8657112121582,60.29542983676813,59.81199126139117,59.97313745318349,34870500
2013-02-01,60.572940826416016,60.68036702711733,60.04473696204454,60.286452743874314,53120800
2013-02-04,59.51654052734375,60.39388638308248,59.49863160687862,60.22378578992314,48483700
2013-02-05,60.393890380859375,60.581893076676806,59.632925136764335,59.776162358707566,35120300
2013-02-06,60.19694900512695,60.47448272144955,60.01790072319649,60.19694900512695,43593200
2013-02-07,60.25064849853515,60.31331605896031,59.588155053752935,60.268550588548706,46017900
2013-02-08,60.868385314941406,60.99372046806278,60.5460929696997,60.55504743213796,39837200
2013-02-11,60.886268615722656,60.93102724857007,60.68035704782232,60.90417070281149,17650400
2013-02-12,60.63560104370117,60.92208226129706,60.57293349079742,60.80569478429651,22057900
2013-02-13,60.85047912597656,61.08324732193449,60.67142404052696,60.81466810888664,23494700
2013-02-14,60.83259582519531,60.92212682075743,60.53716676271072,60.572977794884366,24478800
2013-02-15,60.653526306152344,60.97581865287101,60.483425670313714,60.82362694199097,25333600
2013-02-19,61.09218978881836,61.11009871097587,60.75199540060362,60.76989749250859,23436500
2013-02-20,60.15216827392578,61.10113611434349,60.143213814039306,61.074279564935686,38200300
2013-02-21,59.50759506225586,59.99103353411254,59.292735795959416,59.92836596351554,45855600
2013-02-22,60.107421875,60.11637633772745,59.615028878796885,59.847797097934155,21968000
2013-02-25,59.364349365234375,60.70723169559741,59.31063625770073,60.49237243521009,40927600
2013-02-26,59.58816146850586,59.69559451090793,59.0510099170006,59.444924242222314,42088800
2013-02-27,60.19694900512695,60.56400686241478,59.50760560641512,59.58817528420759,36339500
2013-02-28,60.07159423828125,60.64455674978617,60.06263977803064,60.20588382103282,28557300
2013-03-01,60.322269439697266,60.4297024807762,59.570258642902125,59.86569438317985,31617200
2013-03-04,60.590877532958984,60.5998319982172,60.04477126655557,60.125347793368,19380500
2013-03-05,61.486122131347656,61.56669181390923,60.94897042350686,60.94897042350686,35581900
2013-03-06,61.33391952514648,61.692022876966675,61.25334302661661,61.674113952736334,29071100
2013-03-07,61.49507522583008,61.593553833604574,61.28020908327424,61.40554425130461,21775900
2013-03-08,61.56667709350586,61.790490820780896,61.324961273360096,61.70096669592146,26159900
2013-03-11,61.745750427246094,61.76365252540918,61.298122840364805,61.48612560722435,23187900
2013-03-12,61.52190399169922,61.70990665880888,61.22646830184777,61.56666262848649,27575400
2013-03-13,61.44135284423828,61.67412107433749,61.22649354043738,61.602499029652485,34297300
2013-03-14,61.64725875854492,61.78154837222586,61.51296914486398,61.656213220857914,31530800
2013-03-15,61.475868225097656,61.72711866331856,61.32331744812555,61.69122476556401,30752600
2013-03-18,61.34126663208008,61.5925170654352,60.77595315703107,60.91054671342785,36163000
2013-03-19,61.22463607788086,61.64637409885489,60.6772659542025,61.52972403084885,33125100
2013-03-20,61.655330657958984,61.789931062565195,61.36818632296085,61.655330657958984,28035400
2013-03-21,60.95540618896485,61.242550474122,60.81183062335638,61.090006570207834,30050800
2013-03-22,61.54764938354492,61.592518467405725,61.13487982705736,61.20666762281024,28837200
2013-03-25,61.32332611083984,61.87967133553495,61.027213393141736,61.74507091145656,24909800
2013-03-26,61.655330657958984,61.673281029805665,61.422023746378954,61.556624150985165,19725200
2013-03-27,61.73609161376953,61.780953849792496,61.14385259135619,61.233583909462865,22539500
2013-03-28,61.888641357421875,61.96939749749169,61.59252181837647,61.736097417693536,23662800
2013-04-01,61.46689224243164,61.996311823811965,61.29639794182263,61.933499215070896,28112800
2013-04-02,61.951438903808594,62.15782022005752,61.709156850400205,61.76300111007969,29431900
2013-04-03,61.386112213134766,62.077050640334285,61.23356149752132,61.98731935506994,35131200
2013-04-04,61.40406036376953,61.55660424483187,61.07204705258203,61.35919129472355,32287400
2013-04-05,60.892616271972656,60.98234761087143,60.2914087706823,60.43497754370788,55610800
2013-04-08,61.21565246582031,61.23359599455869,60.74007022453913,60.91953289617132,17891600
2013-04-09,61.62841033935547,61.879660770170126,61.098983920658185,61.3771599085408,30931400
2013-04-10,62.83081817626953,62.96541856259494,61.80786619389248,61.84376008664992,55271300
2013-04-11,62.80390930175781,62.94748489526798,62.60649628371188,62.678284080466966,37233600
2013-04-12,62.759037017822266,62.8038992490675,62.28345492105069,62.65135533992567,32783700
2013-04-15,61.5207405090332,62.62445579552341,61.4489595478633,62.525749272094934,48795800
2013-04-16,62.33730697631836,62.409094778441464,61.74506787789518,61.87069310857981,27682600
2013-04-17,61.1169319152832,61.816845758494146,60.75799980833744,61.798902233874095,60204800
2013-04-18,60.27342987060547,61.31433207819433,60.013204318708254,61.27843819040929,56798200
2013-04-19,61.0989990234375,61.22463111596004,60.30037845120038,60.39011663815397,43062800
2013-04-22,61.72713470458984,61.951466489308054,61.09003325751766,61.31436504223587,34412100
2013-04-23,62.319332122802734,62.54366378177043,61.754018806785346,62.077056943383546,53078300
2013-04-24,62.29243469238281,62.516766427961315,62.02324071732538,62.166809468143754,44500700
2013-04-25,62.62443161010742,62.85773847047779,62.44496216133812,62.45393734529145,26437100
2013-04-26,62.42702865600586,62.60649128751077,62.15782786268794,62.47189773691237,24079800
2013-04-29,63.001312255859375,63.24359431968993,62.59751794422179,62.62443665218963,31664000
2013-04-30,63.45895767211914,63.46793285776286,62.848775123500275,63.08208202781181,30135800
2013-05-01,63.162841796875,63.57561136146071,63.03721657487331,63.47690485187922,28537200
2013-05-02,63.96146011352539,64.09606051726807,63.21667714606865,63.270521415202275,31744200
2013-05-03,64.71521759033203,64.91262375488863,64.52677976548652,64.58061718799642,34061700
2013-05-06,64.96646881103516,65.06517531754048,64.77803098390525,64.83186840706782,19244300
2013-05-07,64.93059539794922,65.11903328452772,64.68831322516036,65.07416418702961,25838100
2013-05-08,65.2446517944336,65.29848922901282,64.78701306232308,64.8946947775439,24252100
2013-05-09,65.15491485595703,65.59460317471671,65.0292896220257,65.11902095396782,29337200
2013-05-10,65.54974365234375,65.57666236843744,65.17286108884586,65.28951798666796,20663700
2013-05-13,65.63047790527344,65.79199699401237,65.37922751080396,65.44204010942133,29730100
2013-05-14,65.97146606445312,66.16887906402408,65.62150914559932,65.64843470140848,36009800
2013-05-15,66.10607147216797,66.16888408169821,65.68432673129591,65.84584584809667,27214400
2013-05-16,66.03426361083984,66.49190211038946,65.99837657006555,66.15989563778548,27253400
2013-05-17,66.6714096069336,66.69832832591152,66.15993340816439,66.37529000605069,31114500
2013-05-20,66.57266998291016,66.78802647375204,66.30346923481324,66.54575127731235,25132400
2013-05-21,66.64447021484375,66.88675232750334,66.30348843509702,66.53679536127183,25900000
2013-05-22,66.06123352050781,67.2546735403246,65.72024478964859,66.72525375766307,59843200
2013-05-23,65.90869140625,66.13302324472745,65.35235282830713,65.47797811016936,48222100
2013-05-24,65.87276458740234,65.89070811138464,65.28950079010365,65.46896341416773,26430300
2013-05-28,66.3034896850586,66.88675358846068,66.09710831444742,66.64447147123356,27057100
2013-05-29,65.98941040039062,66.22271727364453,65.61253480625268,66.04324781496467,32090300
2013-05-30,66.33937072753906,66.65343373894103,65.9983890074541,66.01633253122269,32390500
2013-05-31,65.72921752929688,66.59065082146383,65.65742971010049,66.08814977921558,38347600
2013-06-03,65.84583282470703,65.86378319305733,64.99337517167784,65.73815799884376,47613100
2013-06-04,65.5048599243164,66.2406676660622,65.2356591314087,65.98044205853422,35251900
2013-06-05,64.65237426757812,65.54072554726581,64.5985300245872,65.2894752335002,48654200
2013-06-06,64.96646881103516,64.9754439969159,64.13195452171074,64.74213708644322,62524100
2013-06-07,65.85482025146484,65.92660804609231,65.0741433885281,65.23566250340946,31969800
2013-06-10,65.8817367553711,66.1868314492843,65.73816801698774,65.98044325816119,25390000
2013-06-11,65.22669219970703,65.8099491868264,65.00236048279629,65.22669219970703,40278900
2013-06-12,64.4729232788086,65.63047556583255,64.3742167922055,65.6035568596789,42081900
2013-06-13,65.28953552246094,65.43310432887507,64.20377032333535,64.383233042869,28221500
2013-06-14,64.85879516601562,65.36129610070995,64.76008864726327,65.2895151429406,27690700
2013-06-17,65.4869155883789,65.86379121693261,65.1459270087785,65.3702587180691,32441900
2013-06-18,66.02531433105469,66.15093954820156,65.55870051359982,65.57665088522702,24853100
2013-06-19,65.28953552246094,66.11507498601799,65.2177476962219,66.04328715977897,43145100
2013-06-20,63.73712921142578,64.75111299944683,63.52177267029624,64.5357496122563,60908400
2013-06-21,63.39864730834961,63.88473743246377,62.867546168631314,63.71370381442821,51558900
2013-06-24,62.7685432434082,63.25462656909339,62.24644560593273,62.876558707908146,41492300
2013-06-25,63.22763442993164,63.47967971746918,62.84056291900785,63.37166423293538,28897400
2013-06-26,63.79476165771485,63.911780755733105,63.54270942951082,63.7677509110451,23742300
2013-06-27,64.06481170654297,64.46989052170525,64.02880424290267,64.12782305098312,23545000
2013-06-28,64.1548080444336,64.53288286748977,63.72273234339716,63.86675528783616,28301100
2013-07-01,64.55086517333984,65.0819663730358,64.4878538650082,64.58687261634614,24942800
2013-07-02,64.577880859375,64.97395593722662,64.22681681044972,64.52387311883844,23067900
2013-07-03,64.83893585205078,65.14499576872235,64.28983421225365,64.34384882561889,18847500
2013-07-05,65.33403778076172,65.36104165690547,64.68591728243065,65.20801511361071,28795900
2013-07-08,65.39701843261719,65.70307137561863,65.15396992591174,65.67606751214404,20558500
2013-07-09,65.79312896728516,65.93715882231119,65.39706060140652,65.70311374175462,26108600
2013-07-10,66.17115783691406,66.27017657638085,65.6940712927832,65.73007186375595,25598900
2013-07-11,67.48543548583984,67.53944323965949,66.83731496912218,66.88232600911887,47768900
2013-07-12,67.78246307373047,67.8274672268892,67.35038062355773,67.53041097162779,31412600
2013-07-15,67.93550872802734,67.98051289388643,67.66545626199483,67.8544902411298,19783600
2013-07-16,67.84547424316406,68.04350487854792,67.67444060544604,67.9894971477812,31747100
2013-07-17,68.01651000976562,68.17854009121521,67.82747605936085,68.05251745761203,24631500
2013-07-18,67.84547424316406,68.17853107318228,67.73745191391306,68.00750430318179,36278800
2013-07-19,67.14337921142578,67.2784054861122,66.94534845863684,67.26040518775744,37732400
2013-07-22,67.34137725830078,67.49441060913247,67.13434304413877,67.39539185706626,21135900
2013-07-23,66.8462905883789,67.47640367842885,66.79227598943348,67.46740010065167,24739500
2013-07-24,67.0623550415039,67.53043825623826,66.90932849704463,67.50343437988901,24426900
2013-07-25,67.48543548583984,67.56644711656932,67.02634897521142,67.37741311048008,23162200
2013-07-26,67.84547424316406,67.85447095314682,67.10733882924275,67.2153542907762,20885600
2013-07-29,67.7194595336914,67.99850866552688,67.5394222972505,67.71045595493977,20958400
2013-07-30,68.07950592041016,68.36755857027761,67.82746071024074,67.96248689217919,24104600
2013-07-31,68.20553588867188,68.60161090039202,68.07951326998231,68.2145394664976,25007600
2013-08-01,68.898681640625,68.99770041436726,68.60162531939822,68.67364022170516,16880000
2013-08-02,69.28575897216797,69.30375926539622,68.75465760771915,68.90769100489776,18105300
2013-08-05,69.33073425292969,69.38474884554896,69.11469648560302,69.24972266557599,15462800
2013-08-06,68.91665649414062,69.30372786651749,68.63760743535144,69.24071656718715,23675400
2013-08-07,68.7906494140625,68.92567561957874,68.2955624841271,68.71863452209143,20281200
2013-08-08,69.1327133178711,69.29474338298009,68.68263056675923,69.16871389436842,19994000
2013-08-09,68.85366821289062,69.25874687347661,68.65563067229999,69.01569830358125,18558500
2013-08-12,69.01570892333984,69.14173158352213,68.58363319349196,68.5926299065622,20515900
2013-08-13,69.40280151367188,69.5558280948716,68.61065785711858,69.10574506706864,23917000
2013-08-14,69.14173126220703,69.47479507269522,69.04271247713541,69.3757762876236,29921000
2013-08-15,67.97149658203125,68.40357216183257,67.77345907974002,68.36756471889622,39406600
2013-08-16,67.94448852539062,68.29555248771679,67.82746262613718,67.98048909838866,23825000
2013-08-19,67.82749938964844,68.52962769486473,67.80949909339299,67.953522066599,29586900
2013-08-20,68.12452697753906,68.43958353668563,67.8994855970461,67.95349333069467,18842800
2013-08-21,67.89046478271484,68.4935738810653,67.63841959938726,67.90847193450463,30705100
2013-08-22,68.55663299560547,68.60163716652997,68.1515542509634,68.18756170833515,17269500
2013-08-23,69.01570892333984,69.10572412808149,68.7726671837654,69.04271279799035,20697300
2013-08-26,69.05168914794922,69.56478316712767,68.9076662507026,69.06969630242828,27525500
2013-08-27,67.63842010498047,68.574592841278,67.47639007624211,68.23253249959315,40068900
2013-08-28,67.89947509765625,68.18752774543655,67.55741472457866,67.55741472457866,20490400
2013-08-29,68.3765640258789,68.71862441083358,67.7824584238295,67.88147716879058,27287900
2013-08-30,67.93550872802734,68.44860291931353,67.69246013505419,68.44860291931353,26228500
2013-09-03,68.32257080078125,68.80866105166253,67.99851063352706,68.49359759570201,27241500
2013-09-04,69.05168914794922,69.1687081811944,68.34956121304366,68.55660228324983,27142900
2013-09-05,69.16870880126953,69.3667462960115,69.0696969216158,69.0967007858593,17809700
2013-09-06,69.24974822998047,69.61881259925337,68.45760487887523,69.40277475217364,27715100
2013-09-09,70.05989074707031,70.17690980344464,69.51979275713862,69.54679662647742,25161900
2013-09-10,70.40194702148438,70.50096578165515,70.14089818719036,70.46495833543685,27619400
2013-09-11,70.26692199707031,70.31193302252986,69.84384308153633,69.93386513245542,28132900
2013-09-12,70.221923828125,70.43796165977518,70.07789402854566,70.28493514851125,18332700
2013-09-13,70.26692199707031,70.33893689071827,69.88885410699588,70.29392586525873,16932500
2013-09-16,70.07787322998047,70.86101958039404,69.91584318740237,70.86101958039404,25704300
2013-09-17,70.5459976196289,70.63601282787286,70.19493350007335,70.23093408919479,27174300
2013-09-18,71.39213562011719,71.53616542085686,70.50997712760285,70.65400006062363,31714700
2013-09-19,71.56316375732422,71.73419741554619,71.43714112528224,71.61717149456553,26435700
2013-09-20,71.31758117675781,71.8141616091165,71.2814656100099,71.7328998618487,26328900
2013-09-23,71.17316436767578,71.69683003679094,70.83910036047948,71.61556824548643,30319400
2013-09-24,71.17316436767578,71.55236769151348,70.9384165007718,71.32665044327527,21871300
2013-09-25,70.9293441772461,71.32660850483286,70.7848888052489,71.22729242293616,22746400
2013-09-26,71.48008728027344,71.6516344750353,71.19116967708132,71.21825462607761,22421700
2013-09-27,71.38983154296875,71.51623261646938,70.95645151357952,71.0647982430123,25151600
2013-09-30,71.21826171875,71.40786326894558,70.4237399529295,70.64945706816324,28031900
2013-10-01,71.94055938720703,71.97667495231768,71.19117690992557,71.22729247503621,33129700
2013-10-02,71.91349029541016,72.01280639928288,71.38079420297093,71.45302534912221,25503800
2013-10-03,71.07382202148438,71.9766906815371,70.69461883746413,71.82320466253002,42998200
2013-10-04,71.68777465820312,71.7870907641931,71.01062314736684,71.07382367951124,22852700
2013-10-07,71.09186553955078,71.6426158893944,71.02866501850349,71.05574997204658,20227100
2013-10-08,69.71949768066406,71.15505510412224,69.69241273129151,71.09185459280657,43660700
2013-10-09,69.50282287597656,69.91814157560006,68.9340112902185,69.88202600758842,64526700
2013-10-10,70.97450256347656,71.13701919013899,70.23415057275685,70.2522049142345,48062700
2013-10-11,71.53426361083984,71.58843350848728,70.78488121446829,70.79391182685585,25214100
2013-10-14,72.03990173339844,72.03990173339844,71.03771682330681,71.09188674655212,31471900
2013-10-15,71.75996398925781,72.32876844709834,71.66967166308919,71.98568102800463,38684000
2013-10-16,72.57259368896484,72.60870926857355,72.03990438850717,72.09407431374898,46735900
2013-10-17,72.9878921508789,73.0149839942809,72.18433967180042,72.24754019639062,32193500
2013-10-18,74.17068481445312,74.19776978052394,73.44838690696207,73.65604979407733,39628200
2013-10-21,74.33319091796875,74.5227925418183,74.09844309819877,74.34221464647894,31176900
2013-10-22,74.4415054321289,74.8478003921112,73.9720168407125,74.62208326601215,43944800
2013-10-23,73.99007415771484,74.21579129289803,73.62893225209397,74.08036652246037,38021300
2013-10-24,74.3150863647461,74.46857920839658,73.92685272650236,74.03519940054888,23155100
2013-10-25,74.84780883789062,75.19089642847254,74.48666001771234,75.01032546255381,35824500
2013-10-28,74.86583709716797,74.98321438362963,74.53178023776393,74.85681337385431,28618400
2013-10-29,74.99227142333984,75.17284929491349,74.66723814284875,75.11867248927066,36878100
2013-10-30,74.9200439453125,75.3805019992808,74.55889510601764,75.25410093877878,33535500
2013-10-31,74.74849700927734,75.20896195351192,74.46860992961574,74.73043577864945,31309900
2013-11-01,74.76654052734375,75.09157374817767,74.39636801315747,75.00128827313274,30867800
2013-11-04,74.87488555908203,75.00128659899151,74.61305286545809,74.99225598518655,16834000
2013-11-05,74.95613861083984,75.13671644088475,74.36927960612857,74.58596611384257,27975600
2013-11-06,74.9380874633789,75.29923625050901,74.69431599286169,75.27215129693379,25576800
2013-11-07,73.52960205078125,75.05544490772998,73.46640154059212,74.94710511217089,52173200
2013-11-08,74.52277374267578,74.54082808348414,73.5928202033812,73.80047612021013,31470500
2013-11-11,74.40541076660156,74.6130667042505,74.16163236703294,74.41443449374016,24822900
2013-11-12,74.52277374267578,74.63112045254782,74.14357059063461,74.17968616059196,20108500
2013-11-13,75.42562866210938,75.43465927504785,74.03521046817943,74.03521046817943,31345900
2013-11-14,75.660400390625,75.71457030876759,75.06450373769013,75.22702038045949,31101200
2013-11-15,75.80481719970703,75.80481719970703,75.48881469089052,75.67841619618042,20511300
2013-11-18,75.06449127197266,75.94027487432783,74.92003588480111,75.78678887285167,31679600
2013-11-19,74.84780883789062,75.38049800918947,74.72140778407935,75.01934918901118,25545300
2013-11-20,74.66724395751953,75.32634118549261,74.45055738309827,75.04645407318424,32177400
2013-11-21,75.42562866210938,75.48882917599985,74.92002455098553,74.98322506487602,28125000
2013-11-22,75.8319320678711,75.85901702383751,75.49787509316424,75.55204500509707,25361300
2013-11-25,76.01251983642578,76.18406020936864,75.82291823158893,76.10280533087071,21695100
2013-11-26,76.40975189208984,76.59935343365758,75.86803221784783,76.03054880895436,26621000
2013-11-27,76.94246673583984,76.96052107780096,76.50006303021117,76.56326355958669,21638100
2013-11-29,77.40290832519531,77.50221750853905,77.16816062045987,77.2494154672881,16708900
2013-12-02,77.17723083496094,77.61060401710029,77.05985347819369,77.49323354867558,26354600
2013-12-03,77.11399841308594,77.32165430124898,76.81605016832364,77.12302213807412,37147000
2013-12-04,77.18624114990234,77.43904327694095,76.54520521681407,76.78898361670225,37193200
2013-12-05,77.0869140625,77.33972304186408,76.89731249423222,77.24943067649244,39829300
2013-12-06,77.64669036865234,77.80920697286452,77.27651098025908,77.73697584025022,36842900
2013-12-09,77.96271514892578,78.12523179938461,77.82728345881978,77.96271514892578,22590000
2013-12-10,77.90855407714844,78.0530095115515,77.75506802548809,77.83632291577555,26965900
2013-12-11,76.90636444091797,78.00786547592158,76.79801770542274,77.89951874042634,36830600
2013-12-12,76.70772552490234,77.12304430896155,76.65355560604209,76.93344270460898,33662600
2013-12-13,76.60838317871094,77.10496355933844,76.48198215243107,77.06884799635287,34072000
2013-12-16,77.03275299072266,77.47515670076427,76.93343688809315,76.98760680285793,24902500
2013-12-17,76.8792724609375,77.22236009283907,76.7348101601316,77.03275848928754,24454900
2013-12-18,77.77310943603516,77.84534058539417,75.88611715533618,76.9695568423553,68387200
2013-12-19,77.55642700195312,77.65574311551957,77.21333246841748,77.64671249928392,44964100
2013-12-20,78.34622192382812,78.50925480077215,77.64880772870346,77.70314971761067,40475400
2013-12-23,79.17044067382812,79.17044067382812,78.753795750776,78.98928920506157,28181800
2013-12-24,79.2066421508789,79.26099103158839,79.04360932919059,79.18853046412245,13852500
2013-12-26,79.4693374633789,79.53273875703925,79.19762059493,79.35159417807333,15241100
2013-12-27,79.27002716064453,79.61421133040147,79.17040253858812,79.56892175746968,15827400
2013-12-30,79.15229797363281,79.26098882180142,78.92586388927977,79.15229797363281,18983700
2013-12-31,79.66858673095703,79.66858673095703,79.27006043457381,79.2972383358721,24890500
2014-01-02,79.04363250732422,79.32441556103431,78.81719835026044,79.29724456782219,29177500
2014-01-03,78.47299194335938,79.11606388274205,78.45488025797965,79.04360332078411,35723700
2014-01-06,78.18318176269531,78.58170807147792,77.89334633182298,78.4911357949969,32073100
2014-01-07,78.90776824951172,79.02551150964013,78.400551098465,78.54547225882729,25860600
2014-01-08,79.07984924316406,79.29723097203433,78.75378356007957,78.9258757012133,27197400
2014-01-09,78.81719970703125,79.37875891389612,78.5454828600106,79.36969961259544,23674700
2014-01-10,79.07083129882812,79.16140360353562,78.4186996485759,79.00742999451049,38008900
2014-01-13,77.90239715576172,79.23383089684322,77.60350245669832,78.96210718674541,48842300
2014-01-14,79.38782501220703,79.45122630629568,78.16508182037002,78.16508182037002,37178900
2014-01-15,80.03993225097656,80.19390578840184,79.6504653026404,79.73197826590531,39835600
2014-01-16,80.04898834228516,80.16673850829679,79.84973211945972,79.97653467499454,31630100
2014-01-17,79.59613037109375,80.03994628296694,79.4059265132432,79.80445283077115,36895800
2014-01-21,80.20297241210938,80.2391957922769,79.53272240524764,80.10334084109537,26412700
2014-01-22,80.41128540039062,80.61054853611527,80.17579197542321,80.41128540039062,29376900
2014-01-23,80.13959503173828,80.1758184227088,79.5780357285677,80.16676603007787,35011900
2014-01-24,78.5635986328125,79.86786167896327,78.53642763772145,79.75011839682787,63974600
2014-01-27,77.80278778076172,78.69946522348636,77.21405751444277,78.56360332968615,63519300
2014-01-28,77.75748443603516,77.8390043219961,77.26838585093478,77.4404780133465,44378800
2014-01-29,76.9242172241211,77.657861730472,76.7702436455427,77.08725010444603,51939300
2014-01-30,78.34622192382812,78.61794568880897,77.7846627009715,77.8661825945547,65833600
2014-01-31,78.13784790039062,78.50920300686008,77.39514459766954,77.47666443747268,45187000
2014-02-03,76.34455108642578,78.34622846420353,76.1452878968349,77.99299168637351,65596900
2014-02-04,76.90609741210938,77.21404453675713,76.49851179921335,76.73400524820516,37675500
2014-02-05,76.70683288574219,76.97854971259703,75.8463789918143,76.65248399219388,41721800
2014-02-06,77.68502044677734,77.78465201957408,76.91514576534742,76.9332643659767,32308600
2014-02-07,79.07083129882812,79.12517329960784,77.89337060695895,78.11980482383964,38359400
2014-02-10,79.52368927001953,79.55991265895766,78.9893009951717,79.04364298880189,30205400
2014-02-11,80.429443359375,80.58341698134002,79.6052194237543,79.69579173607347,38635500
2014-02-12,80.58336639404297,80.76451090496538,80.33881370305555,80.59242569265513,32507200
2014-02-13,81.1811752319336,81.24457652241495,79.9765507127879,79.99466240568725,40454500
2014-02-14,81.34420776367188,81.5253592430086,80.90945803370847,81.1540038930351,33212400
2014-02-18,81.7426986694336,81.89667217744967,81.28077123516594,81.48003432093707,29546600
2014-02-19,81.1811752319336,81.7789647509484,81.01814235494977,81.58876087950433,41749900
2014-02-20,81.56159973144531,81.71557332545649,80.89134953947332,81.23553393811387,41814800
2014-02-21,81.45291900634766,81.94201775744897,81.35328739537013,81.82426753889875,31192200
2014-02-24,81.88764953613281,82.25899794978439,81.55252450558031,81.64309678377178,31500400
2014-02-25,81.79707336425781,82.16842870182624,81.53440891066062,82.00539583098046,26771700
2014-02-26,81.72461700439453,82.27710997668092,81.39855127339877,82.01445244192168,42953700
2014-02-27,82.25485229492188,82.33670363592636,81.60911071767386,81.73643965184071,28742400
2014-02-28,82.16387176513672,82.72776182744828,81.43627907131032,82.23663311619066,48609800
2014-03-03,81.55451965332031,81.77280372947558,80.82692688285132,81.3908100656564,38885700
2014-03-04,82.59134674072266,82.74596636649194,82.36397269336781,82.4458309586463,33189000
2014-03-05,82.81874084472656,82.96426360095019,82.55498605325143,82.72779259154026,27203300
2014-03-06,82.74597930908203,83.07339160469188,82.44584385429114,83.00972713903076,24063900
2014-03-07,82.33670043945312,83.09158404764086,81.91833296644583,83.00972577090779,31167800
2014-03-10,82.40945434570312,82.45493193298073,81.88194486446751,82.29122233324918,18131700
2014-03-11,82.05474853515625,82.8187220149111,81.80918067458836,82.60954177403289,27484300
2014-03-12,82.36396789550781,82.40944547789172,81.38171734172087,81.68184579317821,27977200
2014-03-13,81.1998291015625,82.70049939446749,80.82693922427809,82.67321561550841,48542000
2014-03-14,80.64502716064453,81.29076863615731,80.60864647962764,80.93606566987431,38732300
2014-03-17,81.35446166992188,81.77283617912246,81.11799756860934,81.16346823167352,28467200
2014-03-18,82.33670043945312,82.4367455894012,81.42720412276608,81.4544879020417,31250200
2014-03-19,81.89105224609375,82.45494248150928,81.35444579097299,82.36398729531808,40869400
2014-03-20,82.118408203125,82.3639691104678,81.47266676939616,81.63637635392635,31634500
2014-03-21,81.13025665283203,82.63435830757496,80.9752904160113,82.58877672979365,62754000
2014-03-24,80.41925048828125,81.48579293350129,79.68087601924803,81.42198288006352,77735300
2014-03-25,80.68360137939453,81.35816573620122,80.00903006781424,80.8385676449845,41723300
2014-03-26,79.64441680908203,81.2670213671839,79.63529909954926,81.08470195040162,40930400
2014-03-27,79.19772338867188,79.89052312235985,78.76017078670183,79.53500902521924,64784500
2014-03-28,79.35267639160156,80.22778832745179,79.13389319156042,79.45295028626089,39895100
2014-03-31,79.91789245605469,80.4557260888931,79.87231781397446,79.97259176323628,33924300
2014-04-01,81.32170104980469,81.37639338893429,79.95433693337641,80.30985104726588,38683800
2014-04-02,81.53137969970703,81.7501560461291,81.16674781915381,81.66811056948667,34631600
2014-04-03,80.8841552734375,81.75014983856572,80.41924948716462,81.61341202439438,30319100
2014-04-04,78.73283386230469,81.50402616764406,78.52316828961322,81.4219806984086,131213200
2014-04-07,77.98533630371094,78.96983318294038,77.43838509274913,78.24057649294721,83995800
2014-04-08,78.70549774169922,78.81488940605773,77.80303911376197,78.07651479727049,51495700
2014-04-09,80.05461120605469,80.10019279204306,78.78752100904211,78.9971865679056,45685200
2014-04-10,77.57514190673828,80.10932291345235,77.35636554160241,80.10932291345235,73659600
2014-04-11,76.67264556884766,77.88504312274596,76.49033318011683,76.88230412041092,93657400
2014-04-14,77.2743148803711,77.68452836163767,76.56328652523878,77.34724264878845,46500700
2014-04-15,77.52954864501953,77.97621897837574,75.91605508335391,77.55689481474715,84631500
2014-04-16,78.55963134765625,78.55963134765625,77.56600974712045,78.20411721249614,46970900
2014-04-17,78.57784271240234,78.969820642131,78.05824470832228,78.25879252652378,53719500
2014-04-21,79.16127014160156,79.16127014160156,78.39554950795498,78.76018136173751,25947900
2014-04-22,79.79026794433594,79.990815831835,79.2980159354132,79.43475376368755,38593400
2014-04-23,79.08834075927734,79.81759743299645,79.04275917445655,79.79025126401332,34376700
2014-04-24,79.8449478149414,80.41012750458306,78.98807100423964,80.39189904255696,48926300
2014-04-25,78.56873321533203,79.46207375005966,78.37730310074754,79.37091754617741,44334000
2014-04-28,78.8239974975586,79.40740572672384,77.58425327188877,78.94249990340398,58623800
2014-04-29,79.4529800415039,79.59882860804704,78.67813475536101,79.06100202143156,36742700
2014-04-30,79.66262817382812,79.74467363246279,78.8877899444523,79.08833778247799,38689400
2014-05-01,79.899658203125,80.35544631956635,79.58971866746202,79.79026655146016,37127200
2014-05-02,79.75379180908203,80.31897150023892,79.56236166081287,80.17311598454407,40074200
2014-05-05,80.1731185913086,80.19135400875025,79.08834771584623,79.27977787033959,27924400
2014-05-06,79.13394927978516,80.0911073327541,79.09748538726691,80.0455257284122,33698500
2014-05-07,78.90602111816406,79.38004456157466,77.9670988940054,79.29799910011872,67489100
2014-05-08,78.83313751220703,79.79028864894686,78.44115934532026,78.62347186047737,46556900
2014-05-09,79.12480926513672,79.17950160630258,78.25880778629242,78.78752360014172,35081500
2014-05-12,80.42835235595703,80.45569852279074,79.52588712180746,79.59881486987926,38951100
2014-05-13,80.48306274414062,80.77476684709204,80.32809646080459,80.50129120786129,30311900
2014-05-14,80.0637435913086,80.5377601805248,79.87231341365734,80.23693834931218,26483600
2014-05-15,79.43475341796875,80.18224566053708,78.92427294639276,80.04550783285785,59680300
2014-05-16,79.95436096191406,79.99994256140297,78.97897454392174,79.52591896391056,66804100
2014-05-19,80.51042175292969,80.63804188364408,79.58061694989976,79.71734783653982,32017000
2014-05-20,80.21871185302734,80.76565622470662,79.89054383906478,80.47395209615934,33716000
2014-05-21,80.98443603515625,81.03001763256246,80.31898922358754,80.36457082099376,36837700
2014-05-22,81.3399429321289,81.56783696965,80.94796490940166,81.07558501403155,30617100
2014-05-23,81.93245697021484,81.95069238680041,81.239664144984,81.42197658219766,22687300
2014-05-27,82.95342254638672,82.97165100772514,82.22415890692666,82.29708666182736,29725200
2014-05-28,82.69820404052734,83.04460053496244,82.6343939769531,82.92609811826038,30468100
2014-05-29,83.22692108154297,83.23603183733573,82.82582527384793,82.98990929019813,33036100
2014-05-30,83.23600769042969,83.36362778225977,82.7984550769475,83.24512539835281,29906400
2014-06-02,83.15396118164062,83.35450900801041,82.6252454493517,83.33627359391895,30409900
2014-06-03,83.11751556396484,83.25425338059271,82.77111912264525,82.88050381212814,21774500
2014-06-04,83.42745208740234,83.56418991052647,82.78023380970774,82.90785392335036,20118300
2014-06-05,84.12935638427734,84.2843226471227,83.21778031374203,83.50036667008045,35583100
2014-06-06,84.61249542236328,84.61249542236328,84.27520975327941,84.43929373353996,22680600
2014-06-09,84.54872131347656,84.75838697090559,84.32082718594698,84.63075986109433,23399500
2014-06-10,84.69456481933594,84.74013946547863,84.37550752245784,84.47578148065796,20626000
2014-06-11,84.67631530761719,84.79481771360139,84.32080113488989,84.40283965716172,22878200
2014-06-12,83.91059112548828,84.58515555918619,83.61888702269127,84.49399933108232,35275900
2014-06-13,84.15669250488281,84.36635803617112,83.79206072925292,84.27519487618414,39447100
2014-06-16,84.22964477539062,84.47576729660791,83.82854900993684,84.01086842822251,25212300
2014-06-17,84.27522277832031,84.50311684419438,84.0291002472773,84.16583807775673,19977900
2014-06-18,84.7492446899414,84.86774709818367,83.8467861538815,84.35726662603258,34514000
2014-06-19,84.69456481933594,84.93156967073999,84.31169745403739,84.87687731345841,38422200
2014-06-20,84.7941665649414,84.88557471958046,84.57480233542653,84.73018504077194,25897500
2014-06-23,84.81243133544922,84.83985098610296,84.55650529806567,84.78501168479548,20837900
2014-06-24,84.73017883300781,85.52538369525027,84.48339496456711,84.8033025619764,31945800
2014-06-25,85.26946258544922,85.41570307844431,84.52910396352837,84.53823920008473,32818600
2014-06-26,85.31513977050781,85.33342418627781,84.65704724547707,85.32428197839282,22563900
2014-06-27,85.68990325927734,85.7081807036493,85.1780511353165,85.20547078860551,22877800
2014-06-30,85.83617401123047,86.04639605915962,85.61680277843823,85.67164907336831,19751900
2014-07-01,86.7776107788086,87.0061172264263,86.10122667296656,86.137788541401,31862500
2014-07-02,86.92385864257812,87.05182170620698,86.75019846963265,86.83245745048093,18777300
2014-07-03,87.47224426269531,87.47224426269531,86.96953438325463,87.20718298403226,15291700
2014-07-07,87.20720672607422,87.4814102876584,87.04268179973828,87.37172467894658,23266400
2014-07-08,86.15605163574219,87.10663905934413,85.79958222357416,87.04265754878735,40612400
2014-07-09,86.79589080810547,86.89643420592508,86.13779110363664,86.38458197954425,29919000
2014-07-10,86.52169799804688,86.87816755335169,85.58024543116383,85.68078884147693,44245300
2014-07-11,87.07921600341797,87.07921600341797,86.47596273251153,86.74103099381321,19566300
2014-07-14,87.60020446777344,87.80129120246829,87.326000989658,87.4722414499606,19579000
2014-07-15,87.29862976074219,87.86532144724868,86.67709176942208,87.73735835845913,39467500
2014-07-16,87.64591979980469,88.02067366689819,87.55451862868459,87.92926552231573,22052600
2014-07-17,86.48511505126953,87.7190483630884,86.21090454932634,87.40827599598862,43111500
2014-07-18,87.85618591308594,87.9018830312345,86.83247423273669,86.93301765551497,36682200
2014-07-21,87.7464370727539,87.89268448180277,87.33512843835949,87.67331336822949,29750700
2014-07-22,88.30402374267578,88.44112899284623,88.06637510727788,88.15777628290392,25770400
2014-07-23,88.8707275390625,88.97126395687951,88.45026955363845,88.61479446905473,28947500
2014-07-24,88.77021026611328,89.12667985881997,88.64224718019113,89.02613643795756,24707200
2014-07-25,88.42282104492188,88.5416488177329,87.95667308122901,88.31314245274042,29898900
2014-07-28,88.45024871826172,88.67875510398711,87.76472956108555,88.51423022732637,25603400
2014-07-29,88.2948989868164,88.84331312244353,88.2217752424757,88.64223328570272,27022200
2014-07-30,88.6421890258789,88.95295432396293,88.29485490041958,88.7884294680771,35348500
2014-07-31,86.8507308959961,88.05724470706915,86.7227678382659,87.91100420114762,50047900
2014-08-01,86.53080749511719,87.14320301323716,85.9549738401859,86.66791273870912,60708000
2014-08-04,87.12493133544922,87.46312336223369,86.39370797019848,86.71362255090995,33230500
2014-08-05,86.45769500732422,87.02439350021993,86.05552840689614,86.77760960844503,50331100
2014-08-06,86.39370727539062,86.93298607195511,85.84529324259451,85.91841697322407,34431900
2014-08-07,86.1195297241211,86.96043195963512,85.81789947438295,86.79590700282021,33274700
2014-08-08,86.74102783203125,86.84157120242776,85.89098377451823,86.25659539655446,40236900
2014-08-11,87.25288391113281,87.52709438357213,87.01523529991621,87.07921681369045,28277500
2014-08-12,87.21633911132812,87.4448455585744,86.76846842729516,87.16149979549729,28152300
2014-08-13,88.13949584960938,88.17605771331306,87.52710032286342,87.57279742239616,27996500
2014-08-14,88.59651947021484,88.61479691756028,88.13950657848227,88.25832741988594,25006600
2014-08-15,89.0261001586914,89.23632215412458,88.18519823003409,89.108359120349,55205500
2014-08-18,89.71163177490234,89.7938907479071,89.3642975152024,89.49226754009305,38938300
2014-08-19,90.21434783935548,90.269194131845,89.86702052975255,89.92185984877834,21363400
2014-08-20,90.21434783935548,90.39715719188102,90.05896511980656,90.141231071809,23435600
2014-08-21,90.39712524414062,90.44282233602412,90.12291479899436,90.2600200215675,19339500
2014-08-22,90.53425598144533,90.71705834742004,90.23262580147006,90.43371258812024,24692000
2014-08-25,90.85415649414062,91.11008257584982,90.634792277456,90.96383511575158,24124700
2014-08-26,90.94554138183594,91.04608474928072,90.73531243896193,90.99124544829682,20100400
2014-08-27,90.9638214111328,91.07350698968123,90.77187687876928,90.97296361937728,15589100
2014-08-28,90.86331939697266,90.97299804356184,90.56168917192382,90.65309036856956,23563900
2014-08-29,91.2014617919922,91.32028956807606,90.73530684199926,91.06435657452826,17906300
2014-09-02,91.466552734375,91.493972389985,91.09180581860043,91.42084865938315,18326800
2014-09-03,90.92727661132812,91.71333227100388,90.76275171198613,91.71333227100388,25950700
2014-09-04,90.84500122070312,91.60364412057622,90.61649482725664,91.13748912537612,24663500
2014-09-05,91.3020248413086,91.35686415073512,90.5159621967032,90.98211724721628,30798200
2014-09-08,91.47570037841795,91.70420682002664,91.05524936267358,91.32945290852608,25571300
2014-09-09,90.7170639038086,91.82303432466156,90.54339676407126,91.48484225608456,36449200
2014-09-10,91.466552734375,91.50311459967592,90.57994667785036,90.83587276149402,31080100
2014-09-11,91.3934326171875,91.43913669398634,90.7079133059832,91.07352499998476,28691900
2014-09-12,90.92727661132812,91.33858537295193,90.64392391201208,91.31116571863863,30444400
2014-09-15,90.0498046875,91.03695407099993,89.77560117439158,91.0278118618576,32972200
2014-09-16,90.83587646484376,91.00954358873776,89.62022751797475,89.71162869822207,38166900
2014-09-17,90.97299194335938,91.40258520959873,90.42457782679456,90.81760922213438,37196500
2014-09-18,91.65847778320312,91.66761999094768,91.15576793263264,91.25630432397772,30196700
2014-09-19,91.60167694091795,92.13306761609536,91.23519555144829,92.04144901624072,46918000
2014-09-22,90.7496337890625,91.39097114140206,90.35566741832451,91.38180718206782,48658000
2014-09-23,90.50226593017578,90.905396305294,90.31902866333314,90.38316240573344,33989600
2014-09-24,91.473388671875,91.51920145989578,90.28233307388552,90.5938376642666,35959000
2014-09-25,89.5494155883789,91.29936152097402,89.51276673748097,91.18025100804232,68642500
2014-09-26,90.50226593017578,90.66718226635564,89.68684820963479,89.8426005854564,56106200
2014-09-29,90.38314819335938,90.63051916370426,89.55856664212216,89.60437944665578,33342700
2014-09-30,90.5114288330078,90.97869294506684,90.08081357189982,90.63053235605857,41834300
2014-10-01,89.06381225585938,90.34649381365308,88.77979245729547,90.2548752002504,58164900
2014-10-02,89.06381225585938,89.3386750861195,87.92772607155165,89.02716341248788,54501300
2014-10-03,89.94335174560547,90.3098331412656,89.27452966432315,89.58603430710096,41627800
2014-10-06,89.75096893310547,90.44728302819948,89.47611307271103,90.2273969418734,36038700
2014-10-07,88.47744750976562,89.58604884373696,88.46828355112305,89.32951392216374,45154000
2014-10-08,90.19991302490234,90.48393985944368,88.01019495727057,88.52327185738051,64931600
2014-10-09,88.74315643310547,90.3098580157772,88.60572499812307,90.0808079541576,62497100
2014-10-10,86.52595520019531,88.7156732727411,86.50762728047887,88.2209242911962,77579400
2014-10-13,85.16995239257812,87.02983730106007,85.09665471390609,86.37017217311445,80835900
2014-10-14,85.17913818359375,86.27857568528381,84.94092416187473,85.7013720454045,71814500
2014-10-15,84.6294174194336,84.98673494848502,82.67790646378798,83.89645444237513,108847800
2014-10-16,84.09798431396484,84.82178302776133,82.8153031374907,82.8427880143355,93165800
2014-10-17,85.20663452148438,86.02205229264695,84.71188548223056,85.20663452148438,69546700
2014-10-20,86.48013305664062,86.5534307474884,85.02337814881686,85.19745142701467,41479300
2014-10-21,88.75231170654297,88.75231170654297,87.33219866746745,87.55208474788702,53609800
2014-10-22,88.2942123413086,89.14627877362572,88.23923557822029,89.02716827864485,39178000
2014-10-23,89.6227035522461,90.11745250053104,89.02717202245572,89.18292437930853,48123800
2014-10-24,90.3556671142578,90.41980084927594,89.4577878339511,89.81510535620254,43157600
2014-10-27,90.4197998046875,90.58471611997932,89.80594035940238,90.18158579592092,29545700
2014-10-28,91.7849578857422,91.80327881842452,90.77713882690786,90.84127257637763,34495100
2014-10-29,91.44593048095705,91.7299572674808,90.79542924352224,91.48257932405856,40552800
2014-10-30,91.63832092285156,91.85821395568482,90.83206743928343,91.03363255768828,35935800
2014-10-31,92.9026870727539,93.22335569433096,92.6003393766734,93.15922197001554,54254100
2014-11-03,93.17752838134766,93.42490627235308,92.93015748039284,93.06758886539023,33481000
2014-11-04,92.86605072021484,93.10426472401466,92.2338703597684,92.88437164817516,22773300
2014-11-05,92.87523651123048,93.47992513680056,92.55456078109704,93.47992513680056,25818600
2014-11-06,93.16838836669922,93.19587325068936,92.46291039071043,92.86604066270402,24671900
2014-11-07,93.0859375,93.36996431089707,92.60035251982627,93.3333154646506,20931700
2014-11-10,93.41575622558594,93.53485971562448,92.88435851916472,93.13173644700464,20360000
2014-11-11,93.70894622802734,93.70894622802734,93.17754848607252,93.4340903887781,15454000
2014-11-12,93.8738784790039,93.97466106753627,93.33332367692412,93.33332367692412,22050300
2014-11-13,94.27696990966795,94.62512335082444,93.83719088763571,94.0479199375794,28027800
2014-11-14,94.57019805908205,94.57019805908205,93.93801760206463,94.24952934539702,19251300
2014-11-17,94.28616333007812,94.5610191884463,93.83722021165404,94.35029706270262,23361600
2014-11-18,94.99161529541016,95.1198827348771,94.35943506514366,94.36859902226308,26336800
2014-11-19,94.56099700927734,94.8908295539994,94.12122494301524,94.8908295539994,23760200
2014-11-20,94.98247528076172,95.06493693552034,94.0846029781642,94.15789368344046,22874000
2014-11-21,95.16568756103516,95.916971210735,94.86333991187468,95.82534562731624,34049100
2014-11-24,95.90782928466795,95.95364208690069,95.3397826912226,95.42224433723104,17928300
2014-11-25,96.05442810058594,96.33845492317812,95.80705711580224,96.05442810058594,17526000
2014-11-26,96.67742919921876,96.7324059571592,96.04525589834446,96.14603846617476,18973800
2014-11-28,97.12639617919922,97.34628229493278,96.86986121250116,96.93399495417567,17360400
2014-12-01,96.02696228027344,97.04394528975897,95.66964468127088,96.86070800464896,35969500
2014-12-02,96.41173553466795,96.58580879309504,95.92614363049296,96.12770876240492,26031300
2014-12-03,96.58582305908205,96.72325448659842,95.98113456408385,96.55833817158933,32974300
2014-12-04,96.5400161743164,96.91565461597888,96.13688585541286,96.49420336896728,31008800
2014-12-05,96.5491943359375,96.8423781803888,96.33847216120444,96.69578975319024,25622200
2014-12-08,95.86202239990234,96.72325280666416,95.35811649449803,96.30180156230593,32685800
2014-12-09,96.16439056396484,96.23768827161044,94.40528752079544,94.7442841761157,46035100
2014-12-10,94.65261840820312,96.22848350405236,94.47854516392992,95.9902695502481,39330100
2014-12-11,95.10157775878906,96.23766398032038,94.90916957727148,94.9274974945838,47576000
2014-12-12,94.06627655029295,95.27566058218238,94.0571195807714,94.1945440241257,46889400
2014-12-15,93.09507751464844,94.89999253525347,92.82937869023976,94.55183208048648,52968400
2014-12-16,91.60167694091795,93.88301293053888,91.58334902691637,92.50871296256584,65348600
2014-12-17,93.2691879272461,93.5348798475912,91.54672698949908,91.665837495226,79715300
2014-12-18,95.51386260986328,95.52302656828748,94.35029153186969,94.60682644732957,49840900
2014-12-19,95.93413543701172,96.32037164618318,95.373170316792,95.61227192936884,51419900
2014-12-22,96.1732406616211,96.20082796101256,95.7318228230621,95.77780633278022,33869200
2014-12-23,95.83297729492188,96.53188592274392,95.72262108544524,96.52268781792964,30156900
2014-12-24,95.9157485961914,96.28358860474988,95.88815428106092,95.95252698416851,14291300
2014-12-26,96.59626770019533,96.79858392852913,96.16404794259108,96.1916352435277,13924300
2014-12-29,96.57784271240234,96.78935698339166,96.44909733565991,96.50427893719012,17073800
2014-12-30,95.93413543701172,96.52268785558678,95.80539003395457,96.30198245264567,18604000
2014-12-31,94.9501495361328,96.47671220875084,94.81220602704953,96.0996670849964,24367100
2015-01-02,94.6650390625,95.82374730399292,94.20523220016588,95.41912203608412,31314600
2015-01-05,93.27644348144533,94.3615882260244,93.00975459329224,94.25123202593076,36521300
2015-01-06,92.02577209472656,93.57072388521982,91.61194860388468,93.41439119011048,66205500
2015-01-07,93.21209716796876,93.4328026145264,92.4120302770603,92.63274273971756,37577400
2015-01-08,94.9961395263672,95.1800595402954,93.90179650002764,94.00295461251778,40212600
2015-01-09,94.37079620361328,95.3179975512008,93.81902216151326,95.29041025231548,41410100
2015-01-12,93.38680267333984,94.65586744263396,93.14770107352577,94.55470934333177,34129800
2015-01-13,93.35921478271484,95.29040989053615,92.60513154628592,94.29722503784492,56162300
2015-01-14,92.84424591064452,93.32244920882952,92.02578985931568,92.42122423369584,51354200
2015-01-15,91.6395263671875,93.4235725589117,91.52917017359844,93.27643798355687,51005400
2015-01-16,92.7154769897461,92.83502427594414,91.37284148160072,91.51997606337544,35362200
2015-01-20,93.45118713378906,93.69028174759924,92.22809869998802,93.27645821007498,30964100
2015-01-21,93.92935180664062,94.37076951225256,92.84420725544504,93.17526878062988,40128800
2015-01-22,95.6674346923828,95.76859278457174,93.46955799136406,94.2972119201383,40887200
2015-01-23,95.8789520263672,96.17322820860258,95.38235965332667,95.65823962761743,34783000
2015-01-26,95.7685775756836,95.94330643737008,95.2811833995016,95.7685775756836,19960900
2015-01-27,93.2856674194336,94.31563084114872,92.9729949406275,94.26045623387104,45253200
2015-01-28,92.80744171142578,94.88577128268464,92.7890525188031,94.78461318301508,43591700
2015-01-29,93.69949340820312,93.87422235719453,91.92463766224245,92.73389565949248,46539700
2015-01-30,92.9729461669922,94.33397756667492,92.84420080681764,93.6166799839608,42927600
2015-02-02,93.78224182128906,93.86500371622202,91.73149944829407,93.18449129885748,43624700
2015-02-03,94.68345642089844,94.74782912013409,93.5063516256767,94.12249132066026,30750400
2015-02-04,94.60067749023438,95.2260151770785,94.08568897300604,94.29720324159751,34073200
2015-02-05,95.4191665649414,95.48353927506489,94.60071052932894,94.8398051577309,23605500
2015-02-06,94.83978271484376,95.7961820504268,94.49953004875098,95.566278566376,34169300
2015-02-09,94.53631591796876,94.98692478444052,94.30641243277536,94.4719432227585,22604700
2015-02-10,96.0076904296875,96.13643581153868,94.91334766785542,95.06048925631224,23686500
2015-02-11,96.35713958740234,96.57784495034691,95.93411805171812,96.1180380181558,20303600
2015-02-12,97.47907257080078,97.51585796841954,96.8353456527155,96.98248022709336,22520300
2015-02-13,98.31591796875,98.33430715827411,97.57102599523355,97.75495297095844,29030200
2015-02-17,98.40789794921876,98.47227064978152,98.0676382370451,98.31593795071451,17675300
2015-02-18,98.54582214355467,98.60099672862536,98.15957899976974,98.2883243756658,15149600
2015-02-19,99.03323364257812,99.09760634176352,98.45387233381147,98.48145963116264,19828100
2015-02-20,99.69538116455078,99.75055577271324,98.65621260349326,98.96888508731313,28336700
2015-02-23,99.79649353027344,99.82408783974148,99.41945549404088,99.6401608571062,17868000
2015-02-24,99.87007904052734,99.98963335088244,99.3642955499646,99.66776283786304,19745000
2015-02-25,99.62181091308594,100.10920533090956,99.40109844697356,99.72296903936252,19472300
2015-02-26,100.12757110595705,100.1827527176266,99.4470587015492,99.72294571160276,22255500
2015-02-27,99.6861572265625,100.1551623227111,99.52982453321226,100.0907826084044,27757600
2015-03-02,100.58736419677734,100.62414959410216,99.86086838583094,99.87926459254192,22988600
2015-03-03,100.11837005615234,100.38505893504374,99.48383420582115,100.28390084249536,20788900
2015-03-04,99.7321319580078,99.93444815341128,99.1895630849692,99.78731356699824,21007400
2015-03-05,99.9068603515625,100.21033464313253,99.49303687476538,99.98962925658056,15381000
2015-03-06,98.77574157714844,99.97123554896486,98.52744187198108,99.77811745388908,30990400
2015-03-09,99.06082916259766,99.30912187546606,98.57343482600882,98.9780602475758,26237100
2015-03-10,97.22157287597656,98.3802882382256,97.22157287597656,98.35269393047254,34234500
2015-03-11,96.66064453125,97.4882986751507,96.6238591230656,97.36874434452665,25459700
2015-03-12,97.29515838623048,97.40550756955346,96.5226790224814,96.58705171811904,21473200
2015-03-13,96.87212371826172,97.58942844534202,96.26518219977493,97.2031852796535,42021100
2015-03-16,98.122802734375,98.15958813321046,97.12962503020718,97.23078312298036,25674100
2015-03-17,98.27912139892578,98.4354540484438,97.62619649556,97.8560999270027,19603800
2015-03-18,99.24475860595705,99.69537459659604,97.50668840234728,98.0124789975138,40622200
2015-03-19,99.3918685913086,99.66774854220029,99.19875052085531,99.3458850914448,31314000
2015-03-20,100.03526306152344,100.53299764408888,100.01683157279226,100.21039384952849,31761400
2015-03-23,99.8416748046875,100.2564499994445,99.8048048045839,99.97993554701766,17268500
2015-03-24,99.4822235107422,100.2933425990942,99.46379202265388,99.83247804230064,22445300
2015-03-25,97.20552825927734,99.7310634583026,97.16865825967136,99.63889197540438,41581400
2015-03-26,96.87372589111328,97.42676193831556,96.08103831163724,96.40364208648565,47846300
2015-03-27,97.2608413696289,97.49127362053824,96.70780537389336,96.85528538994777,33878400
2015-03-30,98.37613677978516,98.45908901221786,97.85075154434264,97.85075154434264,30570200
2015-03-31,97.3345718383789,98.30239001024076,97.30692109613716,98.09960852415668,30488100
2015-04-01,96.82762908935548,97.35301430999456,96.200853121555,97.3345757929286,32970500
2015-04-02,96.89214324951172,97.20552769599642,96.57875177079367,96.91979399099765,19164200
2015-04-06,97.68485260009766,97.95214784932968,96.17321041436588,96.32069044506552,24451100
2015-04-07,97.5189208984375,98.34847128661092,97.5189208984375,97.62952386633611,19379400
2015-04-08,98.29320526123048,98.43146605321378,97.54660682965095,97.55581905881012,25866900
2015-04-09,98.91071319580078,98.94758319089266,97.9152514572502,98.24706734861206,23114700
2015-04-10,99.31629943847656,99.3255186974732,98.65265343540074,98.87386642568129,17164300
2015-04-13,99.0674285888672,99.89697900090326,98.95681858555334,99.3900323082405,17783500
2015-04-14,98.78170776367188,99.25179158228453,98.21945243982258,98.9660578063803,23755700
2015-04-15,99.39926147460938,99.61126225903304,98.91996544303193,99.03978769286758,21128600
2015-04-16,99.26100158691406,99.43612532086384,98.99369932408769,99.13196008516816,16195300
2015-04-17,97.71249389648438,98.5789143802175,97.2884993975864,98.3116191568398,46514000
2015-04-20,99.1780242919922,99.3531550263468,98.1641239487336,98.20099394713633,28945900
2015-04-21,99.6020278930664,99.92463865072632,99.4822056614035,99.74950790025194,22759800
2015-04-22,100.14586639404295,100.31177791047058,99.214918050075,99.8601255960519,21429200
2015-04-23,100.52375030517578,100.97540252363952,99.78637141389416,99.80480289747705,29473200
2015-04-24,101.88790893554688,102.02616967086767,101.4178252483494,101.58373672428772,32508100
2015-04-27,101.62984466552734,102.45940219773924,101.4086246354479,102.26583291336114,31121300
2015-04-28,101.42705535888672,101.8971390963842,100.5698471468543,101.70356982688288,36849200
2015-04-29,100.7910614013672,101.45470738451846,100.23802542615245,100.8648014066582,34043900
2015-04-30,99.20569610595705,100.62515970093403,98.68031082352432,100.21960369682247,44080500
2015-05-01,100.51458740234376,100.57910817489436,99.57441953690704,99.59285806177108,32874300
2015-05-04,100.6804656982422,101.30724172402265,100.62515717416176,100.8371579466287,23507300
2015-05-05,99.03976440429688,100.46844696764754,98.99368218007366,100.28410400628826,47843300
2015-05-06,98.3576889038086,99.50063075717216,97.70326223647004,99.2148970518896,42687200
2015-05-07,98.9476089477539,99.22413046680752,98.25631218235428,98.33005219173316,29335800
2015-05-08,100.1827163696289,100.3947100785323,99.8232426612854,99.97071562849209,33023300
2015-05-11,99.79560089111328,100.45003470328646,99.72186791180232,100.2472531876536,19679300
2015-05-12,99.34396362304688,99.85091745293398,98.44067302172908,99.205702848329,33665000
2015-05-13,99.54674530029295,100.29334363972993,99.39926526511596,99.7771775810807,20738400
2015-05-14,101.00305938720705,101.08601161670794,99.98915895509369,100.35784490696489,23904200
2015-05-15,101.00305938720705,101.399403114479,100.75418863423684,101.2611423664104,23937400
2015-05-18,101.44549560546876,101.64827711885334,100.76341808682147,100.83715809754943,17631100
2015-05-19,101.33488464355467,101.71278986237272,101.1689731485962,101.55609762608802,14212900
2015-05-20,101.3993911743164,102.00772854905688,100.86478676192758,101.40860339946478,21131900
2015-05-21,101.92479705810548,102.06305781801188,101.07680804462323,101.22428103155154,16771800
2015-05-22,101.82339477539062,102.19208774932255,101.740435515945,101.80495625896556,13543800
2015-05-26,100.65279388427734,101.74043427639693,100.24723794690348,101.60218056606122,25488400
2015-05-27,102.27503967285156,102.3856496743728,100.73575407090736,100.95696704171624,30572700
2015-05-28,102.04460144042967,102.32112291184782,101.73121700290672,102.08147143876764,17302400
2015-05-29,101.43628692626952,102.118364468774,101.1966353991386,101.98010370188176,30383000
2015-06-01,101.77731323242188,102.05383474189266,100.94775573624364,101.98009473506924,24570200
2015-06-02,101.4547119140625,101.9524464236478,100.90167591415693,101.39941042374222,19449600
2015-06-03,101.75889587402344,102.1368011550484,101.51002507450218,101.91558813610122,20507200
2015-06-04,100.9846420288086,101.83263817959428,100.6620382372117,101.18742356416529,31374600
2015-06-05,100.74497985839844,101.10445359634804,100.12741610017244,100.86480209363695,22641700
2015-06-08,99.72185516357422,100.77262558094851,99.5190736738645,100.6988855788298,24549200
2015-06-09,99.5559310913086,99.91540476590885,98.80932597063418,99.4821910985104,27554600
2015-06-10,100.92010498046876,101.21505797549538,99.78638226268023,99.89698524066893,30297900
2015-06-11,101.06757354736328,101.52843798941032,100.89244280907074,101.26113576915505,17593500
2015-06-12,100.23802185058594,100.74497557858584,100.09976110365562,100.53297482899488,27201800
2015-06-15,99.74028778076172,99.8969800128684,98.9107303280885,99.49142406107664,31238800
2015-06-16,100.28411102294922,100.45002251267432,99.59281432113356,99.63889654858107,16456900
2015-06-17,100.56062316894533,100.88322688258464,99.94306648394524,100.450020199831,23296700
2015-06-18,102.0261688232422,102.20129252310936,100.87400775886276,100.9293092396384,43032400
2015-06-19,101.5217514038086,102.1592093773598,101.44784180285042,102.07605931417996,27877600
2015-06-22,102.27007293701172,102.57494477316082,102.03911070630627,102.27007293701172,19120900
2015-06-23,102.35323333740234,102.4456168293287,101.9282636358142,102.3809476801394,18127900
2015-06-24,101.82664489746094,102.66734387999686,101.7989305533039,102.23314074085488,15815900
2015-06-25,101.62335968017578,102.32548668424717,101.45706662785378,102.22386276069446,18326700
2015-06-26,100.94898986816406,101.83589122268788,100.57021539553628,101.60492894354113,32311700
2015-06-29,98.56546020507812,100.3854440131187,98.51926493189988,99.83112892861628,50874900
2015-06-30,98.91650390625,99.51700711589724,98.61163207003416,99.3045187623022,34809900
2015-07-01,99.70178985595705,100.09904523764745,99.23986532135928,99.895797314679,21293000
2015-07-02,99.72952270507812,100.0713494615336,99.42465781246688,99.98820641311517,20499400
2015-07-06,99.49851989746094,100.0713087309362,98.88878331200048,99.10126460374902,24311000
2015-07-07,99.74795532226562,99.8403387918975,97.77091946883456,99.60937659361436,44230800
2015-07-08,98.01111602783205,99.15669361724557,97.82634908678185,99.03658876199664,39691500
2015-07-09,97.95570373535156,99.40614631520025,97.94646327223175,99.31376282922676,28381000
2015-07-10,99.45233154296876,99.82187249796668,98.89802363467558,99.25832412748652,26415800
2015-07-13,101.19841003417967,101.2815530525046,100.3022754673919,100.31151593000835,25780700
2015-07-14,101.86360168457033,102.14075217993356,101.28157225233018,101.33700799013012,21977200
2015-07-15,101.97444152832033,102.3716968469324,101.68805061783527,102.05759159651758,28631500
2015-07-16,103.41565704345705,103.43413092175142,102.61190589368832,102.81515379696832,29838900
2015-07-17,104.9399871826172,104.9399871826172,104.07157405906352,104.24710054713528,35926800
2015-07-20,105.30030059814452,105.67907498152232,104.83837614869356,105.1617218536277,26539000
2015-07-21,105.23566436767578,105.50357442954248,104.9307924440772,105.33728129379872,35468900
2015-07-22,104.0438461303711,104.55195870097312,103.62810997434424,103.62810997434424,35575000
2015-07-23,103.65583038330078,104.4872956956773,103.3879204394748,104.1454761577719,25698300
2015-07-24,102.63963317871094,104.39494787118258,102.48258052397428,104.21018087130524,30844700
2015-07-27,101.78968811035156,102.50104877405327,101.56796631299645,102.05760517934306,35994800
2015-07-28,102.66732788085938,102.87057577088326,101.42937371203448,102.24235822372212,33553500
2015-07-29,103.05532836914062,103.27705009018072,102.49178008150868,102.88903531625895,26714100
2015-07-30,103.54499816894533,103.72052468697228,102.19617946749436,102.81515660920796,25438100
2015-07-31,103.42487335205078,103.92375256438544,103.2123920689719,103.86832389026176,22081700
2015-08-03,103.10154724121094,103.729764844676,102.4179009531017,103.4433739094698,25001800
2015-08-04,102.90755462646484,103.24014087907555,102.48258486999772,103.05537387136272,22132300
2015-08-05,103.7020492553711,104.39493599872549,103.36022259122257,103.48032747105206,28989900
2015-08-06,102.0391082763672,103.93300134241429,101.57718382595648,103.79442259760953,42125400
2015-08-07,101.90975189208984,102.14995453719084,101.06905320684604,101.78965409374258,30006800
2015-08-10,103.0738296508789,103.2955514308773,102.54723601812756,102.55647648141326,21500800
2015-08-11,101.75271606445312,102.92600810052068,101.18916767832448,102.52875279633832,36123300
2015-08-12,102.1037826538086,102.307030550158,99.97893430199257,101.0505954167328,41889000
2015-08-13,101.9375,102.69506298157356,101.71577820328098,102.20541706822286,22510500
2015-08-14,102.09454345703124,102.24235561519971,101.494040265029,101.6972881498674,17924900
2015-08-17,102.94449615478516,102.97221049752515,101.58643697325634,101.84511357004116,21224900
2015-08-18,102.4178695678711,102.88903438818691,102.27929085031865,102.80588433829288,13984400
2015-08-19,101.74349212646484,102.64886728597423,101.1522293053844,102.10379268779798,42511400
2015-08-20,98.92574310302734,101.12450097425904,98.91650264036114,100.80115526502024,57747300
2015-08-21,94.60214233398438,98.36220761417609,94.60214233398438,97.53074207527682,97763400
2015-08-24,90.96216583251952,94.72223073828174,78.2869572415743,87.05428876145488,150829900
2015-08-25,90.62034606933594,94.91624537844125,90.54644350527616,94.29726823293808,75088300
2015-08-26,95.18415832519533,95.36893234838362,91.39637895493854,93.2717912377481,104103800
2015-08-27,97.59539794921876,97.6600670907576,95.41511396532628,96.56068463618932,69377700
2015-08-28,97.57693481445312,97.92799490025337,96.86556713080476,97.0780555040579,49919600
2015-08-31,96.36666870117188,97.56767499329536,96.12647308147292,97.03184098306136,39549400
2015-09-01,93.35494995117188,95.4243698635674,92.96692799076546,93.9646866631095,73155500
2015-09-02,95.98789978027344,96.0063736565238,93.955428020764,95.04556997813148,43963600
2015-09-03,95.51673126220705,97.02260233805548,95.24881425207316,96.36667050568931,45131800
2015-09-04,94.38040161132812,95.01785252296658,93.85380100196345,94.20486807487325,49379600
2015-09-08,97.04109954833984,97.16119738059416,95.7939048113306,96.19116016221294,37343500
2015-09-09,95.95096588134766,98.21439330488612,95.70152268297996,98.18667896026952,47146700
2015-09-10,96.99490356445312,97.63236162355584,95.72923495811791,95.84009232602556,47686700
2015-09-11,97.53072357177734,97.53072357177734,96.27428856212424,96.55144603864466,29106100
2015-09-14,97.235107421875,97.90952029436686,96.86556641154009,97.89103936722542,19718800
2015-09-15,98.38067626953124,98.6855481256738,97.10576720985566,97.46606774951198,30020200
2015-09-16,98.9349594116211,99.02734992549333,98.05730591708785,98.39913249255788,31329100
2015-09-17,98.971923828125,100.45008761288726,98.5192398694554,98.83335214065993,56139800
2015-09-18,97.56427001953124,98.72189070572776,97.39757235809672,97.4531429556122,48384000
2015-09-21,97.8698959350586,98.67560257799308,96.9901069286752,98.10142010153388,35772600
2015-09-22,96.4066390991211,96.70298968070556,95.5083244115058,96.36959439322864,47359700
2015-09-23,96.48074340820312,96.92527288199584,95.98065039976991,96.66595990070893,21775100
2015-09-24,96.12882995605467,96.4900070649974,94.71189622225285,95.5453845757962,38284300
2015-09-25,95.3138427734375,97.24938798406484,94.72114162414373,97.15677975427928,44700000
2015-09-28,92.6003875732422,94.97119943104624,92.3225628610256,94.9063729583068,44077500
2015-09-29,92.11881256103516,93.77652601029592,91.45202200428726,92.83190369971804,49315500
2015-09-30,94.23958587646484,94.34145706109602,93.07270225786138,93.4338793431698,41411400
2015-10-01,94.66559600830078,94.67485895269824,93.15605402155472,94.40629008962344,39339100
2015-10-02,96.32331085205078,96.32331085205078,93.05419093337008,93.35054156738644,59370900
2015-10-05,97.70319366455078,97.96249958833734,96.82340469948124,97.03640296592452,32853500
2015-10-06,97.2401351928711,97.79579169514776,96.48073632446328,97.47165932428268,33051500
2015-10-07,97.8235855102539,98.03659084623492,96.58261940449336,97.85137434451316,37389300
2015-10-08,98.2125244140625,98.3792220459144,96.50850339229252,97.45312566130488,50188900
2015-10-09,98.65705108642578,98.84227461087455,97.9902605295202,98.25882934080468,23916200
2015-10-12,98.8978500366211,99.08306651780347,98.49036529935282,98.84228650537754,16162000
2015-10-13,98.25886535644533,99.33314099534638,98.16625709305396,98.33295479338145,26999600
2015-10-14,98.10140228271484,98.74966700487424,97.69391756275434,98.25883699158848,30902600
2015-10-15,99.71282958984376,99.72209253516226,98.33294749078252,98.4626004630134,38393800
2015-10-16,100.12956237792967,100.18512591042254,99.4442458379232,99.92582000471457,27091100
2015-10-19,100.70372009277344,100.768546557852,99.77762369704853,99.99989191922194,23776300
2015-10-20,100.18511962890624,100.7407761156636,99.84246138038736,100.52777787742514,23404700
2015-10-21,99.5738754272461,100.7963223141518,99.53683779131188,100.69445821700116,30195200
2015-10-22,101.60205841064452,101.68541077977775,100.17586878091552,100.46296353508951,42778700
2015-10-23,104.44518280029295,104.87118642669604,103.78765500309105,104.33405572026598,53170900
2015-10-26,104.51000213623048,104.71374452308508,103.97286440098767,104.37108623014264,25918000
2015-10-27,104.7230224609375,104.871194267237,104.20440347499552,104.23219231263684,31390500
2015-10-28,105.593505859375,105.593505859375,104.03766366246928,104.88041475750576,42221900
2015-10-29,105.42683410644533,105.60279472234784,105.00083051607386,105.11196465225804,24913300
2015-10-30,104.95451354980467,105.64908589508444,104.92673178648234,105.47312530663588,27199200
2015-11-02,106.1399383544922,106.26959132114273,105.01009930320316,105.23236052238168,22176900
2015-11-03,106.5103759765625,106.89007192284753,105.76949584229216,105.92693057451872,20418400
2015-11-04,106.51962280273438,106.93637049242626,106.07510041239688,106.86228107218469,28633000
2015-11-05,106.23255157470705,106.87156055847822,105.67689496799852,106.6122546130514,25004100
2015-11-06,106.306640625,106.42703065192848,105.35276215822066,106.02880878986402,29924900
2015-11-09,105.17678833007812,106.04732137643904,104.52852355016438,105.9084054762986,33479800
2015-11-10,104.90821838378906,105.01008957179636,104.30625419980672,104.62113070789002,35452100
2015-11-11,104.77855682373048,105.70465331824148,104.6025962287956,105.19529742003822,22748800
2015-11-12,103.7598648071289,104.86192203161572,103.68577538275612,104.35256607099836,31196900
2015-11-13,101.72244262695312,103.43572691317505,101.66687909440314,103.32459278251906,52836000
2015-11-16,103.18568420410156,103.20421009330286,101.38906155718404,101.62058571330464,33980600
2015-11-17,103.25049591064452,103.99137593043746,102.99119002338368,103.36163003328012,30579500
2015-11-18,105.23233795166016,105.33420912725818,103.56536856702544,103.66723974262348,32966500
2015-11-19,105.30645751953124,105.78803177218076,105.10271510999164,105.28793869391733,26188100
2015-11-20,106.01952362060548,106.10286890878662,105.70464715673694,105.80651833043954,22727600
2015-11-23,105.71392822265624,106.4455453839662,105.2601428673574,106.0565794424394,20696200
2015-11-24,105.6213150024414,105.87135796363252,104.50073195236962,105.02861377204556,26374400
2015-11-25,105.71392822265624,105.90840766064149,105.49166701718116,105.77875470198464,14159900
2015-11-27,105.8621063232422,106.0751116626389,105.50092919320332,105.94545869624324,8828000
2015-11-30,105.593505859375,106.1769510991863,105.25085472163656,106.1769510991863,25041600
2015-12-01,106.6492919921875,106.6492919921875,105.88988596774055,106.01954599709136,28639400
2015-12-02,105.99171447753906,107.1956424456993,105.8342798085569,106.7325943141844,22395500
2015-12-03,104.19512939453124,106.46406321544794,103.57463930896022,106.27884672353662,42754300
2015-12-04,106.63076782226562,106.80672844691954,104.29700737077948,104.51000564378046,40037300
2015-12-07,106.14918518066406,106.7696681504937,105.63982927077063,106.70484167701234,25892100
2015-12-08,106.15843963623048,106.50109788607264,105.00081900703402,105.037863715035,30792600
2015-12-09,104.54705047607422,106.2788537588656,103.90804152523415,105.6954083461658,48509200
2015-12-10,105.01936340332033,105.72319884827728,104.47296269594835,104.78783923667524,30154600
2015-12-11,102.6022491455078,104.08400237881064,102.53742266234948,103.80617055638528,56022200
2015-12-14,103.38016510009766,103.42647275819512,101.29644766573126,102.7411632248038,53098500
2015-12-15,104.0098648071289,104.90817927619874,103.88021190082536,104.33400413844122,48428000
2015-12-16,105.55648040771484,105.73243393518472,103.6209350811024,104.71372921538868,44944100
2015-12-17,104.0191650390625,106.01953699440794,104.00064621676012,106.01953699440794,45668800
2015-12-18,102.02383422851562,103.92812622208336,102.02383422851562,103.6958949725896,53746100
2015-12-21,103.15714263916016,103.17571802416168,102.2282174720795,102.98993582560016,26432800
2015-12-22,103.83524322509766,103.98387463817215,103.15713189256884,103.7051942822254,26540300
2015-12-23,104.60626983642578,104.6805855551129,104.18825632130051,104.3740385308813,25656900
2015-12-24,104.58766174316406,104.87563331075025,104.54121974571392,104.60624421185236,11468600
2015-12-28,104.53192138671876,104.55050385414047,103.58442107511873,104.33684800159918,19183600
2015-12-29,106.1761245727539,106.4083558101509,105.08927699551349,105.15430145849923,27725700
2015-12-30,105.21932220458984,106.12038050780164,105.20074682459362,106.08322266067454,19520100
2015-12-31,103.9095458984375,105.04283547600852,103.89096343056605,104.84776208616786,29886800
2016-01-04,101.71732330322266,101.8102144184921,100.43540890337356,101.67087420201902,50807600
2016-01-05,101.54080200195312,102.34896940296773,101.06705529627826,102.2189204539037,38795200
2016-01-06,100.56543731689452,101.15065760184054,99.77585236786491,99.77585236786491,41891100
2016-01-07,97.4164047241211,99.66440238678248,97.36066438345628,98.41963872329306,61386300
2016-01-08,96.61748504638672,98.73543277679796,96.51530273596032,98.1223389142395,69344000
2016-01-11,96.91474151611328,97.59285275929028,95.42846301688807,97.3048882933221,50024100
2016-01-12,98.03873443603516,98.5403547306472,96.68250493747722,97.84366105820844,46734200
2016-01-13,94.657470703125,98.6797181548431,94.50883928279411,98.43819564037352,69870700
2016-01-14,96.67323303222656,97.51855825895136,93.51488633495484,95.0290387548826,78445700
2016-01-15,93.67279815673828,94.6946213761733,92.43733323283752,93.46844059998692,91443900
2016-01-19,93.8771514892578,95.09404797110452,92.7810197845036,94.94541657995524,56563800
2016-01-20,93.58919525146484,94.59243596847244,90.33795769930477,92.40017236633082,86675000
2016-01-21,93.68206024169922,95.07544737594502,92.7252688767918,93.98860711214532,61660100
2016-01-22,96.39452362060548,96.43168146315516,95.24265885009989,95.56778111349252,42229800
2016-01-25,94.96401977539062,96.59892291207736,94.8804128278364,96.05086048364105,38881500
2016-01-26,95.81861877441406,96.22734097054796,94.52741354277887,95.36344749167752,36143900
2016-01-27,93.43126678466795,95.66997207581312,93.03182879998936,95.26124994500636,54524700
2016-01-28,94.7503433227539,95.01973240422576,93.13401592105762,94.98257455638812,47641500
2016-01-29,96.7289581298828,96.76611598050472,94.69461719006505,94.72248380624762,54245100
2016-02-01,96.98905181884766,97.35133196141275,95.89292015779225,96.26448444658294,32750300
2016-02-02,94.88968658447266,96.58032973714998,94.6017150260942,96.5431718880968,44928100
2016-02-03,94.43450927734376,95.52134971566376,92.78101699266904,95.52134971566376,61572900
2016-02-04,94.42523193359376,95.17765894970536,93.30123348326732,94.18370943828378,49321600
2016-02-05,91.1461181640625,94.12796638736036,90.77454676859765,94.0908085391004,70749900
2016-02-08,89.75273132324219,90.1521693356854,88.09923895715363,89.44618438847844,91673100
2016-02-09,89.47406768798828,90.83029751899322,88.41509361327023,88.55443379934077,73778400
2016-02-10,89.81776428222656,91.67561436009072,89.75273981298675,90.50516682663832,59421700
2016-02-11,89.6877212524414,90.40299046120192,88.42438254929323,88.67518920798855,76839200
2016-02-12,91.05320739746094,91.1461055488206,89.85490062082128,90.70021851854958,49186500
2016-02-16,93.10614776611328,93.10614776611328,91.82422684190122,92.40016284315118,40565900
2016-02-17,95.21480560302734,95.34485452663633,93.542737889291,93.78426035619398,41766500
2016-02-18,94.1279754638672,95.53064716347892,94.00721067359352,95.51207178112524,38991500
2016-02-19,94.4066390991211,94.69461064976758,93.46843001247518,93.6727875460782,28257900
2016-02-22,95.93937683105467,96.03226791746664,95.19624105262346,95.28913213903542,23979100
2016-02-23,94.36019134521484,95.64210513278265,94.29516688687012,95.38200729940375,29869700
2016-02-24,95.26123809814452,95.38199576700296,92.67882128164712,93.25475719101853,40739100
2016-02-25,96.199462890625,96.199462890625,94.60171088692066,95.4563272034813,29389300
2016-02-26,96.07872772216795,96.95191962354636,95.84649643666404,96.93333715190968,30925000
2016-02-29,95.21480560302734,96.70108407794032,95.21480560302734,95.98581499809104,27553900
2016-03-01,98.27096557617188,98.27096557617188,95.82789565161032,96.125151334778,37699800
2016-03-02,98.3081512451172,98.32672662995093,97.54643289847652,98.1502356690526,29209800
2016-03-03,98.1223373413086,98.23381088375086,97.41635950057848,98.20594426992398,25474600
2016-03-04,98.15948486328124,98.7911540297386,97.50924031860484,98.2338005504254,31655400
2016-03-07,97.5557098388672,98.22453703764602,96.85901602132856,97.65789216574372,25861200
2016-03-08,96.74752807617188,97.73218618522856,96.58032131358353,96.88686822618456,28898500
2016-03-09,97.36992645263672,97.3885018358684,96.57105031809223,97.10982856457775,31047400
2016-03-10,97.22128295898438,98.33598999866328,95.96722868042748,97.7786364788238,44236100
2016-03-11,98.92122650146484,98.92122650146484,97.96443483476388,98.27098180190175,31454000
2016-03-14,99.0884246826172,99.32065592472726,98.52177988489778,98.54964650000936,25374900
2016-03-15,99.05126953125,99.16274308186765,98.4196002520206,98.73543843520294,26524600
2016-03-16,99.93375396728516,100.19385183533817,98.78188185571425,98.80975555912168,31693100
2016-03-17,99.87800598144533,100.11023721540128,99.27421044286764,99.64577474748934,29623700
2016-03-18,100.03453826904295,100.2860888775224,99.50348066611252,100.1183861024834,37682300
2016-03-21,100.42585754394533,100.51902418678232,99.80163321796228,99.85753178203264,17288600
2016-03-22,100.73329162597656,100.96621173573202,99.83887925749453,99.8575097386856,18840300
2016-03-23,99.90411376953124,100.61218590697604,99.68050530787188,100.53765686124844,20912900
2016-03-24,99.93206024169922,99.96000952158144,99.2519302958777,99.41963308332969,19017300
2016-03-28,99.79230499267578,100.23019599161208,99.61528341229936,100.21155839991007,13892300
2016-03-29,101.39478302001952,101.46000036586858,99.43825553639029,99.60595829831036,29963900
2016-03-30,101.88856506347656,102.52210799462507,101.67427545240344,102.00036926596997,23807200
2016-03-31,101.73949432373048,102.19602282632732,101.58111036560038,101.81403045984716,21447200
2016-04-01,102.82025909423828,102.85752716669008,100.98484739789528,101.12460089255003,26389000
2016-04-04,102.428955078125,102.89479532191032,102.1867161610724,102.82025917694672,17163000
2016-04-05,101.44135284423828,102.01899721388352,101.31091816531143,101.63700486262854,20107900
2016-04-06,103.10906219482422,103.14633026164628,101.54383892908189,101.54383892908189,25056000
2016-04-07,101.6277084350586,102.69914240838128,101.18981747227956,102.51280204754023,28567200
2016-04-08,101.5531768798828,102.50348788456364,101.19914084052296,102.2612560667608,22898000
2016-04-11,101.18050384521484,102.50348848804988,101.17118504965732,101.9910684629194,25772100
2016-04-12,102.02833557128906,102.2239876271952,100.64012648084918,101.25503903497555,28564100
2016-04-13,103.33270263671876,103.49108663870588,102.6805219273425,102.81095664758593,25356700
2016-04-14,103.3420181274414,103.72401061375112,102.4848736176881,103.35133692441856,17199700
2016-04-15,103.08113098144533,103.47243508939768,102.82026157614372,103.2581525528249,21353300
2016-04-18,103.63082885742188,103.66808982357844,102.7177788071024,102.7829961601139,17126100
2016-04-19,102.9972686767578,103.8264636448923,102.37303742102202,103.8264636448923,42481400
2016-04-20,103.08113098144533,103.55629003147789,102.64324000476414,102.9972831475233,18078300
2016-04-21,103.0904541015625,103.46312774255227,102.6246138273649,103.02523674750118,20216000
2016-04-22,101.53455352783205,102.22399517212438,100.73330765413064,101.74883608233428,39074000
2016-04-25,101.53455352783205,101.54386521583038,101.04075684572771,101.22709722807616,14351900
2016-04-26,101.04073333740234,101.9165151602821,100.73328421733694,101.74881240926592,19118300
2016-04-27,100.2301788330078,100.46309893229916,99.40098384818322,100.00657041981484,33059800
2016-04-28,99.01898956298828,100.92893718359026,98.82333753633728,100.34197399548007,29818200
2016-04-29,98.4972686767578,99.22397836692856,97.71465332015651,99.01900750905304,67502800
2016-05-02,99.4289321899414,99.5686856698365,98.33886784144278,98.74880237880252,24813800
2016-05-03,98.50657653808594,99.16806880079274,98.2457000427377,98.720859059782,38569400
2016-05-04,97.87305450439452,98.27367746567744,97.63081554664784,97.91031547497782,27474500
2016-05-05,97.8450927734375,98.4413748926109,97.64944070183824,98.22708522857808,20788100
2016-05-06,98.36682891845705,98.38545940087172,97.26744564387926,97.36061227226894,30758500
2016-05-09,98.64632415771484,99.10285269919214,98.329556214477,98.37613597239904,19289600
2016-05-10,99.99727630615234,100.04385606930164,98.82335680914808,99.00037839032768,21178900
2016-05-11,99.09353637695312,100.14633275994348,99.06558709987095,99.84819529080367,20966300
2016-05-12,98.65563201904295,99.44755889753002,97.9568717542326,99.32644301056608,29196300
2016-05-13,98.29228973388672,99.17738333846424,98.0966376878693,98.57179671857324,21059300
2016-05-16,99.52212524414062,99.88548012349484,98.34820565260284,98.4413794027217,18311900
2016-05-17,98.2736587524414,99.7270780058435,98.01278225091988,99.43825933578484,29932700
2016-05-18,98.62769317626952,99.1587507493619,97.86371549027425,98.05004873733348,27524400
2016-05-19,98.11527252197266,98.48794614870005,97.39788165475296,98.2457072251035,27334600
2016-05-20,99.19602966308594,99.59665258539562,98.45068237706283,98.50658804381762,29549600
2016-05-23,99.06558990478516,99.66186485994751,98.97242327582067,99.30782171846111,15729800
2016-05-24,101.05006408691406,101.17117999047198,99.58732601649548,99.61527529361209,29931300
2016-05-25,101.77677154541016,102.08422780342568,101.2550327619834,101.43205432414226,37951700
2016-05-26,102.07492065429688,102.2053553650349,101.63702965046552,101.87926858818984,21885900
2016-05-27,102.60598754882812,102.61530634562392,102.1215167378362,102.14014722326849,19870000
2016-05-31,102.80162048339844,102.96001156678577,102.27988169056856,102.74572192935466,24366100
2016-06-01,102.81094360351562,103.04386373270717,102.4010090096861,102.48485684427912,19571500
2016-06-02,103.02523040771484,103.03454209475169,102.04696304883538,102.60596992184162,15696600
2016-06-03,102.54075622558594,102.87616178297266,101.86994511081248,102.82958202165456,20269900
2016-06-06,102.9134292602539,103.1836174637022,102.55007442655132,102.72709599974527,12502400
2016-06-07,102.6525650024414,103.07181841369922,102.60597813089782,102.96933298283022,12184300
2016-06-08,102.82955932617188,103.04384181888908,102.4475669836182,102.82955932617188,14568700
2016-06-09,102.6618881225586,102.7736852459184,102.21467830464276,102.41033037868128,17571600
2016-06-10,101.4972915649414,101.92586380791928,101.14324837123333,101.73021172578758,32965000
2016-06-13,100.6494369506836,101.48795076960468,100.5190022575356,100.91962513167805,25154700
2016-06-14,100.6494369506836,101.01279175418978,99.91340854897274,100.37924876968916,24588500
2016-06-15,100.36061096191406,101.03142196808032,100.19290821037252,100.89166849043616,24605700
2016-06-16,100.65876770019533,100.75193433377208,99.22397879700608,99.86684065255514,32079900
2016-06-17,99.4789047241211,100.59055973271228,99.2453642350618,100.45043401385868,29208800
2016-06-20,100.10480499267578,101.11369455273316,100.030070320941,100.63727705637766,20562800
2016-06-21,100.42243194580078,100.62794876081524,100.04876565732832,100.23560236511038,22804100
2016-06-22,100.17953491210938,101.0669931240437,100.09546374973272,100.47846647904424,22724200
2016-06-23,101.60880279541016,101.62749002753556,100.53452214219608,100.95489221283717,18714200
2016-06-24,97.42375183105467,99.48824891095131,97.20889144396584,97.99359119780104,68012700
2016-06-27,95.49004364013672,96.77918467299224,95.05098634665303,96.77918467299224,48222600
2016-06-28,97.5825653076172,97.62927626019712,96.4989410532513,96.54564487874052,28260600
2016-06-29,99.3107681274414,99.5162849247206,98.30187850084783,98.34858232844428,31356700
2016-06-30,100.45978546142578,100.52517651837704,99.14261357943371,99.47891248006611,36300800
2016-07-01,100.9642333984375,101.33789963395162,100.3757067611983,100.4130740974588,19902800
2016-07-05,100.34768676757812,100.57189079346767,99.80587106231476,100.43176505905944,21167900
2016-07-06,101.16973114013672,101.2164349563528,99.5536280047669,99.87124673964708,24579300
2016-07-07,101.46868133544922,101.6928782250114,100.9922567089253,101.26316455039613,19161700
2016-07-08,103.03807067871094,103.094118117622,101.8423373409153,102.01048678473887,29457900
2016-07-11,103.62659454345705,104.00959727066954,103.37437393061862,103.38371041943768,20218500
2016-07-12,104.14971160888672,104.42996303880012,104.00958589393002,104.26181360627004,21906100
2016-07-13,103.89749145507812,104.45798719014248,103.88814784015156,104.39259613983648,21107800
2016-07-14,104.6074447631836,104.8036178920526,104.34587346426908,104.58875753543084,20871000
2016-07-15,104.4393081665039,104.90638913839868,104.20576768055652,104.85033457535008,17999300
2016-07-18,105.1305923461914,105.31742189537466,104.48601828545536,104.50470551662798,20713900
2016-07-19,104.74756622314452,105.07452857402777,104.56073670300212,104.76625345141238,18936700
2016-07-20,105.97135162353516,106.16752481061496,105.18665174812465,105.31743387284452,24997900
2016-07-21,105.72845458984376,106.25158302494322,105.43886665285518,106.04606624627117,18885400
2016-07-22,106.1675033569336,106.288941840465,105.47622553351898,105.80318077924956,20003400
2016-07-25,106.17681884765624,106.204842557426,105.82183285167164,106.08339697897318,12968100
2016-07-26,106.29830169677734,106.68130443541304,105.76582960749003,106.13949585702818,21223800
2016-07-27,107.03630065917967,107.31654502740548,106.5878996920902,107.19510651388346,27646100
2016-07-28,107.40996551513672,107.53140402704337,106.86814976584589,107.20444870491664,16939700
2016-07-29,107.64350128173828,107.93308925035493,107.30720235756166,107.65283777117736,22385300
2016-08-01,108.2133331298828,108.48424099134712,107.58744623982275,107.7182283623102,13990100
2016-08-02,107.39125061035156,108.14791946474844,106.69997280353108,108.05450470065212,21278400
2016-08-03,107.74625396728516,107.75559758393784,107.2418127015004,107.30720376388666,15011300
2016-08-04,108.05453491210938,108.15729331947294,107.45667170222596,107.7088994756062,12835300
2016-08-05,109.0914535522461,109.33433770419472,108.48424673592028,108.60569237544036,23196600
2016-08-08,108.97002410888672,109.17554093709428,108.6243815226202,109.14751008380878,12358200
2016-08-09,109.22224426269533,109.567886847351,108.9887037093828,109.05409477922662,13276500
2016-08-10,108.94200134277344,109.31566053143418,108.65240620634152,109.28763680499384,14688400
2016-08-11,109.4090576171875,109.6425981206272,109.0914388264224,109.31563571413918,12969800
2016-08-12,109.48380279541016,109.493146412638,109.10080001416884,109.22223852976404,19379000
2016-08-15,109.95089721679688,110.20312502290722,109.58657449871978,109.62394184507288,11777800
2016-08-16,109.34365844726562,109.75468485639698,109.32497121720644,109.74534836845744,14161400
2016-08-17,109.53982543945312,109.57719277037975,108.76446935867692,109.37167601382804,15980300
2016-08-18,109.56787109375,109.7266769366674,109.25025228082411,109.43708897286614,10036300
2016-08-19,109.53982543945312,109.78270239984188,109.07274449350452,109.37167601382804,18743000
2016-08-22,109.62391662597656,109.81075331476012,109.17552282707788,109.3810324941034,14500600
2016-08-23,109.8201141357422,110.24049143332626,109.77341029851674,110.05365470314692,11997900
2016-08-24,109.11016082763672,109.89485374824612,108.7458380963405,109.74539148450316,17728700
2016-08-25,108.93263244628906,109.26893133971676,108.69909194402484,108.82987405512556,24266300
2016-08-26,109.0914535522461,109.80141877412356,108.43754290518233,108.97001503981754,23896000
2016-08-29,109.24093627929688,109.53052429740936,109.10081051575804,109.1194906249201,11184900
2016-08-30,108.88590240478516,109.38100704244754,108.51224336834588,109.06339543605633,19843300
2016-08-31,108.77383422851562,108.88592911611022,108.31608968053426,108.7177796576273,16169800
2016-09-01,109.05409240722656,109.1848745440696,108.27874320368336,108.8112153685706,20944700
2016-09-02,109.4090576171875,109.8200840568198,108.99802405046464,109.59588716910304,18088200
2016-09-06,110.09099578857422,110.09099578857422,109.35300691636064,109.595891044111,18525200
2016-09-07,110.1563949584961,110.34323165786655,109.73602485732238,110.1937622983702,17546900
2016-09-08,109.51183319091795,109.85746862889988,109.22223807479462,109.82944490442476,20125300
2016-09-09,106.75604248046876,108.8392270766128,106.73736237459312,108.59634293768278,50813300
2016-09-12,108.67105102539062,108.8205132170982,106.14880972386231,106.15815333805948,39646000
2016-09-13,107.69954681396484,108.44687220001371,107.17641833102154,108.12926051453844,45863900
2016-09-14,108.2133331298828,108.80185980816744,107.78361942355392,107.8116502730222,28221800
2016-09-15,109.89482879638672,110.06297825935188,108.23202139989314,108.24136501647207,38521400
2016-09-16,109.8423843383789,109.9547672159374,109.29921114760064,109.77682944603995,27596500
2016-09-19,109.36476135253906,110.46046756821936,109.1493697776346,110.12332609494123,16222900
2016-09-20,109.57081604003906,110.02034048039096,109.38351835777912,109.758113722299,18078600
2016-09-21,110.64778900146484,110.80699273642183,109.39287174104638,110.03906085286364,31546800
2016-09-22,111.52811431884766,111.64986425484716,111.18161285780114,111.29398862032464,22614400
2016-09-23,110.81634521484376,111.44380019020294,110.65714150078794,111.44380019020294,22213400
2016-09-26,109.88921356201172,110.32001105304408,109.73000983203556,110.18890125836396,16403900
2016-09-27,110.97554779052734,111.03173565492428,109.71127082696648,109.81428667499226,20238400
2016-09-28,111.16285705566406,111.22841195262905,110.59158989142018,111.11603621208788,14794300
2016-09-29,110.35746002197266,111.18158686084033,109.87984885302632,110.9755551511234,27207500
2016-09-30,111.18158721923828,111.5093616925956,110.53539815394272,110.64778103549992,25543200
2016-10-03,111.02237701416016,111.16284667672136,110.591579565815,111.04110392085256,19216400
2016-10-04,110.8538055419922,111.59364338803287,110.43237512225024,111.35015073295624,21239700
2016-10-05,111.24713897705078,111.603007374526,111.13475609866244,111.18158408422778,14481300
2016-10-06,111.19095611572266,111.42508176419386,110.64778289648198,111.10666716690018,11987100
2016-10-07,110.9474639892578,111.45317624984962,110.40429076733167,111.29396537794176,19984200
2016-10-10,111.64983367919922,111.89332633956776,111.47189591066676,111.51872389552707,19687300
2016-10-11,110.05777740478516,111.57491411999445,109.57079921870115,111.55618721262285,27774400
2016-10-12,109.964111328125,110.33871372132108,109.62696988874316,110.16077597694002,14267800
2016-10-13,109.57081604003906,109.87049661862412,108.57812546315388,109.21494758576571,22821000
2016-10-14,109.70188903808594,110.55410963980292,109.63633415679588,110.1139523747356,21313300
2016-10-17,109.40222930908205,109.85175368386,109.26175249540468,109.60826101648246,14182700
2016-10-18,110.37618255615234,110.89126177669267,110.31999469389228,110.7039569942476,19276700
2016-10-19,110.3668212890625,110.52602500373692,110.17015661594458,110.29189937217552,13702900
2016-10-20,110.23573303222656,110.4792257371814,109.59891090423218,110.25446708758004,18132200
2016-10-21,110.64778900146484,110.71334390085586,109.95477904433868,110.32001450450976,15707800
2016-10-24,111.97757720947266,112.05249910657636,111.34075537398192,111.35948942073053,19143000
2016-10-25,111.62174224853516,112.06189959427908,111.4531715021853,112.04316554193603,20341800
2016-10-26,110.86315155029295,111.47187953933972,110.53537713925124,110.90061250369006,20463700
2016-10-27,110.35746002197266,111.4344394123444,110.19825629899054,111.34079058382244,19099800
2016-10-28,109.66445922851562,110.61032890855527,109.3273177018668,110.03906171867524,35369300
2016-10-31,109.56143188476562,110.06714412174809,109.50524401786116,110.06714412174809,18749400
2016-11-01,108.7373046875,109.7674559975296,107.79143517199742,109.74872909150592,23498700
2016-11-02,107.8663558959961,108.91524124542497,107.59476931949362,108.66238157473956,26960100
2016-11-03,106.80810546875,108.04428839598344,106.68635557954931,107.68841289825409,36205200
2016-11-04,106.43350219726562,107.2669887852279,106.2461974250038,106.54587791567624,26997500
2016-11-07,108.96205139160156,109.07443425031823,107.97872817137872,108.15665876649742,26591200
2016-11-08,109.67379760742188,110.1701427406286,108.59681840888943,108.84967806029996,20777900
2016-11-09,110.1795425415039,110.35747319344787,108.25970917540164,108.39081897997026,70234400
2016-11-10,108.40013885498048,110.86313727795002,106.94855746373908,110.71330062859764,72825400
2016-11-11,108.4469985961914,108.68112423465904,107.54794985692187,107.9319193335836,41115200
2016-11-14,107.35128021240234,108.5781033597896,106.78938013506054,108.4750875120331,35906000
2016-11-15,108.84033966064452,109.21494215147364,108.00685286964762,108.1660566061418,31796600
2016-11-16,109.48649597167967,109.56141073143912,108.3252278835822,108.3252278835822,16538100
2016-11-17,110.28253936767578,110.30126627440292,109.20556003471084,109.43031864017269,20598600
2016-11-18,109.87049102783205,110.60096195440362,109.76747516434648,110.41366428167436,16428700
2016-11-21,111.01300811767578,111.11602396511626,110.1045995420355,110.14206049973632,20268500
2016-11-22,111.35015106201172,111.62173765021764,111.0785644738058,111.45316691081214,18850600
2016-11-23,110.90061950683594,111.10665119105728,110.41364137181463,110.98490844353864,22926000
2016-11-25,111.25650787353516,111.30332871494018,110.90063232512972,111.03174211297988,7162800
2016-11-28,111.00364685058594,111.51872611450922,110.89127111660083,111.11602972951852,13479000
2016-11-29,111.38761901855467,111.92142520271926,110.78825793966632,111.10666538691116,18553000
2016-11-30,110.03904724121094,111.56554379246118,110.00158628262876,111.528082833879,30405300
2016-12-01,108.13797760009766,110.01098316789718,107.96940681319772,110.0016161394724,39796600
2016-12-02,108.35334777832033,108.78414526114402,107.9038305322532,108.2035110779472,32876800
2016-12-05,109.19621276855467,109.6270031507052,108.4189138171979,108.91526624712532,21419700
2016-12-06,109.45840454101562,109.64570931927932,108.99952033792628,109.50523252181824,27293300
2016-12-07,110.8444366455078,110.98491344971762,108.90587675326414,109.233651199789,26622400
2016-12-08,111.04109191894533,111.32204550359526,110.67585654586829,110.8912552467594,18578400
2016-12-09,111.91204071044922,111.94950166515171,111.4437894940875,111.45315651899976,21863100
2016-12-12,111.40634155273438,111.6404671882634,110.94745730768275,111.4157085787408,23259300
2016-12-13,112.81110382080078,113.41983194778824,111.74349141436952,111.74349141436952,54477900
2016-12-14,112.57696533203124,113.3168031687914,112.24919088408616,112.95156776323157,28746000
2016-12-15,112.75491333007812,113.41982931196824,112.45523278690304,112.72681939555356,22762300
2016-12-16,112.33692169189452,113.25741133880254,112.11149843459964,113.0319809154315,26283900
2016-12-19,112.79718017578124,113.4922466716502,112.28997956085028,112.449654093924,21138700
2016-12-20,113.229248046875,113.43588187755444,113.02260705011854,113.15410456331318,11461800
2016-12-21,113.14472198486328,113.3513630038071,112.89112165820902,113.27621951217702,7079300
2016-12-22,112.82537841796876,113.18229927156814,112.38391934062749,113.1541222523469,16645000
2016-12-23,112.9005126953125,112.94747917054644,112.53419711993752,112.63751763258972,9007500
2016-12-27,113.48284912109376,114.14033669155594,113.09775130584504,113.14471060883402,16110600
2016-12-28,112.59990692138672,113.83035791916409,112.52477061952192,113.727037442265,17975200
2016-12-29,112.44023895263672,112.8347314331066,112.08331820831768,112.57173644612668,13267500
2016-12-30,111.28495025634766,112.66567408358372,110.96559404842876,112.65628652311308,41749000
2017-01-03,112.28057861328124,112.70324815766703,111.670050364442,112.0269711537883,22307600
2017-01-04,112.89111328125,113.09775428486024,112.39330022677656,112.40268778797538,19749100
2017-01-05,113.52981567382812,113.60495199188128,112.80657217970962,112.80657217970962,20644300
2017-01-06,114.52544403076172,114.82601080717215,113.36074866793088,113.65192071711928,24074300
2017-01-09,114.90116119384766,115.10780220868034,114.5442331987448,114.61937668887988,18909200
2017-01-10,115.15474700927734,115.50228023281475,114.68511100421009,114.94810602047548,16176600
2017-01-11,115.46467590332033,115.46467590332033,114.60993517562612,115.20168096128356,20686000
2017-01-12,115.2862548828125,115.36139837023784,114.21548526827225,115.05143685916634,19622500
2017-01-13,115.68073272705078,115.87797896967396,115.34259426367504,115.34259426367504,16930800
2017-01-17,115.3332061767578,115.558629443292,114.99506769391832,115.38016547566104,14538500
2017-01-18,115.56803131103516,115.68074653430573,115.21111051979372,115.50228255564656,12499700
2017-01-19,115.51165771484376,116.14096814782658,115.26744502216545,115.73708095712142,12710700
2017-01-20,115.76528930664062,116.3100688585305,115.4553277857987,116.01888962709828,22091000
2017-01-23,115.85918426513672,116.02825348915876,115.12655334973304,115.69011504111464,17434200
2017-01-24,116.63880920410156,116.81727319554167,115.88738866063753,116.08463494092942,17640900
2017-01-25,117.8128890991211,117.84106611299188,117.26810961069664,117.37143010560736,15036200
2017-01-26,117.93498992919922,118.17920265549846,117.72834894279806,117.9725616690973,16052200
2017-01-27,118.16040802001952,118.27311606185836,117.7753031008677,118.18858503047925,15053000
2017-01-30,117.2399444580078,117.76593454634838,116.59184440910424,117.76593454634838,25006700
2017-01-31,117.0051040649414,117.0332810762768,116.32882712858724,116.82664010504902,19091100
2017-02-01,117.8128890991211,118.04770710281336,117.27750433734585,117.83167138634268,22861900
2017-02-02,117.70957946777344,118.06650028653868,117.27751516103316,117.60625896332712,15101400
2017-02-03,118.0477066040039,118.1698093856203,117.7189628334392,117.83167088844613,16957200
2017-02-06,118.18858337402344,118.20736565870804,117.7377297147592,117.8504449210942,11630100
2017-02-07,118.62065887451172,118.86487159511394,118.32009212841533,118.43280017940366,17541100
2017-02-08,118.81790924072266,118.98697848913118,118.23555801485402,118.4609884567832,12569100
2017-02-09,119.24999237060548,119.51298742838516,118.87428207402968,118.9400308384746,17542700
2017-02-10,119.64445495605467,119.81352418881526,119.30631649053352,119.51295746013824,13915700
2017-02-13,120.3207550048828,120.47102764002985,119.96382704058128,120.0107863433051,19120200
2017-02-14,120.72464752197266,120.73403508383667,119.98262166828194,120.36771952096224,16333500
2017-02-15,121.4384765625,121.49484492428854,120.57434799974456,120.64010392242083,17891400
2017-02-16,121.40087890625,121.75780677288137,121.09091749556752,121.51358693480722,15098300
2017-02-17,121.9269027709961,121.93630466409428,121.2036592779884,121.22244873203064,15563700
2017-02-21,122.52800750732422,122.60315097367446,122.0959504909988,122.16169206646104,18479600
2017-02-22,122.57500457763672,122.6595356238353,122.20868904528858,122.4153300463213,12110900
2017-02-23,122.11473846435548,122.7628383892244,121.62632737988658,122.7628383892244,17489000
2017-02-24,122.34957885742188,122.34957885742188,121.5230291534564,121.56059373139148,18624500
2017-02-27,122.49987030029295,122.50925786208032,121.91752616205812,122.12416717862315,12008700
2017-02-28,122.1241455078125,122.52802557533164,121.78600702544983,122.47167155029668,16598600
2017-03-01,123.45790100097656,123.68331708471317,122.66891604359486,122.90373401892168,25813800
2017-03-02,122.83802032470705,123.44854153752664,122.68773332912916,123.42976641219695,19951400
2017-03-03,123.06340789794922,123.10097246766416,122.42469555558168,122.75344645223213,13722700
2017-03-06,122.79100036621094,122.99764131209017,122.30258934154234,122.6595028853924,12026200
2017-03-07,122.5843734741211,123.11976534950236,122.36834494489896,122.5468089033594,15500900
2017-03-08,122.80043029785156,123.18552093751424,122.53743527616076,122.65953089413264,15776000
2017-03-09,122.89434814453124,123.06342456152176,122.23686059435413,122.77225252731144,20855300
2017-03-10,123.41092681884766,123.60818021192874,122.87554932131484,123.45789327740516,21922600
2017-03-13,123.61760711669922,123.64578413437192,123.298258028305,123.36399962548946,10731600
2017-03-14,123.31700134277344,123.38275725515186,122.81918838275766,123.33579079376038,14019700
2017-03-15,124.07782745361328,124.36899945822393,123.1761200963541,123.5706125863574,22709100
2017-03-16,123.9933090209961,124.31267243840496,123.71153884704026,124.31267243840496,18457300
2017-03-17,123.95002746582033,124.27944787748706,123.88413476630744,124.14767684042718,21234500
2017-03-20,124.06298065185548,124.34535128758196,123.73356021181384,123.91238106453906,10105200
2017-03-21,122.18052673339844,124.64653389368983,122.10522694107324,124.53359138618546,35841900
2017-03-22,123.00879669189452,123.13116063634396,122.05814948403106,122.21817050152583,29177900
2017-03-23,122.69815826416016,123.18759955153143,122.49108750265545,122.84875779288386,20311700
2017-03-24,122.95230102539062,123.57349898761302,122.48168823954676,123.0934791163588,22967600
2017-03-27,123.14995574951172,123.36644798110014,121.79458856897158,122.07695912524464,18472400
2017-03-28,123.90292358398438,124.27000095254604,122.87699124133272,123.1499403156124,23721900
2017-03-29,124.47711181640624,124.52417597871111,123.8558993427002,123.98767037997428,13710000
2017-03-30,124.68413543701172,124.81590642439885,124.31705808915042,124.43000054635068,16092400
2017-03-31,124.59944915771484,124.93829094719771,124.36414275840625,124.50532085320629,19841400
2017-04-03,124.52413177490234,125.00415159129548,123.8276197611508,124.70296691099806,23700300
2017-04-04,124.72178649902344,124.74061503047292,124.1194027502933,124.16646689793626,13400000
2017-04-05,124.21354675292967,125.6347922749166,123.9782403469208,124.90063743712594,32011200
2017-04-06,124.27938842773438,124.60882304378008,123.95937525680706,124.33587401256774,18832200
2017-04-07,124.21354675292967,124.5900312577586,123.77116956067592,124.24178237269368,16743100
2017-04-10,124.26061248779295,124.77828945999283,123.92177068434974,124.33591226210964,15619300
2017-04-11,123.72409057617188,124.33589577563536,122.82992921291462,124.14763918382413,33778400
2017-04-12,123.22528076171876,123.8088361654374,123.09350972339628,123.70530075232932,15955200
2017-04-13,122.73580169677734,123.7805625953366,122.71698752704592,123.05582928771274,23683000
2017-04-17,123.75234985351562,123.771178388689,123.03702349853452,123.08408765548582,13325500
2017-04-18,123.56407928466795,123.92174956121438,123.25347315429256,123.33818000022376,12841100
2017-04-19,123.76177978515624,124.514748900131,123.59235168091124,124.100621631681,17764800
2017-04-20,124.79708862304688,125.07005206736152,124.07235531109248,124.26059754326296,21977900
2017-04-21,124.76887512207033,124.95711738760744,124.4488618344608,124.91006759269636,22454900
2017-04-24,126.27483367919922,126.39718324468464,125.93599187869476,126.15246975175047,22469900
2017-04-25,127.1877899169922,127.41367481604394,126.57598480415484,126.68894161564022,19384400
2017-04-26,127.0090103149414,127.54550154665772,126.93371052835624,127.23489531273113,25398500
2017-04-27,127.77134704589844,127.77134704589844,127.24426312395414,127.31956287879756,16136500
2017-04-28,127.99723815917967,128.32665840843654,127.79016743703708,128.2795942694116,22771900
2017-05-01,129.13612365722656,129.30555169961,128.36432628758655,128.42079751439434,24815500
2017-05-02,129.3526153564453,129.40910095127242,128.9667238112103,129.29614412357978,18345100
2017-05-03,128.9385223388672,129.1079360823261,128.5902590407038,129.06087192182127,23827600
2017-05-04,128.98553466796875,129.3526120341282,128.53375045468658,128.9196563519715,14630100
2017-05-05,129.45616149902344,129.45616149902344,128.83496352390088,129.31498340512348,19330700
2017-05-08,129.738525390625,129.738525390625,129.25850553403694,129.52204753710043,13279900
2017-05-09,130.19033813476562,130.48211578685664,129.82324634566118,129.93620318921776,28426100
2017-05-10,130.26560974121094,130.3126738908743,129.8044184156113,130.26560974121094,20499400
2017-05-11,130.1620635986328,130.19972066003592,129.3055593381841,129.90794306298582,27232100
2017-05-12,130.45379638671875,130.4820319889836,130.10553335552834,130.2184901265421,19738600
2017-05-15,130.86801147460938,130.94331125201165,130.38799155087963,130.5103554844038,20481300
2017-05-16,131.41390991210938,131.4327384449197,130.82094756722825,131.20683913708342,21786000
2017-05-17,128.0725860595703,130.61389254080234,128.05375752448978,130.36916467064802,55642200
2017-05-18,129.19261169433594,129.6255817594664,127.8843087758678,128.02550122321904,41319900
2017-05-19,129.738525390625,130.28443792895996,129.56911168663933,129.65381853863218,36730100
2017-05-22,130.8303985595703,130.89629126553885,129.98330100433122,130.0303508092033,19509700
2017-05-23,130.96212768554688,131.2256697011206,130.62328589952884,131.21626261555107,19687500
2017-05-24,131.56454467773438,131.63043737923232,130.99039634996998,131.35747384726417,15891900
2017-05-25,132.68455505371094,133.0233967958542,131.78097228734194,132.0633427994548,23928600
2017-05-26,132.91990661621094,132.97637786544297,132.5340005971711,132.712835794383,13851600
2017-05-30,133.03280639648438,133.19281300525063,132.76926441005045,132.85397125669826,20306400
2017-05-31,132.98577880859375,133.5034558392451,132.30810948715433,133.5034558392451,33229400
2017-06-01,133.50347900390625,133.55995026032764,132.69402415060867,133.2587654387577,20120700
2017-06-02,135.02821350097656,135.05644911638225,133.75755335987742,133.9740311986412,37222900
2017-06-05,135.00001525878906,135.23532171865193,134.81177296329207,135.0188437969287,15727500
2017-06-06,134.4635467529297,135.282408775994,134.26588297393022,134.84003140763377,22393000
2017-06-07,134.99061584472656,135.10355835605208,134.2188180807233,134.84001625498098,18842400
2017-06-08,135.1317596435547,135.34823749956445,134.39759049863576,135.29176626425428,25417400
2017-06-09,131.7527618408203,135.44236464788693,129.9926744794958,135.29177945969346,109783700
2017-06-12,131.0468292236328,131.28213561098644,129.39027742696965,130.6421091311264,104454000
2017-06-13,132.1104278564453,132.2986701069965,131.09390246911315,131.7809931465084,51193000
2017-06-14,131.5363006591797,132.6469401681399,130.4727109488973,132.6469401681399,60093800
2017-06-15,130.95277404785156,131.09395219882927,129.4091640286315,130.2091974874528,55145200
2017-06-16,130.38458251953125,130.97917482687745,129.90325480473683,130.88479006659972,48087400
2017-06-19,132.56468200683594,132.68736485141218,131.4510028872662,131.64920502248194,39626500
2017-06-20,131.5265350341797,132.60245473140162,131.47934266829253,132.4325794955136,40935100
2017-06-21,132.82896423339844,132.89502202217716,131.7435974649474,131.82853507955758,35743400
2017-06-22,132.7911834716797,133.2819580576651,132.45141866616447,133.03657796521503,24099100
2017-06-23,133.3008575439453,133.47073277121888,132.27211586369043,132.6401932572039,21654300
2017-06-26,132.67794799804688,134.29182020176626,132.3853755167344,134.06531990711758,34411100
2017-06-27,130.2713165283203,132.33821867832611,130.26188381387357,132.177776126187,65957800
2017-06-28,132.1494598388672,132.2627100133835,129.99762011651532,130.7526404814111,57427200
2017-06-29,129.85604858398438,131.60206565537692,128.5913735771753,131.60206565537692,88769400
2017-06-30,129.90322875976562,130.8753311111359,129.47852622585165,130.22411383862598,68898300
2017-07-03,128.5347900390625,130.6488708768891,128.44985237706317,130.49787538925554,32797000
2017-07-05,129.79942321777344,130.14862087087164,128.5064356688717,128.9405709563304,42116600
2017-07-06,128.62916564941406,129.35588816751704,128.1667176478818,128.80848809943524,48430500
2017-07-07,130.01649475097656,130.36570681561247,129.05383939724436,129.06327211209185,36970400
2017-07-10,130.8658905029297,131.17734284930208,129.77109093406105,130.10142310778323,24853500
2017-07-11,131.23397827148438,131.3944208138787,130.18637098789455,130.6771457300412,31517700
2017-07-12,132.7911834716797,132.94219325214985,132.09278843890445,132.3570483541846,36045800
2017-07-13,133.08383178710938,133.40473135381345,132.6968888055642,132.95170175414657,31073600
2017-07-14,134.1314239501953,134.30131363085806,133.25370620356202,133.6784088035811,34544800
2017-07-17,134.1974639892578,134.66935885417476,133.9426367298979,134.27296889577514,25343200
2017-07-18,135.0941162109375,135.1224287622425,133.67843104131006,134.10313371197944,25748500
2017-07-19,135.88685607910156,136.08505828044707,135.43384099171325,135.4904660775005,33752300
2017-07-20,136.06617736816406,136.321004653268,135.45271974223257,136.2360670252633,36139400
2017-07-21,136.009521484375,136.009521484375,135.2922465640522,135.56593921489917,39697100
2017-07-24,136.63243103027344,136.72680135418423,135.8302040710524,135.9906465826792,26712700
2017-07-25,136.28323364257812,136.6041331012353,135.91515621746396,136.17941619441316,28120900
2017-07-26,136.72683715820312,136.80234207775618,136.4059520509209,136.62301969395406,18610600
2017-07-27,135.86798095703125,137.7555604877419,134.30128649028006,137.6234304966357,80665900
2017-07-28,135.75469970703125,135.98121440726794,134.83922259506946,135.056304583204,38013200
2017-07-31,135.17901611328125,136.31156105247746,134.886443564107,136.14168579208862,33848600
2017-08-01,135.490478515625,135.67923361927384,135.0752086469428,135.64148835898058,20149400
2017-08-02,135.85853576660156,136.39650285299504,134.59386091937745,136.36819031172055,41769700
2017-08-03,135.32998657226562,136.06614128861924,135.08460646717643,135.990636394495,27112800
2017-08-04,135.57540893554688,135.8774286061818,135.01857636904057,135.63204842460885,29472900
2017-08-07,136.43421936035156,136.43421936035156,135.63200685812245,135.82076189387718,17933900
2017-08-08,136.1982879638672,137.2930874613654,135.81133073441023,136.16997542523256,30810400
2017-08-09,136.01898193359375,136.0850541323916,134.76373976624026,135.07519212966687,36169500
2017-08-10,133.1026611328125,135.33943812848625,132.97053114996865,135.24506779850523,63331700
2017-08-11,134.11253356933594,134.40510609711637,132.97997431186585,133.28199395414833,45862500
2017-08-14,135.83963012695312,136.04726499090472,135.14123504010357,135.17898028760095,34161000
2017-08-15,135.93402099609375,136.1888482317586,135.56594361172765,136.17940111864212,25509200
2017-08-16,136.1699981689453,136.81178275439538,135.71698307403892,136.27381562830826,31913000
2017-08-17,133.3858184814453,135.8491105152555,133.3858184814453,135.6414756004447,70191000
2017-08-18,133.29144287109375,134.20692022155458,132.74404300372916,133.46133254080252,60751900
2017-08-21,133.12156677246094,133.57458188704155,132.3004597759882,133.28200932551886,37111500
2017-08-22,135.15066528320312,135.29224236117685,133.79160598073796,133.83879834006254,36294200
2017-08-23,134.66934204101562,134.97134722829185,134.3767695654683,134.4711398860167,25702300
2017-08-24,134.27296447753906,135.12236944600463,133.51792983829858,134.97135963793897,38160800
2017-08-25,133.98983764648438,135.13181522784336,133.81051528219925,134.79206472846855,26380400
2017-08-28,134.4051055908203,134.71655794534243,133.97095595694697,134.39565847635382,15362100
2017-08-29,134.93362426757812,135.16013899626418,133.1309823546434,133.25367963281784,24498300
2017-08-30,136.51918029785156,136.74569502012102,134.96193298537878,135.0468706058216,33642700
2017-08-31,137.98202514648438,137.99147225839278,136.83060077830606,136.9061056681472,38480700
2017-09-01,137.79327392578125,138.35010630250844,137.4251965783243,138.16135127323818,22293600
2017-09-05,136.5569610595703,137.68007332931896,135.52823353896167,137.387500768512,44794300
2017-09-06,136.97225952148438,137.28371197738613,135.9812770529049,136.90618730306863,30722700
2017-09-07,137.2930908203125,137.6422884060747,136.7928834240792,137.22701862782336,22721100
2017-09-08,136.10394287109375,137.1798627419641,135.96236575058236,137.11379053884068,27890100
2017-09-11,137.67062377929688,137.90657124688386,137.13267104176566,137.17041630009973,27126300
2017-09-12,138.00094604492188,138.1802684115339,137.34972877715805,138.05757112888577,30256700
2017-09-13,138.18972778320312,138.20860761519634,137.53851038981364,137.76502517045546,28450900
2017-09-14,137.37802124023438,138.06698366291354,137.29308362670284,137.65172830750805,35296400
2017-09-15,137.8499298095703,138.35013722944188,137.12320766328773,137.34972238969874,46422400
2017-09-18,137.66925048828125,138.4448443782649,137.25307182080385,138.00975899507117,24858200
2017-09-19,137.90577697753906,138.1043986110442,137.4423024450038,137.9152303396918,20871200
2017-09-20,137.48008728027344,138.00976399165506,136.42071942490225,137.8584236648009,34236200
2017-09-21,136.63833618164062,137.3950092808838,136.15594048336672,137.38555591855825,28841800
2017-09-22,136.50587463378906,136.7044962093594,136.06132138784238,136.2031939418212,21702400
2017-09-25,135.06822204589844,136.04245244404942,134.40612581889516,135.9667822420183,54947700
2017-09-26,135.4181671142578,136.01406086011667,134.945239235351,135.75867576437523,29628800
2017-09-27,136.63833618164062,137.1490919668912,135.7965250910105,136.13701932610138,33249400
2017-09-28,136.59104919433594,136.73292180131602,135.99515537978925,136.3072895477606,24149400
2017-09-29,137.57470703125,137.67875173430875,136.50589991722376,136.86531526474377,43102400
2017-10-02,137.69769287109375,138.25574434456615,137.08287792466925,137.78281643160014,27351300
2017-10-03,137.99093627929688,138.1517300732284,137.57475731494813,137.8774381736082,19715200
2017-10-04,138.12327575683594,138.4164886488959,137.59359899277803,137.7260181837925,26381100
2017-10-05,139.47586059570312,139.5515163362084,138.4827094184066,138.62458197261617,31562400
2017-10-06,139.66500854492188,139.66500854492188,139.0029126670064,139.0029126670064,23561100
2017-10-09,139.50418090820312,139.99601519345524,139.32446612095154,139.84468933862607,13704800
2017-10-10,139.6082763671875,140.11903198242769,138.9934616379322,139.97715943169692,19223100
2017-10-11,140.02444458007812,140.05283352362844,139.36234860378397,139.5420634614802,12439100
2017-10-12,139.76905822753906,140.31765609823609,139.62717125621964,139.81635388464554,14513500
2017-10-13,140.30819702148438,140.46899071954635,139.77852026725452,140.3365715309889,18409900
2017-10-16,140.79055786132812,140.82838572047802,140.35545810177368,140.65813870539515,21809400
2017-10-17,140.97030639648438,140.98922754882662,140.52576756101976,140.74331029881913,13138200
2017-10-18,140.8000946044922,141.13114990668947,140.5920051744163,141.112228749606,17218200
2017-10-19,140.2798614501953,140.29878260598673,139.2961778382378,139.97719512059803,27680300
2017-10-20,140.6581573486328,140.97027691765402,140.4878958783774,140.84732553466634,30173300
2017-10-23,139.74073791503906,140.96088551898634,139.5421018511987,140.95143215694208,29297100
2017-10-24,139.97715759277344,140.27037048217127,139.45693419257927,140.01498546160155,20289500
2017-10-25,139.44747924804688,140.15687092295548,138.40704678441395,139.70286429214494,36179100
2017-10-26,139.00294494628906,139.71233664434945,138.9651026401303,139.3623602591308,28230200
2017-10-27,143.0511932373047,143.31603162680884,141.12163990507764,141.33918263232536,60165100
2017-10-30,143.372802734375,143.94977526451956,142.81475135856965,142.94717057372029,31733400
2017-10-31,143.91189575195312,144.11998509805372,143.4200613271774,143.8362400193786,26319300
2017-11-01,143.86460876464844,144.55507914944775,143.29708976481402,144.48886234533705,29481600
2017-11-02,143.59034729003906,143.76060881599645,142.60666374128277,143.7038453522692,31017400
2017-11-03,144.9712677001953,144.99017441756538,143.61868691258425,144.11053578377087,26199200
2017-11-06,145.46315002441406,145.5199134930365,144.81052167769693,144.8578029192955,28693900
2017-11-07,145.5482635498047,145.73743178224709,145.0374934463381,145.349627524543,21333100
2017-11-08,146.13465881347656,146.17248667900307,145.30230144581313,145.47256292220246,17373500
2017-11-09,145.36856079101562,145.4442309768203,143.8741070947503,144.93346083079166,40594500
2017-11-10,145.35911560058594,145.47262811325015,144.7726896101762,145.02807472290263,20150800
2017-11-13,145.53878784179688,145.7279704965615,144.8104894648719,144.8104894648719,12522400
2017-11-14,145.00914001464844,145.18885491300966,144.3092160095949,145.02806117042675,25173800
2017-11-15,144.32810974121094,144.71591402038652,143.56196897620325,144.38485877082456,24808000
2017-11-16,146.17251586914062,146.50357109719224,145.02803869266336,145.05641320562654,34790600
2017-11-17,145.61447143554688,146.31440979788871,145.47259886401008,146.21036510122457,28725800
2017-11-20,145.5009765625,145.8509385350238,145.29288716461778,145.7185193211544,21143900
2017-11-21,147.08056640625,147.1467832351804,146.12525731214947,146.1914597084668,20147800
2017-11-22,147.26025390625,147.40212646668616,146.92919868841835,147.2129582419011,17299000
2017-11-24,147.79937744140625,147.84667310363446,147.32644968434383,147.4115876493985,8280600
2017-11-27,147.7332000732422,148.08316205428568,147.39269145320097,147.75212122785896,22653400
2017-11-28,148.11151123046875,148.20610255475748,147.26970040169405,148.0642155683244,25227300
2017-11-29,145.52935791015625,147.97912069806517,144.82941949963404,147.9412928205886,71986300
2017-11-30,146.74948120117188,147.0332407495841,145.80362566153786,146.14413423311052,56595500
2017-12-01,146.125244140625,146.8346358760685,144.0159756557592,145.85093792065757,59015800
2017-12-04,144.4416046142578,147.20350103525283,144.2997176249191,147.042707326757,51319100
2017-12-05,144.53619384765625,146.1819878092687,143.86464444499362,144.4132279995865,40604200
2017-12-06,145.18878173828125,145.4157921953691,143.82674786096578,143.99700931193314,28647800
2017-12-07,145.68067932128906,146.09685808241736,145.02803666702974,145.17937702246016,32666200
2017-12-08,146.32383728027344,147.10889904669486,146.09684120596006,146.74946935222002,28081700
2017-12-11,147.45889282226562,147.50618849217332,146.38061793838568,146.39008573193448,20821500
2017-12-12,147.26025390625,147.69533937999455,146.94811984068,147.39267310686057,20310300
2017-12-13,147.5439910888672,148.01691879542892,147.32643395237088,147.85612510711093,24418500
2017-12-14,147.4399871826172,148.1777534542339,147.27919344984045,147.79940252480725,24594700
2017-12-15,149.11412048339844,149.27492862630027,147.77100734512993,148.01693902301966,49816200
2017-12-18,150.36428833007812,150.48751129880446,149.82403081871988,150.0988961380443,26844500
2017-12-19,149.47335815429688,150.23162793865947,149.05630904975777,150.0799710892283,31415000
2017-12-20,149.31224060058594,150.0231158708088,148.72458833862925,149.99468201702345,38972600
2017-12-21,149.33120727539062,149.994687994815,149.16058968308437,149.5207711291126,18638700
2017-12-22,149.1605682373047,149.21743593896556,148.7624798628858,149.10370053564384,23330400
2017-12-26,148.3549041748047,148.5444679831475,147.81463213509653,148.32647032669283,21918700
2017-12-27,148.3738250732422,148.7719278043517,148.23165585698095,148.36435194642112,22388200
2017-12-28,148.55392456054688,148.87619890789435,148.37383390070883,148.84775060016054,25393800
2017-12-29,147.6345977783203,148.71512780717114,147.5777300604014,148.68669394821168,33186000
2018-01-02,150.22215270996094,150.2600596903924,148.02317181231658,148.39282633839383,32573300
2018-01-03,151.68182373046875,151.81451986809927,150.33590163084668,150.36433548442506,29383600
2018-01-04,151.94717407226562,152.40213006675788,151.72917643406169,152.20309314663828,24776100
2018-01-05,153.4732208251953,153.57748310381623,152.383217927353,152.6675709111186,26992300
2018-01-08,154.07037353515625,154.14620196802417,153.41636595661575,153.47323366556802,23159100
2018-01-09,154.07980346679688,154.534759473655,153.61537433203426,154.3736295225342,24782400
2018-01-10,153.7196502685547,153.74809858305758,152.71494894070165,153.39739030731755,34004000
2018-01-11,154.77175903320312,154.78124662642372,153.74811136099768,153.9850697867997,20473500
2018-01-12,155.90916442871094,156.07029441588074,154.44001935854706,154.63905632860636,37762700
2018-01-16,155.4636688232422,157.73846364449494,154.99922515950294,156.94228690333574,41231800
2018-01-17,157.141357421875,157.37831586898506,155.44474130419715,156.2030112275085,33849900
2018-01-18,157.16976928710938,157.52993620847784,156.52523493981045,156.8948894530521,26432200
2018-01-19,157.66262817382812,157.91854728018592,156.90435844637778,157.63419432454305,38937600
2018-01-22,159.34979248046875,159.34979248046875,157.42569128125635,157.60578199317771,26081400
2018-01-23,160.6672821044922,160.80946583435835,159.76684299985,159.84267142988645,37989700
2018-01-24,159.6246795654297,161.35921700105814,158.70527970398518,161.0085086914755,54287400
2018-01-25,159.56777954101562,160.78100529464004,159.0559413389227,160.72413759725012,28925000
2018-01-26,162.01318359375,162.03214431454649,160.1459647848773,160.4587371326615,32038200
2018-01-29,161.22653198242188,161.99427503121885,160.8853112426459,161.67201501665147,37277800
2018-01-30,159.8995361328125,160.5819775275258,159.0654523436693,159.75736686841137,44987700
2018-01-31,160.56300354003906,161.12223634700266,159.55830225382223,160.79996193632766,42449200
2018-02-01,159.1981201171875,160.87577498942545,158.6862819309386,159.3308162279203,38037900
2018-02-02,156.02291870117188,158.95172160273333,155.89022255082656,158.5725938768312,68478100
2018-02-05,149.8714141845703,157.10338773209534,149.75767880344534,154.5632011350369,105372200
2018-02-06,153.84286499023438,154.03242881236292,147.00899302492982,147.68194676290503,118537900
2018-02-07,151.8524169921875,155.0181775277299,151.84292940065149,153.34998125009454,91028300
2018-02-08,145.44503784179688,152.4116193805625,145.44503784179688,152.24100184145476,94184800
2018-02-09,147.95681762695312,149.03734725663938,142.29825037963022,147.50184712608083,113836600
2018-02-12,150.5823211669922,151.60598320251285,148.2980531559696,149.4733575775431,63050600
2018-02-13,151.3595428466797,151.6628420638976,149.4923095846448,149.71979484465243,31785600
2018-02-14,154.19354248046875,154.43050084877248,149.75768876796246,150.4685638728737,52107400
2018-02-15,157.05601501464844,157.05601501464844,153.96608287437675,155.5773970031958,51633900
2018-02-16,156.35462951660156,158.06071834449668,156.08922281556815,156.54419333494633,62256300
2018-02-20,156.6674041748047,157.984892256517,155.73853132725026,155.8048866191861,36785600
2018-02-21,156.22193908691406,158.9706507099989,156.12714994289342,157.43516492385564,41161800
2018-02-22,156.20298767089844,157.73847354851387,155.80489927532383,156.9043753123802,37074400
2018-02-23,159.3971405029297,159.3971405029297,156.81903250825042,157.46356673831517,50096900
2018-02-26,161.51084899902344,161.51084899902344,160.0132845516403,160.14598068480566,39266700
2018-02-27,159.51095581054688,161.82367277017642,159.4351418281171,161.55828044328092,42209900
2018-02-28,158.48721313476562,160.94209792120043,158.38295089280797,160.42078671141215,42936300
2018-03-01,155.899658203125,159.30239163822753,154.49686859916835,158.57255575538582,76809900
2018-03-02,157.3309326171875,157.60579804673216,153.51116368285238,154.022987554789,57445100
2018-03-05,159.07493591308594,159.48249747297828,156.00394943534076,156.5916161799506,38540200
2018-03-06,159.74786376953125,160.28813584740146,158.7431624978349,159.85212604090307,29480900
2018-03-07,160.11753845214844,160.2502490531492,158.25031938695642,158.52518479367168,34609400
2018-03-08,160.9989776611328,161.11271303804378,160.1364458187859,160.78098003445697,25828400
2018-03-09,164.12686157226562,164.12686157226562,161.90893452845475,162.14589291679673,38310500
2018-03-12,164.99887084960938,165.37799849536106,164.24060109531337,164.61025561189868,37635000
2018-03-13,162.75253295898438,166.06995094910576,162.3354838118934,165.3780219265254,55638900
2018-03-14,162.72406005859375,163.7287757897065,162.01318488239065,163.60555279773772,40536400
2018-03-15,162.58187866210938,163.52971215956833,161.984738930617,162.8377977560049,28810400
2018-03-16,162.09849548339844,163.21693211447723,162.0226670649333,162.85676520525783,31176700
2018-03-19,158.6399688720703,160.65263163158704,157.2538802354402,160.5387116976546,71395100
2018-03-20,159.162109375,159.53236364145548,158.1747694932047,158.70641515926818,34075700
2018-03-21,158.46900939941406,160.21584860479769,157.77597260886824,158.7443351083481,43863500
2018-03-22,154.55764770507812,157.3772815733106,154.3582733617787,156.27600740878924,66607300
2018-03-23,150.48484802246094,155.03234491785557,150.40889657583298,154.37727636616455,80110400
2018-03-26,156.07662963867188,156.26651548002832,151.1019334982586,153.53232161056064,57481500
2018-03-27,151.0260009765625,157.23488343224142,149.69687235185913,157.23488343224142,78889100
2018-03-28,149.28868103027344,151.69058996998365,148.13993504393952,150.16210114596254,89369700
2018-03-29,152.02279663085938,153.52280468503133,148.6999978299888,150.0955744852547,68692600
2018-04-02,147.63671875,151.65256959147425,146.0892534539557,150.94054114974196,85549400
2018-04-03,149.29812622070312,149.92471475875274,146.62090667325108,148.92787199117498,64090000
2018-04-04,151.65255737304688,152.11773997962922,146.24113006286774,146.41202440796775,65768700
2018-04-05,152.5164794921875,153.3994022526568,151.40571691192355,153.16205944953407,43054900
2018-04-06,148.7000274658203,152.33612118808048,147.98799900944118,150.8361128349577,59870900
2018-04-09,149.74435424804688,152.73488299723076,149.48803438751636,149.98169710974756,41810400
2018-04-10,153.04815673828125,153.54181939414784,151.01650269469533,152.09878541910547,48296800
2018-04-11,152.1652374267578,153.7981572927169,151.99435753872484,152.08928598110194,41622100
2018-04-12,153.9975128173828,154.5291583857069,153.00067013364756,153.08611006721637,30467900
2018-04-13,153.20001220703125,154.99432303510775,152.53545532371655,154.7664832386876,44604900
2018-04-16,154.36778259277344,154.92790819547514,153.30447686257358,154.2728396661685,28180800
2018-04-17,157.69058227539062,158.032356530537,155.6114567637717,155.92475103817725,35536100
2018-04-18,158.01336669921875,158.5450123269451,156.9405724592486,157.69058392327872,29573900
2018-04-19,156.56082153320312,157.58614425573325,156.01967294926106,157.21589003534092,34705700
2018-04-20,154.08297729492188,156.27602285671782,153.54182865694233,156.16210292714638,49197100
2018-04-23,153.69375610351562,155.44059623850427,152.86780750967793,154.83299903997516,33040600
2018-04-24,150.4373779296875,154.66207718706852,149.4215437166315,154.42473436939255,70256800
2018-04-25,150.6177520751953,151.24434061457575,148.54812957914405,150.7032065023883,52089300
2018-04-26,153.78866577148438,154.3013199117636,152.0702915090282,152.56396865295923,43005500
2018-04-27,153.8835906982422,156.08613906990593,153.01017083969649,156.04815610556335,51043400
2018-04-30,152.79180908203125,155.2032056481879,152.41205189577263,154.2443459146138,35615300
2018-05-01,154.53868103027344,154.55767251512577,152.0323410213258,152.39310680222823,36513500
2018-05-02,153.6272735595703,155.28867336528526,153.44689069143448,154.80448472212976,38646800
2018-05-03,153.60824584960938,154.17785981404663,151.15886668964535,152.84874607743976,60337100
2018-05-04,156.5228271484375,156.88359284474112,152.8297737117543,152.9437081078926,41543200
2018-05-07,157.82351684570312,158.33617106053984,157.1304652492687,157.25388817476556,32500200
2018-05-08,157.662109375,158.0038691592375,156.51336365059132,157.49121499662385,26040200
2018-05-09,159.3804473876953,159.49436730016512,157.3867620019411,157.94688755325822,29122700
2018-05-10,161.03231811523438,161.14625249560052,159.76965283921976,159.8930757153443,27067600
2018-05-11,160.88046264648438,161.260205362008,160.17792268788403,160.8424796831784,24688800
2018-05-14,161.15576171875,162.17159585942224,160.88993894079474,161.25070463355758,21821700
2018-05-15,159.37095642089844,159.96906497897382,158.52601653844195,159.8836250381792,49361600
2018-05-16,160.4247283935547,160.7949825522711,159.5038372448555,159.57978867308628,22941200
2018-05-17,159.8076629638672,161.02285699518038,159.02917159173393,159.86462292060756,27480200
2018-05-18,158.981689453125,159.7411747377838,158.74434668010582,159.1905377660289,26217900
2018-05-21,159.8741455078125,160.91845989158284,159.1905969086644,160.21591980738657,22954600
2018-05-22,159.66526794433594,160.87097362446306,159.38046812610355,160.60515080327465,19477700
2018-05-23,161.0133819580078,161.03235895433733,158.43109080403218,158.45006780036172,26557800
2018-05-24,160.9658966064453,161.25071087563836,159.34246541242376,160.9658966064453,27696500
2018-05-25,161.12733459472656,161.70645179800357,160.64316033740042,160.94695168917573,27460500
2018-05-29,160.41529846191406,161.31719846125847,159.456438492165,160.3963069763595,41220500
2018-05-30,161.56396484375,161.84877906747346,160.65257671133875,160.99435088255626,22665800
2018-05-31,161.4595489501953,162.53232843603027,161.04182335093074,161.56396586375817,35670900
2018-06-01,163.994384765625,164.08931319298213,162.2190507876152,162.26652224442114,45543300
2018-06-04,165.47543334960938,165.51340183060785,164.3077106159944,164.41212756030455,20459600
2018-06-05,165.98805236816406,166.26337812056613,165.25704699524425,165.86464396635867,24779300
2018-06-06,166.9564208984375,166.98490087572253,165.3235012649058,166.15895256194668,25036600
2018-06-07,165.5988311767578,167.02288814628852,164.7633942719543,166.98491966772062,39600300
2018-06-08,165.6083221435547,166.02604780877206,164.41210510474937,164.82034227257748,31780300
2018-06-11,166.05453491210938,166.46275761119756,165.45642636704363,165.48490634668903,22319700
2018-06-12,166.92794799804688,167.08933937158923,166.10199964925502,166.28236801762193,22511800
2018-06-13,166.91848754882812,168.17165027183768,166.54821879369703,167.18431038359554,37858600
2018-06-14,168.6083984375,168.88370982180246,167.56408390477898,167.687506845808,35916000
2018-06-15,168.01971435546875,168.3520000767652,167.19376603018156,167.9722428972471,49615700
2018-06-18,167.9227294921875,168.06543422026016,166.43854225116647,166.96181711621014,31633200
2018-06-19,167.44696044921875,167.48501018899896,165.2682535446048,165.80103700509062,38236000
2018-06-20,168.63624572753906,169.33076611619538,168.06539790406666,168.21762592596107,33038000
2018-06-21,167.171142578125,169.2356867670383,166.84765430235868,169.06442656018933,43469400
2018-06-22,166.80006408691406,167.7990261211432,166.20067525256465,167.7324354269182,30073200
2018-06-25,163.04200744628906,165.53469440083563,161.55782036096815,165.28732020843896,77799700
2018-06-26,163.70797729492188,164.6498572967393,163.041983352823,163.64137209380692,39008100
2018-06-27,161.481689453125,165.1445982238207,161.3675256945831,164.4025047587715,52843500
2018-06-28,162.87074279785156,163.42255848627252,160.94890395435277,161.28190093577922,46407700
2018-06-29,163.3083953857422,164.51668182467856,163.07054452469842,163.6509012063358,36408500
2018-07-02,164.4025115966797,164.45008467047194,161.42461428790406,161.77662890289173,31770000
2018-07-03,162.49969482421875,165.02090789079148,162.3379579970483,165.02090789079148,25512700
2018-07-05,164.5166778564453,164.64987375472649,162.71852597101744,163.55576562722146,31626200
2018-07-06,167.07594299316406,167.1996300742763,164.5927796672053,164.89723570770835,37005600
2018-07-09,168.57919311523438,168.6172428686821,167.27577492998066,167.94175449480863,27362100
2018-07-10,168.70281982421875,169.08337529152146,168.12246330036274,168.8930975578701,23902500
2018-07-11,167.8465576171875,168.46497843265436,167.25669225476,167.3803648040443,30280600
2018-07-12,170.73883056640625,170.73883056640625,168.47448622654647,168.5886499689726,27930100
2018-07-13,170.8815460205078,171.15744658785678,170.25361636304336,170.72931800949908,28049800
2018-07-16,170.47244262695312,171.20502725986535,170.18703324021325,170.9196033558627,21405300
2018-07-17,171.50949096679688,171.87101437859212,168.66478964119295,168.66478964119295,31034100
2018-07-18,171.1859893798828,171.67121435557232,170.66272917692228,171.5284951497321,23220800
2018-07-19,170.3297119140625,171.13841043232307,170.1299253738639,170.56756271152025,31094100
2018-07-20,170.29168701171875,171.41433597117663,170.10139473218925,170.8435026843763,35897300
2018-07-23,170.8339385986328,170.9100525888311,169.1023925027149,169.78740389724,22184700
2018-07-24,171.53799438476562,173.20294993158925,170.83395081303794,172.594052483727,36900300
2018-07-25,173.93557739257812,174.040217830508,171.52851342312215,171.6141507626544,35026600
2018-07-26,171.30018615722656,172.1279024749389,171.07184411356693,171.57608675737603,40873500
2018-07-27,168.98826599121094,172.498946833563,168.01784498294114,172.38478307194623,59456100
2018-07-30,166.6002655029297,169.09293799803797,165.80109005648865,168.9978063595179,60193000
2018-07-31,167.87513732910156,168.522099229783,166.32435956366916,167.25673088805524,47285100
2018-08-01,168.51255798339844,169.01680060133836,167.54213701147435,168.2651983367387,37101900
2018-08-02,170.80548095703125,171.00528209338833,167.2472263957579,167.32334042307176,47178200
2018-08-03,171.32867431640625,171.33818312132206,170.3772712034879,171.12887327509927,28934400
2018-08-06,172.33717346191406,172.38474652492306,171.00521480122617,171.21452466465718,24808800
2018-08-07,172.965087890625,173.28856146311443,172.45132208278005,172.82236871410836,29895700
2018-08-08,173.1744384765625,173.48840331805096,172.26108489066306,172.72727774934523,22680700
2018-08-09,173.06979370117188,173.7548053015407,172.81291072171766,173.06979370117188,18852900
2018-08-10,171.7473602294922,172.4133397618649,171.10039831428367,171.89957375313094,33818500
2018-08-13,171.5570831298828,173.1649428226533,171.48096910912352,172.0613258148062,26089200
2018-08-14,172.63214111328125,172.83194221150555,171.2906588577762,172.21352130158348,20913000
2018-08-15,170.52001953125,171.80441986951,169.4639612247789,171.26211298798503,58528000
2018-08-16,171.0813751220703,172.1945154150332,170.74837810810286,171.8329774589845,27711800
2018-08-17,171.119384765625,171.5475133137641,169.60665712081155,170.63417434670214,36092600
2018-08-20,170.96717834472656,171.56656709813248,170.3011989060883,171.49996189563717,24939000
2018-08-21,171.59512329101562,172.6226407379396,171.37630456685332,171.48095952488995,26258700
2018-08-22,172.26109313964844,172.46089423644077,171.01475703837568,171.23357575028086,18042400
2018-08-23,172.01365661621094,173.20291030614982,171.72823282717422,171.956574761855,25776200
2018-08-24,173.61204528808594,173.75476447303072,172.5464783900139,172.5845281289764,23136100
2018-08-27,175.3817138671875,175.3817138671875,174.21149165263503,174.48739227399952,29343600
2018-08-28,175.6386260986328,176.0287050741499,175.26757926070047,175.8479360602631,20277000
2018-08-29,177.66502380371094,177.76015540532774,175.87638129310437,175.9429719625102,29175600
2018-08-30,177.35110473632812,178.40716305206467,176.7612247783472,177.322563796762,29315500
2018-08-31,177.57940673828125,178.08364928785105,176.94196831745265,177.13224605964217,28653200
2018-09-04,176.8182830810547,177.34154320521154,175.86687992111845,177.03710174300718,29063500
2018-09-05,174.5349578857422,176.5329109134564,173.93558359123944,176.50436997168313,42623300
2018-09-06,172.97462463378906,174.82034928368205,171.80440268709074,174.6110394047914,46091400
2018-09-07,172.30868530273438,173.7928724127277,171.67124671150725,171.728328597697,46629500
2018-09-10,172.8890380859375,173.39328075886192,171.94714343337776,173.29813460586064,26132000
2018-09-11,174.22096252441406,174.50638640946855,171.74732272755273,172.19448342677703,30116500
2018-09-12,173.7072296142578,174.08778515661783,172.21351935010475,173.9641125898457,36204000
2018-09-13,175.56251525878906,175.89551234487598,174.71576658670813,174.7918806211642,31133200
2018-09-14,175.0487060546875,175.96204513299534,174.3541711628605,175.6861445515152,31224100
2018-09-17,172.5274658203125,174.87743306298827,172.36572900618145,174.7537459921332,33071200
2018-09-18,173.95452880859375,174.80127693573831,172.5845061046164,172.6701434115587,31877300
2018-09-19,173.8213653564453,174.39221309523774,172.68919320210566,173.98310216174224,31843400
2018-09-20,175.74322509765625,175.98107593126423,174.60154399979044,175.02016378970254,33295800
2018-09-21,174.7823028564453,176.4662762086537,174.56346964974185,176.2189165822095,38605400
2018-09-24,175.26841735839844,175.33514242751608,172.79985158204937,173.51468824230875,34945600
2018-09-25,175.5067138671875,175.6401494754315,174.59171645109248,175.1921839598858,25277500
2018-09-26,175.63058471679688,177.2699444232146,175.2874625795609,175.65917701628427,36210600
2018-09-27,177.11741638183594,177.7464759646994,176.25007797607432,176.34539532258765,33113300
2018-09-28,177.0792694091797,177.5463011001833,176.29772249538016,176.62177817809254,28076800
2018-10-01,177.44149780273438,178.7377353688669,176.99353238730265,178.10867569484952,27371300
2018-10-02,177.0411834716797,178.4041314968541,176.63135083531648,177.2889882371514,25618600
2018-10-03,177.2317657470703,178.20394730794513,176.9553687425013,177.78457429959192,29128700
2018-10-04,173.82919311523438,176.63135474734338,172.57107379331322,176.51697100864973,80557300
2018-10-05,171.70370483398438,174.39149679419705,170.06434545613504,173.81009591550182,83325600
2018-10-08,170.65528869628906,172.17073845581982,168.63467447353017,171.103254027982,66864500
2018-10-09,171.2081298828125,172.53295975294034,170.36938364789276,170.77921630325477,49097900
2018-10-10,163.67848205566406,170.24544571675534,163.45926961462604,170.14060245480064,114471100
2018-10-11,161.6483612060547,165.27018772274417,159.94227666938994,163.00178319110762,143084500
2018-10-12,166.1470947265625,166.6617706782216,162.91601934075894,166.0041186808771,102078400
2018-10-15,164.1360321044922,165.880220729229,163.51649828288654,165.5657054019668,64885300
2018-10-16,168.91111755371094,169.32095020750754,165.55614717023394,165.86115108845334,71979700
2018-10-17,168.97779846191406,169.90232142985872,167.2431362470077,169.73076766346145,66987600
2018-10-18,165.06053161621094,168.39643579157547,164.35523546975935,168.339251189797,82486200
2018-10-19,164.9080352783203,167.81504023981722,164.30756790532942,166.39489301773847,82923700
2018-10-22,165.75633239746094,167.03350377183642,164.49821286325982,165.89929391571587,52909300
2018-10-23,165.14630126953125,165.9659810547627,160.9049408577932,162.63960323751462,77567000
2018-10-24,157.58811950683594,165.23211019104446,157.30218193685914,164.95571308421324,102997400
2018-10-25,163.03994750976562,164.01212946589365,159.32280259426065,160.03763927365696,83481100
2018-10-26,158.84620666503906,161.99149020779925,156.5301288173809,157.45465186420344,130970900
2018-10-29,155.57701110839844,161.89617039468416,152.58422955653762,161.27665124807746,111871900
2018-10-30,158.14089965820312,158.25526884815034,154.4142150896363,155.1195256955454,92584000
2018-10-31,161.8581085205078,163.22105693481473,160.63810709459375,160.7143580926753,73828600
2018-11-01,163.99305725097656,164.16462561049352,160.8668394477176,162.09636663685745,52706800
2018-11-02,161.43869018554688,164.46006424111607,160.333072837437,163.48788246651003,75966800
2018-11-05,161.0383758544922,161.70555369048105,159.24651434350545,161.64836909645146,39573500
2018-11-06,162.25833129882812,163.16378779898633,160.809592172545,161.04787096434364,34410400
2018-11-07,167.34799194335938,167.34799194335938,163.81192765820543,164.2027084352181,51169600
2018-11-08,166.28050231933594,167.08111568420836,165.48941487188387,166.5664252758008,40296500
2018-11-09,163.47833251953125,165.1272178376236,162.1820951917112,164.72691117595068,50602700
2018-11-12,158.5316925048828,162.63961771461013,158.388716463189,162.33462833709405,62578400
2018-11-13,158.6651153564453,161.53398735829157,158.21714997317085,159.2751086059317,64128100
2018-11-14,157.45460510253906,160.7905078146411,156.54914870364485,160.23769933428696,75270700
2018-11-15,160.2091827392578,160.63808181049177,155.79626781322642,157.1687419324974,73254300
2018-11-16,159.6468505859375,160.4188718349631,158.00749071794215,158.64607637507925,65390700
2018-11-19,154.4618377685547,159.07491157088745,153.96621382198035,158.8842914509382,67280500
2018-11-20,151.69784545898438,153.8137627393831,149.76302242544472,150.94487617397948,102652800
2018-11-21,152.8511505126953,154.3761413538498,151.76459926497466,153.7852143110129,42965800
2018-11-23,151.74554443359375,153.29911300647294,151.63116066955703,151.63116066955703,23503700
2018-11-26,155.25296020507812,155.32921117898448,153.2228198370567,153.87094584356765,42012600
2018-11-27,155.77720642089844,156.1679872833047,153.6231559894612,154.40471771427374,36608100
2018-11-28,160.79054260253906,160.79054260253906,155.8057538292591,156.90183056873917,70141000
2018-11-29,160.26632690429688,161.32428543620196,158.99869639281278,160.11383951400168,44885700
2018-11-30,161.42916870117188,161.52448606918858,159.68496557886334,160.48559365739357,36722800
2018-12-03,164.2503662109375,165.18441516018112,161.5625740052916,164.99379500326813,50771700
2018-12-04,157.95028686523438,163.85007357845384,157.7596666919642,163.39256771054104,70594700
2018-12-06,159.0653839111328,159.08445028593357,154.18543908569666,154.7668398983664,71715500
2018-12-07,153.81381225585938,159.2846869215389,153.31818803280504,158.36970401801355,80432200
2018-12-10,155.42454528808594,156.10124912145577,151.93613920857263,153.52784028407578,73960800
2018-12-11,155.93922424316406,157.99795717009505,154.62392022706015,157.95982440660296,59058300
2018-12-12,157.31170654296875,159.74215382769862,157.22592964363872,158.21716330380096,53780000
2018-12-13,157.359375,158.99873482485296,156.3395344333139,158.34108280235645,46378500
2018-12-14,153.52780151367188,156.12980199434224,153.16561307588023,155.55794158788527,56547400
2018-12-17,150.04891967773438,154.09013338081294,148.84799975556953,152.8701470824088,74834100
2018-12-18,150.99253845214844,152.4508038364742,149.67723455907552,151.211750919865,63642100
2018-12-19,147.2849578857422,153.18474599223964,146.15074795336022,150.76382413549032,81856500
2018-12-20,145.1499481201172,148.5621032383539,143.3390345495513,146.92274347108068,99002100
2018-12-21,140.6512451171875,146.86554699025402,139.84109121813665,145.8743133835041,141129400
2018-12-24,137.16334533691406,141.44551398558542,137.12511806919983,139.62941977679438,56163300
2018-12-26,145.7277069091797,145.80416144969186,137.727297849863,138.67358686988814,98982100
2018-12-27,146.2916717529297,146.41592133822692,140.5852918670806,143.73000672031404,85824300
2018-12-28,146.21519470214844,148.71949680792892,145.02039185244467,147.34308159147085,77856600
2018-12-31,147.4482421875,148.13644987676466,145.96669814741384,147.64897550728446,53015300
2019-01-02,148.0408477783203,148.87242584295743,144.2174788963182,144.32262212397305,58576700
2019-01-03,143.2042999267578,146.49238517679825,142.88887021857158,145.86154034542182,74820200
2019-01-04,149.3312530517578,150.06725577854743,145.03953003936843,145.6130267244663,74709300
2019-01-07,151.1090545654297,151.84505697113678,149.2164915357454,149.70396569316665,52059300
2019-01-08,152.47596740722656,153.03991086244957,150.25840627584705,152.49507375198274,49388700
2019-01-09,153.71856689453125,154.3876535927889,152.4281739453945,153.06858654122655,46491700
2019-01-10,154.15821838378906,154.24424067555054,151.69214392500527,152.55241059760064,38943400
2019-01-11,153.5942840576172,153.75677547994312,152.73401733442805,153.2501802853404,30176600
2019-01-14,152.23699951171875,152.89653299898953,151.58701919636664,152.29434771322138,30710200
2019-01-15,155.20970153808594,155.41998804366887,152.8487695222216,152.93479184223327,40874200
2019-01-16,155.18101501464844,156.54786260657127,155.1236522208989,155.46775605841046,33812200
2019-01-17,156.4044647216797,157.10222544775576,154.43543211234518,154.6839458351271,39329000
2019-01-18,157.95291137695312,158.68891389802965,156.5860641370901,157.50366441077594,57183200
2019-01-22,154.78907775878906,156.89192753992188,153.66117645468557,156.81545841888152,56711700
2019-01-23,154.9897918701172,156.28973771949038,153.24061364849095,155.58242389445925,38106100
2019-01-24,155.9934539794922,156.22286137258538,154.9037943860415,155.49641192028798,32417800
2019-01-25,157.8573455810547,158.3352667176428,156.71033777024235,157.24560710962174,36515900
2019-01-28,155.90744018554688,155.91699335807385,154.60749405706136,155.8214178778153,33491200
2019-01-29,154.4354705810547,156.03172571133413,153.88108021368248,155.9934838459991,30784200
2019-01-30,158.3639373779297,158.9374485633718,155.6971439111132,156.18461820924225,41346500
2019-01-31,160.73443603515625,161.52778685174394,159.1190603013207,159.33889993471396,37258400
2019-02-01,160.0557861328125,161.15501350075397,159.61610685363243,159.94108972693869,32143700
2019-02-04,162.04393005371094,162.04393005371094,159.94108009107134,160.08445058977605,26718800
2019-02-05,163.4777374267578,163.66890300486835,162.1969120099186,162.2638133990079,28156400
2019-02-06,162.990234375,163.80269158545858,162.25423171435247,163.51595056117682,27970000
2019-02-07,160.80133056640625,161.96745922695396,159.57785370697826,161.5660072497974,42036200
2019-02-08,161.1167449951172,161.14541909184325,159.21462851565343,159.3962262665874,29020700
2019-02-11,160.9638671875,162.0917688938215,160.56241509762248,161.69986997810818,21434100
2019-02-12,163.34388732910156,163.58284790010117,161.85277569966323,162.13953130186195,29722100
2019-02-13,163.4585723876953,164.557799688976,163.27697461773968,164.07031082358392,26094100
2019-02-14,163.65928649902344,164.24235076687975,162.33066655554669,162.8754889715802,30326800
2019-02-15,164.34754943847656,164.9401670767618,163.58287257891618,164.9019397970329,32521700
2019-02-19,164.67251586914062,165.16955796581803,163.81226360392662,163.84093770710066,19487700
2019-02-20,164.64381408691406,165.4371648396802,163.75488786796765,164.78718457868152,32593000
2019-02-21,164.04164123535156,164.6533796880643,163.1718358779754,164.20413266661953,25207400
2019-02-22,165.25558471679688,165.37028113257563,164.30929553163153,164.3953324284625,27735400
2019-02-25,165.8577880859375,166.9474479091906,165.74307707270134,166.51732171830093,32608800
2019-02-26,166.02980041503906,166.55551658380918,165.17910137284582,165.4563038004681,21939700
2019-02-27,165.92466735839844,166.12540066605757,164.1754741359274,165.26513381394253,25162000
2019-02-28,165.5423126220703,166.1349301176924,165.07394469440462,165.4084952977365,25085500
2019-03-01,166.68931579589844,166.93782951002686,165.53274035035176,166.73711082149845,31431200
2019-03-04,166.71798706054688,168.0274861467643,164.85409777377913,167.78852560781988,38063500
2019-03-05,166.8422393798828,167.35838769001367,166.0202146007909,166.8422393798828,22319900
2019-03-06,165.8959503173828,167.03340473472602,165.6283156997718,167.00473063891002,27194600
2019-03-07,163.86001586914062,165.53273966323962,163.24827746498417,165.47539146675527,39407400
2019-03-08,163.61155700683594,163.69757933040145,161.8623635026758,162.02485497552144,39303200
2019-03-11,167.0143280029297,167.12903900154012,164.261511981222,164.29018608462545,30518400
2019-03-12,167.93194580078125,168.36207194383215,167.052572583767,167.45402462294763,33953500
2019-03-13,169.1936492919922,170.0730225046714,168.5628044249593,168.8017650126981,42426100
2019-03-14,168.9068603515625,169.5090309440868,168.85906533057036,169.30831227490958,23751500
2019-03-15,170.4744873046875,170.9810825784791,169.45172899929904,169.5664254129887,38192000
2019-03-18,170.88046264648438,171.39756498084904,170.05694174602866,170.4016717650924,32935100
2019-03-19,171.4550323486328,172.3647321794945,170.72726079471195,171.57950805269343,36893300
2019-03-20,172.13490295410156,173.18824880225344,170.6793891058868,171.46459860143173,50105000
2019-03-21,174.82568359375,175.07464955510582,171.5986235945035,171.6177793181573,42428500
2019-03-22,170.98577880859375,174.5384131949575,170.8038359554151,174.0691929215777,70794500
2019-03-25,170.6602020263672,171.25389797087314,169.42491352123764,170.3633540541142,46336500
2019-03-26,171.4550323486328,173.02546599069552,170.58362936251146,171.9817052859336,33248100
2019-03-27,170.35379028320312,172.0965961104156,169.10894567695212,171.71356924872885,37096700
2019-03-28,170.74639892578125,171.3879769427216,169.72179405475464,170.79428093542649,30368200
2019-03-29,172.03919982910156,172.2019870291551,171.0145799909762,172.06792612254966,35205500
2019-04-01,174.31817626953125,174.52884542457653,173.1020579608602,173.81065910825072,30969500
2019-04-02,174.97894287109375,175.151315217375,174.06924295525704,174.50973707438405,22645200
2019-04-03,175.984375,177.0760176238994,175.43856099381935,175.96521927353493,31633500
2019-04-04,175.91737365722656,176.67385691357842,174.90232459042522,176.03227880716864,28530800
2019-04-05,176.8270721435547,176.93240673402758,176.2142203294051,176.42488951035085,25674700
2019-04-08,177.2771453857422,177.4207768290129,175.8407725068729,176.53980321669127,22697500
2019-04-09,176.65472412109375,177.2580054596978,176.28126772375356,176.67387985241783,25631900
2019-04-10,177.60272216796875,177.6601747460652,176.69302225451318,176.8845357186816,24563000
2019-04-11,177.181396484375,177.8995829851585,176.85582211078983,177.8995829851585,20654100
2019-04-12,177.9474334716797,178.0623386157482,177.21009137031533,177.9665891995375,24989100
2019-04-15,177.97613525390625,178.17723383987803,176.78872868637035,177.9569795286858,21073000
2019-04-16,178.58900451660156,178.98161655876925,178.04317588067985,178.62730135927077,27195700
2019-04-17,179.21144104003906,179.9583537293581,178.68478270102315,179.78599600637975,29651600
2019-04-18,179.4412384033203,179.82426524772347,178.38789266390538,179.5082761374365,28580900
2019-04-22,179.94879150390625,180.0158292514176,178.52198919206288,178.6560646870856,17936000
2019-04-23,182.23744201660156,182.4576818022101,180.1499201105231,180.4084567499816,33665600
2019-04-24,181.6628570556641,182.62043889439997,181.6053898716469,182.3906139929492,24977100
2019-04-25,182.40017700195312,183.10879279344343,181.4138689177999,183.02261393829343,29517500
2019-04-26,182.56295776367188,182.60126921675655,180.59034166441825,182.11289316492508,26359500
2019-04-29,182.9172821044922,183.2045595708476,182.2661188733173,182.56296689765364,21716200
2019-04-30,181.5000762939453,181.79693897200892,180.22650515916257,181.4426237148172,31495300
2019-05-01,180.91590881347656,183.20454316991572,180.79143312471243,182.6874408544605,34797100
2019-05-02,180.13070678710938,181.7969043219567,178.9433001357947,180.85846366992524,44110100
2019-05-03,183.00347900390625,183.1375398865511,181.2989843767612,181.6245587186787,30386200
2019-05-06,181.88311767578125,182.13208372229104,178.83799948088287,179.11570642847164,38371800
2019-05-07,178.34002685546875,180.6669434484417,176.68339994040275,179.90087514127458,58818100
2019-05-08,177.88999938964844,179.2306082482554,177.1143603634872,177.75593850378775,37165300
2019-05-09,176.93238830566406,177.5452400559822,174.36606155577434,175.90776879491594,55351700
2019-05-10,177.15261840820312,178.00486555554326,173.3510178064122,176.300371260863,58526400
2019-05-13,171.00497436523438,173.57128679732045,170.50702769500126,172.64243120218214,67185800
2019-05-14,172.88185119628906,173.92562670125847,171.2731204186992,171.90512805769896,43360600
2019-05-15,175.3236846923828,175.7641788410068,171.70402590503983,171.7423373674637,40944500
2019-05-16,177.0856170654297,178.1772744789252,175.1896089592006,175.40027815006388,39281200
2019-05-17,175.27578735351562,177.70805360092467,175.12258535183307,175.3332545421296,44702300
2019-05-20,172.31689453125,173.49471641316532,171.7327688706745,172.83399704338862,38608300
2019-05-21,174.1171417236328,174.59593273713512,173.2457385722885,173.80113790133623,31613800
2019-05-22,173.3414764404297,174.34694033924114,173.08292524095475,173.14996298626082,24332600
2019-05-23,170.68899536132812,171.42633760924,169.62607873282116,171.34972929412194,45351300
2019-05-24,170.602783203125,172.22109884186284,170.3921140305355,171.60824705202228,25903300
2019-05-28,169.9612274169922,172.0391785177418,169.94207168655203,171.08159655731112,24763800
2019-05-29,168.56312561035156,169.49198113919002,167.66299636702038,168.90785564797758,42178800
2019-05-30,169.27169799804688,169.7504887824187,168.31411642930323,169.01314688325624,30354800
2019-05-31,166.5713348388672,167.85449081815733,166.4947265490016,167.27995056147114,45446200
2019-06-03,162.90382385253906,166.57136418612092,162.08988802594664,166.12129953607695,75842300
2019-06-04,167.49063110351562,167.5480836719402,164.10078345108403,164.73279092683072,47797800
2019-06-05,168.73550415039062,169.11853104562235,166.98312761220365,169.08980475905693,34412700
2019-06-06,170.07606506347656,170.48781812947328,168.2758070168008,169.02271948052046,29913200
2019-06-07,173.36061096191406,174.05965622976674,170.76557234184858,170.98581207518632,45888300
2019-06-10,175.38111877441406,177.0090196902493,174.48100406398615,174.51930091082852,41385300
2019-06-11,175.62049865722656,177.53566228320085,175.02680260886697,177.21008797355455,41260300
2019-06-12,174.60546875,175.50559801513248,174.27989443200633,175.14171224117527,27758100
2019-06-13,175.6396484375,176.07055731644573,174.9884998402555,175.33322986571977,23715800
2019-06-14,174.8927459716797,175.3428106035977,174.222441608676,174.73952937112475,22844100
2019-06-17,175.94610595703125,176.43446747251295,175.0842734683959,175.2757869286903,20379500
2019-06-18,178.5028533935547,179.75728340028027,177.5644125696722,178.02406242234397,48177300
2019-06-19,179.17311096191406,179.57529351914118,177.69844158541463,178.74220212285192,31672900
2019-06-20,180.83932495117188,181.7107132659789,179.22100940554134,181.67241642386563,40922000
2019-06-21,180.57127380371097,181.72036946626824,180.18823217516243,180.6287263951072,39980400
2019-06-24,180.57696533203125,181.11439442299684,180.48098957556837,180.932049272024,19375200
2019-06-25,177.47714233398438,180.55778279801584,177.20842776536523,180.45221531435504,33921100
2019-06-26,178.302490234375,179.78043505629498,178.014592218017,178.65758886096015,22595700
2019-06-27,178.9838409423828,179.40611079217862,178.49439978585193,178.94545943051173,19709200
2019-06-28,179.21417236328125,179.60763777089733,178.57117587725597,179.4157009255505,21179200
2019-07-01,181.6326446533203,182.889862763101,180.7881194112302,182.64993799040064,31025600
2019-07-02,182.35240173339844,182.37159981367657,181.05681686959733,181.57504788634887,18035800
2019-07-03,183.72479248046875,183.72479248046875,182.62112976260016,182.81308129186127,15792100
2019-07-05,183.3504943847656,183.68638024389003,181.75739055191292,182.4675730740368,21415600
2019-07-08,182.06451416015625,182.2180548796277,181.315935424948,182.1604752793452,17598800
2019-07-09,182.97621154785156,183.2065299316288,181.0472072206512,181.20076257239893,19193500
2019-07-10,184.7996368408203,185.30827613860768,183.75356844679305,184.0894689538653,28374500
2019-07-11,184.665283203125,185.54820454202596,184.0798662166549,185.07796139547847,23736100
2019-07-12,185.7305450439453,185.74013676209648,184.694068373685,184.8668218073173,20211900
2019-07-15,186.32553100585935,186.36392716146943,185.6441530041295,186.16238395412344,15606100
2019-07-16,185.36587524414065,186.26799474084785,184.7996562898571,186.09525593195295,20190900
2019-07-17,184.4541778564453,185.69219798838856,184.4349797727357,185.36588914071413,16765100
2019-07-18,184.665283203125,185.02036715359472,183.00500800300935,183.58081862724308,28877000
2019-07-19,183.31214904785156,186.01850797041945,183.12021212601695,185.93213855217115,29387900
2019-07-22,184.7708282470703,185.16430831102193,183.72475995945143,183.72475995945143,18954900
2019-07-23,185.9800720214844,185.9992701027162,184.54052344984927,185.77854342200885,23786700
2019-07-24,187.28526306152344,187.29486942404915,185.25070576903275,185.26990385023888,20422900
2019-07-25,185.50982666015625,186.680660656042,185.1547280588826,186.65187085645832,23434700
2019-07-26,187.41964721679688,187.6691783767215,186.5943053327293,186.69028110867683,20431200
2019-07-29,186.77664184570312,187.31407102081408,185.596216004381,187.24689969584855,20451700
2019-07-30,185.9704742431641,186.69984022390932,185.2123184634318,185.34667573998604,18705000
2019-07-31,183.3984832763672,186.594268033974,181.6902202416711,186.46951712279585,41627500
2019-08-01,182.4867706298828,187.1221188527464,181.60384925083912,183.7151842567128,63251600
2019-08-02,179.79962158203125,181.3735274269589,178.70556525865285,181.11440458504563,55214000
2019-08-05,173.4463653564453,176.1143269309662,171.97802731880765,176.03754926734464,75040000
2019-08-06,175.87442016601562,176.39266578737127,173.77269181580857,175.04907850268626,41897200
2019-08-07,176.82452392578125,177.0740403702566,172.64023609814743,173.96462527816684,49990600
2019-08-08,180.6729431152344,180.73053736073297,177.1316658189752,177.62110707686975,38418100
2019-08-09,178.97425842285156,180.4233985329013,177.5730915441453,179.80919180450047,33608900
2019-08-12,176.92050170898438,178.4080233194846,176.1047517696801,177.87059426745313,24642900
2019-08-13,180.79769897460935,182.0357042752152,176.60381891580838,176.7669659930141,40241900
2019-08-14,175.3946075439453,178.45605010846535,175.06831335460907,177.88983113687954,51000500
2019-08-15,175.1930694580078,176.19115005492606,173.85908832655736,175.62493111394508,36685000
2019-08-16,178.0049591064453,178.45601878942122,176.68058449867115,176.78615197008773,32781400
2019-08-19,180.8360595703125,181.21994792271593,179.94354660818072,180.5769514067639,22494100
2019-08-20,179.4349365234375,181.03763221516635,179.38694864110576,180.3850438757611,19902900
2019-08-21,181.02801513671875,181.6038257124993,180.38501860631652,181.0088170577063,20418500
2019-08-22,180.442626953125,181.82459598536545,179.02226175674122,181.3639298787213,24243700
2019-08-23,174.73239135742188,180.8552605780289,174.24293553066067,179.21418360693562,55372400
2019-08-26,177.37156677246094,177.41954000483295,175.70168532951848,176.71896387238175,27598900
2019-08-27,176.99729919433594,178.90710568818062,176.30632930994923,178.60960130816153,28012800
2019-08-28,177.63070678710938,177.9282111715968,175.53856973242583,176.42149116646308,21792400
2019-08-29,180.34666442871097,180.8649101757767,179.15663219827016,179.83802504530934,25358900
2019-08-30,179.914794921875,181.3543435996664,178.8975161992512,181.31594743437128,26319800
2019-09-03,178.16810607910156,179.6364443164982,177.5730974098894,178.71514151538548,27964200
2019-09-04,180.74008178710935,180.8936371139013,179.36770485015,179.88595041711216,21592100
2019-09-05,184.0510711669922,184.5789085403652,182.66910227810453,182.7362882364631,33932600
2019-09-06,183.8687438964844,184.4253711221857,183.46567203866877,184.35819980113936,19487800
2019-09-09,183.48483276367188,184.52130932010823,182.553923670683,184.44453165179704,24407600
2019-09-10,182.95704650878903,183.05302228192508,181.2967710692343,182.49639501419955,23744700
2019-09-11,184.6748809814453,184.7708567438894,182.88024844573485,183.3025183703362,25063600
2019-09-12,185.442626953125,186.8629919652485,185.19311049394636,185.80731724594645,28689900
2019-09-13,184.7804412841797,185.60578302006135,184.5405165312355,185.1739213935309,27669800
2019-09-16,183.955078125,184.33896647131013,183.40805736679232,183.59040250080923,20319000
2019-09-17,184.83802795410156,184.83802795410156,183.5808099993446,183.97429009257743,20953400
2019-09-18,184.76123046875,184.83800813557625,182.44835267857837,184.45411980144505,29781300
2019-09-19,185.0683135986328,186.2199492331075,184.7132297276622,185.0875116749625,26039400
2019-09-20,183.110595703125,185.51943523146412,182.49638884980345,185.32749833552236,29086100
2019-09-23,183.1913299560547,183.73946853772568,182.44125639309672,183.05670174407183,22485900
2019-09-24,180.7584228515625,184.4318587007319,179.969875585031,184.02797400569509,40820700
2019-09-25,182.78746032714844,183.2682775056163,179.06594006128742,180.5756983715211,34704900
2019-09-26,182.11428833007812,182.71049683479643,180.76799165463984,182.54702078264376,26826000
2019-09-27,179.85447692871094,182.54705612755356,178.6235860961045,182.4508868201971,40773500
2019-09-30,181.566162109375,181.8546553217742,180.2102542824607,180.5852910565674,26307700
2019-10-01,180.0852813720703,183.27790000621144,179.78717705055394,182.2297220133388,32367600
2019-10-02,176.98878479003906,178.89281647651538,175.99830269680209,178.863968623188,48544300
2019-10-03,178.93133544921875,179.06596369001966,174.84438889294697,176.96959288511675,39392500
2019-10-04,181.566162109375,181.82580746787173,179.71021503256802,179.9025389497094,31887600
2019-10-07,181.01805114746097,182.46050263916072,180.70071005848192,181.0468990034249,21216000
2019-10-08,178.30625915527344,180.65264957676655,178.16201985615598,179.88333907692626,32379300
2019-10-09,180.04681396484375,180.86420911669416,179.2775034701688,179.81603108780533,20147400
2019-10-10,181.4411468505859,182.16237255241103,179.9409997385297,180.0948647431956,25177700
2019-10-11,183.7779541015625,185.23964252459825,183.40291726570072,183.5086976385529,40976700
2019-10-14,183.75868225097656,184.3452797206436,183.33556084028243,183.5182736924798,14975000
2019-10-15,186.095458984375,186.52819145014527,184.2106494505966,184.32604086190233,23234200
2019-10-16,185.6338806152344,186.1050867092172,185.04728309961297,185.46079348277647,20457100
2019-10-17,186.12435913085935,187.037908964907,185.41274432333265,186.74941568221357,19045200
2019-10-18,184.335693359375,186.2397252892409,183.393295792343,185.7877559648389,27700800
2019-10-21,185.9704742431641,186.095491409444,184.76843125470745,185.3165699006643,15801200
2019-10-22,184.4895782470703,186.96097119554705,184.4318678534496,186.7013257810749,22392300
2019-10-23,184.8453826904297,184.883841613712,183.8164267437502,184.11454576104367,14828400
2019-10-24,186.64361572265625,186.7590218276546,185.34541809677967,186.1627985263961,18998500
2019-10-25,188.13417053222656,188.23033985031984,185.64354073141527,185.6819996546259,21507100
2019-10-28,189.99009704589844,190.24011668326224,189.0092259443751,189.0092259443751,18818700
2019-10-29,188.51876831054688,189.96121965797724,188.48992045746817,189.67274112719028,18569700
2019-10-30,189.432373046875,189.74971417192347,187.79758276510225,188.88423437450663,21764300
2019-10-31,189.51893615722656,190.06706021270983,188.4226733728814,189.98051662606173,26801800
2019-11-01,191.240234375,191.24986011026004,190.04781707290852,190.33629566317137,22131900
2019-11-04,192.42303466796875,192.83653038528533,191.240213881138,192.50957823577335,19015900
2019-11-05,192.52882385253903,192.85577601703204,191.8941416461402,192.6634520775289,15048900
2019-11-06,192.09605407714844,192.32685158146097,191.1632676731084,192.307614787758,19725500
2019-11-07,192.74038696289065,193.98090362815776,192.18265189101152,193.0577280941595,17832400
2019-11-08,193.50965881347656,193.52889560729912,191.8844945597673,192.3941742191319,15258800
2019-11-11,193.2500457763672,193.3269636119335,192.2691746290755,192.52882001258303,10147600
2019-11-12,193.80775451660156,194.4520623574816,193.11539137672625,193.413495637608,14778300
2019-11-13,193.85585021972656,194.03856307994656,193.00962203455575,193.13462451256848,15774600
2019-11-14,193.7019805908203,193.82699773922377,192.538411361466,193.1250088428892,16945400
2019-11-15,195.1252288818359,195.1252288818359,194.2501381044089,194.87519456064211,18427900
2019-11-18,195.2791290283203,195.5868444445773,194.02900121758896,194.8175338938674,18365900
2019-11-19,195.5676116943359,196.0195811019831,194.8175379270445,196.0195811019831,16923300
2019-11-20,194.39434814453125,195.6444755423177,192.9230489887388,195.05787809192265,36629000
2019-11-21,193.96163940429688,194.3174540805828,193.35581976060777,194.18281118934607,17883600
2019-11-22,194.086669921875,194.55787605351463,193.0384919625579,194.4424699492782,17189600
2019-11-25,196.3849639892578,196.42342290616145,194.89442784351695,194.92327569953852,17752800
2019-11-26,196.760009765625,197.01002942034103,196.22149686415904,196.50999011090897,14780600
2019-11-27,198.1351318359375,198.14475757024337,197.02925822054655,197.26966680418596,16963100
2019-11-29,197.2312164306641,197.93320541675433,197.13504712369232,197.63510110786845,9854600
2019-12-02,195.21176147460935,197.3081171900823,194.03856646330576,197.24081041972877,28007000
2019-12-03,193.6828155517578,193.75974807549665,191.5864446316664,192.5288570424329,31104100
2019-12-04,194.6636199951172,195.1252150137255,194.38475251057744,194.673245728864,15300100
2019-12-05,195.04832458496097,195.35603999036988,194.09630116126448,195.35603999036988,14962300
2019-12-06,197.1350555419922,197.2792948352332,196.3176604179552,196.47152544633008,16555300
2019-12-09,196.24075317382812,197.70242700218748,196.1541949198328,196.77926612884235,13984100
2019-12-10,196.0771942138672,197.01960623078728,195.63485072895335,196.33683953880416,21799800
2019-12-11,197.1158142089844,197.31776388825116,196.21187552980464,196.5196055794728,18780800
2019-12-12,198.5871124267578,199.3660486076282,196.64462152544897,196.9138779805487,32612000
2019-12-13,199.2410125732422,199.9333904417517,198.0582064951113,198.48131326064495,32519400
2019-12-16,201.24124145507812,201.4912611246866,200.4815420376059,200.54886349098717,21296600
2019-12-17,201.3566131591797,201.66434319012023,201.0200352720104,201.5008524403234,15996100
2019-12-18,201.51046752929688,202.0682171758803,201.2989068125454,201.5297043235583,15443300
2019-12-19,202.7702178955078,202.8375246692774,201.57778602928045,201.59702282466128,17865900
2019-12-20,203.5876312255859,204.36655276459229,203.16450972948945,203.73187052044753,27672600
2019-12-23,204.12533569335935,204.45299665085145,203.951873317694,204.30844467113027,23774700
2019-12-24,204.2313690185547,204.39519951626292,203.76878792472036,204.3084683183917,7089000
2019-12-26,206.0335235595703,206.0528020612346,204.53012394389592,204.5590343437983,17067500
2019-12-27,205.8600616455078,206.7755919566795,205.3107346356919,206.75631345496976,18134100
2019-12-30,204.51089477539065,205.8793745215036,203.49898649190695,205.75408629725408,21815500
2019-12-31,204.89633178710935,205.0408837794516,203.53748423834296,203.85551332668325,18170900
2020-01-02,208.31753540039065,208.31753540039065,206.21662000258715,206.62138028175576,30969400
2020-01-03,206.40939331054688,207.65259944663924,205.54205181970212,205.5613303232201,27518900
2020-01-06,207.7393035888672,207.76821398778273,204.5397635656518,204.79032525798223,21655300
2020-01-07,207.7104034423828,208.2982727579947,207.0550814277011,207.8164131453682,22139300
2020-01-08,209.27162170410156,210.2257090210424,207.35382987712364,207.68149088105508,26397300
2020-01-09,211.04493713378903,211.44969755635609,209.81137735876783,210.99674821808503,23547000
2020-01-10,210.5051727294922,211.8929306969113,210.1293228387485,211.87366690111045,21898500
2020-01-13,212.93374633789065,212.9626567363947,211.0352184084569,211.372525997921,22756900
2020-01-14,212.0953063964844,213.18431371134992,211.7676454238443,212.82772763624223,24418100
2020-01-15,212.18206787109375,213.17469753323425,211.48818882695045,212.21097827250065,25742100
2020-01-16,214.21551513671875,214.2540721418806,212.789214754696,213.24216398162028,18805000
2020-01-17,215.2756195068359,215.44908192038469,214.06132379123736,215.1792416958493,24325200
2020-01-21,215.17921447753903,215.71889485834492,214.5817132995308,214.67807639313895,21146300
2020-01-22,215.74783325195312,216.98139276962715,215.47799302653627,216.26824990467804,20736400
2020-01-23,216.44171142578125,216.53808923668507,214.62028255913776,215.622558853856,26496100
2020-01-24,214.62025451660156,217.6848890996048,213.62762495578545,217.45359120677085,37436500
2020-01-27,210.18722534179688,211.32440727442088,209.3005904759505,209.7728183169782,42264400
2020-01-28,213.4156494140625,213.90715569917575,211.11236073097325,211.67131972461377,26731900
2020-01-29,213.76258850097656,214.84194947655752,212.81814764734324,214.6010196369946,28924500
2020-01-30,214.52391052246097,214.6202736241637,211.71948398107045,212.38445261513095,39568100
2020-01-31,211.1219940185547,215.4490842623696,210.3702794361041,215.4201738597972,52015800
2020-02-03,214.3119201660156,214.8034117553414,212.00863143886104,212.15318346360667,25408600
2020-02-04,219.21722412109375,219.59307404921108,216.4995287137922,217.24159667116865,30691200
2020-02-05,219.9400329589844,221.89638207841796,218.61974214478676,221.85783977439928,38534800
2020-02-06,221.83853149414065,221.89635229500297,219.70870552951695,220.48931575153568,22467100
2020-02-07,220.88442993164065,222.07944699148595,220.24837175276227,220.84588763527864,25884900
2020-02-10,223.55392456054688,223.56355645784163,220.0941764626458,220.15199725678772,21478900
2020-02-11,223.59246826171875,225.52955310878127,223.00459900893256,224.78748526718863,30198000
2020-02-12,225.77052307128903,225.87653278181244,224.35385453301737,224.91281348803244,24471300
2020-02-13,225.4813537597656,226.40651583934624,223.9297654566409,224.19960562195075,22773200
2020-02-14,226.12705993652344,226.33907932515905,225.07660959612997,225.83794125154884,23438500
2020-02-18,226.21380615234375,226.63784495777347,224.78750583832496,225.02843564093837,24394500
2020-02-19,228.3822021484375,228.8544299128531,227.29320930772505,227.5630495430511,22230500
2020-02-20,226.2620391845703,228.3533085145182,223.46725881122947,227.8810954206148,42604000
2020-02-21,221.91563415527344,225.5199347119965,221.00010381565832,225.134452896955,66017200
2020-02-24,213.35777282714844,216.11401006546615,212.26876552896263,213.63724489831108,84522600
2020-02-25,207.5562286376953,215.86349931150477,206.9490954556936,215.15034170917147,97743000
2020-02-26,208.6259307861328,212.2880667308365,207.10325266735435,208.84759679251124,79537700
2020-02-27,198.17926025390625,208.56815438909368,198.04434012378135,203.24841909167284,121822600
2020-02-28,198.3334045410156,199.65369507438373,190.98022270120688,191.43317187933215,148173700
2020-03-02,208.5680999755859,208.7126666734837,198.46832724137323,201.3016639399948,112933900
2020-03-03,201.87991333007812,211.64239447140557,200.08739485733548,209.2330962395036,131953500
2020-03-04,210.3028106689453,210.4088203720102,203.70132808893285,205.5805923437372,73086200
2020-03-05,203.91336059570312,208.51030571639828,202.4774282680661,204.97345769445943,78705500
2020-03-06,200.4729156494141,201.561908582444,195.54830887945312,197.2444497460316,89828400
2020-03-09,186.5471343994141,193.86175966862743,185.140097883578,186.4603884946356,116424000
2020-03-10,196.70472717285156,196.8878361743078,186.65312823578176,193.81356956296509,100599200
2020-03-11,188.1372833251953,193.4666498891897,185.7376169691897,192.11744874837703,89168800
2020-03-12,170.88668823242188,183.85833987007013,170.52047024655613,175.48361803042835,137820700
2020-03-13,185.36178588867188,187.4241448167081,171.6673414479596,180.2829952378089,134882000
2020-03-16,163.15768432617188,177.97967751449485,163.02276420915845,167.8317142196433,92054400
2020-03-17,175.53182983398438,177.7001982234097,163.62025889320026,169.10382397306617,121257100
2020-03-18,170.1928253173828,172.71776504502083,160.74837373270967,165.38386096925564,114156300
2020-03-19,171.21437072753906,176.83285589172303,165.40314464849033,169.31584257048317,120896500
2020-03-20,164.50686645507812,176.23532749391617,163.92864375131538,175.14633478449502,118983900
2020-03-23,164.62562561035156,168.2472733384025,159.28488886978528,165.06987281253996,124639800
2020-03-24,177.37384033203125,177.5380199436723,171.85927102480403,173.75219224326807,94881800
2020-03-25,176.0604248046875,183.0236400387477,173.8198243207919,178.10785889502003,88754900
2020-03-26,185.3318328857422,186.12377381961824,177.32558119634265,177.57667687130197,79887600
2020-03-27,178.95770263671875,183.98937066803168,178.3396086346998,180.5319022785582,58845000
2020-03-30,185.4669952392578,185.9016047725685,179.96209342805912,180.6574509975287,49356900
2020-03-31,183.8831787109375,188.56718379324212,182.72425402417431,185.15800618194584,62659300
2020-04-01,176.070068359375,181.2369596598168,174.66970049575394,178.44587635715587,53715400
2020-04-02,179.64344787597656,183.5934710294543,174.77595796720504,175.03672082876378,56465300
2020-04-03,177.09373474121094,180.66710550949,175.08492576297746,179.19912688375751,47487600
2020-04-06,189.75506591796875,190.88501850601745,182.7145875658115,183.96042819267777,64763500
2020-04-07,189.67779541015625,195.72354331489208,189.29149213713953,195.44346091590847,69904500
2020-04-08,193.705078125,194.28453302457615,189.45566851214988,191.3678947328437,45940400
2020-04-09,193.9851531982422,196.26437792469775,192.21778695074897,195.42416018310405,68252600
2020-04-13,196.08090209960935,196.45755300144825,191.9473946047783,193.1546109230474,42853900
2020-04-14,204.6086273193359,205.2267213258682,199.35482089554995,200.13709451076008,63959600
2020-04-15,202.2618103027344,204.5796740923791,200.03087727338848,201.34432899989633,47036000
2020-04-16,205.9510803222656,207.0327413039323,202.51293099923157,204.44447688736537,64657400
2020-04-17,207.92124938964844,209.09949355322345,204.8211265103519,208.77113429098793,62863200
2020-04-20,205.45855712890625,208.49108381558787,205.29437748424988,206.05733168430316,38249100
2020-04-21,197.87725830078125,203.93266002202037,196.66038944808247,203.3918294208209,72932800
2020-04-22,203.74913024902344,205.08190169987205,201.1994901277433,201.94313946127025,40089100
2020-04-23,203.3145294189453,207.1003576864137,202.90890654063008,204.541050478425,43278500
2020-04-24,206.52088928222656,206.9651513344646,202.3294381106388,203.7491255617453,34231900
2020-04-27,208.1820068359375,209.21539092671463,207.1582899056696,208.79044848701284,36451700
2020-04-28,204.260986328125,209.8817921743748,203.9809186465457,209.8817921743748,46862800
2020-04-29,211.5043029785156,212.44110403821023,207.77641832742407,208.7904830013389,48716400
2020-04-30,211.4174041748047,212.50871781538297,209.91080041600165,212.42180176849712,43359500
2020-05-01,205.45855712890625,209.25403801564116,204.43482535127112,207.1583123352251,48795000
2020-05-04,207.8537139892578,208.07583770405896,203.89403788498888,204.22241198018656,32841000
2020-05-05,210.21011352539065,212.6052259698329,209.427839906524,209.99764232810293,37783100
2020-05-06,211.5043029785156,213.47447356328445,210.6447655330412,211.89060631308908,36455200
2020-05-07,214.227783203125,215.1066254713922,212.8756921027044,214.227783203125,38624800
2020-05-08,217.1636962890625,217.29890390647665,214.8651520564971,215.8985361397177,31852300
2020-05-11,219.1049041748047,220.128621142671,215.60881081589696,215.84060162875423,35714100
2020-05-12,214.51747131347656,220.29280385180624,214.48849930546865,219.7036817947701,41054100
2020-05-13,211.83262634277344,216.92225369989848,209.29265361270697,215.0389994744803,65521200
2020-05-14,214.23744201660156,214.2760664553529,208.59733082114263,210.50955737467632,51549300
2020-05-15,215.62814331054688,215.68608733309884,210.8572223000823,211.2918172057485,55747200
2020-05-18,219.6457366943359,220.8529528914508,217.75282994971428,218.53510368760055,42398100
2020-05-19,219.0952606201172,221.98292715903048,218.95040056654557,219.9065063931708,36237300
2020-05-20,223.4701690673828,223.8275002900376,221.62553947052567,221.64485905287887,37417000
2020-05-21,221.0364227294922,224.19450400757688,220.5245643088775,223.5184659743616,43642900
2020-05-22,221.79942321777344,222.00222728846185,219.7133500715368,220.63083144321163,28762400
2020-05-26,221.2006378173828,225.5756029934186,220.9591945713325,225.3727841826648,33055300
2020-05-27,222.40782165527344,222.5237244173349,216.27517294069463,220.8625939475203,55665600
2020-05-28,222.11813354492188,225.4790193977128,221.21030458354977,221.26824860465416,42784300
2020-05-29,225.37277221679688,225.604563025848,220.9302108307325,222.49477300290803,50691800
2020-06-01,226.04876708984375,226.4254178721875,224.0592775863602,224.50353953461,25776000
2020-06-02,227.56509399414065,227.62303801560597,224.06898575496044,226.47376580145584,33383400
2020-06-03,228.58880615234375,229.34210788845695,227.294673911998,228.1735161131128,37228700
2020-06-04,226.98565673828125,229.65118526222295,225.6818571229184,228.24116475001432,38716100
2020-06-05,231.48614501953125,232.07526717027412,227.5651087891723,228.1349113526619,47365600
2020-06-08,233.2824859619141,233.4080264390754,229.76707260737527,231.34127267684423,32937300
2020-06-09,234.9725799560547,235.82245019731135,232.23944052661616,232.42293975923093,35046300
2020-06-10,237.79261779785156,239.3378604181149,236.14113956323857,236.6626652106009,58084400
2020-06-11,226.0102081298828,235.25264834448467,225.9522641060494,233.871599988032,72919400
2020-06-12,227.80653381347656,232.17181704547895,223.80823429074135,230.90665680743496,72034800
2020-06-15,230.57827758789065,231.25431566388,223.54745212455148,224.48425300718137,45307400
2020-06-16,234.53797912597656,236.02526306305504,230.916330373176,235.4361409431384,48890100
2020-06-17,235.2816162109375,237.09727418720425,234.42207882065676,236.03491798055313,34749300
2020-06-18,235.9190216064453,236.1604648506583,234.190294461952,234.96290105421255,30578600
2020-06-19,235.88040161132812,238.545929772462,234.15165969776925,238.28516693757643,49422100
2020-06-22,238.70925903320312,238.83501783251344,235.45861771768145,235.74884168697835,24068700
2020-06-23,240.74085998535156,242.97567274457057,239.7540691320293,240.30550934275024,32767400
2020-06-24,235.77783203125,241.21490982146324,234.27827785162063,239.98624113416216,46032400
2020-06-25,238.0223388671875,238.3222467820991,233.29149670339368,235.8649239122379,36940800
2020-06-26,232.4014434814453,237.9546262115426,231.8790108584563,237.78047708316168,52824600
2020-06-29,234.9361267089844,234.94581068032628,229.62482271958893,232.15954316972443,34377800
2020-06-30,239.5412445068359,240.0830155439911,234.68462883150275,234.8684471681419,38909200
2020-07-01,242.3371734619141,243.33364832067176,239.03815701076505,239.5799280296446,34689200
2020-07-02,243.9818115234375,245.9941141912671,243.51743852690805,244.7847987487362,31956500
2020-07-06,249.98001098632812,250.50241396459887,247.11633095499587,247.13568413416712,34589000
2020-07-07,248.2579803466797,252.38902155856655,247.9580724233639,249.72852709254636,36578200
2020-07-08,251.5279235839844,251.5569459731148,248.1515243765019,249.58336446364143,30426300
2020-07-09,253.64663696289065,254.3141814119261,249.2447408070085,253.44348024666715,40312900
2020-07-10,255.37847900390625,255.63002614246145,250.8217852570529,253.50161848771464,32885300
2020-07-13,250.12521362304688,261.00905581480714,249.30287297480712,258.22278748982666,64108100
2020-07-14,251.8955535888672,252.30189655033743,244.53324090881603,247.60006296441728,72230500
2020-07-15,252.40835571289065,254.14010398466337,249.10933908788655,253.308079467626,54523900
2020-07-16,250.68621826171875,251.3247402793587,247.30013544121235,249.62201489898547,47594100
2020-07-17,250.9765167236328,251.8375340142846,248.7997488052028,251.1409670994148,35137900
2020-07-20,258.0970458984375,258.72588428700584,250.36710780080833,251.61510060257288,40610100
2020-07-21,255.40750122070312,259.6739709771937,254.56582213375208,259.66428700285246,43243800
2020-07-22,256.30718994140625,257.23596562138243,254.00464821179912,255.90087641518613,29865500
2020-07-23,249.6123962402344,256.60705800244335,248.19989451795945,255.90083666560923,51363500
2020-07-24,247.24212646484375,248.56753149401789,243.140137844748,245.77159472220384,54054500
2020-07-27,251.6537170410156,252.04069210150132,248.103183217571,248.88681731045352,36445700
2020-07-28,248.45144653320312,251.3925100729386,248.1612226252013,250.87007751423135,31302400
2020-07-29,251.31512451171875,252.1761714056983,249.5156770390036,249.98971931474543,27556900
2020-07-30,252.63092041015625,253.1920299679903,248.1999706484821,249.35124168758657,41774500
2020-07-31,257.1391906738281,257.2939866061692,252.35997328840392,257.2552802420076,53686300
2020-08-03,260.6123352050781,261.3572629328157,259.151472616657,259.27724615397864,32081600
2020-08-04,261.57977294921875,261.67652408975704,259.3642987853949,260.1092264713641,24911300
2020-08-05,262.2279968261719,262.6827006969021,261.17347710986314,262.0635464294465,21612100
2020-08-06,265.7012023925781,266.03013274128296,261.3960264130932,262.03454868680643,28048200
2020-08-07,262.6343688964844,265.9333859359572,260.4866228585169,265.15940611074143,44969400
2020-08-10,261.5120544433594,263.12771293316473,257.990543079371,262.92452667278354,35088400
2020-08-11,256.55877685546875,261.6379033915033,256.01700572023674,260.3511748020928,43104300
2020-08-12,263.01153564453125,263.9596494102601,258.6676848014409,258.7160751250491,38773400
2020-08-13,263.6114501953125,265.88493979878893,262.67302015211345,263.7855845478306,31895700
2020-08-14,263.3019104003906,264.5015422096043,261.9087762561311,264.2306566551266,30799500
2020-08-17,266.3589782714844,266.86204284619555,263.3405317746141,265.0142053828791,24803000
2020-08-18,268.9226989746094,269.3967411220377,265.96229749711546,267.42315981990794,23529500
2020-08-19,267.1136779785156,269.93862313434374,266.6009292638016,268.884103306887,31999400
2020-08-20,270.8188781738281,271.3026042575985,265.9138885985656,266.32023149962345,27723400
2020-08-21,272.6957702636719,273.1504740176178,270.3642067189109,271.01241273916173,34748900
2020-08-24,274.3985290527344,276.6913865178221,272.1153260351239,275.96579721751306,36418500
2020-08-25,276.5559387207031,276.7494410173016,273.1795391724885,273.6245590254986,34866600
2020-08-26,282.4574279785156,282.7089750801637,276.5269393383919,277.8039837438717,42216700
2020-08-27,281.5770568847656,284.28594177799596,279.3132214283867,283.43457879796097,49482700
2020-08-28,283.0089111328125,283.63774942514027,281.46098105025214,282.81540880087596,28021000
2020-08-31,285.2823181152344,287.091449060235,283.09586662912295,283.531231942051,36321000
2020-09-01,290.1583557128906,290.27444528456937,286.16277231654675,287.93319733325944,36216200
2020-09-02,292.90594482421875,293.6218502667113,287.2270030536581,293.4090095237664,50836800
2020-09-03,278.05548095703125,288.90061343624177,275.15312393311996,288.3975488475127,110083300
2020-09-04,274.3502197265625,279.5260975019284,262.95362826556686,276.2657866737444,123959000
2020-09-08,261.16375732421875,269.1645771285318,260.8831878934982,263.3598633923325,99568600
2020-09-09,268.8357849121094,270.935140924226,264.1146105922835,266.6687001191333,64837900
2020-09-10,263.47601318359375,273.01511029037704,261.75394889576535,271.7961106792902,69667500
2020-09-11,261.6474304199219,266.26216627581493,258.212957774429,265.2269854502433,71809000
2020-09-14,266.20416259765625,268.1971118553255,264.075755854369,265.43018308905204,38525200
2020-09-15,269.977294921875,271.3220680816617,266.17521364561674,269.94827252756414,41849900
2020-09-16,265.6720886230469,271.23493990693896,265.32381993172135,270.77058165183826,42321000
2020-09-17,261.521728515625,265.46892114580163,258.0001877606345,258.841866588255,81570800
2020-09-18,258.1840515136719,263.23415489256854,254.08206224129736,262.9439309437904,86251100
2020-09-21,258.8031921386719,258.93862011741146,251.6440210035753,253.92722394228636,57168600
2020-09-22,263.6114501953125,264.1918980370395,257.8647803677729,261.20247355492427,41128900
2020-09-23,255.5622406005859,263.47599448966076,254.68185533552185,263.2921761637515,48837300
2020-09-24,256.7522277832031,259.9544931293643,252.71793795178283,252.8824178640421,70631700
2020-09-25,262.7213439941406,263.5340003825071,255.6976308545644,257.255244408826,55242400
2020-09-28,268.1778564453125,268.1778564453125,262.82784506916073,267.5780110688686,58438300
2020-09-29,266.968505859375,268.6712020340795,266.40736692479027,267.61668244413096,27050000
2020-09-30,268.7969665527344,271.94118679751864,266.89108417723145,267.16196966350225,49380800
2020-10-01,273.0633850097656,273.67288462313485,270.73182165153173,272.6183652620271,50020200
2020-10-02,265.38189697265625,273.053788329181,264.5402180086701,267.0362325061569,75497400
2020-10-05,271.04150390625,271.3607502499344,267.23942255537673,267.34582816183547,28184600
2020-10-06,266.20416259765625,272.0378984391442,265.3237775140374,270.35454098491664,49704200
2020-10-07,270.8092956542969,271.60258420390795,268.2552070819735,268.84536841355174,27539700
2020-10-08,272.2508544921875,273.2763519419274,271.186650669539,273.20862317041525,25443300
2020-10-09,276.4107971191406,276.48820983920064,273.5084401272333,273.8954151546272,30201100
2020-10-12,284.9438171386719,287.7784462110438,280.04850927518163,281.0933451073051,79370700
2020-10-13,284.9340515136719,287.3817047440142,283.5699401763076,286.7432121833182,64240000
2020-10-14,282.5541687011719,286.7045481035689,280.81276604840866,285.73709562441013,36949100
2020-10-15,280.6579895019531,281.2481213833502,277.2138608001073,277.85238302338996,42514200
2020-10-16,279.1196594238281,283.7247120792235,278.7713612595345,282.3025560839823,40570700
2020-10-19,274.56304931640625,281.99310808134084,273.5859422197973,281.0353098846014,36756800
2020-10-20,275.15313720703125,278.25865110562756,273.74066498739205,275.2982491603668,32195400
2020-10-21,274.9402770996094,277.96840758418205,274.45655093975563,275.4046648418176,29306100
2020-10-22,274.93060302734375,276.6720349800974,271.6799772877547,275.77228185190506,32196200
2020-10-23,275.47235107421875,275.6368309515048,272.60870060974133,275.5013734614692,24658500
2020-10-26,271.34136962890625,276.0141516237852,267.7521295734599,273.18920721373644,38421100
2020-10-27,273.4601745605469,274.28251523285076,271.0802492651122,272.3379259232388,30559100
2020-10-28,262.79876708984375,269.5709334513047,262.54722003435563,268.96143375488487,53413500
2020-10-29,267.3941650390625,270.39324365808426,263.6500997022442,264.11448745178734,43246300
2020-10-30,260.6123352050781,266.28159216200265,258.37752249756096,265.4108908969435,65838300
2020-11-02,261.19281005859375,264.61757030336025,258.28076888148894,263.00194132601484,39987400
2020-11-03,265.71075439453125,267.81013876643436,262.0247636862379,263.10830548168485,43604100
2020-11-04,277.5718078613281,279.3712553885632,272.69583886201065,274.35985838820505,75728200
2020-11-05,284.808349609375,285.7758020888672,282.49612401172146,283.97632512437224,52054200
2020-11-06,285.0211486816406,285.7467380103803,280.3967272074456,284.15044739201414,40959800
2020-11-09,279.19708251953125,289.40372297904185,278.7423787139035,287.9621988371177,86537100
2020-11-10,274.19537353515625,277.329909878657,271.4864890873703,275.88841524340836,69024900
2020-11-11,280.3290710449219,280.80311336475245,274.156718816236,276.7204622668145,36102900
2020-11-12,279.0133361816406,282.5639003701791,277.9007715476698,281.29653977049674,34414600
2020-11-13,281.4609680175781,282.08015183165605,278.50056552675267,280.7257241437472,24806900
2020-11-16,283.6570739746094,283.95698187620894,280.5515303107335,281.16103008634104,30168400
2020-11-17,282.7573547363281,284.17951120893724,282.11883249104346,283.8505808748772,21843500
2020-11-18,280.6676025390625,283.8215068214784,280.5805353656853,282.205877841639,28069600
2020-11-19,282.8638000488281,283.1733919711904,279.44869350185394,280.11623816756173,22718400
2020-11-20,280.9288024902344,283.53125152891744,280.8417353264938,282.78629436530196,25907300
2020-11-23,280.9385986328125,283.2217727917608,278.6941013236576,281.92538974017464,26875600
2020-11-24,284.8857116699219,285.3791218456151,280.2032455596767,282.00269286629174,24516800
2020-11-25,286.6368103027344,287.2753324617549,285.0018133025846,285.949927331004,23326800
2020-11-27,289.27789306640625,290.4001411663523,288.2040057669578,288.60066471365144,17163100
2020-11-30,289.86810302734375,290.20671729517454,285.1856366366247,289.59721751794035,27836200
2020-12-01,293.5830993652344,295.20844184859413,291.0386948091692,292.14160472558103,27521300
2020-12-02,293.9604187011719,294.2990329472495,290.5743352890044,292.41248895074875,23620000
2020-12-03,294.37646484375,295.9243948502273,293.65087542111775,294.27005923343233,22828700
2020-12-04,295.5760192871094,295.72116075313136,293.74754977282754,294.4247486756239,19332100
2020-12-07,297.2497253417969,297.61736194731213,295.5760221993255,295.75984050208314,20851000
2020-12-08,298.2559509277344,298.5558588522891,295.024662996755,296.7757497269518,18341500
2020-12-09,291.5030212402344,298.32354746906464,290.4388179109202,298.043007587385,48839300
2020-12-10,292.67364501953125,293.7958931761984,288.38783862353756,289.47138042327146,27519500
2020-12-11,292.0255126953125,292.15128623113674,288.75551886109844,291.01935393302256,26760400
2020-12-14,294.1442565917969,296.0888159756463,293.14778173088405,293.21548096516074,28804800
2020-12-15,297.28839111328125,297.28839111328125,294.21187071701684,296.3983221096424,25709000
2020-12-16,298.92352294921875,299.7071572141739,296.640319399683,297.6851847691639,25461900
2020-12-17,300.8776550292969,301.1098341255949,299.3200710511308,300.5197024144041,23730500
2020-12-18,299.9682922363281,301.8258138564122,297.5980220193117,301.5162219990141,41173400
2020-12-21,299.40716552734375,299.94021705851605,294.2509819060399,297.022897192653,37095500
2020-12-22,300.2212219238281,301.14194976028665,297.40082927242577,300.30844690342,26176300
2020-12-23,298.7093811035156,300.6283905681229,298.5543045526072,300.26978898444685,21201300
2020-12-24,300.0274963378906,300.4733229488622,298.8935415437934,298.9710650326381,16785000
2020-12-28,303.0513000488281,303.5262310626723,300.80273521514425,302.63454860179166,22497700
2020-12-29,303.32269287109375,304.9994298515296,302.42133841534746,304.379123831778,25871900
2020-12-30,303.3323974609375,304.8055799060059,302.71209143491757,304.48575494609014,18138100
2020-12-31,304.0786437988281,304.5632467395812,302.15963508324836,303.2354394143684,21611400
2021-01-04,299.7851257324219,305.5809886517187,295.7822999497379,305.4065090807964,45305900
2021-01-05,302.256591796875,302.52799789208564,298.7965485946262,298.7965485946262,29323400
2021-01-06,298.0696105957031,302.27596093217613,296.5576516573513,297.54623109309864,52809600
2021-01-07,305.2804870605469,306.1139899427387,300.6961324750406,300.7252074691213,30394800
2021-01-08,309.205810546875,309.55474011165984,305.3774347489298,307.56784992649233,33955800
2021-01-11,304.73779296875,307.4224832000481,304.0884118717858,306.249752108564,32746400
2021-01-12,304.25311279296875,305.86196847203695,301.6168717035165,304.7764626548181,29266800
2021-01-13,306.3079833984375,307.10271012696774,303.9140425287716,304.51494573383394,22898400
2021-01-14,304.6699523925781,307.75202078235884,304.19502127671944,306.7537396531724,23500100
2021-01-15,302.256591796875,305.4162130604736,301.0160092062669,304.45670851288935,35118700
2021-01-19,306.6664733886719,307.17044985963673,303.477777373336,304.57298488357054,24537000
2021-01-20,313.7998352050781,314.7399662658125,306.76341932672693,310.28164205481335,30728100
2021-01-21,316.31005859375,317.05636614976254,313.76107163791585,315.1373276057846,25130600
2021-01-22,315.3990478515625,316.40700085407076,314.71089025556637,315.2730463317936,21609400
2021-01-25,318.00616455078125,320.14813109393396,311.5125021365133,318.78154709281154,39080600
2021-01-26,318.4714050292969,319.60538909572153,317.1435975040631,318.7234080613514,25498100
2021-01-27,309.593505859375,316.2228722146571,307.5872420790357,316.21320026631315,55264000
2021-01-28,311.4252624511719,316.36821870377565,310.17497849589614,310.79528450025003,42836300
2021-01-29,304.87335205078125,310.84366289668765,303.12879356797333,309.73875416718084,55259000
2021-02-01,312.4914245605469,313.57693059334537,306.2884822397194,308.31411931482035,35646000
2021-02-02,317.5893859863281,318.74274338725553,315.29237270849,315.45715072768695,33930800
2021-02-03,316.3294982910156,320.03187276941543,316.27134829002074,319.6635697112321,24824500
2021-02-04,320.07061767578125,320.157842676717,316.40701974736385,317.7251554430915,22350900
2021-02-05,321.156005859375,322.16398812975194,319.3823723359984,321.02033243368123,22732000
2021-02-08,323.3078308105469,323.4629073708942,321.20466966233874,322.84263070733454,20462800
2021-02-09,323.2398986816406,324.4998546355321,322.36758962975637,322.37729115454334,17597500
2021-02-10,322.5032958984375,325.1298358717487,319.35337640431305,324.67430786948563,28068700
2021-02-11,324.27685546875,324.6839349088436,321.8926175419533,324.0345540247882,22046100
2021-02-12,326.08935546875,326.25410391756105,322.38698162108943,323.43371103849927,20346800
2021-02-16,325.2073669433594,327.77575674947775,324.04430799298007,326.8840742771446,27080800
2021-02-17,323.64691162109375,325.32364843742187,320.0027176340885,322.2318793215303,31360300
2021-02-18,322.2319030761719,323.58878548933046,318.24845124495755,320.06089121511815,32236200
2021-02-19,320.82659912109375,323.70514247994913,319.8089445264556,323.57914095192615,39157700
2021-02-22,312.51080322265625,317.70573348811814,312.30727823258223,316.44577744580255,47256900
2021-02-23,311.5803527832031,313.2473882716304,301.42306334466684,307.2382992934385,97241900
2021-02-24,314.1487731933594,314.458926239365,306.23034646139433,308.92473819569517,58206300
2021-02-25,303.1967468261719,314.05186753500726,301.6557125973365,311.49317868001674,110182600
2021-02-26,304.4664001464844,309.2833257791753,301.30677898554114,306.12373419605314,104739800
2021-03-01,313.6253356933594,313.96456367615275,308.14932823792475,309.43835907915917,49164500
2021-03-02,308.5951232910156,314.34250663265124,308.3431498938986,314.26498318226464,48370000
2021-03-03,299.6397399902344,308.4401177344463,299.58158999462006,307.4999867015868,86301100
2021-03-04,294.7355041503906,302.431000946029,290.8683527058191,299.2713804181701,139131600
2021-03-05,299.1745300292969,300.075884598136,288.29036452231725,297.35241783993,121523700
2021-03-08,290.7036437988281,300.512003576939,290.2868923264038,298.6317416108626,88409800
2021-03-09,302.16937255859375,304.06903779434106,297.46874667614884,298.00179819545,80391100
2021-03-10,301.3068542480469,306.7247138252906,300.6187260683229,306.4242622435311,76798100
2021-03-11,308.2462158203125,310.01014786802676,305.15444700317596,306.0460997608665,53484800
2021-03-12,305.74578857421875,308.4305087570906,301.8011417031992,304.1950526929854,69315600
2021-03-15,309.01190185546875,309.17667987152043,304.4275769113143,306.0655372367336,42955700
2021-03-16,310.7080993652344,314.21665052794987,309.27369317082486,311.2024039742943,54925900
2021-03-17,311.98736572265625,313.87732901291446,305.9589039878514,307.6744173190195,78258700
2021-03-18,302.4310607910156,308.0912205113024,301.97553276942267,307.1123129466871,82718100
2021-03-19,303.4972229003906,305.03825710361554,300.12437490714007,302.2663121807997,78446200
2021-03-22,309.18878173828125,311.2558030028116,305.8893246619074,305.8893246619074,56194800
2021-03-23,307.83984375,311.5954035747394,307.0246860032887,310.2756328272574,53455400
2021-03-24,302.6481018066406,309.24704580945854,302.50254318040436,309.2082203040677,64803700
2021-03-25,302.1240234375,303.63792180700096,298.30055566633035,300.8042525707295,78729000
2021-03-26,306.6559143066406,306.97614321178946,300.5131047500999,301.9104968604714,63519600
2021-03-29,306.568603515625,307.61665508549305,303.23032130763187,306.12221392245704,54608000
2021-03-30,305.02557373046875,305.59812389358433,302.32777943527344,304.60829592576704,44635700
2021-03-31,309.6933898925781,311.2557682762274,306.4715545684974,306.81121105651914,55032500
2021-04-01,314.9725646972656,315.10840953726546,313.264597918877,313.51691926982494,55685600
2021-04-05,321.2608642578125,322.02751230877504,317.2141874323933,317.4567949509735,42172500
2021-04-06,321.03765869140625,322.988202846914,320.2612969247598,320.9503235455035,33537200
2021-04-07,321.8140869140625,322.64867236045967,319.6306187691433,320.56222355205784,32046400
2021-04-08,325.171630859375,325.3560149056183,323.8712583751965,324.6670179837022,29940800
2021-04-09,327.14166259765625,327.34547423273773,323.07558790108754,323.81309460675953,36664900
2021-04-12,326.7147521972656,327.13203008038977,324.83211521854287,326.10337642585216,25833000
2021-04-13,330.5285339355469,330.99432148049897,328.0248074207108,328.23830325054035,30374000
2021-04-14,326.5594787597656,330.89730297398444,325.7443209388951,330.77114230852,42564300
2021-04-15,331.5086364746094,331.8968322351225,326.27803325321327,329.43193130872146,36342800
2021-04-16,331.8968505859375,332.11034641995263,330.0238977449585,332.03269541748523,40860100
2021-04-19,328.8594055175781,331.4795494048191,326.93794297479013,330.32476466150547,34533100
2021-04-20,326.4624938964844,329.48051822037576,324.4925213722377,328.19957260196236,38081800
2021-04-21,329.25726318359375,329.4416472865148,324.0945675321625,325.1814445924262,36598100
2021-04-22,325.2881774902344,329.8491811367838,324.13336331578,328.8690668857819,45936100
2021-04-23,329.38336181640625,330.6934186170517,325.91891962784706,325.91891962784706,36381900
2021-04-26,331.528076171875,331.80950922399916,328.8787910467704,329.62604125946075,30812000
2021-04-27,330.0918273925781,332.03268779719735,329.1408247480296,331.81919196808207,33187200
2021-04-28,328.9757995605469,330.7711011449007,328.32559837144595,329.76184556196415,33615700
2021-04-29,330.1597900390625,332.663487123145,326.93795441164696,332.24620921166155,37708900
2021-04-30,327.99566650390625,330.19856182815215,327.08345982266536,327.71426309227223,38263400
2021-05-03,326.2489318847656,329.9462685840966,325.80254228422564,329.1990479902384,29729700
2021-05-04,320.37774658203125,324.0168587658784,316.5639345058296,323.69660030920426,65147000
2021-05-05,319.30059814453125,323.28908104964285,318.52426595065555,322.4253840899194,46219300
2021-05-06,321.7073059082031,321.8625782847719,316.79693175802845,319.0386230172309,46814300
2021-05-07,324.3177795410156,326.69531572419015,321.88199030080017,324.4827360878982,53324500
2021-05-10,316.1273193359375,323.1143982975088,315.92350769169906,322.9397279868842,60700500
2021-05-11,315.690673828125,316.4864337699325,309.58665903966653,310.2465741413895,71963600
2021-05-12,307.5196228027344,313.08016857875674,306.65592575857204,310.76085593256374,91164900
2021-05-13,309.89715576171875,312.866669605649,307.5293038630691,310.46002182452656,69877800
2021-05-14,316.73870849609375,317.65088558428255,312.55612733502784,313.06076996295343,44370000
2021-05-17,314.817138671875,316.71917280998287,311.9446747223617,315.0306344149909,39395000
2021-05-18,312.6919860839844,316.99098429290916,312.4202668422621,315.7682625127471,36528500
2021-05-19,313.051025390625,313.3518563360605,306.9470121011332,307.2963823180364,66319100
2021-05-20,319.10662841796875,319.9606119432332,314.3127292923919,314.5359093397769,46466100
2021-05-21,317.3403625488281,321.0764948131622,316.98130814338737,320.65921696982167,50330400
2021-05-24,322.6777038574219,323.80340626385316,317.23357590309666,319.63053929972733,32475800
2021-05-25,323.1241455078125,324.90973352546797,321.9499332557762,324.19162465292703,31280300
2021-05-26,324.24981689453125,324.7156043929025,323.10471647413306,323.79371355892494,25444900
2021-05-27,323.0367431640625,324.64766051801115,322.83296115629486,323.8033911563719,27931700
2021-05-28,324.0556640625,325.6471833857961,323.73543521168494,324.24004812105676,29927400
2021-06-01,322.97857666015625,325.860755452993,321.62966450701225,325.3852245308222,31145400
2021-06-02,323.6092834472656,324.4535527831731,321.8916330609426,323.3957876691487,22047900
2021-06-03,320.2419128417969,322.0468984988941,318.57277199025685,320.77563751713006,37057800
2021-06-04,325.6763610839844,326.1227506563772,321.9693108395276,322.03724805700716,38736500
2021-06-07,326.64678955078125,326.7050129897003,324.4536079675706,325.1426050715648,32611900
2021-06-08,326.8020324707031,329.25721930775677,325.12317782604936,328.39352234967527,27282800
2021-06-09,326.879638671875,328.9466593167887,326.69525460208257,328.17032716042206,21485300
2021-06-10,330.2858581542969,330.39259123957316,326.77290627431074,327.21929578440205,33702100
2021-06-11,331.1495666503906,331.1592804285053,329.6454118014749,330.2955834012602,21222800
2021-06-14,334.3229064941406,334.3325906574946,330.3926465465192,331.5765725355183,27827700
2021-06-15,332.13946533203125,334.28410788253154,331.4213268119727,333.9735630962998,35963800
2021-06-16,330.9264221191406,333.6727266386142,327.4716928704948,332.60524746286853,55399500
2021-06-17,335.1283264160156,336.1375820099637,329.86861187050766,329.9171215293265,59722700
2021-06-18,332.4985046386719,334.61403537004617,331.7512544298912,333.46893484005597,55414900
2021-06-21,334.56494140625,334.8855714243223,330.47469978583916,332.68984582617543,32992600
2021-06-22,337.68365478515625,338.1305621489894,334.0597409959635,334.3609209204521,28941600
2021-06-23,337.84881591796875,338.9952743346827,337.0132921332687,337.62537705205324,27188500
2021-06-24,339.9376220703125,341.4629419137244,339.23810081332704,339.78216960770175,32581600
2021-06-25,339.5198669433594,340.74403668648523,338.9175071172272,340.50114774694623,28682800
2021-06-28,343.6490173339844,343.78504938710785,340.74407478018696,340.8023657602307,39130300
2021-06-29,344.892578125,344.9217236125262,342.63859124073826,343.47411498284237,29426000
2021-06-30,344.34857177734375,345.1258343350431,343.76563227145294,344.737188231426,32724000
2021-07-01,344.48455810546875,344.9897564637457,342.648303353147,343.99878018998015,29290000
2021-07-02,348.43878173828125,348.7593821022505,346.1458946628319,346.37905856390046,32727200
2021-07-06,349.9446716308594,350.2264311031794,346.3499034583853,349.04113188977976,38842400
2021-07-07,350.6830749511719,352.4415885625739,348.7302383215752,352.1404086390429,35265200
2021-07-08,348.5650329589844,349.42000673152563,344.3387893212388,345.6212203305233,50890000
2021-07-09,350.74139404296875,351.2174469313186,347.39923947890736,347.9821789306915,35184500
2021-07-12,352.11126708984375,352.56789950313225,350.56646727183477,352.140412577946,25717700
2021-07-13,352.11126708984375,355.07450042851514,351.2562932394713,351.73234609498456,39723000
2021-07-14,352.7428283691406,355.0939771809763,351.9169998759118,354.4527466915116,35336400
2021-07-15,350.2652893066406,352.85935636038874,348.26388671366414,352.6553379425304,53391600
2021-07-16,347.4284362792969,352.10161833121697,347.07866069675663,351.12033726995116,47262000
2021-07-19,344.5817565917969,345.07722995707803,342.02655973823147,343.9793670063491,64404600
2021-07-20,348.5845642089844,350.0321730725412,343.73647990399576,345.5144438789271,42183700
2021-07-21,351.2757568359375,351.2757568359375,347.9336020918231,348.1570706277468,30259900
2021-07-22,353.5978088378906,353.60750423595323,351.47979427948155,351.47979427948155,30252200
2021-07-23,357.72686767578125,358.0085975181968,353.5686099185459,354.91905710150735,31960800
2021-07-26,358.0085754394531,358.3972214662514,356.1723504558063,357.03701967151557,28438100
2021-07-27,354.06414794921875,357.7463535117337,349.91561447979245,357.7463535117337,57933100
2021-07-28,355.4241943359375,356.9981394119965,352.90786873247043,355.2007555096555,42066200
2021-07-29,356.0557861328125,357.22163532233117,354.86076180526356,354.86076180526356,25672500
2021-07-30,354.2001647949219,354.78310430303725,352.1016003554276,352.13074584835664,36484600
2021-08-02,354.229248046875,356.4443940688661,353.520001644176,355.86145466317794,27334100
2021-08-03,356.37640380859375,356.4929857682527,351.70322247856217,354.88992452387834,35558500
2021-08-04,356.8913879394531,357.843523521185,355.2300354326434,356.33759388733756,29602200
2021-08-05,359.1550598144531,359.38822372781095,356.99820466729994,357.70742145360697,21443900
2021-08-06,357.5811462402344,358.86360717677746,356.4735879037899,357.8920512520388,33332100
2021-08-09,358.24176025390625,358.7663790081449,356.93987911454457,358.0377121999518,25960200
2021-08-10,356.4055480957031,359.0481812206712,355.2202487606175,358.75672632250746,35130800
2021-08-11,355.79351806640625,358.16411710241056,354.46249107683343,357.6686436990703,34249800
2021-08-12,357.07586669921875,357.43533756576846,353.937731101521,355.28820776183164,25969200
2021-08-13,358.32928466796875,358.65961014415416,356.93024168086845,357.42574471991435,19336200
2021-08-16,358.4846496582031,358.52349054036375,353.35483650780424,357.21191400352564,34856900
2021-08-17,355.3271789550781,356.706771841835,352.89828900702054,355.73521586261194,44793900
2021-08-18,351.9072265625,356.1917913024979,351.57690114042134,354.79274854455855,38541900
2021-08-19,353.60748291015625,355.27856027177415,349.72125924588516,349.97387327191353,48499400
2021-08-20,357.27020263671875,357.66854404771954,354.36523081493834,354.67613576735766,39486000
2021-08-23,362.6138610839844,363.3036575507319,358.30015001813007,358.30984541656665,34034700
2021-08-24,363.7213439941406,364.3237038526615,362.7400631377907,363.2064206006118,21732900
2021-08-25,364.13916015625,364.7124042614198,363.2258951863814,363.9740122476023,20441900
2021-08-26,361.8268432617187,363.96424834530154,361.38963126873074,363.2841770389699,29133300
2021-08-27,365.3438415527344,365.8490398813782,361.97254183101103,362.4583197180055,27104700
2021-08-30,369.4438171386719,369.92959503754474,366.1113582187609,366.13080831041503,27295700
2021-08-31,369.1427001953125,369.75475554671414,367.5979001217413,369.6867691629151,29628200
2021-09-01,369.7547302246094,371.8241490290895,369.550711788114,370.2016672848812,28138300
2021-09-02,369.579833984375,371.435509188576,368.365389189704,371.1051837623693,25453400
2021-09-03,370.716552734375,371.11489416925747,368.41397023843336,368.4333906805509,24605400
2021-09-07,371.2412109375,371.8921664366808,369.6672951224914,370.8234490161401,23970200
2021-09-08,369.9490051269531,371.0662883331886,367.6852932273467,371.0662883331886,32949200
2021-09-09,368.67633056640625,371.2800933473203,368.4334415834956,370.1725350030054,29399000
2021-09-10,365.8781433105469,371.1051175176869,365.54781794330535,370.3861758154274,40249400
2021-09-13,365.6256713867187,368.63750103979686,363.5757023746612,368.2100140103516,48741800
2021-09-14,364.5860900878906,367.8407787543693,363.6339545966303,367.112111802256,41826600
2021-09-15,367.296630859375,367.6464063389702,362.7497571713315,365.0426441055978,34097900
2021-09-16,367.5492858886719,368.12250027388,364.0419835530262,365.9656451323104,35193100
2021-09-17,363.1966857910156,367.1217794613688,362.15714363548017,367.0732135319667,60912300
2021-09-20,355.69195556640625,359.14479138311134,351.0524764345331,357.40376972992254,76203200
2021-09-21,356.1295471191406,358.71675431650056,355.0012893402798,357.52040510766665,41927500
2021-09-22,359.45599365234375,360.9149431877304,355.9447730023296,357.04385306817227,46972900
2021-09-23,362.7726440429687,363.8036325830604,359.97145643124753,360.6133977324671,44652000
2021-09-24,363.1130676269531,363.53132237880186,360.1368129986181,360.5064182906499,36056800
2021-09-27,360.2146301269531,361.0899938725879,357.66633646820173,360.0687411164145,43338100
2021-09-28,350.0214538574219,360.1660095292844,349.51569535289286,355.66274340365425,97701600
2021-09-29,349.4476013183594,353.4256669344048,348.8251316006727,351.2858920320007,58076600
2021-09-30,348.1637268066406,352.7545561025401,347.3272766106787,351.09136185731893,61384600
2021-10-01,350.32293701171875,351.3636614163688,344.68167764256236,348.78618997498535,56375500
2021-10-04,342.9698181152344,349.0390380839239,340.7327742551447,348.7083464504916,76766000
2021-10-05,347.5996398925781,349.84642009446213,343.8063765440991,344.0300631718556,47232900
2021-10-06,349.826904296875,350.09924033410766,343.48531850039706,344.3898600152339,56806500
2021-10-07,353.03656005859375,355.6821226976073,352.3362631929019,352.8711994076054,39411200
2021-10-08,351.276123046875,354.3496467593131,350.74115710996455,354.11619466511115,41822300
2021-10-11,348.5819396972656,353.26030184571573,348.49437661062404,349.739345608254,34847200
2021-10-12,347.3661804199219,350.4688525299562,346.72423904744426,350.0311854685431,43905100
2021-10-13,350.14788818359375,350.8190073438713,347.64821419139497,349.67130750082435,40120800
2021-10-14,356.596435546875,356.81041599057534,353.0755088952258,353.736892200335,43433900
2021-10-15,358.8431701660156,358.95988136016933,356.78119324956873,357.8121817077922,40419900
2021-10-18,362.45159912109375,362.6655795197479,356.9464940306247,357.54952160436005,34513500
2021-10-19,365.1944885253906,365.2431082990779,362.50030598675886,363.5215586934051,29091000
2021-10-20,364.7178955078125,366.26437825684025,363.23947450315666,365.6516147806896,31390300
2021-10-21,366.9452209472656,367.139759409477,363.61883289322486,363.9203467319712,25469300
2021-10-22,363.8620300292969,366.65348213428575,362.1988358244689,365.690584912923,36275800
2021-10-25,367.5870971679687,368.5013743501551,363.3366966946112,365.2819622426849,32597800
2021-10-26,368.74462890625,372.2363779156397,367.5677512531877,369.82426700241473,47191300
2021-10-27,369.60052490234375,372.6643127907117,368.9294057851657,369.1920059987736,45760500
2021-10-28,373.705078125,373.9579722207458,370.7288233150904,371.49721174896024,38007000
2021-10-29,375.5433654785156,375.7087261717123,370.28144633908767,370.6315800201051,37310100
2021-11-01,376.8271484375,376.9535954607025,373.8995436615664,375.98096258363745,30765300
2021-11-02,378.40289306640625,378.87950346614826,376.165848824832,376.2144686065333,25135300
2021-11-03,382.41986083984375,382.83808593343343,377.84850325015935,378.8891980696305,33748900
2021-11-04,387.3219299316406,388.2751209954125,383.1396197374018,383.6842918645844,40265300
2021-11-05,387.69146728515625,390.0160444058111,386.2908735800523,389.0920609902603,43383800
2021-11-08,387.1662902832031,388.68359539126715,386.5243489401909,387.6623426124407,29256300
2021-11-09,384.5012817382813,388.6349719566148,383.1396014851932,388.2361888677813,50490700
2021-11-10,378.8502807617187,384.540159937135,376.92445677960063,381.72926606554546,54937400
2021-11-11,379.9006958007813,382.0015865093536,379.560268335903,381.8265197042397,32243000
2021-11-12,383.8982543945313,384.433190667977,379.4533144906086,381.04841716504535,34730600
2021-11-15,383.8106994628906,385.3960960251262,381.36941078142974,385.0751401907172,33716900
2021-11-16,386.5438232421875,387.0398458924159,382.88671363238944,383.0812224246189,27872900
2021-11-17,386.7480163574219,388.7808155122837,385.78511930575047,386.8647275536972,28703300
2021-11-18,390.75531005859375,391.26106853591654,386.573000006846,388.7906020726515,45721500
2021-11-19,392.9339904785156,394.2081373154626,391.5625744064973,392.3893183809995,45191700
2021-11-22,388.3723449707031,397.5248250612639,388.26536958827234,394.4707728765568,61715400
2021-11-23,386.6022033691406,389.27694431177815,382.1669989443051,387.21493727005134,70098700
2021-11-24,387.84710693359375,388.1291491048879,381.79732907349427,384.121906283019,46954400
2021-11-26,380.4940490722656,386.6605388535356,379.1031612958598,385.26965107712977,51533300
2021-11-29,388.751708984375,389.763255674878,384.3262404473331,385.0557152401909,54447100
2021-11-30,383.0422668457031,390.2105660276316,381.0289097711267,387.86651735394184,81332700
2021-12-01,376.525634765625,389.5200254430795,376.0587899811894,387.3802212397502,77766500
2021-12-02,379.2393798828125,381.01928541573466,373.8218063306089,375.24184236163586,84416600
2021-12-03,372.6448059082031,381.6027456008763,368.53055851723735,380.6009350135949,105349100
2021-12-06,375.6308288574219,376.9925089483325,368.91963826221985,373.1311552405075,67588800
2021-12-07,386.9425354003906,387.55529887951013,382.2349957037272,382.27390933098576,56005300
2021-12-08,388.67388916015625,388.87816347739977,385.3766784681533,387.2733248388635,39204000
2021-12-09,382.9547424316406,389.2476781537611,382.76020398882554,387.4483014461182,49973700
2021-12-10,387.11767578125,387.3802760096228,382.5949085157785,385.7657016429064,52545800
2021-12-13,381.5250244140625,387.4288840777842,381.15541913036526,387.1079282528068,50166400
2021-12-14,377.5761413574219,379.41440228714094,373.1312014367775,376.70074791408535,75199200
2021-12-15,386.1839599609375,386.5438591406734,373.3743986733699,377.32328667944887,73858000
2021-12-16,376.2532958984375,387.5747567536777,374.6678995710291,387.1467959162522,82591400
2021-12-17,374.3761901855469,378.5390584450025,371.3221081663101,372.8394133470758,80492500
2021-12-20,370.7445373535156,371.533373856162,367.6086581468346,369.6538019286373,65336800
2021-12-21,379.0419616699219,379.353608869592,370.26736624903543,374.0167620264136,48899500
2021-12-22,383.6581726074219,383.8626780914225,378.0876049017559,378.7498329492057,37042200
2021-12-23,386.5505981445313,388.0211296414889,383.8432259923988,384.0087681504468,29595500
2021-12-27,392.939208984375,392.939208984375,387.81661549702426,387.84583056663473,32820700
2021-12-28,391.1179809570313,394.0103913134731,390.241499274539,393.8351009210368,33113700
2021-12-29,391.05963134765625,392.52044435937006,388.6833731376432,391.2544183040115,32248500
2021-12-30,389.8909606933594,393.0268401743981,389.3066296016768,390.8453394134707,23850100
2021-12-31,387.4563293457031,390.5824610218002,386.9596433869549,389.21904142165806,34752900
2022-01-03,391.1861877441406,391.4394048095801,386.5115986180014,388.6248911831583,40575900
2022-01-04,386.1123352050781,391.7705482299664,383.01541893348,391.7315848969011,58027200
2022-01-05,374.25042724609375,385.5473830444919,373.9972102388607,384.4274030326878,75739800
2022-01-06,373.9876098632813,377.2306314972155,370.199250118668,372.42943304347233,70814300
2022-01-07,369.9362487792969,375.68213669487847,368.16381836104466,373.9973217648803,72652300
2022-01-10,370.1796569824219,370.69583932666194,359.6618175920206,365.0278790048045,91770500
2022-01-11,375.7405090332031,375.90605116159617,367.3651769879985,369.4492543074424,68295700
2022-01-12,377.2305603027344,380.00611053470755,374.95169592751887,378.31154749648664,54576400
2022-01-13,367.7937316894531,379.2951960521045,366.8588197680704,378.61347148673974,77994000
2022-01-14,370.0823364257813,370.4134504382263,365.06685520469034,365.2713904020376,80121200
2022-01-18,360.8694458007813,366.3913312973548,360.1098243286915,364.26829048052855,75450900
2022-01-19,356.9057922363281,364.90129926723534,356.6428269126242,362.4276479497391,81791500
2022-01-20,352.2701721191406,364.1027509832261,351.73455259619834,360.1293528653298,88610700
2022-01-21,342.5021667480469,352.7181079448339,342.2197346222496,350.0789145108733,143388900
2022-01-24,344.07012939453125,344.7323871817224,325.4204234632394,336.87320642826637,198685800
2022-01-25,336.09405517578125,341.85940942247294,332.75367038091014,337.61332782671474,124398400
2022-01-26,335.5682067871094,347.55660890710044,331.87721121554597,343.69032292092504,146559500
2022-01-27,332.18890380859375,342.0931999511499,331.16631680971324,340.2720577142969,95255700
2022-01-28,342.6093444824219,342.82359825338784,329.12119433675423,334.06846815680814,108167900
2022-01-31,353.56536865234375,354.149699698525,342.3365891287706,343.9727220021404,94326400
2022-02-01,355.97088623046875,356.6233957534103,349.7575868291186,354.9093657280363,74433000
2022-02-02,358.8632507324219,360.4312052056577,354.7729928637206,360.1000912153565,78777100
2022-02-03,344.31365966796875,352.474740841379,343.252138974766,349.16357019573667,95384800
2022-02-04,348.6571044921875,351.95852629353226,342.77488937826047,344.82975198860566,86318300
2022-02-07,345.852294921875,351.6176193023127,344.5959876270935,349.2511097649402,58198100
2022-02-08,349.7381286621094,350.82886435413906,343.58322900529186,344.71292803498505,64720900
2022-02-09,357.1493225097656,357.2272194618523,352.6597416325567,354.25691149334943,55766400
2022-02-10,349.0660705566406,356.91550206060344,347.22546193723235,350.12759092704323,112468500
2022-02-11,337.9931640625,350.6632914067648,336.7660716564922,349.0661216262267,101569100
2022-02-14,338.411865234375,341.8107097063511,334.9059384823163,337.43799008762295,80254400
2022-02-15,346.8261413574219,347.0598618690624,342.62874208745905,343.6902623715719,55128800
2022-02-16,346.7386169433594,347.7611742582783,341.547844250229,344.5766122966764,58947100
2022-02-17,336.4252014160156,344.2259215973404,336.006412490477,343.5247302610099,61801400
2022-02-18,332.588134765625,337.74966152600837,330.2800552572967,337.36011738339107,80001500
2022-02-22,329.24774169921875,335.05205976865096,325.61520592456526,329.64703413059453,85967100
2022-02-23,320.8139953613281,333.24062324194284,320.5023481509499,332.4031047994044,86215400
2022-02-24,331.5948181152344,332.1304674056006,309.9455874721652,310.5104221147557,130614100
2022-02-25,336.7368469238281,336.94138213250466,328.57579699262675,332.39337147017665,78842100
2022-02-28,337.7399597167969,339.43452303674104,332.4031418162457,333.5620558611428,77515500
2022-03-01,332.5686340332031,338.9864680636294,330.0463008202966,336.7173519143617,67407000
2022-03-02,338.14898681640625,339.4831912377867,331.35132644345447,334.11712876141945,70609000
2022-03-03,333.31854248046875,340.89529050718346,331.45843724286703,340.78814877836516,71089400
2022-03-04,328.48809814453125,332.3933472673378,326.17030009780126,330.96174951241795,76936300
2022-03-07,316.37310791015625,329.6373141349506,316.168602423875,328.47840017883215,89933800
2022-03-08,314.90252685546875,324.504921299126,311.58160912076835,315.5842216091431,116153900
2022-03-09,326.23846435546875,327.59216523477136,320.49260625639835,323.08311801855376,64723400
2022-03-10,322.61566162109375,323.82328720923215,318.174792607464,322.1774355659883,69362700
2022-03-11,315.9251708984375,325.8976751121603,315.43823320293427,325.58602785416184,66228400
2022-03-14,309.8578796386719,318.0578920252177,309.15668831903486,314.6882922182204,79802600
2022-03-15,319.5771179199219,320.3562358559971,310.8901684049329,312.497056425142,76471000
2022-03-16,331.42926025390625,331.54612053854316,319.8206532148058,323.4921822389416,105243000
2022-03-17,335.4415283203125,335.499958446336,328.2348588144383,329.53009956836956,67810000
2022-03-18,342.30743408203125,342.59961451650804,332.62711081530585,333.78602484866855,85446300
2022-03-21,341.3557434082031,343.6959575006503,336.9678866204521,341.4727779184721,73799100
2022-03-22,348.06427001953125,348.9321048086692,341.47275472750243,341.85302014961167,63345900
2022-03-23,343.0621337890625,348.7468627183793,343.0036314121792,345.1878292583709,70615500
2022-03-24,350.687255859375,350.7360276774372,342.82811927095605,344.9830361401527,53555300
2022-03-25,350.3946838378906,351.6817954037106,346.094581395528,350.62869330183867,57584200
2022-03-28,355.8161315917969,355.9136454569455,349.1465938629714,350.38493365490325,56833900
2022-03-29,361.9397277832031,362.5637631305597,356.93756565976406,359.706787607232,68073000
2022-03-30,357.94183349609375,361.7349060109512,356.45972376857384,360.07725940542946,68757700
2022-03-31,353.5052490234375,358.43914777902,352.6666653724775,358.08810376601923,67011400
2022-04-01,352.8323669433594,354.54848586939283,349.65359965729533,353.76843451729144,54527800
2022-04-04,360.09674072265625,360.10650103702426,353.4077116185241,353.67097229295626,45950200
2022-04-05,352.10113525390625,359.3557275043423,350.96027939900637,358.6439089147844,62738700
2022-04-06,344.4564514160156,347.888719125789,341.82372595062554,346.7868749847706,90077100
2022-04-07,345.2754821777344,347.46940994251617,340.0003011813464,343.4618197518489,63777400
2022-04-08,340.4488525390625,344.2906664689678,339.8150570927389,343.53986629496006,61956100
2022-04-11,332.3948669433594,337.13373905712695,332.0535831649905,336.2171619413088,66107400
2022-04-12,330.9906005859375,339.0252425609527,329.61573553315526,337.1433471068035,72790200
2022-04-13,337.71868896484375,338.77176141426696,330.6103532208054,331.33190231102026,61367800
2022-04-14,329.9961242675781,338.3233109295949,329.78160560275126,337.80652002211156,73519400
2022-04-18,330.2496337890625,332.5410762570827,327.4219095710435,328.9430310057589,58560600
2022-04-19,337.6309509277344,338.2062441148995,328.5822166699637,329.60603798055195,56515700
2022-04-20,332.706787109375,338.89854638294173,331.4879380302106,338.44025793889364,65500000
2022-04-21,325.82275390625,339.2008435755003,324.8964463920442,336.587638098854,75801000
2022-04-22,317.2907409667969,327.1975484365031,316.86170377171504,325.9786995316237,82562100
2022-04-25,321.36663818359375,321.6786707164179,314.39482680195033,315.66244780765106,101755900
2022-04-26,309.2366638183594,319.49448735286336,308.963613047289,319.3092199050992,105819600
2022-04-27,308.8660583496094,314.8335375473881,307.14990964962783,309.33407726265744,111204200
2022-04-28,319.8357238769531,321.6688774536265,309.60712328307943,313.82923269772596,99450000
2022-04-29,305.4435729980469,319.07519153345316,304.8097774412421,315.6331629944997,91977900
2022-05-02,310.54327392578125,310.77728344136193,301.9333068279768,305.03405193765815,115511800
2022-05-03,310.87481689453125,313.1662594023677,308.1055950099553,310.56278434940856,78185500
2022-05-04,321.3861389160156,322.0589460045462,306.06765165068026,311.35256472176445,116083400
2022-05-05,305.19976806640625,317.14448742363777,301.90399584181296,317.06649418624517,154607400
2022-05-06,301.54327392578125,307.2377334745027,297.5064313350277,303.2009206408079,139572800
2022-05-09,289.74481201171875,301.64079153746076,288.35045573531676,295.91708072920244,113387300
2022-05-10,293.26483154296875,298.1402275733702,289.17924728892785,296.9213785657699,124124600
2022-05-11,284.5671691894531,296.51189186733717,283.6993639950994,291.00269919588874,140326100
2022-05-12,283.894287109375,288.37965712769153,277.8390539510273,280.2865121271832,120910900
2022-05-13,294.4154052734375,295.44898680711583,286.75126756774296,288.3504116807122,83684900
2022-05-16,291.0026550292969,294.72746492235825,289.72530358674845,292.6700322221477,59190400
2022-05-17,298.53997802734375,298.92024339871153,293.06000854655707,296.8628408025485,62715300
2022-05-18,283.88458251953125,294.71769852776856,282.6267219754765,294.025400603484,79477100
2022-05-19,282.363525390625,287.05368544240343,280.41336627408566,282.08077374381475,79920700
2022-05-20,281.48583984375,286.4782402945012,273.22691831272135,285.82495393267806,91764200
2022-05-23,286.1662292480469,286.5464946290503,280.13048714847355,282.52917343826965,63648400
2022-05-24,280.0818176269531,281.66144160827423,275.21618059067515,280.94965263922137,73491100
2022-05-25,284.0016174316406,286.0785411821508,278.38515092401434,278.5899092529624,67144500
2022-05-26,291.8704833984375,293.42088572276367,282.91926227102294,283.20204360932223,59462200
2022-05-27,301.3969421386719,301.5431980456508,294.88342118676695,295.00042591235007,66985600
2022-05-31,300.5974426269531,303.5714225615586,296.7458675248366,301.3677635987881,60968300
2022-06-01,298.374267578125,304.85853901035546,296.1608482664755,302.7328732653819,65341700
2022-06-02,306.54541015625,306.7209172742776,295.8390296007222,297.25290637352026,59291300
2022-06-03,298.5693359375,302.73291442687787,297.3212354466447,301.3287976550328,60914700
2022-06-06,299.5638427734375,304.5660039935262,298.0037100512005,303.00587127128927,51785000
2022-06-07,302.1477966308594,302.9278778701051,295.1467348920725,296.2388188699599,44900300
2022-06-08,299.9733581542969,303.95166791580687,299.1250143143734,301.3481935428459,38342100
2022-06-09,291.93865966796875,301.3481664861879,291.77291289452484,298.2864337633117,55900500
2022-06-10,281.6419372558594,287.52166499226655,281.19340905279915,286.3320669047102,85963500
2022-06-13,268.5466613769531,275.30395549010024,267.68858661520756,272.7785030364109,94442000
2022-06-14,269.0341491699219,271.715617403757,266.5281880787887,270.7405380459988,64697500
2022-06-15,275.7523498535156,279.6819173261686,269.7166080130091,272.45660758375163,86051400
2022-06-16,264.6268005371094,269.18040446273096,262.5693676236084,268.7221159754249,81910300
2022-06-17,267.844482421875,270.2821801906444,263.7686588941852,265.39702433977357,82703400
2022-06-21,274.60205078125,276.91745540200355,272.2183118950251,272.3257624590559,51633700
2022-06-22,274.2015380859375,278.6075778742547,271.50513702184077,272.10106431583864,67472900
2022-06-23,278.2851867675781,279.1351314700031,273.8498099068493,276.68296885301663,57457800
2022-06-24,287.8202209472656,288.2403335594619,280.87409672687795,281.10855599749834,58422300
2022-06-27,285.7100524902344,289.74484525283174,284.5767828942136,289.17822536194814,54151500
2022-06-28,277.0054016113281,288.8362940946561,276.81977806261284,286.2473733023831,61609800
2022-06-29,277.25946044921875,278.7639775620373,274.367685716769,276.86868491471404,57302700
2022-06-30,273.8204650878906,277.39611768296334,269.4241753124444,274.2796343236738,79313600
2022-07-01,275.6279296875,276.01870517279946,270.645460260721,272.5212243301203,56675100
2022-07-05,280.3465270996094,280.4637567322207,270.37184166825745,271.8958865207054,61829300
2022-07-06,282.1441955566406,284.24466970613287,279.0081827619103,280.727630686022,63194700
2022-07-07,288.1817932128906,288.8852010207753,282.9550853168003,282.9550853168003,56620100
2022-07-08,288.5432434082031,289.91097244593914,284.4107190661529,285.3485861471352,59895500
2022-07-11,282.3786315917969,286.3548094470882,281.4993794557012,286.1301292362572,55273900
2022-07-12,279.6432189941406,285.5440277206609,278.0507796846206,283.6292068067478,55797100
2022-07-13,279.0668029785156,281.41148576574005,273.5665491820136,274.1331989926005,73939400
2022-07-14,280.0632629394531,280.9327360199211,273.3515675906992,276.46805152929664,63741800
2022-07-15,285.1434326171875,285.2509130128908,281.44077025302914,283.05276748878146,63818100
2022-07-18,282.7303771972656,289.33459333825147,281.55805071888204,287.92777771278395,59519600
2022-07-19,291.42523193359375,291.7183358870412,284.7526523077867,286.35484062579235,55172600
2022-07-20,296.04620361328125,297.2283089431938,291.06373504108547,291.8453156918877,67769400
2022-07-21,300.2960205078125,300.3546353422184,293.8481203948282,296.50543554018043,55049400
2022-07-22,295.03021240234375,301.43902572615195,293.20331391412896,299.36788883439493,57127700
2022-07-25,293.3498229980469,295.52844008286405,291.3470802058321,295.05949165968326,40582400
2022-07-26,287.5858459472656,291.9039942701177,286.7749875225989,291.64997677634415,50074100
2022-07-27,299.7391662597656,301.4293069161606,291.58159679446896,292.14824664391847,69304400
2022-07-28,302.66998291015625,303.24638193831424,295.7726930962561,299.5241912245391,55139900
2022-07-29,308.1897888183594,309.09837836797396,302.7872363485639,304.2136101379868,57501000
2022-08-01,308.00408935546875,311.46251275821754,305.3272465655102,306.42142960916476,46358800
2022-08-02,307.0857849121094,311.2085299334208,304.65318020301095,305.70830669402716,48676500
2022-08-03,315.4485778808594,316.2692153679035,308.7075738546769,308.7661886884473,53735700
2022-08-04,316.92376708984375,317.2363994221369,313.37742046943487,315.5267304861252,38973700
2022-08-05,314.3348083496094,316.36685863884907,311.0522586944706,311.8338096178113,53894000
2022-08-08,313.31878662109375,318.94604900385633,311.8533561934375,315.253165518733,43878500
2022-08-09,309.7724304199219,311.6775018413341,308.15071370114674,311.42348436801046,39764200
2022-08-10,318.41851806640625,318.711622070284,314.63771194904814,317.1094036623508,51459600
2022-08-11,316.61114501953125,322.7464131219047,315.90773715620287,320.74366994336793,45897700
2022-08-12,322.7757568359375,322.9711296931809,317.6076632615217,318.6627601705691,40928400
2022-08-15,325.3841857910156,325.8824417015116,321.80853179378624,321.82808994824325,38266600
2022-08-16,324.6221618652344,326.7128570143591,321.57407120774315,324.4072308668595,41186900
2022-08-17,320.91949462890625,323.7917407421917,318.8385785861934,321.4861444413282,47842200
2022-08-18,321.6912841796875,322.8733897022626,319.2586792262726,320.8706467232856,41937200
2022-08-19,315.4192199707031,319.307505970021,314.6571973673879,318.6529637644111,51770600
2022-08-22,307.1150817871094,311.3941428015338,306.3042235166508,311.1596835067996,51098900
2022-08-23,306.8611755371094,309.6943354187821,306.10890207657326,306.88070387876485,39497100
2022-08-24,307.7501525878906,309.5672719111162,305.7766873020248,306.3823937431,38057100
2022-08-25,313.1917419433594,313.21130009460927,308.4828487016471,309.52816629459426,38098300
2022-08-26,300.3546142578125,314.1003584319973,300.2666920123757,312.89869478251217,69047700
2022-08-29,297.3944396972656,300.1396768426791,296.2904773933453,297.599591598888,48321900
2022-08-30,294.08251953125,299.66094524908925,291.5619927249913,299.0454597995629,51184500
2022-08-31,292.3728942871094,297.8829269235928,292.2654437015311,296.9841164897894,50044000
2022-09-01,292.4998474121094,292.87109448126245,286.19851575400577,289.88161940705936,57990700
2022-09-02,288.3674011230469,296.7496497152489,286.7554038657805,295.3721415907117,64666800
2022-09-06,286.29620361328125,289.7644063343311,284.16645219550657,288.84606768368445,57005400
2022-09-07,292.07977294921875,293.0762547310282,286.5111263812026,286.77492289275,49260400
2022-09-08,293.5941162109375,294.9130096733721,288.64098359356643,290.00871281546637,55649800
2022-09-09,300.0126647949219,300.5109206504732,293.59407275816847,295.8508330938615,56125200
2022-09-12,303.5785827636719,303.91074344348596,301.0775836803863,301.3902160193622,45905700
2022-09-13,286.9312744140625,296.0364589952393,286.04224309081405,294.84457445150866,79562200
2022-09-14,289.20758056640625,290.08683286651126,286.3060271060787,288.07431078310657,54907200
2022-09-15,284.39111328125,289.6959625763247,282.78889554889844,287.2926657920462,65299400
2022-09-16,282.6522216796875,283.04299715541504,279.0374814471277,281.08908996251955,79920400
2022-09-19,284.8533020019531,285.0098990588019,279.94998919789094,280.0087093607299,52613800
2022-09-20,282.5827331542969,284.8729092204194,280.2827604379443,282.34782262362853,51271100
2022-09-21,277.5227966308594,287.6916002247942,277.38579286511487,283.42441230062724,82931000
2022-09-22,274.10711669921875,277.0040878206803,272.88373009260727,275.9960184515459,62757100
2022-09-23,269.6441650390625,271.93434084524006,266.2284498262833,271.6407101821921,74815200
2022-09-26,268.5285339355469,273.5395220430048,267.73578159100697,269.1744858214396,71176700
2022-09-27,268.6361389160156,274.24412407915327,266.3165727903529,271.8952277370962,69780100
2022-09-28,273.9798278808594,275.261934412608,267.13866082863075,268.6164912597073,79652100
2022-09-29,266.08172607421875,270.3684781261688,263.1162377169965,269.98676711460337,81216000
2022-09-30,261.5698547363281,269.3310122476343,261.41325766558816,265.25957801190714,78482400
2022-10-03,267.70635986328125,269.30166083825475,261.8341039266455,263.34132464671006,61267400
2022-10-04,276.12322998046875,276.82790179562363,273.0500687714272,273.0500687714272,66696900
2022-10-05,275.9764099121094,277.7674344696115,269.5560804393912,272.35517420126683,55766300
2022-10-06,273.8037414550781,278.12962012151854,273.48075063870294,274.9781747721384,53489400
2022-10-07,263.37066650390625,269.291845549743,262.0396063857817,269.16460856773443,71354700
2022-10-10,260.7379455566406,263.9579074840265,258.02693157551664,263.5663998737213,60393000
2022-10-11,257.1558837890625,261.9319902344844,255.47250249875543,259.06437898410945,66522500
2022-10-12,257.0677795410156,259.7102766400486,256.37290432474623,257.7920148405686,50580200
2022-10-13,263.09661865234375,264.41788206770633,248.8465999207838,249.72744717566468,112894100
2022-10-14,255.1887054443359,266.02302677643155,254.60150363867515,265.4260283180619,77244300
2022-10-17,263.6153869628906,264.4864228111585,261.0609398578909,261.158816772981,64576500
2022-10-18,265.7000427246094,271.30802855688756,263.01835861749873,270.6425133229995,69781000
2022-10-19,264.73101806640625,267.85310252216027,262.36255874207467,264.18294335328,53115400
2022-10-20,263.3804931640625,268.9885092227867,262.2158563642061,263.84048781321974,60605500
2022-10-21,269.55609130859375,270.0943694020955,261.13918651782416,262.2744927331218,77897700
2022-10-24,272.5216369628906,273.4513929468913,266.1795894710103,269.820389534672,63963600
2022-10-25,278.158935546875,278.5406464744242,271.98328283594896,273.461143297227,59014500
2022-10-26,272.0126647949219,277.93387389821464,271.5233101517326,272.53137952198904,63492400
2022-10-27,267.0604248046875,272.3552461557025,266.54171002593654,270.89697873140716,57760300
2022-10-28,275.2325744628906,275.7023655835936,266.26759551733807,266.43398920628437,62651300
2022-10-31,272.0322570800781,273.8037184923803,270.1139653810978,272.9816062790332,47742000
2022-11-01,269.252685546875,276.0645233840519,268.8905679057626,275.50665194717493,45895900
2022-11-02,260.0234069824219,272.2866298892906,259.95489018229046,269.2232658576086,79803100
2022-11-03,254.9440155029297,258.86864996176075,254.5623343480636,257.41038243650985,70038900
2022-11-04,259.0447082519531,260.93360957982406,253.56393151235525,259.8766169310776,78313200
2022-11-07,261.892822265625,262.43113031008943,257.9584215680072,260.09200070845395,47333800
2022-11-08,263.8013000488281,267.04082528231476,259.86686974183834,263.4098223217411,63213800
2022-11-09,257.7137756347656,262.8422035172977,257.4299415355734,262.05924791630594,64862100
2022-11-10,276.7300109863281,277.02361178294706,268.01950556191656,270.1335209010714,99256700
2022-11-11,281.8291015625,282.49464653858405,275.2032508265349,276.54407769304146,66961800
2022-11-14,279.36279296875,283.0525163828222,278.3840836407675,279.77383416051316,55290700
2022-11-15,283.2286682128906,287.01626801782163,279.8814696249084,285.9886054426059,73985400
2022-11-16,279.36279296875,283.316787016794,278.5406807173853,281.2712881054512,48859800
2022-11-17,278.74615478515625,280.22401518143465,274.7432378860125,274.89983493649123,55462100
2022-11-18,278.7560119628906,281.8585039624073,276.30923852006174,281.76065691896605,53588600
2022-11-21,275.8883056640625,278.5210055036592,275.0563970063702,277.36613600456286,40083500
2022-11-22,279.8619384765625,280.0185056820932,274.48880406730166,276.62241305758806,41873400
2022-11-23,282.6708068847656,283.2971652604871,279.7053191135454,279.8814796066075,46390000
2022-11-25,280.811279296875,281.7801919247711,280.3219246576811,281.07552004961843,15498800
2022-11-28,276.69085693359375,280.85037084364467,275.76110115675283,278.83423237314076,38714200
2022-11-29,274.5964660644531,277.31727663055284,273.22627906494904,276.91600224715586,35618900
2022-11-30,287.1141052246094,287.2217787636265,274.0092050859752,274.86067727745944,74718100
2022-12-01,287.4665222167969,289.45330107681167,284.68699114309106,287.4371621299135,51547300
2022-12-02,286.3213806152344,287.2022428390406,282.2205864471839,282.39677681264686,53583200
2022-12-05,281.51593017578125,285.4698938607277,280.05763314961825,284.19758384085077,41482100
2022-12-06,275.6828918457031,281.4964288138834,274.2931410461356,281.3594250116566,53937600
2022-12-07,274.55731201171875,276.55388729782686,272.8445707786554,274.49859184458353,45614300
2022-12-08,277.8065490722656,278.7754614017114,273.8329930153972,275.9078512676149,42594900
2022-12-09,276.03515625,279.5585154089067,275.5947251546985,276.7887515955548,47860500
2022-12-12,279.4997863769531,279.5585364128644,275.1739080337036,276.2113374934605,35732500
2022-12-13,282.5044250488281,290.5592131001037,279.82277120448714,290.33409921539373,80667700
2022-12-14,280.4100036621094,285.2056731313244,277.160681704025,281.91719443928423,64984400
2022-12-15,270.9948425292969,276.9845388900271,269.8008159440126,276.31899384162705,60554100
2022-12-16,268.41107177734375,271.85611835456945,266.80597391219277,270.3195671883489,68300400
2022-12-19,264.6388854980469,268.7691077283645,263.40274989066353,268.68081660488616,44167900
2022-12-20,264.4328918457031,266.17916404934465,261.891969534409,263.47144964439775,51064200
2022-12-21,268.268798828125,269.5735853860759,264.62907275827604,265.47279341612267,46394700
2022-12-22,261.7055358886719,265.3844822211629,257.48699279714367,265.25694062467517,60278400
2022-12-23,262.2941589355469,262.96129733071217,258.5367413646793,260.4399854422568,39373600
2022-12-27,258.58575439453125,261.793814605663,258.0461876003975,261.685883283232,38009000
2022-12-28,255.1717987060547,260.44004661432314,254.8088140180512,258.1836375087415,47139000
2022-12-29,261.39166259765625,262.3334647303056,257.28104972266846,257.9775887001961,45893600
2022-12-30,261.2345886230469,261.3621302042253,257.3201997757236,258.6249860783853,37858300
2023-01-03,259.46881103515625,265.0313626956821,257.1633313607922,263.55978374685617,42335300
2023-01-04,260.7048645019531,262.38248572216736,257.55569456855136,261.5878356449477,47754900
2023-01-05,256.6236572265625,259.203829664046,256.309743232515,259.03706753273036,45396700
2023-01-06,263.7068786621094,264.825292792396,255.4071835674613,258.3601609338397,54659700
2023-01-09,265.4139404296875,270.07393960622954,264.8056926958867,265.6984240862427,45568700
2023-01-10,267.6604919433594,267.76842326727916,263.8736443498317,264.38378077930986,35247800
2023-01-11,272.2911071777344,272.3990385203139,267.9450518236354,268.7299117808398,44077000
2023-01-12,273.7626953125,274.7928184280619,268.5533087963396,272.8503236490701,60600000
2023-01-13,275.6462707519531,275.89153383124483,270.9274115015277,271.2609656966435,44802900
2023-01-17,276.20550537109375,277.4906816399172,274.2826210808861,275.4500758501751,36269700
2023-01-18,272.61480712890625,279.2957706324418,272.40879453707197,277.7456912937367,47754500
2023-01-19,269.9364929199219,272.1242499912478,268.70038757042437,270.9862259052219,44150400
2023-01-20,277.3238525390625,277.65740672300205,270.48591691995296,271.54547015302177,60613600
2023-01-23,283.4849548339844,284.7112706009461,277.3730162126311,278.1676664344743,52799900
2023-01-24,282.9061279296875,284.06376278956606,281.3462579189666,281.8662145892069,44875100
2023-01-25,282.27825927734375,282.89629723104247,275.8523471502151,278.39326964657994,50872000
2023-01-26,287.7818603515625,287.95844256923704,283.0531813715776,285.702034394049,51596300
2023-01-27,290.6466064453125,292.608711331998,286.3495919531761,286.46731345608214,56441900
2023-01-30,284.7701110839844,288.80225260708545,284.3973362664273,287.3797144429696,49405800
2023-01-31,289.03765869140625,289.13576992110575,284.70142376852044,284.80932516364925,46705100
2023-02-01,295.2182922363281,297.68071332529627,286.76159566124306,288.831631729578,67562200
2023-02-02,305.8136291503906,307.7364833067937,300.9181876739908,301.74226802673496,83070600
2023-02-03,300.37860107421875,306.4709577187037,298.769690790087,299.1621057418746,76170800
2023-02-06,297.837646484375,300.1136948707084,296.49360970345265,297.7591754783428,40802300
2023-02-07,304.0085144042969,305.13671864637575,296.5917608530074,297.71014499075807,67584000
2023-02-08,298.6029357910156,303.63573975725507,297.9162170249619,302.69393776816526,56720900
2023-02-09,295.9638366699219,303.13532624833186,294.5118984958231,302.9881743981649,49137800
2023-02-10,294.0213317871094,295.8558944577677,291.6177421218931,293.80549912354167,50050100
2023-02-13,298.73040771484375,299.31904504796233,294.24699178307463,295.42426644931186,39636700
2023-02-14,300.93780517578125,301.88942714277795,295.208463105172,297.15095751576536,64079100
2023-02-15,303.2432556152344,303.41001773123855,298.43610559153916,299.12282420101644,43100600
2023-02-16,297.5531311035156,302.585933862806,297.4059792560325,298.61268428407055,59498600
2023-02-17,295.45379638671875,296.2091960895314,292.451777909408,295.36550524789766,58230700
2023-02-21,288.45880126953125,293.06975897051757,288.32146951851234,291.6276109184507,46526700
2023-02-22,288.6746520996094,290.7446581736878,287.016671243805,289.0376366764408,51389200
2023-02-23,291.1959228515625,292.4810988457512,287.0068107724756,292.32412690013473,69294400
2023-02-24,286.32012939453125,287.4189032172758,284.5542172313994,286.23183827727587,74332000
2023-02-27,288.37060546875,290.8722776388824,287.78196791714544,289.4791997040795,48995000
2023-02-28,287.9977111816406,290.5092026778838,287.4090738129779,287.7426280027074,48243100
2023-03-01,285.6824951171875,288.36074923545726,284.7014426338721,287.7034608376696,58287000
2023-03-02,288.0467834472656,288.85125360812066,282.90607840448746,283.1905919861252,53565900
2023-03-03,294.001708984375,294.23718186541674,289.2828504119004,289.79301670471045,60511500
2023-03-06,294.3352966308594,298.23989551477433,294.13910413688774,295.2378779090162,56736300
2023-03-07,290.72509765625,295.30662605812665,290.11684988943415,294.3844343021973,65955800
2023-03-08,292.177001953125,292.7754294827464,289.2927058080047,291.14687907881626,50876300
2023-03-09,287.11474609375,295.27710774378676,286.3004559856999,292.6772954111653,71456700
2023-03-10,283.0826721191406,288.7727942856596,281.9348575201035,287.28157540233644,98593600
2023-03-13,285.18212890625,288.890505837308,279.7863406238493,281.29716972593775,97123600
2023-03-14,291.735595703125,292.28498274294475,287.8898864243868,288.7335772571999,73602500
2023-03-15,293.2659606933594,293.59951488700585,287.68377063812324,289.1259187355792,83631500
2023-03-16,300.9967041015625,301.35968872296763,291.5589841876488,292.3536342883857,98198100
2023-03-17,299.5740966796875,303.29229304043884,297.6218123089048,300.9083432902864,89923700
2023-03-20,300.6373291015625,300.96156442309575,296.74635531468806,298.95714064586366,56359500
2023-03-21,304.93115234375,305.3831267141838,301.0598192933136,302.57298738561116,49757000
2023-03-22,300.78460693359375,309.7554842816326,300.6175866682328,304.8622702775155,75791900
2023-03-23,304.3514709472656,308.6747788231462,301.6592350853991,304.51852126788464,74576000
2023-03-24,305.47149658203125,305.5697296883358,301.600164645963,303.9288529962725,57195200
2023-03-27,303.3786315917969,307.24996373111605,302.5237996194043,306.169129633849,50287400
2023-03-28,301.7672119140625,302.8284054254043,299.45816398128835,302.7989294937386,48585900
2023-03-29,307.2696228027344,307.88864736768073,304.6461448812209,305.4616956522639,53274300
2023-03-30,310.17803955078125,310.80689945176334,307.35806527422386,309.7457058652787,58354800
2023-03-31,315.3365173339844,315.57235477434864,310.0994268734704,310.4040214976561,62138100
2023-04-03,314.5701904296875,314.8355038670899,311.88779001645594,313.2142372606845,47126800
2023-04-04,313.50897216796875,316.0243518179642,312.290563597787,315.01230477117457,45875400
2023-04-05,310.4139099121094,313.4991679194973,308.5961471761474,312.5559079537238,62795700
2023-04-06,312.5067138671875,312.99799939754666,307.36788641047167,308.7631205247058,46916500
2023-04-10,312.32989501953125,312.3790415697629,307.7904209826378,309.57870772010875,45134700
2023-04-11,310.3254699707031,312.3495943669615,309.81454370686527,312.2906125041193,40113600
2023-04-12,307.5841064453125,312.87034446403476,307.12229676746927,312.28079572849316,62813300
2023-04-13,313.6072998046875,314.0789148450452,308.1638463235502,309.3429139101412,54613800
2023-04-14,313.0177307128906,314.7765116629593,310.10929821943813,312.0548000917982,56278300
2023-04-17,313.282958984375,313.6367001650962,310.5317719596086,312.6049825415416,43007000
2023-04-18,313.3026123046875,315.81802195370216,312.1039043269435,315.39549358382044,46746900
2023-04-19,313.15521240234375,314.2164059332527,310.76757193633193,310.8953109711348,38960100
2023-04-20,310.767578125,313.70545604121475,309.4804124167507,310.18786478954866,62462100
2023-04-21,311.09185791015625,311.86809756580624,308.6256245513953,310.40407605124466,59002300
2023-04-24,310.4433898925781,312.20217079199995,308.2718859001082,310.8658883218899,44043100
2023-04-25,304.5872802734375,309.4804963444167,304.48904712793683,308.81235502938426,57121600
2023-04-26,306.4344787597656,309.4509795739338,305.9137172173924,307.97712275751604,55400500
2023-04-27,314.7666931152344,315.2677840420541,309.5590477109076,310.19774298595155,65430400
2023-04-28,316.9380798339844,317.0265076202537,313.40081845478437,314.5307690380285,59712600
2023-05-01,316.5745849609375,317.98948974313606,315.493750754301,316.47632185384504,41013400
2023-05-02,313.8136291503906,316.8301302625528,312.0744587443646,316.50586493891893,56519400
2023-05-03,311.7600402832031,316.8497521612235,311.65194185315056,314.17715716201246,59882100
2023-05-04,310.6595153808594,312.6836094317165,309.6277977427473,311.5339880602636,50224500
2023-05-05,317.26239013671875,318.1172221778604,310.6987925389379,312.9194127732155,51806100
2023-05-08,318.0484619140625,318.3923678179955,315.71977305719315,316.8006073328287,36465800
2023-05-09,316.03424072265625,317.25261951377945,315.71981071665806,316.38795199013236,31768800
2023-05-10,319.47314453125,320.3279764906914,315.99483484753875,318.4709029354745,60446600
2023-05-11,320.51470947265625,321.0551115912344,318.4709447629655,320.0234239155159,44278500
2023-05-12,319.3651123046875,321.4678290419078,317.3115421183243,321.0453006415859,48432800
2023-05-15,321.09442138671875,321.3302288576638,318.3137283538319,319.8367315655272,33375600
2023-05-16,321.4580078125,323.1676721605084,320.33786221505017,320.37717346031883,40019200
2023-05-17,325.3489685058594,325.9286819112278,321.3400912336349,322.51915867337476,47486100
2023-05-18,331.39178466796875,331.6079515358574,325.72235952182035,325.7420001513761,64213500
2023-05-19,330.64501953125,332.31537245568006,329.5838259221381,331.6079200448358,61554900
2023-05-22,331.75531005859375,332.76735706001745,330.37968657373955,330.389521879848,43015900
2023-05-23,327.5498962402344,331.1854214014878,327.1961850279305,330.0358299758091,48216700
2023-05-24,325.8697204589844,327.10776972072495,323.8161503250398,325.5946017325634,62891200
2023-05-25,333.7990417480469,335.0665668116123,330.80221200891475,333.2291637268725,66862800
2023-05-26,342.32781982421875,343.1630113895212,334.72272789307027,334.82099101587556,63007000
2023-05-30,343.8802490234375,347.7613869295113,342.4555089148934,346.56264897187214,72652200
2023-05-31,341.9248962402344,344.4894223193903,340.47071025093595,342.2982780436562,65105400
2023-06-01,345.8748779296875,347.20132498528426,340.6181163131397,341.6694746335876,50488600
2023-06-02,348.4688720703125,349.62829889635873,345.8748996800786,347.6336805484104,53372100
2023-06-05,348.7144775390625,351.26916839727164,347.6827898779061,348.2526679224413,47266200
2023-06-06,348.655517578125,349.6184480290235,346.7788032216218,348.10528017352283,41390400
2023-06-07,342.740478515625,350.8958071324031,342.1116185813994,348.9405001234873,69225900
2023-06-08,346.9949951171875,347.4568047564389,342.809262414588,343.03523458791426,47153900
2023-06-09,348.32147216796875,351.4264005957321,346.87709138014355,348.4492112149935,53196900
2023-06-12,354.20709228515625,354.305355405067,349.00931208022024,349.98204800024035,44606500
2023-06-13,356.92877197265625,357.76393338304973,353.75505666181834,356.9582479049561,57097800
2023-06-14,359.5227966308594,359.8077506752878,354.1383256374959,356.93862957320954,69525600
2023-06-15,363.8067932128906,365.2904552167826,357.63624776639995,358.2552423852553,71138800
2023-06-16,361.5173645019531,366.3516273321543,361.07522551441866,366.2238882960813,80932000
2023-06-20,360.9998779296875,362.397056132463,358.03830213467023,360.0651728884419,49204700
2023-06-21,356.08026123046875,360.2914331262993,355.1553750173207,359.85850638708854,53378300
2023-06-22,360.2815856933594,360.438986288893,354.4272564085089,354.8306667482636,47603000
2023-06-23,356.7099914550781,359.01235823948906,355.01764962720034,356.38528138026277,48922900
2023-06-26,351.9281921386719,358.97305681131377,351.83964301895173,356.1787300462149,52685500
2023-06-27,357.979248046875,358.70736854848366,352.7448216192728,353.4729120940555,49428100
2023-06-28,358.67779541015625,360.6259355671753,356.080235165036,356.15896549012393,46498000
2023-06-29,357.9595947265625,359.02224413799314,356.31646669343706,358.3826727205455,46151000
2023-06-30,363.4793701171875,364.5321406265844,361.32458510548383,361.6394163650322,58712500
2023-07-03,364.3353271484375,364.9650196119277,363.0365470322864,364.11886379574565,19432900
2023-07-05,364.3254699707031,366.0276603880261,362.73152624064664,362.77089140209085,34460900
2023-07-06,361.5508728027344,361.9936483701635,358.6581484968216,360.6161677546873,49374700
2023-07-07,360.3504638671875,364.5223006013329,360.1241817275953,361.3245640384335,47133700
2023-07-10,360.468505859375,361.1474122875821,357.5659631843357,360.0749443133993,48498800
2023-07-11,362.2494812011719,362.70207554585426,358.7565506409738,360.89166814029903,38214100
2023-07-12,366.82470703125,368.1726713240019,364.34521181075905,366.3524150781026,61975400
2023-07-13,373.0528259277344,373.8793141584176,369.4221629695209,370.0026714877334,46960000
2023-07-14,372.9741516113281,376.70318269282194,372.0984493610609,373.4857786392497,55148500
2023-07-17,376.4572143554687,377.3329166322363,373.21029383715927,373.6924045131907,40868900
2023-07-18,379.5368957519531,380.9045575398771,373.8892104448696,375.8176832280745,55262000
2023-07-19,379.44830322265625,381.7408509867263,378.1200067532501,380.5995015032938,54093000
2023-07-20,370.7013549804687,377.92331728400615,369.67807074965657,376.4572574650735,71941700
2023-07-21,369.5895080566406,373.8105290801638,369.1565812836216,373.08240858363587,60499600
2023-07-24,370.1799011230469,371.50816791285126,368.320279574395,370.56361396568434,40380100
2023-07-25,372.6888427734375,374.35166830858134,370.86858659289726,370.8882841903377,38894400
2023-07-26,371.4490661621094,373.14140793425514,369.14669945351966,371.6458619601726,47075700
2023-07-27,370.5635986328125,378.52350037664377,369.27466704180216,376.90988870145145,63940200
2023-07-28,377.313232421875,378.3364864635538,374.1056471836481,374.6172742044875,56902900
2023-07-31,377.5100402832031,378.6907551113529,376.19159240697024,377.6182869887491,44019900
2023-08-01,376.6343688964844,377.3919757298599,374.5681329555754,376.1620769587029,41060600
2023-08-02,368.3694152832031,373.16109557263337,367.12966784749693,373.16109557263337,72687100
2023-08-03,367.779052734375,369.9043211540574,365.79151734625674,365.9587967704652,47666400
2023-08-04,366.0572509765625,372.0197980045004,365.555442653565,369.7075822366438,61702800
2023-08-07,369.1565246582031,369.2549225509461,365.5357104091049,367.8675933356882,37230400
2023-08-08,366.017822265625,366.6672123277019,362.8889674430173,366.6475447598164,44726500
2023-08-09,361.9936218261719,366.4606222337156,361.2360150499195,366.3031915996586,51150900
2023-08-10,362.66265869140625,368.3398598555968,361.137596428398,365.0043904450485,72035300
2023-08-11,360.3504638671875,362.0821708144487,358.82540151714943,360.10448413157985,48707200
2023-08-14,364.3944396972656,364.51250518335536,358.83530286380505,359.5535445797935,42130800
2023-08-15,360.5276184082031,364.2173147115886,359.8585306581353,363.4203126853779,45539900
2023-08-16,356.7099914550781,361.5213395998945,356.6115935528061,359.9864284102872,53190500
2023-08-17,352.81365966796875,358.45152631342546,352.40043050549747,358.10714866014956,62604300
2023-08-18,352.37091064453125,353.6303257433368,349.0058945064905,349.54706796393924,61191400
2023-08-21,358.0480651855469,358.72697159737027,353.37445062617115,353.8368936889085,50696500
2023-08-22,357.5364990234375,360.6653543070012,356.84774369729803,360.6555055081969,44530200
2023-08-23,363.1743469238281,364.2665126856572,358.5007314261463,358.71719481869087,51770600
2023-08-24,355.41119384765625,366.7459290080147,355.20457928175483,366.6475611373719,66842500
2023-08-25,358.1661682128906,359.85851002139935,352.8136466802501,356.24754426125236,69960500
2023-08-28,360.8621215820313,361.7968265629238,358.392475423515,361.0884037220295,40910000
2023-08-29,368.7433166503906,369.0975431080189,360.34066992242833,360.6653499839977,58492400
2023-08-30,370.7996826171875,371.38022122369233,367.8479257549835,368.8515423053,41731500
2023-08-31,371.91156005859375,373.61375086117255,370.8095755033072,370.87845704471937,35730700
2023-09-01,371.5179443359375,374.7058320533503,370.0322171464116,374.28275412084383,39801200
2023-09-05,371.9902038574219,373.2102536131033,369.78620523277215,370.7110913465371,32344200
2023-09-06,368.7137756347656,371.5573157971025,366.70660260739953,371.2129381611802,42998700
2023-09-07,366.0768737792969,366.85417813956576,363.2136660969296,364.2566177579788,52060700
2023-09-08,366.5885009765625,368.82201616025327,365.6242796443045,366.0276900079968,35800100
2023-09-11,370.9079895019531,371.41961663143184,367.6512196376699,369.61905786511977,39936600
2023-09-12,366.7951354980469,370.8882417292776,366.50979060925704,369.2352351552727,41391000
2023-09-13,368.1922607421875,369.7960532558238,365.89974305658103,367.03124371731934,46300700
2023-09-14,371.20306396484375,372.1869828419729,367.8774433826772,369.94364900319135,48039400
2023-09-15,364.8469543457031,370.2683569363539,363.912219407032,369.8649465958127,69811200
2023-09-18,365.2273254394531,366.3407681012067,363.6212111624308,363.9069691189676,36903500
2023-09-19,364.4488830566406,365.24700863969736,361.4238722283556,363.9069563270103,37621700
2023-09-20,359.197021484375,365.8677841776096,359.1181771883691,365.51307505644786,45514200
2023-09-21,352.6148986816406,356.3001026510691,352.44740717910935,355.5118100588146,69734800
2023-09-22,352.66424560546875,356.4972156395276,352.34892851338105,354.3590373875739,51589700
2023-09-25,354.33929443359375,354.4280017936402,350.71323825781116,351.698581571032,39168000
2023-09-26,349.0184326171875,352.29964255853133,348.03308934331926,351.75768571572956,53657700
2023-09-27,349.8362731933594,351.74784148919474,346.21018720799054,350.171286287333,56066000
2023-09-28,352.76275634765625,354.89110143517365,348.0626496696963,348.919893509747,56453300
2023-09-29,353.0189514160156,357.6303811505316,351.78727222768936,356.24104341766446,64829600
2023-10-02,355.9650573730469,357.36422773350404,352.6740150326164,353.28492294241755,51625100
2023-10-03,349.718017578125,355.7187539856784,348.1020403157793,353.52142785074375,60478500
2023-10-04,354.47723388671875,355.3246146472607,350.0924443998235,350.5555569297421,54786700
2023-10-05,353.4327087402344,354.8713012050192,349.93475286434216,354.46730693724925,45897400
2023-10-06,359.3547058105469,360.54696275822704,349.64906850019884,350.4373310951315,75049100
2023-10-09,361.1874084472656,361.7293351903447,355.4921258364322,356.98983670606606,45304800
2023-10-10,363.1876220703125,365.83819750579465,361.01988521817543,361.522389768607,46968800
2023-10-11,365.7791137695313,365.9663313882023,362.7935249958405,364.5178756423352,38215100
2023-10-12,364.508056640625,368.26221238194034,362.11367952755785,366.2816927049763,49587900
2023-10-13,359.9261474609375,365.71997003976674,358.5269469460031,365.1386211851273,52469900
2023-10-16,363.99560546875,365.04992982373216,361.09869429111416,361.2464897450169,44201100
2023-10-17,362.8033752441406,364.498166736826,358.32990873374644,360.4483905820312,50999100
2023-10-18,358.044189453125,362.5176564466025,356.7139699865063,360.31049708114347,54280500
2023-10-19,354.6940002441406,360.6553146993433,353.89587464125333,359.4630578223605,72274200
2023-10-20,349.4027404785156,354.76301044050285,349.17610069402633,354.1914944866745,72559700
2023-10-23,350.4570617675781,353.99444057612124,345.9737317484537,348.08238082629725,60665200
2023-10-24,353.8663330078125,354.6348995548222,350.5752900977818,352.27008172327623,47082100
2023-10-25,345.2051696777344,351.6493233086152,344.62382073653515,351.47196873068145,71190500
2023-10-26,338.6230773925781,344.93913146646247,337.33228009309397,344.0030433163217,78621400
2023-10-27,340.24884033203125,343.72710044474474,339.0368574336132,341.3524198475242,63476700
2023-10-30,344.0818786621094,345.4022350230032,341.37218469520366,342.73193313591645,55298500
2023-10-31,345.7273864746094,346.1018217264424,341.5396775996275,344.1114391570496,47671900
2023-11-01,351.7281188964844,352.2897717671252,346.46638953800874,346.5649298772897,58992700
2023-11-02,358.1131591796875,358.3496319411529,355.0191668891615,356.2410129874096,58162400
2023-11-03,362.320556640625,363.6113538875242,359.17730927962293,359.40394905155324,53280500
2023-11-06,363.7985534667969,364.3602063061445,361.5322761410514,363.0891051619072,38848700
2023-11-07,367.2374877929687,368.1045647036917,363.6409604189403,364.8430805389325,50777400
2023-11-08,367.4739074707031,368.3114552322413,365.1879039548286,367.611839886679,35663400
2023-11-09,364.6459655761719,369.30661967147313,364.1532939757189,368.1636480202756,53859400
2023-11-10,372.8440551757813,372.991850652543,365.8382488743715,366.3703426610041,58309800
2023-11-13,371.6813354492187,372.735659990496,369.7402079575448,371.26750810516944,40733500
2023-11-14,379.6823120117187,380.5987041135127,377.5638299784624,378.0860607128957,67792600
2023-11-15,379.968017578125,382.0668032816724,378.6082392310218,381.5741317107097,54141400
2023-11-16,380.2932434082031,380.5297161682242,377.9382585819302,379.1994967525258,45343500
2023-11-17,380.38189697265625,381.3967992648441,378.6575463743563,379.5640452781013,46571900
2023-11-20,385.0129699707031,385.6731631072631,380.391708225642,380.391708225642,44429600
2023-11-21,382.77630615234375,383.5251766695304,381.0322593676381,383.3083999445706,43337000
2023-11-22,384.343017578125,387.3089106291963,383.3379782050416,384.8455522998127,44121000
2023-11-24,383.8010864257813,384.53023086052497,382.8058800494912,383.9390188541122,15718800
2023-11-27,383.4660339355469,385.4169942650287,382.58906403651775,383.30837541200384,34139700
2023-11-28,384.4710388183594,385.0523876574083,382.3623900835809,382.7171292474076,35491100
2023-11-29,384.0967102050781,388.3632639870672,383.7518339993522,386.9345040220429,38811700
2023-11-30,383.1309509277344,384.8257422916776,380.1650885935478,384.36262982390576,52834400
2023-12-01,384.2247314453125,384.8159433818808,380.4114580563647,382.0668274225255,40490100
2023-12-04,380.65777587890625,380.9336707602358,377.0514163134852,380.4311361273443,51186900
2023-12-05,381.6135559082031,382.8058126966643,378.5786821753916,378.7560667953098,42933000
2023-12-06,379.4063720703125,384.6484049030848,379.0615260202326,384.54986457293904,41994100
2023-12-07,384.70751953125,385.5352041703079,381.2883775917739,382.3821241267949,49593500
2023-12-08,386.4220581054687,386.8654445057405,382.786139271799,382.9733568864543,46687500
2023-12-11,389.7229309082031,389.9889928166888,385.7914211700645,385.998334821996,41198000
2023-12-12,392.8268432617187,392.94507965147454,388.6292710036339,389.7624098325168,39221200
2023-12-13,397.822509765625,398.43341782409794,392.9943334222213,393.7629000232505,55408100
2023-12-14,397.47760009765625,400.34492229164994,394.47228535433857,399.04429214654,55447800
2023-12-15,399.3990173339844,400.58144122653687,397.6549706592437,398.2560155899272,62896600
2023-12-18,401.9146728515625,402.8131297549099,399.4661600981629,399.7919595715153,46610000
2023-12-19,403.9683532714844,404.0868258236816,402.1813219716842,402.3689135561145,35711900
2023-12-20,397.9654235839844,405.2616685175691,397.78771478214475,403.1685733927477,54042400
2023-12-21,402.5959167480469,402.96124723744623,399.3378015199468,401.8949341636447,45568900
2023-12-22,403.1982116699219,404.76803309196526,401.3223261415251,403.8103398826286,34314000
2023-12-26,405.66650390625,406.33786841215897,403.95844437499267,404.0571815388857,22722500
2023-12-27,406.4923706054687,406.7788499758725,405.0896376175433,405.9490757287545,31980500
2023-12-28,406.2947387695313,407.8950497629961,405.93913420178313,407.6480920977712,27029200
2023-12-29,404.5364074707031,406.6306338260502,402.62001354809854,406.2749991067649,42662100
2024-01-02,397.6907348632813,401.1481421130462,395.369326823485,400.90118445234873,58026900
2024-01-03,393.4825744628906,396.12009559564825,393.04795670596747,395.06310955186376,47002800
2024-01-04,391.45751953125,394.7272364938344,391.2401955875345,391.61557604906113,39432800
2024-01-05,391.92181396484375,394.6976157049845,390.5289691180864,391.6254768256185,44922800
2024-01-08,400.0220947265625,400.3085439534449,392.99860205888314,393.14677064971954,42473800
2024-01-09,400.8122863769531,401.74084959997214,396.8214421086288,397.0190202971773,39132900
2024-01-10,403.5288391113281,404.5364155681049,400.2393761596448,401.12841775635377,33962800
2024-01-11,404.3685302734375,406.196023220601,399.32069938087903,404.80317822236947,54536200
2024-01-12,404.5758972167969,406.245333338748,403.1830524563775,405.4056713013919,39595000
2024-01-16,404.5364074707031,406.1169425811047,401.879140541304,403.3411407940105,43903000
2024-01-17,402.2545471191406,402.6299276236626,398.0167749505994,401.2272248549982,54386000
2024-01-18,407.9641418457031,408.54695827072845,404.18076398623447,405.52419910571047,59562500
2024-01-19,416.0544738769531,416.21253038631954,409.584195676436,410.1670120974889,70325100
2024-01-22,416.5978698730469,419.5613621004465,415.99527744411733,418.2574182853022,44880600
2024-01-23,418.3265380859375,418.5438620366408,415.4519472523529,417.28929780686303,33003800
2024-01-24,420.64788818359375,424.6189864613101,420.1539728870577,422.23831111446253,46948000
2024-01-25,421.1615905761719,423.8188573538376,418.820436831776,423.14710962158966,44367200
2024-01-26,418.6525268554687,421.0233145079284,418.0005549754572,419.274865020307,37137000
2024-01-29,422.939697265625,423.1372754590085,418.4549375623775,419.10690942510337,38694700
2024-01-30,420.1243591308594,422.47540087743624,419.2155718239364,421.90247237056735,36739000
2024-01-31,411.895751953125,417.7239468242111,411.7179496692199,415.72853974147705,64010600
2024-02-01,416.7460021972656,417.23991752552706,412.7255241901297,413.69360908615386,51008600
2024-02-02,423.7892150878906,425.00422743156474,417.6449075538832,418.6425959598453,59602400
2024-02-05,423.236083984375,424.3819410907607,419.8280559423624,423.8485342072988,39889200
2024-02-06,422.3865051269531,424.9845045666784,420.0453513036871,424.3819121925699,35846100
2024-02-07,426.7330017089844,427.5627759324522,423.8682985252067,425.1722423676001,37712700
2024-02-08,427.5232543945313,428.2838731760965,426.1699311674683,426.8515066116603,29889900
2024-02-09,431.7314147949219,432.5216974781875,427.8690231128558,428.6592756499195,36943900
2024-02-12,430.0421752929687,433.7959497087528,429.3605697585453,431.6227103024464,33203300
2024-02-13,423.3348083496094,426.0217088939476,420.15399248569577,422.08027429051936,64491700
2024-02-14,427.947998046875,428.3727579939155,423.66081661689094,426.0118584018304,45092700
2024-02-15,429.2222900390625,429.68657163381835,426.0809657732135,428.63947359393467,38796100
2024-02-16,425.3302612304687,429.6964559347723,424.6190219381849,429.5976969841717,53716500
2024-02-20,422.1198425292969,424.8462348947395,418.3463218363223,423.33485505593694,53999500
2024-02-21,420.43060302734375,420.5195343175768,416.499056197841,419.3835049137998,49779000
2024-02-22,432.7389831542969,433.7761932856845,428.43202581368143,429.2025325203063,53887800
2024-02-23,431.4646911621094,435.22832371062657,430.48674841765705,434.29976044260496,39853900
2024-02-26,431.2374267578125,433.2624975303855,431.04973653630094,432.27466695240753,33043200
2024-02-27,432.2747192382813,432.6599575342669,429.7359871107177,432.34387462219166,33713200
2024-02-28,429.97308349609375,431.3560706752658,429.0148864542858,430.13114003503347,32938800
2024-02-29,433.65765380859375,434.7343855957227,429.7260769829366,432.897035063429,42495200
2024-03-01,440.1872253417969,441.1454223300951,434.487453034906,434.5467204654234,43853000
2024-03-04,438.6165466308594,440.6119838022622,438.36958897271137,440.1871937191368,34325700
2024-03-05,430.7434997558594,435.5838935732869,428.37271246241903,435.574005620993,57917100
2024-03-06,433.4502258300781,436.61126586958386,431.5733535962779,434.9616055413098,46234500
2024-03-07,440.0291137695313,441.28364766754214,435.49494518935046,437.0359885230623,44526700
2024-03-08,433.6773681640625,443.18032361793377,433.0056506081804,440.3847462089413,72096000
2024-03-11,432.0672302246094,433.3217642038406,430.1409485424055,432.1857650703702,45860000
2024-03-12,438.2610168457031,438.6166214639312,431.1486230191048,434.37884903236153,55300900
2024-03-13,434.8924865722656,437.2830502454642,433.7762330042358,437.2632743369456,37928700
2024-03-14,433.7959289550781,436.6507436130301,431.07939490025854,436.12719461922177,52195200
2024-03-15,428.6395568847656,433.5293012899479,427.4738936218068,430.7633870898168,73069800
2024-03-18,432.72760009765625,436.24892486952547,432.4901867270838,433.96402116042105,47323800
2024-03-19,433.8057556152344,434.2113053461235,428.6226579939233,430.7196534725341,43004100
2024-03-20,438.94921875,439.2855216334525,433.3012561785642,435.0025726505381,43653500
2024-03-21,441.02642822265625,444.4587341886424,440.8286189706875,444.00373970444815,39345700
2024-03-22,441.5309143066406,442.62884172673427,439.6614311607801,440.51210455310553,28253900
2024-03-25,439.9285278320313,441.4122331500876,437.73264275386543,438.7316504748345,27789200
2024-03-26,438.5041809082031,442.371709837362,438.2766685525834,441.4517895723345,34142000
2024-03-27,439.9977416992187,441.68918748510794,437.1292508062664,441.5902677606485,41359200
2024-03-28,439.1866760253906,440.79897397057766,438.8305710516138,439.9483005564888,36839600
2024-04-01,440.116455078125,442.6684148785135,438.2073980092949,440.1362269482147,38729000
2024-04-02,436.3182067871094,436.63473787118943,433.2716781145193,435.299396886405,44259700
2024-04-03,437.2974548339844,439.17680901553166,434.1816794558843,434.191550298933,39949800
2024-04-04,430.61077880859375,442.09467189777934,430.3832664945623,441.4813817711802,57267700
2024-04-05,435.68511962890625,438.35580126025417,431.22410267243185,432.03520215289296,54744600
2024-04-08,435.813720703125,437.6930747609312,434.42893509137633,436.6149191708532,28144900
2024-04-09,437.426025390625,438.4250331404943,432.6880511524698,438.1480760138876,39443600
2024-04-10,433.60797119140625,434.46851553046224,431.5406785345994,432.252858364519,61502200
2024-04-11,440.5318908691406,441.4814538292868,433.20238290855747,435.4774158620286,45474600
2024-04-12,433.5090026855469,437.43587724458433,432.1341181408084,436.3082769159413,53665000
2024-04-15,426.3773193359375,437.34684315344833,425.5365469935981,437.2578244611151,63453600
2024-04-16,426.4168701171875,429.0479775633437,425.0320846681734,426.2190306875889,47619000
2024-04-17,421.2140197753906,428.41493461701685,420.2842287497744,428.3951627475999,56880500
2024-04-18,418.8104553222656,423.5879732317038,418.236739020357,421.8569836696365,46549400
2024-04-19,410.14556884765625,418.1575829798095,408.582745982608,417.63334168227425,75231000
2024-04-22,414.2703247070313,416.6046733073807,409.44333179355846,412.7767183248701,47807700
2024-04-23,420.4524230957031,421.6492702748659,414.3197623321765,416.1991163771081,44384700
2024-04-24,421.8767700195313,425.0617919025949,419.5918662975575,423.5484137206893,48440300
2024-04-25,419.8391418457031,420.6996860627022,413.59769082942586,414.6857171994804,57392200
2024-04-26,426.3179931640625,427.85114324602824,422.28232799556,422.9747056964863,41874900
2024-04-29,428.0490112304687,429.0480492004489,425.3091127708003,428.42488809783015,30022200
2024-04-30,419.9776306152344,427.86105287563,419.89851294550385,426.4663662313873,43665900
2024-05-01,416.9410095214844,425.4673956572168,416.0903662068146,418.5533076308933,52251700
2024-05-02,422.2625122070313,423.1626303564194,416.0606350688799,420.67988722114075,36559000
2024-05-03,430.7493591308594,431.738496056238,427.9204118275236,429.72064827636785,48515300
2024-05-06,435.467529296875,435.55654799740194,431.7780377160311,432.5495633066614,30227200
2024-05-07,435.5367736816406,437.1688435542686,434.80479183797706,435.9126505391316,30996100
2024-05-08,435.2795715332031,436.684159179944,432.7968283132177,432.9155500947103,24896700
2024-05-09,436.2290954589844,436.80281170032566,433.696907696112,435.546588660251,24580100
2024-05-10,437.25787353515625,439.4834316514472,435.7148223227463,437.73267013361465,27116600
2024-05-13,438.2667541503906,439.26579205563456,436.85229566102873,439.16687233072867,22994200
2024-05-14,441.0858154296875,441.6199578136672,437.6535091414476,437.84144756940225,34478300
2024-05-15,447.9801025390625,448.22738676768705,442.0452810520728,443.5586593238126,41464700
2024-05-16,447.0700988769531,449.75065137557704,446.90193232511433,447.7921494818684,34780400
2024-05-17,446.8524475097656,447.80201037946864,444.65656262066153,447.1986212386576,35803700
2024-05-20,449.96826171875,450.6309665241783,446.8821594828128,447.07009790490423,24474200
2024-05-21,450.84857177734375,451.03651019690585,447.92073510394465,448.11857455171366,23167700
2024-05-22,450.7596130371094,451.8575708019617,448.158177901845,451.10581702372286,25120000
2024-05-23,448.73187255859375,455.5766833514374,446.94153709318385,455.5470104503668,40899200
2024-05-24,452.9752807617187,454.2413748570816,448.6428560676612,450.34417283824854,29669500
2024-05-28,454.68646240234375,454.745808203998,451.72895260433864,454.1918939311823,26216800
2024-05-29,451.4816284179687,453.26206268217703,450.3935718404809,450.5320654894618,29739200
2024-05-30,446.6447448730469,450.69034126496246,445.3193050797845,450.5518476128299,30536800
2024-05-31,445.81390380859375,447.5646955194597,438.24701222029506,446.8722875838762,55941300
2024-06-03,448.20758056640625,450.6309477096741,443.03438403283286,449.63194002907153,32997500
2024-06-04,449.43408203125,450.6309291046102,446.2292884655987,447.9503768344026,23767400
2024-06-05,458.4945983886719,458.5737160540312,449.4736752346723,453.0049009992893,33817400
2024-06-06,458.3363342285156,459.4936376169888,457.16915999813136,459.17710658249314,21966800
2024-06-07,457.9308166503906,460.6806160602475,456.8229881379394,457.97039057899616,25829700
2024-06-10,459.780517578125,460.13662257873057,456.5163777005726,456.8032358696626,20660800
2024-06-11,462.935791015625,463.0545127870807,457.0108712848029,458.50447750184526,22053300
2024-06-12,468.9992370605469,471.32371472336234,466.17032012465427,466.86269781638856,34532600
2024-06-13,471.5413208007813,473.1931926237643,469.2663181179799,472.530457651749,25859000
2024-06-14,473.9845275878906,474.0537744176001,470.8786231404357,471.3435187046706,23372600
2024-06-17,479.7907409667969,481.5711753074278,472.94593054199913,474.25156830496593,37054500
2024-06-18,479.9391174316406,480.6216243226489,478.17845491806946,479.74130815889504,24438600
2024-06-20,476.2397766113281,481.5514372932592,474.40986718554024,481.1360166714005,33918700
2024-06-21,474.9637145996094,477.29809320933606,473.47013851655726,475.9627524549559,37456800
2024-06-24,469.5564575195313,475.47099181592733,469.41777397286,473.73725096126896,37751000
2024-06-25,474.9261169433594,475.2233175695722,470.70568664689,471.6468723532994,29014700
2024-06-26,475.9068603515625,476.45176842235986,473.6876819463844,474.1037627803362,22737100
2024-06-27,477.1353454589844,478.6115224234326,474.8468100949917,475.6591987285754,26222100
2024-06-28,474.6585998535156,482.67346269795496,474.0146450158968,477.9279578687232,34881600
2024-07-01,477.4425354003906,478.0072166007963,471.8351183529178,475.57999748371265,24898300
2024-07-02,482.45550537109375,482.51494549553286,475.8177426243462,475.94653963864454,26723600
2024-07-03,486.4778137207031,486.6066107434774,481.70258851623953,481.70258851623953,18064900
2024-07-05,491.5502014160156,491.9861158127836,487.0226538424265,487.319884695154,28495900
2024-07-08,492.71923828125,493.2740329338848,490.8963372463012,491.916766364616,22109400
2024-07-09,493.1452331542969,495.3545252210374,491.6294495164821,494.2350191565913,25614500
2024-07-10,498.2870178222656,498.8418124743257,493.7595004189231,495.0672133936126,28046900
2024-07-11,487.3594970703125,498.6040508659988,486.1706643474196,498.3960104304496,49966600
2024-07-12,490.22265625,494.97804756604864,487.4684863179307,487.934120777822,37109400
2024-07-15,491.5402526855469,496.3551140334472,489.4993946125061,491.9959703492449,31151400
2024-07-16,491.728515625,493.80901063185854,488.5681514050571,492.99662197224063,25950600
2024-07-17,477.29388427734375,484.2585676332021,477.224557622275,483.74340981561966,56268800
2024-07-18,475.0350341796875,481.19724518023446,471.8449500880725,481.01892482186776,49347400
2024-07-19,470.8245849609375,477.2146707760449,469.53667521921534,474.69826118608114,42042900
2024-07-22,477.8387756347656,478.8592047028754,473.2715913896256,476.6895495582666,40300000
2024-07-23,476.1545715332031,479.9291705375838,475.67905054622,476.9372401363334,23282500
2024-07-24,459.07476806640625,469.7843305630981,458.2128560235188,469.4177730491382,58818600
2024-07-25,454.01226806640625,463.5924387819434,451.3968116506578,459.4116449892316,59256800
2024-07-26,458.6685791015625,461.60106948166,455.4982979856442,458.3515449431624,39992100
2024-07-29,459.58990478515625,463.56265759959666,457.3310894463461,461.3830856787975,28218500
2024-07-30,453.2791442871094,462.2252464673246,449.930542610596,461.5218514548279,41317200
2024-07-31,466.69329833984375,468.3973190381643,462.0765907474864,463.52301742956,44552100
2024-08-01,455.3893127441406,471.1316633842162,451.7435107988416,467.37689795882113,56653900
2024-08-02,444.5806579589844,449.3558825329527,440.3404247035784,446.7007897037069,66323200
2024-08-05,431.3250122070313,438.18073242125257,419.5157767707517,420.7640496665403,87483500
2024-08-06,435.4463806152344,442.91633588521086,430.52255505334097,433.1677617207585,63164400
2024-08-07,430.7305603027344,444.8283608872693,430.3342827318256,442.3416715112024,54929200
2024-08-08,443.9070129394531,444.8184483377776,433.0884567702679,436.96213279824934,47890100
2024-08-09,446.2252197265625,447.8598834396681,441.4697986482107,442.5893045939609,33574000
2024-08-12,447.186279296875,450.1484898369526,444.3825556071596,447.19619606278854,27795000
2024-08-13,458.28216552734375,458.54967631273865,451.4462793308009,451.5849931060486,40084500
2024-08-14,458.4308166503906,460.78867882910635,454.1410294667669,459.203568511929,34733700
2024-08-15,470.01220703125,470.4084846096922,464.02831582443696,464.4047901058715,38280600
2024-08-16,470.6165466308594,471.9837300381218,467.2679450064729,468.2289340511398,38383600
2024-08-19,476.7984924316406,476.8381292557489,468.97189765937463,470.755191935789,23737700
2024-08-20,475.7979431152344,478.4530361414534,474.1038088531109,475.8871033026028,29209300
2024-08-21,478.0171203613281,479.86974146186225,474.86667281387304,476.58058013398335,25658800
2024-08-22,470.4381713867187,481.0288529409239,469.40782556843743,480.33534455218785,37739600
2024-08-23,475.5403442382813,478.2548773617483,470.8641963105765,474.7873956850109,36061500
2024-08-26,470.9236755371094,475.9168580317419,468.8431803115089,474.99550579444735,27452600
2024-08-27,472.3304443359375,473.400396779738,467.32734562030106,469.28896037364865,27510000
2024-08-28,466.9707336425781,472.588037228048,463.54288867121295,471.8648389451947,37372400
2024-08-29,466.287109375,473.4895530413343,465.0090862780714,468.8827621610119,41081500
2024-08-30,471.8450012207031,472.4691527766626,466.1385374963052,470.62644840577417,33466500
2024-09-03,457.5193481445313,468.9323056206166,455.1416524496019,468.8035388395337,44985200
2024-09-04,456.3304748535156,460.1348241601613,453.477258224592,454.40852713775496,32505100
2024-09-05,456.7565002441406,461.0363402813741,453.6852962003829,454.7057252932336,34452400
2024-09-06,444.521240234375,456.9348232587385,444.0258857158704,456.053077703461,50624400
2024-09-09,450.2376403808594,451.2283494616286,445.6407659677918,448.8506537145908,32981200
2024-09-10,454.3986206054687,454.90389190042566,448.02836861259885,452.0010913798349,29680300
2024-09-11,464.26605224609375,465.00908400490187,447.0871616105351,455.6369852193334,57843000
2024-09-12,468.8233337402344,469.635722410282,462.51252198450715,464.29578616525714,40067800
2024-09-13,470.9236755371094,472.1026218238149,467.8623879449723,468.0902619297623,29111800
2024-09-16,468.8431091308594,469.4573438624681,465.524258227229,468.79358577535754,22585600
2024-09-17,469.0908508300781,473.1626810286975,466.5942747357859,471.8648545022235,30084400
2024-09-18,467.0598754882813,474.38119962315574,466.4555272479723,470.2895966560615,39909200
2024-09-19,478.86907958984375,481.7124397681173,476.0257496456091,478.1260478524707,52782500
2024-09-20,477.9576721191406,479.1960584202879,473.8561221774012,478.0071954775703,34577700
2024-09-23,479.2245788574219,480.3158962480575,477.7959506872309,479.1352933813507,24843000
2024-09-24,481.53619384765625,482.48860259985565,476.3772853530918,480.6333780488886,25952600
2024-09-25,481.9826354980469,483.93707616737726,480.732578237264,480.91114919551086,26549900
2024-09-26,485.6037902832031,489.80038938586057,481.96276544725106,489.4729790250894,32020200
2024-09-27,482.9053039550781,486.7645925142839,481.7247009952947,486.6256838006488,22851100
2024-09-30,484.2148742675781,484.55218506630086,479.10555878077656,481.9429538811356,30281100
2024-10-01,477.4685363769531,484.14538839099305,473.62910955506385,483.8477701398877,42735400
2024-10-02,478.1431884765625,480.05793653831387,473.9465894744548,476.5657209152366,23744000
2024-10-03,477.7860412597656,480.72265250634194,475.2065719333754,475.95064787695753,25337200
2024-10-04,483.47076416015625,484.0263384101603,478.57971250941176,483.5997421604296,30686600
2024-10-07,478.2919921875,482.72668574042143,477.0716968180428,481.55601359663206,24975100
2024-10-08,485.43511962890625,486.11967189958807,480.0281860924304,480.8317856664436,28272000
2024-10-09,489.2547302246094,489.83016591016013,484.0958218394654,485.1375160516646,24995000
2024-10-10,488.6991271972656,490.56428230026705,485.6632999428998,486.97288079520195,25750400
2024-10-11,489.4630432128906,490.48493653463544,486.298268176488,486.86374286155046,20644500
2024-10-14,493.5703430175781,494.8898242812603,491.3480460359973,491.8539970558773,26060100
2024-10-15,486.972900390625,494.5624688319381,484.82002737514097,493.8977476785361,34784500
2024-10-16,487.0324401855469,487.8062779684171,483.7188255626652,487.3002966300499,22996800
2024-10-17,487.3697204589844,492.5683211220585,487.31019680837863,492.5187281720624,27210700
2024-10-18,490.5643005371094,491.6556179545978,489.4035287665701,490.15753539620334,25335000
2024-10-21,491.50677490234375,492.31037442782247,487.42922335035456,489.3539020420387,30336500
2024-10-22,492.04254150390625,493.5207929965994,488.08406709201313,488.83807375200354,26685800
2024-10-23,484.5025634765625,490.34605451121007,481.2187106828383,489.6912640374047,39346600
2024-10-24,488.4313049316406,489.10592652945246,485.5740484273458,488.22294186566177,22024900
2024-10-25,491.4076232910156,496.3284372626755,490.5246386010865,491.229052323343,38762100
2024-10-28,491.4869384765625,494.58228943962433,491.189320221086,494.52276578852906,20477800
2024-10-29,496.2093811035156,497.3899840518489,489.949224432872,491.804448986959,28014100
2024-10-30,492.459228515625,496.39787173074626,491.9731085864843,495.4454629981242,29756000
2024-10-31,480.0281677246094,488.54038262888133,479.9289515501208,488.4907896798999,41245200
2024-11-01,483.5798950195313,486.8736783677744,481.36752865476586,481.6651469129995,33655800
2024-11-04,482.171142578125,485.5145189767317,480.4250346737851,482.9747421757978,23291600
2024-11-05,488.3221435546875,488.986864708101,483.6691863103744,483.7584717889176,24353600
2024-11-06,501.5865173339844,502.409978294623,495.6537714644704,496.6061801503593,43082200
2024-11-07,509.4836120605469,510.26741073728783,504.3247041524069,504.3842278003702,32853100
2024-11-08,510.0789794921875,510.8527870225075,508.3626030584352,508.9876317248382,22924500
2024-11-11,509.78131103515625,511.5075574474809,506.8843621879825,511.29919439483575,24167500
2024-11-12,508.8586120605469,510.5947892022127,505.8029536128868,509.7118651333431,25835300
2024-11-13,508.2038879394531,510.91230509556345,505.9220670734697,508.35272735480186,24567400
2024-11-14,504.6719970703125,508.739588052962,503.75925058094214,507.8665643683169,28679500
2024-11-15,492.6477355957031,499.3543196021951,490.58414799637626,498.9674158501514,51461100
2024-11-18,496.0704650878906,498.1737452081734,492.8064737155202,494.1954094353085,27080800
2024-11-19,499.4832458496094,499.96939601024445,493.1536355499042,493.4909765905591,24523000
2024-11-20,499.195556640625,499.5031055797306,492.6377521945281,499.18562594048456,29565500
2024-11-21,500.9913024902344,502.95564359753246,493.6298978588017,502.2413294830983,34526700
2024-11-22,501.79486083984375,502.52900601947925,498.80862662020473,500.43568707688615,23826600
2024-11-25,502.5885620117187,507.41018976726633,500.2769794512125,505.87241468402135,26375200
2024-11-26,505.2870788574219,506.1105398394157,503.2235216050594,504.0667834357268,26557100
2024-11-27,501.3087463378906,504.2255264165309,497.96536999082,504.1561023396317,24957400
2024-11-29,505.7136840820313,506.3089508903919,501.31868278834094,501.9337807222535,15334000
2024-12-02,511.2198486328125,512.1822183655047,506.586752593205,506.97368662654696,25147200
2024-12-03,512.7872924804688,513.0651098548883,509.3149386184986,509.89037421333506,18597900
2024-12-04,519.126953125,519.3849091600352,515.4958283369896,516.2101727842456,26086200
2024-12-05,517.6883544921875,519.9007209183162,517.3014204692249,519.1765063776851,18169600
2024-12-06,522.3214721679688,522.5595667910787,518.2240889616199,518.3530669746475,23762600
2024-12-09,518.2538452148438,522.1924580312864,517.102973878682,521.3987891581372,20674400
2024-12-10,516.4878540039062,521.2301267457367,515.0592258717493,519.4840189672058,24350000
2024-12-11,525.7342529296875,526.4188051823884,520.4463971119644,520.8531319621538,32168600
2024-12-12,522.3413696289062,524.7819607903772,521.8651803498141,523.5120419753823,23577500
2024-12-13,526.3395385742188,528.9586400198303,523.1350101576185,526.2700842159519,28780400
2024-12-16,533.9191284179688,534.8914288475645,528.7899817598816,528.8693668170654,31979900
2024-12-17,531.5677490234375,533.234471579217,529.9109571669914,532.1233232086973,28579100
2024-12-18,512.3905639648438,532.6393867756537,510.9421347229387,530.9230707876706,54703200
2024-12-19,510.1086730957031,517.6387480839205,509.7713925868022,517.0732431157651,46441800
2024-12-20,514.5632934570312,520.6746720854811,505.26733831570937,506.4082488880885,60530000
2024-12-23,519.5764770507812,519.9540883119314,512.8789414988543,516.2773821985058,29672800
2024-12-24,526.621826171875,526.7112253012842,520.8881517500126,521.5241349732042,17558200
2024-12-26,526.2640380859375,527.8937223215758,522.994783551006,524.9921323134935,19090500
2024-12-27,519.2683715820312,523.1338828752066,514.5979649367405,522.6966520264838,33839600
2024-12-30,512.3621826171875,516.0885615458353,508.6059938701245,512.262836772703,34584000
2024-12-31,508.0097961425781,514.3992562583705,507.0459049159329,513.644094410772,29117000
2025-01-02,507.0160827636719,513.3857099460889,502.52453474139946,511.06042287109295,36389800
2025-01-03,515.3134155273438,516.3766827391748,509.3015373778752,510.11631872085275,29059500
2025-01-06,521.2359008789062,524.5946151120777,518.7417623146622,520.7192176012078,36109700
2025-01-07,511.9348754882813,522.67678090554,510.0468799728483,522.2793368947259,36690300
2025-01-08,512.0242919921875,513.6638621182858,507.3538855422856,511.8354863915311,30777800
2025-01-10,503.9952087402344,508.3575403275065,500.7458174123479,508.2581944885488,40532500
2025-01-13,502.37548828125,502.8325822621149,496.5524148250259,498.04296636403393,31694200
2025-01-14,501.89849853515625,506.94651670595886,498.4304916746537,505.5354479124467,33737200
2025-01-15,513.4453125,514.5880322454942,508.2382987029594,509.79844685715614,34957600
2025-01-16,509.8481750488281,515.7904881915479,509.7189890543602,515.7109751217133,28229000
2025-01-17,518.4534912109375,520.7688312604284,509.8778477018945,519.5564846396222,51837900
2025-01-21,521.4942016601562,522.6568146896532,516.7840692656267,521.1762101053723,23628000
2025-01-22,528.1620483398438,530.4574953112844,525.926221004647,526.2342659003573,33593000
2025-01-23,529.284912109375,529.404151376624,525.1213025176294,525.7075521398207,23096600
2025-01-24,526.2938842773438,530.427653898665,524.8232261530454,529.6625453438141,19878300
2025-01-27,510.9710083007813,514.7271665075501,506.936554378914,507.7812062861425,60771700
2025-01-28,518.5231323242188,519.7056389765987,508.5563122008364,511.9746158466005,33194200
2025-01-29,517.5493774414062,519.2983011374322,513.6441392716389,519.169115138246,26649000
2025-01-30,519.7552490234375,522.7860246698378,514.9457705817763,520.4111255886488,27431300
2025-01-31,519.0000610351562,528.1719622881295,517.9070142215932,523.6009014071057,38755200
2025-02-03,514.846435546875,517.5691667149378,507.8309085723365,510.2356481268789,40580800
2025-02-04,521.1663208007812,521.8023039804046,514.9656364261884,515.3631410761267,26046800
2025-02-05,523.5313720703125,523.6903982021383,517.3406339590531,518.533087344952,21134100
2025-02-06,526.2640380859375,526.4727371352427,522.4283666892038,524.0381574961376,19434500
2025-02-07,519.6261596679688,528.7483284429109,518.9007772767695,526.8007131129621,29605500
2025-02-10,525.916259765625,527.0192533310259,523.432007239571,523.8990176021349,20852800
2025-02-11,524.6641845703125,526.5820202342347,522.5178170831823,522.6470030660466,19325500
2025-02-12,524.9722290039062,525.8566374548477,518.6622518801204,519.0100229717194,25009400
2025-02-13,532.5243530273438,532.8422839525621,525.856597948036,526.6415998490472,28714800
2025-02-14,534.76025390625,535.445910069072,532.2958340155867,532.6337190649526,17862600
2025-02-18,535.9724731445312,536.5985095911096,532.6634320198589,536.3301909280925,20565000
2025-02-19,536.1216430664062,537.4034956659445,533.0809200913482,535.177614880373,19666900
2025-02-20,533.845947265625,535.7041632085364,529.106034929491,535.3364987054381,26550800
2025-02-21,522.7662353515625,535.0086388627485,522.3985708362279,534.9887454346671,47093800
2025-02-24,516.5953369140625,525.7373982954535,516.2575125365582,524.5548916727963,39268400
2025-02-25,510.0866394042969,516.0488458111333,506.23107440915334,515.9693327435128,48940000
2025-02-26,511.3188171386719,516.3866683055141,508.14890831803217,512.2827387092531,34457600
2025-02-27,497.1187744140625,515.8003708854543,496.9001589871784,514.8662895456173,52448000
2025-02-28,504.9690551757813,505.5751982352111,493.7998352114138,496.9796905709141,47654000
2025-03-03,493.9190673828125,509.80833658708485,490.4709237175102,508.2979219919685,44587200
2025-03-04,492.4285278320313,500.5669416036149,484.6677252997208,491.0671622880661,67875400
2025-03-05,498.8478393554687,500.4576300932126,488.1655538058739,493.07443907980854,46323700
2025-03-06,485.1248474121094,495.439438469392,483.1374453830968,490.58025627763743,57574300
2025-03-07,488.6922607421875,490.17286564157314,477.50317692036816,484.0914199074507,54714700
2025-03-10,469.7523193359375,480.9215096966139,465.7079486891979,480.4047960555825,76668000
2025-03-11,468.6294250488281,475.7940011863835,464.0683408313488,469.37470084237737,68760800
2025-03-12,473.9158935546875,478.0297999193566,468.8182025802525,476.1417740872487,46971100
2025-03-13,465.3899230957031,473.2799114684233,463.4919505450515,473.2501016514119,46563300
2025-03-14,476.63861083984375,477.5329356476442,470.1397980058928,470.745971366685,43563000
2025-03-17,479.7289733886719,482.77964243492335,474.7902786942905,476.58887490031026,41744400
2025-03-18,471.5508728027344,476.5889137375583,469.4342848576123,476.3901917362346,39072300
2025-03-19,477.86090087890625,482.27290553437547,471.8788012950444,473.80658371122826,40430300
2025-03-20,476.24114990234375,481.4978063463737,473.1805338469725,473.8761366755608,36780500
2025-03-21,477.8111572265625,478.5762960346407,469.9311160359985,471.09372915573624,42234900
2025-03-24,488.29644775390625,489.1423592971704,482.0665930507614,485.39050030859886,34567200
2025-03-25,491.08294677734375,491.2421796862816,488.05761261924056,489.022941249908,26035200
2025-03-26,482.0466918945313,490.7843964317407,480.4942090197157,489.9285233558148,34627100
2025-03-27,479.2999572753906,484.236055686186,477.9365616361051,480.08616022723464,33469800
2025-03-28,466.6810607910156,478.20526514414263,465.7953334525717,477.4986938052008,46363800
2025-03-31,466.6611633300781,467.5966072840796,455.1269671761035,459.6948832614754,53000300
2025-04-01,470.4229431152344,471.34845587241415,462.1828303710836,465.0489314542302,41156200
2025-04-02,473.8563232421875,477.24990051464846,463.6158828815237,463.87464014945493,49894500
2025-04-03,448.4891052246094,457.8537794541511,447.9716210778618,454.24126086225453,70456300
2025-04-04,420.6339416503906,438.2486595831719,420.6339416503906,436.0294213013578,117088400
2025-04-07,421.6490478515625,441.0053675205171,400.4516641030583,406.6914499899583,161557000
2025-04-08,414.0557861328125,441.0053554988176,407.8160004160076,436.0493338288811,101248100
2025-04-09,463.7551879882813,465.5763591617514,413.4287861573546,413.5681263281856,142876900
2025-04-10,444.0306701660156,453.39534429067385,430.54595489590434,451.3751243498341,108384100
2025-04-11,452.2111206054687,453.5944394661005,439.2040723268698,442.5080869674275,52483800
2025-04-14,455.2762756347656,462.8097869672901,450.4496325846052,462.2226327115798,43941200
2025-04-15,455.7838134765625,460.15268105084914,453.9526805576148,456.331182302101,35404200
2025-04-16,442.040283203125,450.4396283581363,435.651226715756,446.86692579596195,48980600
2025-04-17,441.9607238769531,445.5931353213715,439.2339021288606,445.0159426129849,44837000
2025-04-21,431.0236206054687,436.9648633110088,425.8685808388082,436.1189822025886,44149300
2025-04-22,442.3388977050781,445.42394033849905,435.51192735142513,436.70615895638065,52304400
2025-04-23,452.3703002929687,461.1478200555359,450.698400444071,455.9629260663685,55801100
2025-04-24,465.0987243652344,465.4072286279397,453.6341981671536,454.2810913346691,45956100
2025-04-25,470.2835998535156,470.8110455432342,463.1481559071448,464.72053142933055,38697100
2025-04-28,470.13433837890625,472.5227711679886,463.785066874951,470.7513468926074,33550800
2025-04-29,473.23931884765625,474.1250461983433,467.3279300466541,467.9051531308386,30613100
2025-04-30,473.1795654296875,474.90124260090266,460.2023732605827,464.8797445519946,46810600
2025-05-01,479.3596801757813,484.83318599096134,478.4242058431775,481.08135748377987,43316500
2025-05-02,486.4752197265625,488.54521706431206,482.49448832227375,484.1962728644179,39218100
2025-05-05,483.5892028808594,486.6742758401759,481.768031598775,482.26562303187217,28309500
2025-05-06,479.0910034179687,482.7134533803981,475.8865132659184,477.2499089792982,32786300
2025-05-07,480.9718933105469,483.4598506116992,474.4833116025476,479.7577689327616,38006300
2025-05-08,485.9378967285156,490.3266572327833,481.83774778681624,486.17673092066934,39577600
2025-05-09,485.6194152832031,489.17222563016486,483.8579524315384,487.8486153265174,27767400
2025-05-12,505.4036254882813,505.4434413067533,499.0643154796623,504.5477524292731,45090600
2025-05-13,513.1063842773438,514.8977013705513,505.97090943590337,506.707335072133,53269600
2025-05-14,516.1814575195312,516.7287959644325,513.2655789214306,514.2806849131285,47014500
2025-05-15,516.748779296875,519.4158624817272,512.6884155979109,514.0319491096225,50153300
2025-05-16,518.997802734375,519.1868899000237,514.6090124784221,518.1518608917828,48394600
2025-05-19,519.4954833984375,520.0129979914711,511.7628921130437,511.7628921130437,52536200
2025-05-20,517.7638549804688,518.4206490040874,514.171198352801,516.96766002425,42517600
2025-05-21,510.5686340332031,520.4806779894516,508.7773168881608,513.7831162356644,71292800
2025-05-22,511.5240173339844,515.2161678084017,509.8321942334835,511.1856284174264,55607200
2025-05-23,506.7869262695313,509.37440786318274,503.14455323986806,503.74166904926017,58368100
2025-05-27,518.7091674804688,519.1968580915909,512.1111611741854,513.6636439652767,47226300
2025-05-28,516.4103393554688,521.1573812940497,515.8928855439889,519.6646069225357,46637200
2025-05-29,517.4254760742188,523.9439124018006,514.8280630915039,523.7946714004786,58513300
2025-05-30,516.609375,518.1718194248762,509.46396914496165,516.937802360934,67662800
2025-06-02,520.6896362304688,520.9284703937832,513.4844614373544,514.7483630828904,44762800
2025-06-03,524.7598876953125,526.192953382638,520.172109482974,521.0379136751978,44070300
2025-06-04,526.2228393554688,527.2876922621837,523.4362788655679,525.4664906934179,41359300
2025-06-05,522.2620239257812,530.4822445825432,520.1422794419956,527.6260744548405,61031200
2025-06-06,527.3673095703125,529.2382582965394,525.6655856720602,527.4469412104685,42467000
2025-06-09,528.1436157226562,529.7856311828058,526.4617540692666,527.5863156876297,33688700
2025-06-10,531.63671875,532.3233974321485,526.3423380359699,528.6113236327552,40664800
2025-06-11,529.8453369140625,534.1943423631835,527.5564282374158,533.0398961060292,53701000
2025-06-12,531.0892944335938,532.0646150066514,528.2829320298816,528.5317277617894,34104900
2025-06-13,524.4215698242188,529.3078908293887,523.1974536303323,525.1380723113464,55814400
2025-06-16,531.7162475585938,532.7910620936354,527.8947792535579,527.9445262501218,37622100
2025-06-17,526.5313720703125,530.7608992855103,525.366964373918,529.1487078886557,42180900
2025-06-18,526.4417724609375,529.9846210200801,524.8594657253662,527.5464108599048,43983500
2025-06-20,524.292236328125,530.989797962704,522.3516174800588,529.6960723110417,61643500
2025-06-23,529.6832275390625,530.2012624901581,521.7128229011945,524.8611059770333,50666100
2025-06-24,537.7831420898438,538.6997215726698,534.2861174166954,534.9038188952696,45442000
2025-06-25,539.157958984375,541.3000294115662,537.3845756916884,540.0546537700266,44804200
2025-06-26,544.19921875,544.6475661276676,539.5166551436107,541.3398412384469,43811400
2025-06-27,546.0624389648438,547.95537367592,542.5255230814219,545.2354924154549,57577100
2025-06-30,549.5992431640625,550.7549250315776,546.9789678853869,549.2206440950201,45548700
2025-07-01,544.9664916992188,548.6727617985166,542.6450941202479,547.6963457952282,56166700
2025-07-02,548.7622680664062,548.9615403155057,544.0995893223733,544.139419448452,36538300
2025-07-03,554.1622924804688,555.1387084222483,551.1335605372531,551.1335605372531,26443500
2025-07-07,549.9878540039062,552.2893059767699,547.5469053516296,551.4723321808171,45349300
2025-07-08,550.2966918945312,551.9604968449189,549.0612280892235,551.3328226115977,36153300
2025-07-09,554.1921997070312,555.5670993773455,551.0538285444961,552.4287282148103,43045500
2025-07-10,553.3952026367188,555.2383344969288,550.7051787469096,554.8298779906593,34710900
2025-07-11,552.1497802734375,553.733864104168,550.0077097543851,551.2530854493318,39618600
2025-07-14,554.1524047851562,554.8896575344722,549.5893307950605,551.9405857278426,36453300
2025-07-15,554.660400390625,558.7253235687808,554.6006247913591,558.177370440617,43277700
2025-07-16,555.2283325195312,558.1375740177878,549.519549612121,555.2184205935204,52314700
2025-07-17,559.7216796875,560.2298027364059,555.1486938660757,555.9556949409956,40423800
2025-07-18,559.1836547851562,562.6407884950407,557.9083608963978,561.0367592084838,50484700
2025-07-21,562.0828857421875,563.9659084478778,559.9807060956166,560.0106243017523,39595200
2025-07-22,559.1736450195312,562.262152187211,556.5433971551718,562.2123493250268,43270600
2025-07-23,561.7242431640625,561.7640732969975,557.5099110527195,560.2597104593184,40215300
2025-07-24,562.9197998046875,564.145230057719,561.2061311881392,563.0393510094046,42275500
2025-07-25,564.2747802734375,565.599877131678,562.1825732841013,562.8401049406639,30630800
2025-07-28,566.0381469726562,566.934780883673,564.7728259539763,565.6396024726357,31498700
2025-07-29,565.1614379882812,569.9934711462136,564.4341580737452,568.648489779181,45463300
2025-07-30,565.918701171875,568.5090584763351,562.9596566910935,566.078082515952,43433800
2025-07-31,562.9197998046875,572.5042065088016,561.784002550513,572.414512700583,64613600
2025-08-01,551.8309936523438,556.951993446216,549.6391201209816,556.7626938955674,69400800
2025-08-04,562.0130615234375,562.2322792440823,556.8821506732708,556.9817563948841,47669800
2025-08-05,558.1973266601562,564.4640352064246,557.6592854470431,563.2983805936119,48666600
2025-08-06,565.2212524414062,565.6596271290572,558.5559991276681,559.0342039471559,41823700
2025-08-07,567.1341552734375,571.1990788301907,563.0194288475504,569.5551584832303,44463000
2025-08-08,572.4244384765625,572.6436562068012,568.0407527747095,568.3396307619837,35255500
2025-08-11,570.730712890625,574.6661119984625,569.4554798808987,572.5639325532171,33112900
2025-08-12,577.9041137695312,578.2029917684722,570.372084149425,573.0321895540377,42143300
2025-08-13,578.1930541992188,581.1620102059526,576.7982091868794,580.604084362888,41209300
2025-08-14,577.7447509765625,579.7273793774012,575.7720345015408,576.1407216563158,45425000
2025-08-15,575.2042236328125,577.6949751695009,573.4407520858407,577.6550842269212,49480200
2025-08-18,574.9749755859375,575.6325679790418,573.1118984877381,574.3074712675442,29831000
2025-08-19,567.1740112304688,574.4270476767487,566.1477924665415,574.2576936083949,53752600
2025-08-20,563.8064575195312,566.347011543646,556.772578668353,566.2274603525832,76781100
2025-08-21,561.1962280273438,564.3943140175195,558.9046880126308,562.2622161511607,46436900
2025-08-22,569.85400390625,571.8665505027725,561.186237654488,562.5810219572568,51502100
2025-08-25,568.2100830078125,571.1690661717927,567.0543404263368,568.2898040708618,34044700
2025-08-26,570.4916381835938,570.8004889189272,566.6957355547859,567.7219543005008,34103000
2025-08-27,571.368408203125,572.2849877073902,568.2599552674767,569.4754735923461,36927100
2025-08-28,574.9451293945312,575.8617088595212,570.3422257905413,571.9860851866184,46787900
2025-08-29,568.2899169921875,572.9027938819278,566.4367515618461,572.5341066955731,56030400
2025-09-02,563.5274658203125,563.8761466603551,557.469941948523,559.2334132357979,65876800
2025-09-03,567.9611206054688,569.5850955347586,564.6334496680194,567.1242013007502,54230200
2025-09-04,573.1019287109375,573.4705550386212,566.9249141338813,568.6285491052419,47526300
2025-09-05,573.9288940429688,578.9701724080204,569.4156841594208,578.3424981949754,68342500
2025-09-08,576.7284545898438,578.6911981583403,575.6325483844515,576.2303043493281,46371400
2025-09-09,578.3624877929688,578.7908897662577,574.9052929899314,577.5255685086003,44007600
2025-09-10,578.5517578125,581.6104078841153,576.4096872460331,581.5804896782814,49308000
2025-09-11,581.9192504882812,582.7162787776647,579.4683292093007,581.0823312583443,44745800
2025-09-12,584.4896240234375,585.6851967841828,581.9390971782137,582.875622079706,50745900
2025-09-15,589.4911499023438,589.6007283774782,586.1136761698691,586.2631455882268,44360300
2025-09-16,588.992919921875,590.6666974580144,588.3054701472681,590.417622334017,36942100
2025-09-17,587.8173217773438,589.560847731768,582.2081448420756,588.9132280535239,69384800
2025-09-18,593.11767578125,595.9272507480725,590.7664209781601,592.7091584852494,61069300
2025-09-19,597.1326904296875,597.83011295333,593.6456386208329,595.1202047360832,58196100
2025-09-22,600.667724609375,601.3360027595129,596.1990824942005,596.2190510860968,57154800
2025-09-23,596.6779174804688,601.0367933292055,595.4609900615409,600.8372900448078,64635500
2025-09-24,594.583251953125,598.3736318933126,591.8502333814113,598.0544387994095,49850300
2025-09-25,592.0198364257812,593.6057566967052,587.0026056631178,590.6932034651784,70920200
2025-09-26,594.4535522460938,594.7827296224774,589.5560723046866,592.8376791327265,54337400
2025-09-29,597.20654296875,600.5181027058711,595.8898943349653,597.5855809487724,48332900
2025-09-30,598.8424072265625,599.1815689140329,594.5832523790604,596.9073409482912,46533800
2025-10-01,601.7150268554688,602.2536309055715,594.8226361779185,595.6504804045827,46899600
2025-10-02,604.188720703125,605.6150748101588,601.3958573858611,605.5153536087707,43765400
2025-10-03,601.645263671875,605.7847287787447,599.859840058186,604.9668078782124,46482100
2025-10-06,606.1636962890625,607.8094613156995,604.4280726015548,606.9018036091138,41962100
2025-10-07,602.9718627929688,608.1586438162234,601.4956480641417,607.4703970532165,58209500
2025-10-08,609.88427734375,610.1934861561377,603.7200088104369,603.8695906281247,50629800
2025-10-09,609.1461181640625,610.0537759298148,605.9342796270852,609.9241018375851,45551000
2025-10-10,588.0000610351562,611.6198017284072,587.5511938507611,609.8443624637231,97614800
2025-10-13,600.4782104492188,601.415821078074,595.7103438165695,598.1541220292103,65872600
2025-10-14,596.4783935546875,601.1564623206032,588.6284235801336,593.7952358040048,69203200
2025-10-15,600.6876220703125,605.1562641092269,594.4136488911962,602.4731063786636,62805500
2025-10-16,598.4633178710938,606.7621549667239,593.9847524006545,603.5702851791965,70982000
2025-10-17,602.393310546875,603.9693073296388,594.8525491800316,596.4285459627954,72024900
2025-10-20,609.98388671875,611.2406903321764,605.5252900595317,605.5951192469275,45761700
2025-10-21,609.8244018554688,611.1609582497778,607.7696457807522,610.0837500489531,44538200
2025-10-22,603.9493408203125,609.8542605281881,598.2139715066553,609.2657958565487,61478800
2025-10-23,609.0264282226562,609.8143961922938,602.9818500103868,603.3708114071275,42844300
2025-10-24,615.52978515625,616.8464337655934,613.5648269782704,614.4226241256162,47632500
2025-10-27,626.4918823242188,626.9506729134798,622.4422152319877,622.930958710038,54098600
2025-10-28,631.3095703125,633.0651018787079,627.648925370604,628.7560864561588,61195700
2025-10-29,634.15234375,635.3891789092543,628.6463695521778,633.9728090539653,67422800
2025-10-30,624.45703125,631.8880872300178,624.3473257513068,630.5614543099158,61628600
2025-10-31,627.4693603515625,632.5863121135939,625.0954113092228,632.5563592252307,66305100
2025-11-03,630.4716796875,634.2021534587442,628.2473125587718,633.4939381480045,37154300
2025-11-04,617.6743774414062,625.354797701833,616.8864094378021,621.6941527131348,63830800
2025-11-05,621.6941528320312,625.0056518350635,615.6395900613109,616.9163015661201,48688500
2025-11-06,610.1136474609375,620.4572571227977,608.7471381645778,620.2078932237561,72115100
2025-11-07,608.1885375976562,608.3980251800011,597.1466973484642,606.7621834660789,81835400
2025-11-10,621.6442260742188,622.7214951546598,615.3203917446493,617.3451949289606,55919900
2025-11-11,619.9884643554688,621.1355017301039,615.9487814833327,618.9910087880348,44868800
2025-11-12,619.4996948242188,623.2700450530867,616.2379957742788,623.2501373408774,47444400
2025-11-13,606.8519897460938,616.5472286099415,604.5378855310528,615.9686873362173,71333600
2025-11-14,607.310791015625,611.7893568378086,595.6505328274214,598.0244819828539,80087300
2025-11-17,602.1240234375,610.9215891749508,598.3436886131177,604.7573208445992,63850400
2025-11-18,594.792724609375,600.7774579901122,589.8353996813287,598.0943000892208,83327300
2025-11-19,598.3436889648438,604.6176628042144,593.077155027408,595.5508254465173,73111500
2025-11-20,584.1798095703125,612.4676969147798,583.262167456246,610.0637948039835,117743200
2025-11-21,588.568603515625,595.4609945768989,579.2623261905873,585.9751825584982,103344200
2025-11-24,603.6201782226562,605.1363301511908,593.6456226504143,593.7653733267485,60168100
2025-11-25,607.3406982421875,608.7072074163303,595.8001307211132,601.9743827443708,57560900
2025-11-26,612.70703125,614.6221288317284,608.8368989020178,610.9514997668095,42393600
2025-11-28,617.6743774414062,617.7442066386661,613.8541054647261,614.5423522607352,23034400
2025-12-01,615.599609375,617.8638528985133,610.961477711232,612.0686387329198,40957600
2025-12-02,620.4173583984375,622.1629056286581,616.018606165418,617.8838431924653,54541800
2025-12-03,621.9335327148438,622.6317029281745,616.4575112334458,618.0434315384043,47841600
2025-12-04,621.35498046875,623.3498916256304,617.9636071501104,623.339907329069,47067800
2025-12-05,623.8884887695312,627.3197383563271,622.1230338136666,622.7913119974152,53614200
2025-12-08,622.6915893554688,627.2399842967836,620.10815265492,625.6141268554061,43462400
2025-12-09,623.4595947265625,624.2775156033157,619.4199118254116,621.4248072711308,37156000
2025-12-10,626.0130615234375,627.6090269272694,619.4099106697121,622.2626189242517,55031400
2025-12-11,623.98828125,624.1877845427603,616.148234091509,622.2327496814814,58272800
2025-12-12,612.0587158203125,621.953458575216,609.8044563667469,620.4972123256402,75158700
2025-12-15,608.9865112304688,616.8464661142882,607.7696446385382,616.7966055109866,49538200
2025-12-16,610.1934204101562,611.9489518835392,605.3657088583533,606.7123103516171,55152800
2025-12-17,598.8822631835938,612.0886258751325,598.7526499708691,611.5001003103562,70654300
2025-12-18,607.5601806640625,611.3704684542074,605.3757504118026,608.2484274799762,78875800
2025-12-19,615.4799194335938,616.0484763883416,610.3131071204459,610.392920608793,60369800
2025-12-22,618.4302368164062,620.8671665076671,616.9920478025754,620.5674955378034,43703100
2025-12-23,621.3265380859375,621.6261480926279,617.0020349130734,617.42148892244,41120400
2025-12-24,623.144287109375,623.4938829346665,620.9370481838333,621.2067276835874,18468700
2025-12-26,623.1043090820312,624.7322611929134,622.3552536061636,623.873297918951,28959800
2025-12-29,620.088134765625,621.995763643064,617.9508150333834,619.3190849184411,32458300
2025-12-30,618.64990234375,621.3964390816567,618.4401448660525,619.0594201394988,31226800
2025-12-31,613.536376953125,619.1792861072609,613.2766946262738,618.8696789386981,40746500
2026-01-02,612.347900390625,622.0656280105537,609.381669736326,619.2791633693975,61859200
2026-01-05,617.2117309570312,620.0281869343077,615.9433108116908,618.5400731036631,46828400
2026-01-06,622.6348876953125,623.2341686687002,617.7610283782293,618.4501618747352,43137500
2026-01-07,623.2341918945312,627.1492383750701,621.7760085257346,622.2553845556755,44880300
2026-01-08,619.6885986328125,622.6348958217857,617.0219780933957,622.2454332860368,50435900
2026-01-09,625.86083984375,627.0992684709724,618.280371644388,620.6273877403378,49688700
2026-01-12,626.3801879882812,628.0580650499223,621.4763979710708,621.5263228144307,37388700
2026-01-13,625.4513549804688,628.6772678768714,622.9145755930199,626.4800871429724,44481400
2026-01-14,618.769775390625,622.6648884214621,613.7860691564842,621.4563902550666,72598700
2026-01-15,620.9970092773438,629.206628407055,619.9682771169513,625.8108857116995,53934900
2026-01-16,620.4776611328125,625.2915986535979,618.1006533744517,624.7123119754499,61058100
2026-01-20,607.2942504882812,614.2854351912486,606.2855126563834,609.7611716460692,81988900
2026-01-21,615.50390625,619.6386461402016,607.0944662344775,608.7024240227943,79837900
2026-01-22,619.978271484375,621.6761428244047,617.0020437780021,621.5662350217955,42254800
2026-01-23,621.935791015625,624.612469784726,617.8709699342951,618.949566020391,43645800
2026-01-26,624.67236328125,626.81961915323,621.3365426117721,622.425196766994,35983000
2026-01-27,630.335205078125,631.2440322678261,626.5499998769385,628.1179690883873,38997200
2026-01-28,632.4225463867188,635.7982947738302,631.014348844542,634.6597767228699,50691700
2026-01-29,628.6373291015625,632.8719797654484,617.4914101080947,631.8533057393616,79944000
2026-01-30,621.0868530273438,627.4688205124429,618.5200822009824,624.9220440060533,65650700
2026-02-02,625.3515014648438,627.6985176699922,617.8808797571519,617.9208683974972,49020300
2026-02-03,615.7435913085938,629.1866011443993,610.1905958568021,627.5087242048245,81234000
2026-02-04,604.9871826171875,614.3253838343164,599.7138024298947,614.2455284678144,81850700
2026-02-05,596.2781982421875,604.0483693053457,594.0110373128413,599.4541864003901,89354500
2026-02-06,608.8822631835938,610.6399955270392,598.0159600076653,599.434154665902,78019300
2026-02-09,613.54638671875,615.6837064208919,604.3080353554789,606.7748955946631,56797600
2026-02-10,610.699951171875,616.2430108652889,610.2405694597212,614.5351423104305,53938900
2026-02-11,612.337890625,616.7423712103644,606.9247331463698,615.6037921922693,58575100
2026-02-12,599.8836059570312,615.0344847338599,598.8149461335121,613.9358943887876,81378900
2026-02-13,601.1619873046875,605.7162424752422,595.6689134343201,599.673873409497,69237500
2026-02-17,600.542724609375,603.1894116444834,592.5927882610704,597.626419057608,69013800
2026-02-18,605.027099609375,609.0021290003773,599.9634770047899,601.3517411914925,64250700
2026-02-19,602.7100219726562,605.0570991965415,599.993476524114,602.0508799312083,60960800
2026-02-20,608.0433349609375,609.581373723881,598.4753818004266,599.3642756707148,74127300
2026-02-23,600.652587890625,607.2443127599432,598.2955745850619,605.8460514657053,63859100
2026-02-24,607.1044921875,608.2230768722754,598.9747284234804,601.6414099286677,55023700
2026-02-25,615.9033813476562,616.053216829597,610.2305417280922,610.3004608891118,55710700
2026-02-26,608.4727783203125,614.8148183820397,603.2193924504018,614.8148183820397,96178900
2026-02-27,606.5252075195312,607.5539396831472,601.4316544188312,602.2206376135266,68125200
2026-03-02,607.32421875,609.1518702196468,597.2369017749593,598.1058012495889,75264600
2026-03-03,600.8224487304688,603.1994564784976,591.1246545665933,595.5790600436336,97015500
2026-03-04,609.9808959960938,612.108218610738,602.6701065956436,603.3991678160902,70943900
2026-03-05,608.1431274414062,611.9883154244911,601.5015388569162,606.6350803018902,89602400
2026-03-06,598.9946899414062,605.2368188486739,597.5764953219963,599.5539822531658,86302300
2026-03-09,606.99462890625,608.5027370453225,590.5853272955466,593.4816386137257,93068200
2026-03-10,607.004638671875,612.5176457382476,604.65756151405,607.0146358319374,64078900
2026-03-11,606.9247436523438,611.6587648578186,604.2681201890963,608.1831666985171,60114800
2026-03-12,596.5078735351562,603.3792143506387,596.2981160455262,602.0009473234562,71836600
2026-03-13,592.9722900390625,602.8398528802119,591.8237748266745,598.9747313072235,63145500
2026-03-16,599.6239013671875,603.099499235842,598.3554812666724,599.2843027330098,49077200
2026-03-17,602.5502319335938,605.1369970937805,601.1120429286618,602.3804630878033,47106600
2026-03-18,594.15087890625,602.400426051188,593.8112802396884,600.7325461165636,56128000
2026-03-19,592.273193359375,595.0496606380132,586.3406715242521,588.7676039624899,75597600
2026-03-20,581.3269653320312,590.4254777892629,577.8113788279011,590.3156309505814,91964700
2026-03-23,588.0,595.0800170898438,585.9600219726562,590.52001953125,89936100
2026-03-24,583.97998046875,587.9299926757812,581.9299926757812,584.8099975585938,57750900
2026-03-25,587.8200073242188,591.3699951171875,585.6900024414062,589.1400146484375,60475500
2026-03-26,573.7899780273438,584.6300048828125,573.4299926757812,582.5999755859375,81492100
2026-03-27,562.5800170898438,571.02001953125,561.5700073242188,570.8099975585938,82702200
2026-03-30,558.280029296875,568.0499877929688,555.5999755859375,567.3800048828125,70602600
2026-03-31,577.1799926757812,578.6400146484375,564.2100219726562,564.2899780273438,95878000
2026-04-01,584.3099975585938,587.739990234375,580.4199829101562,581.47998046875,79435100
2026-04-02,584.97998046875,586.0499877929688,571.9199829101562,573.969970703125,50941700
2026-04-06,588.5,590.6099853515625,584.6900024414062,586.22998046875,35108500
2026-04-07,588.5900268554688,588.97998046875,578.4000244140625,585.6400146484375,49948200
2026-04-08,606.0900268554688,609.9000244140625,602.1199951171875,608.7100219726562,63086000
2026-04-09,610.1900024414062,610.5,603.030029296875,605.9299926757812,37837500
2026-04-10,611.0700073242188,613.6699829101562,609.5800170898438,611.8400268554688,34038500
2026-04-13,617.3900146484375,626.739990234375,608.1099853515625,609.47998046875,32972100
2026-04-14,628.5999755859375,628.5999755859375,620.0999755859375,620.219970703125,49921100
2026-04-15,637.4000244140625,637.8300170898438,628.2000122070312,629.0800170898438,50102400
2026-04-16,640.469970703125,642.1799926757812,635.260009765625,639.2100219726562,42320600
2026-04-17,648.8499755859375,650.0,644.0700073242188,645.5900268554688,53488900
2026-04-20,646.7899780273438,648.760009765625,642.52001953125,648.0399780273438,37138500
2026-04-21,644.3300170898438,650.2000122070312,642.2100219726562,648.4099731445312,39580500
2026-04-22,655.1099853515625,655.3300170898438,648.52001953125,650.1500244140625,37368400
2026-04-23,651.4199829101562,656.9199829101562,645.52001953125,653.5499877929688,40099800
2026-04-24,663.8800048828125,664.510009765625,656.530029296875,658.510009765625,45563100
2026-04-27,664.22998046875,664.4299926757812,660.6900024414062,663.4000244140625,32717000
2026-04-28,657.5499877929688,659.6400146484375,653.8099975585938,657.4099731445312,34147900
2026-04-29,661.5700073242188,661.719970703125,656.5900268554688,658.6300048828125,31724900
2026-04-30,667.739990234375,668.9000244140625,657.5599975585938,665.3499755859375,40622200
2026-05-01,674.1500244140625,675.969970703125,668.7999877929688,669.1599731445312,39172600
2026-05-04,672.8800048828125,676.72998046875,668.9000244140625,674.6599731445312,34542000
2026-05-05,681.6099853515625,682.77001953125,677.510009765625,677.9600219726562,37101100
2026-05-06,695.77001953125,695.9299926757812,686.47998046875,687.780029296875,38778500
2026-05-07,694.9400024414062,701.239990234375,691.77001953125,696.5800170898438,43779100
2026-05-08,711.22998046875,711.22998046875,699.5,699.9199829101562,44320400
2026-05-11,713.2899780273438,714.5900268554688,708.9099731445312,710.3599853515625,36019100
2026-05-12,707.239990234375,710.1799926757812,696.6400146484375,708.219970703125,45873000
2026-05-13,714.7100219726562,716.6500244140625,704.8300170898438,709.9600219726562,40012500
2026-05-14,719.7899780273438,722.030029296875,714.219970703125,714.6199951171875,31339541
2026-05-15,708.9299926757812,715.1300048828125,705.5499877929688,710.1400146484375,51687900
2026-05-18,700.1400146484375,712.0700073242188,699.3400268554688,711.5399780273438,36583316
2026-05-19,700.7599487304688,705.714465040699,694.4868131207006,699.0418050981273,46827500
2026-05-20,712.3671875,712.3671875,703.0174157954351,704.5157692199168,36779200
2026-05-21,713.7256469726562,716.3327671783537,705.9941534147096,708.2116871156971,36415400
2026-05-22,716.7523193359375,721.3273088449104,715.1640988544713,717.2817668085307,33118600
2026-05-26,729.4783935546875,730.3673702569255,723.3650554496121,725.1631283460116,34254700
2026-05-27,728.6492919921875,732.515039000156,724.6436840304248,732.155448805963,35148700
2026-05-28,734.79248046875,735.7913827320126,725.6125662306399,728.9289290608506,32840000
2026-05-29,737.49951171875,740.815874477768,734.4428732975097,737.0300569298091,37541700
2026-06-01,741.9246826171875,744.8315224447946,735.1820921097265,736.2309273283665,33890600
2026-06-02,745.3408813476562,745.6206032443648,738.4184960219842,741.5850600741305,30085200
2026-06-03,743.39306640625,747.828194840854,740.1965670083828,746.4896389980919,40270200
2026-06-04,739.7969970703125,742.6838392688934,731.815777671541,734.6726235372454,40782600
2026-06-05,704.2860107421875,730.8867822650427,703.5468328396532,729.2585667367451,99606600
2026-06-08,715.283935546875,722.2363170978037,712.2872288217055,717.0220156925686,47401500
2026-06-09,707.052978515625,724.863361278284,685.6165148330579,722.1863106332692,91932200
2026-06-10,692.9285278320312,710.4992458337158,692.1693523412803,700.8897497708573,65334300
2026-06-11,716.332763671875,717.5813914617661,694.2370511794155,698.5223198057862,71798900
2026-06-12,720.5481567382812,723.2152086039907,710.4992028084189,716.8222099862159,51168400
2026-06-15,743.1832885742188,743.9424640540115,736.5705604269921,737.2897407963812,46710200
2026-06-16,729.0587768554688,743.4029984406948,728.8390476265988,741.4351902855873,45348700
2026-06-17,721.7168579101562,734.8723831709506,720.058646070882,734.38293083454,51669300
2026-06-18,739.8070068359375,741.005701773832,731.7059239216511,736.390778085872,50154600
2026-06-22,737.9500122070312,745.4500122070312,734.3900146484375,742.02001953125,43202700
