Date,Close,High,Low,Open,Volume
2005-01-03,81.38369750976562,82.37139593737196,81.1130939988782,82.2360916012619,55748000
2005-01-04,80.38926696777344,81.54609243943976,80.12542985114787,81.49197068184097,69167600
2005-01-05,79.83454895019531,80.67341572725856,79.82778243871287,80.32839590035783,65667300
2005-01-06,80.24044799804688,80.60576218031059,80.00367172102477,80.12544311511267,47814700
2005-01-07,80.12543487548828,80.6598756522856,79.91571434197591,80.48398250972738,55847700
2005-01-10,80.50428009033203,80.815472486447,80.0577832863396,80.0577832863396,56563300
2005-01-11,79.94950103759766,80.32834284903977,79.82096321100154,80.2606932629012,63099700
2005-01-12,80.2133560180664,80.39601045771987,79.50302230104286,80.09835117971669,72720500
2005-01-13,79.57068634033203,80.32160887341647,79.48950371250274,80.2607206122109,55537500
2005-01-14,79.9900894165039,80.18627682840345,79.66536933988799,79.80743501857403,42032500
2005-01-18,80.82223510742188,80.92371211811229,79.79394230238394,79.86159708373432,57391700
2005-01-19,79.97660827636719,80.85606372875989,79.9698417654302,80.79518061433369,54378900
2005-01-20,79.48951721191406,79.96306971800415,79.34745146008704,79.75335434549785,72049300
2005-01-21,79.00244140625,79.82778029956775,78.91449740467884,79.68571453025932,63160400
2005-01-24,78.84686279296875,79.38129857682213,78.72509137303507,79.21217189143296,58441900
2005-01-25,79.07008361816406,79.46922516611546,78.96184525417858,79.09038315016325,68245000
2005-01-26,79.30684661865234,79.5571506804811,79.17830875252352,79.36772971650231,57195100
2005-01-27,79.44216918945312,79.6586510921248,79.13774328803024,79.27980905278329,55878800
2005-01-28,79.44216918945312,79.52335183845588,78.8874339912735,79.48275793328666,60738900
2005-01-31,79.93598937988281,79.99687247134264,79.63155843858281,79.79391851047596,52532700
2005-02-01,80.44338989257812,80.5583947581431,79.89541612127535,79.99689312791179,49841200
2005-02-02,80.68693542480469,80.90341731831482,80.43663129997651,80.54486966606386,52468900
2005-02-03,80.47723388671875,80.6125383192739,80.21339669490668,80.54488352232815,48837100
2005-02-04,81.33638763427734,81.47168688449533,80.49075441707605,80.50428227756362,50024600
2005-02-07,81.22813415527344,81.53256001164209,81.15371802836823,81.34990553008788,45412000
2005-02-08,81.32284545898438,81.62050996956233,81.22813496222501,81.29578457971957,39263500
2005-02-09,80.7139892578125,81.51226713816698,80.67340051924134,81.46491188938896,55279400
2005-02-10,81.00487518310547,81.19429614997546,80.68015500028099,80.95075859352421,45858600
2005-02-11,81.70169067382812,81.88435032574823,80.81546877856701,80.9778288992353,53133000
2005-02-14,81.64080047607422,81.76257184633711,81.50550124748644,81.64756698590402,32432100
2005-02-15,81.94522857666016,82.148182586463,81.64080272329075,81.72198535947886,43852700
2005-02-16,81.99933624267578,82.16846283466909,81.63402218461016,81.80991528545671,55523000
2005-02-17,81.33638763427734,82.08054383314737,81.32962112336578,82.01289420803839,58124000
2005-02-18,81.44462585449219,81.50551412991476,81.11313907912435,81.34314883634494,47723300
2005-02-22,80.23365783691406,81.49872666030102,80.22012997992992,81.11311821957536,80697600
2005-02-23,80.80868530273438,80.88986792669219,80.24718892802863,80.4569042549187,68292600
2005-02-24,81.3431625366211,81.39728431025986,80.49076782782438,80.66665585014574,68563600
2005-02-25,82.148193359375,82.31055349170826,81.30256014319158,81.36344325731572,60899900
2005-02-28,81.60699462890625,82.0602580031198,81.20785818628356,81.95878097422614,69381300
2005-03-01,82.01290130615234,82.20908368754709,81.70847022481041,81.73553110946321,47294400
2005-03-02,81.9722900390625,82.48643641591173,81.6205089357456,81.69492506244752,64226500
2005-03-03,82.0061264038086,82.46615107316447,81.65434010065296,82.30379094319636,61230800
2005-03-04,83.02764129638672,83.09529091108904,82.39172356324835,82.56761669054221,56168500
2005-03-07,83.06820678710938,83.37939905672376,82.80436975066819,82.98026282874008,43442400
2005-03-08,82.75701904296875,83.21027703688864,82.6081868273333,82.98702871343546,44362000
2005-03-09,81.83699798583984,82.72998642327528,81.83023147518193,82.51350453424048,73263600
2005-03-10,82.01963806152344,82.19553117835447,81.45137513822473,81.99257718498524,65149000
2005-03-11,81.44462585449219,82.34438083468328,81.28903223315722,82.06701066250318,57976500
2005-03-14,81.95198822021484,81.96552123911307,81.37019227961711,81.5934406394281,36336400
2005-03-15,81.2754898071289,82.16847817309475,81.23490106910067,82.14141729396428,62438500
2005-03-16,80.58544158935547,81.28900884169512,80.43660936041172,80.97781136590326,74874200
2005-03-17,80.7478256225586,81.00489626430743,80.49075498080974,80.7139982290994,62584200
2005-03-18,80.50808715820312,81.18045795023298,80.24321365886988,80.89521036350628,60232000
2005-03-21,80.20921325683594,80.67104467256208,79.97830013977618,80.62350343189644,61244300
2005-03-22,79.39424896240234,80.77295064224099,79.39424896240234,80.39262057376372,92472400
2005-03-23,79.46215057373047,79.95114925247219,79.29235965370113,79.42819031708153,70817300
2005-03-24,79.5572280883789,80.13451614397712,79.50289375378894,79.77456024513144,51932500
2005-03-28,79.67269134521484,80.10056778898706,79.67269134521484,79.7473997661399,46765500
2005-03-29,79.14292907714844,80.0733850227766,78.9527641087822,79.55721926463488,71160300
2005-03-30,80.26358032226562,80.27716131873534,79.30595685047545,79.31274993951469,62002100
2005-03-31,80.11418151855469,80.45376350456837,80.05305924824496,80.27039151202933,64575400
2005-04-01,79.75419616699219,80.81368991633038,79.40103331108213,80.56919056162033,95255300
2005-04-04,79.8899917602539,80.04620162779874,79.28553672696452,79.70661991554152,71581200
2005-04-05,80.27032470703125,80.3993622308302,79.91715683379952,79.99186522307525,46853900
2005-04-06,80.548828125,80.78653442600087,80.26358056379895,80.44695251553999,53268200
2005-04-07,80.98346710205078,80.99705327589986,80.35863782677815,80.41976524588478,46734600
2005-04-08,80.14128875732422,80.9630759270261,80.14128875732422,80.93590876667157,63772900
2005-04-11,80.20240020751953,80.42652536413087,80.02582146134573,80.33823599104397,44945000
2005-04-12,80.61671447753906,80.86121377966715,79.50967971295296,80.0665936385543,86144800
2005-04-13,79.66590118408203,80.68464669701603,79.55043942126105,80.5216436841891,65949000
2005-04-14,78.62678527832031,79.80174084902636,78.62678527832031,79.73382551015733,96119800
2005-04-15,77.52655792236328,78.91884076711118,77.4925976557266,78.60642600416858,128677300
2005-04-18,77.7642822265625,78.07669706174933,77.39753302483612,77.50620175791522,100035200
2005-04-19,78.38227081298828,78.46376712590033,77.98835469522385,78.17172658088282,64930100
2005-04-20,77.28885650634766,78.53172254735497,77.11906552560578,78.3619315666131,107735900
2005-04-21,78.7897720336914,78.92560268337049,77.68273203053903,77.96119159847044,86952200
2005-04-22,78.49092102050781,79.12254324682395,77.60800644811545,78.60637756535122,88845800
2005-04-25,79.00713348388672,79.12259009709459,78.59284311262643,78.68792563898693,52284100
2005-04-26,78.2396240234375,79.30591038710075,78.20566896135227,78.7557896742265,72626000
2005-04-27,78.54529571533203,78.83054327213665,77.72350812647568,78.0087556832803,84131900
2005-04-28,77.56047058105469,78.56563485332113,77.56047058105469,78.28717532772612,72481500
2005-04-29,78.61318969726562,78.69469119775155,77.40427927223092,78.1513582243932,103993800
2005-05-02,79.05467224121094,79.06146533048108,78.4570047440508,78.83054692977589,56026400
2005-05-03,79.19046783447266,79.36025871970163,78.57243170667462,78.83051198684429,86000300
2005-05-04,79.80171203613281,79.97150291280543,78.97313172891339,79.22442409176716,81055700
2005-05-05,79.77458190917969,80.14133099484746,79.28558312828932,79.91720569000458,96906700
2005-05-06,79.52326965332031,80.13451797742422,79.50289557278475,80.09376981635312,67415400
2005-05-09,80.01908111572266,80.19566515988474,79.4961272538999,79.60479077073205,43750500
2005-05-10,79.19046783447266,79.8017160576183,79.04784411267312,79.7066335764186,74613500
2005-05-11,79.62515258789062,79.73382126958819,78.68111543747683,79.41461349411153,91647400
2005-05-12,78.7490463256836,79.86287462502514,78.7490463256836,79.67950266545444,95086800
2005-05-13,78.59280395507812,79.20405216400069,77.96797475556015,78.98672004322894,85267000
2005-05-16,79.32630920410156,79.3534711878256,78.55206312779225,78.5792251115163,49207000
2005-05-17,79.85607147216797,79.9375678023705,78.89166023297972,79.06145116304559,61071800
2005-05-18,80.6778335571289,80.87479159580228,80.14808685112774,80.2024159936257,77944900
2005-05-19,81.01746368408203,81.09896521890123,80.61675428156606,80.83408652614118,61768100
2005-05-20,80.9019775390625,81.085349448476,80.64389203045624,81.05138919262542,46345500
2005-05-23,81.35023498535156,81.52681901519459,80.94953085096317,80.96311184636265,51047900
2005-05-24,81.16006469726562,81.38418996888582,80.95631350822762,81.11931653210121,50654100
2005-05-25,81.09894561767578,81.41136031989278,80.70502940033809,81.05819226931135,47608800
2005-05-26,81.53360748291016,81.64227098477254,81.24156687309343,81.35702346307474,43256200
2005-05-27,81.6694564819336,81.6694564819336,81.36383480890683,81.5404136867578,24596100
2005-05-31,81.14649200439453,81.61511149655102,81.09215765754469,81.55398924255134,43377200
2005-06-01,81.83924102783203,82.12448859114792,81.12611693793356,81.17365819848621,69611000
2005-06-02,82.01579284667969,82.07012199338585,81.5675424105084,81.65583698941855,39704500
2005-06-03,81.60153198242188,82.10411174588786,81.31628442869324,81.8731985399957,60999400
2005-06-06,81.52682495117188,81.63548846710441,81.1940361327671,81.46569751340276,36046400
2005-06-07,81.58794403076172,82.34860933910821,81.5064476923875,81.76452806658668,66501300
2005-06-08,81.43852233886719,81.90034868383941,81.27551931893926,81.79168518549531,46881200
2005-06-09,81.8256607055664,81.89357605240006,81.1193296989569,81.32307573945789,56653300
2005-06-10,81.63545227050781,81.9410789606232,81.227955198627,81.87995154995757,36465300
2005-06-13,81.89351654052734,82.2330982095311,81.37055786856276,81.45885241873097,49383200
2005-06-14,82.08373260498047,82.31464579664974,81.75773171964988,81.8052729756764,33857100
2005-06-15,82.23992156982422,82.34179715076992,81.65584561439061,82.2874679983252,53195600
2005-06-16,82.45047760009766,82.6134754439369,82.12447673081111,82.21955923818467,46564500
2005-06-17,82.7559814453125,83.12421072613883,82.66051517278585,82.87872453892128,51529400
2005-06-20,82.78324890136719,83.08328349428531,82.46957329819034,82.56503955991717,41019400
2005-06-21,82.83102416992188,82.95376731208681,82.53098422184675,82.85148049319541,39879800
2005-06-22,82.8991928100586,83.15149953956549,82.55824030114127,82.97420277822219,46310100
2005-06-23,81.73312377929688,82.9196368783374,81.71266746418746,82.72870433395406,62185600
2005-06-24,81.133056640625,81.83541793615943,81.03758515730337,81.7467669593298,58572500
2005-06-27,81.24897003173828,81.42626676278523,80.97620703070947,81.1262269414014,48183800
2005-06-28,81.93087768554688,81.99224663151627,81.39899267705869,81.41944899238182,41174200
2005-06-29,81.71269226074219,82.10137797333655,81.66495911016123,82.08092165201947,42316500
2005-06-30,81.2693862915039,82.04675707965781,81.11254595239403,81.9785676636392,62288800
2005-07-01,81.50807189941406,81.6921890907271,81.2898625929647,81.45351827217166,49737500
2005-07-05,82.16270446777344,82.27181172843186,81.27623138626623,81.31714400775287,51549000
2005-07-06,81.47398376464844,82.27181109259507,81.42625063910941,82.09451439665565,52363600
2005-07-07,81.79447174072266,81.79447174072266,80.64205626419115,80.66251257405261,103268800
2005-07-08,82.72869873046875,82.72869873046875,81.63765197752006,81.8081281952471,64491200
2005-07-11,83.15147399902344,83.26057606305388,82.72187064012886,82.73551164970817,49688300
2005-07-12,83.36968231201172,83.62198375842055,82.9468994630672,83.18556510258396,51871100
2005-07-13,83.48560333251953,83.54697226617786,83.18556356124601,83.37649606932165,41182300
2005-07-14,83.81291961669922,84.17432832032496,83.52651565310015,83.86065274354563,63638800
2005-07-15,83.76517486572266,83.90155893377165,83.43786350744556,83.73108275060059,56075900
2005-07-18,83.4310531616211,83.62198567761658,83.2264848384206,83.53333992448178,56598400
2005-07-19,83.88793182373047,83.94930596515064,83.47197465419853,83.67654298638325,59165700
2005-07-20,84.17432403564453,84.37207703751943,83.39695303656137,83.59470083591589,69477000
2005-07-21,83.68335723876953,84.29025208985655,83.51288104009294,84.24933946698079,101110900
2005-07-22,84.2425308227539,84.2561666314587,83.62199487499649,83.79247109767428,52607100
2005-07-25,84.00384521484375,84.52208906297375,83.77199490171594,84.15386508759936,57301600
2005-07-26,84.10615539550781,84.23571900290943,83.84021287691014,84.03115063611537,42758800
2005-07-27,84.41303253173828,84.48122200089314,83.90842421696479,84.21527942942312,43181600
2005-07-28,84.94486236572266,84.99259548330356,84.31069083070804,84.52890011143782,47880700
2005-07-29,84.37889862060547,84.98579347730511,84.21524292506824,84.83577879119976,62358100
2005-08-01,84.31752014160156,84.58346256769212,84.18113607532423,84.44026319999107,40418200
2005-08-02,84.8221435546875,84.96534294834369,84.37890436335863,84.46755532313706,45147400
2005-08-03,85.04715728759766,85.06079309285302,84.63801549717547,84.72666123763558,36837200
2005-08-04,84.3652572631836,84.76757857210183,84.26297050925713,84.71303014552541,50855600
2005-08-05,83.79248046875,84.54258009443805,83.64928104998828,84.1811660918238,53595500
2005-08-08,83.6355972290039,84.15384616311046,83.45148008020071,83.97654951676788,47616000
2005-08-09,84.1402359008789,84.27661478480623,83.7856476811553,83.91520606012998,47170000
2005-08-10,84.09931182861328,84.89713911628192,83.75153895866019,84.43344369051788,72863700
2005-08-11,84.43345642089844,84.57665581187689,83.88111516962142,84.05840668082082,58570200
2005-08-12,83.91522979736328,84.34483328804676,83.70384090672374,84.26300281303028,54776900
2005-08-15,84.43345642089844,84.46755374364041,83.75837209127975,84.02431456059988,36208500
2005-08-16,83.33558654785156,84.22888018781146,83.25375609740819,84.17433175670338,71942100
2005-08-17,83.32876586914062,83.7856460466784,83.21284329981171,83.32195056684188,62275100
2005-08-18,83.3219223022461,83.57422366725581,83.0832515372101,83.22645607723932,53388600
2005-08-19,83.5129165649414,83.75158230410848,83.328799278639,83.62201867319368,39842100
2005-08-22,83.5129165649414,84.03116588607772,83.11058985961155,83.58792654046862,69912000
2005-08-23,83.35606384277344,83.60837055992886,82.6127899069308,83.5333605954373,55168600
2005-08-24,82.6127700805664,83.69018094603729,82.57185225360412,83.15147551330185,79104600
2005-08-25,82.91280364990234,82.96735728350421,82.65368169407473,82.74914795161757,35631100
2005-08-26,82.3468246459961,82.84461223381156,82.292271013695,82.83779693166447,61956800
2005-08-29,82.98099517822266,83.04236411183045,82.08769636971746,82.10815788344071,56179200
2005-08-30,82.5445785522461,82.71505475313671,82.09451888468489,82.68095743195028,74160200
2005-08-31,83.58789825439453,83.64245189132123,82.33319061768645,82.64005092350823,102945200
2005-09-01,83.52649688720703,83.97655644137598,82.605926674839,83.54695319375662,74578700
2005-09-02,83.3764877319336,83.79245002686945,83.21965255992049,83.77199371769558,47653400
2005-09-06,84.35161590576172,84.41981054311091,83.63561903627874,83.64243954051774,57251300
2005-09-07,84.49486541748047,84.64488017287518,84.18800499377853,84.30392761488845,41749700
2005-09-08,84.21524810791016,84.55620052939967,84.0856845229374,84.32435537999693,39068700
2005-09-09,84.9653549194336,85.06082119532167,84.41983408614774,84.44029040204921,43093900
2005-09-12,84.79483032226562,85.01303957163239,84.7402767092942,84.86301973722045,33017600
2005-09-13,84.32437133789062,84.84261537081416,84.22889985548674,84.6448623046241,58427500
2005-09-14,84.01751708984375,84.50166903089325,83.88795347092824,84.37892591890025,57694600
2005-09-15,83.97657012939453,84.3175225008476,83.806093943668,84.27660467855942,73156900
2005-09-16,84.5737533569336,84.73810574670392,84.14232637453588,84.43679390290303,75424100
2005-09-19,84.29296112060547,84.60797719990393,83.98479980456769,84.55319134048966,53355300
2005-09-20,83.58077239990234,84.64907061890308,83.45750681888937,84.36829698589172,84480300
2005-09-21,82.80008697509766,83.4575016246951,82.71105864594348,83.40271576439517,94469100
2005-09-22,83.09452056884766,83.31366393448968,82.47819813930836,82.82744612280318,84597200
2005-09-23,83.16304016113281,83.47120150440279,82.7932434144083,83.02607550049359,59368100
2005-09-26,83.25891876220703,83.71088911295223,82.91651492313693,83.56023058781452,70415400
2005-09-27,83.23836517333984,83.53967696204471,82.8754127596564,83.2178165567912,66150800
2005-09-28,83.3205337524414,83.62870028621312,82.9986733664578,83.49858517919837,58620500
2005-09-29,83.99849700927734,84.13545643009282,82.91649982096732,83.23836020701738,66607700
2005-09-30,84.25872802734375,84.25872802734375,83.36847605434531,83.97111008825222,47824200
2005-10-03,83.95738220214844,84.46413819114126,83.85466005210063,84.20391327239697,50994800
2005-10-04,83.01238250732422,84.25188265712,82.9712957210403,84.08753028731675,60776300
2005-10-05,81.92353820800781,83.07401528190577,81.88245142044039,83.03292849433835,106052100
2005-10-06,81.62907409667969,82.35497379675041,80.92372301591395,82.02626380855469,140941800
2005-10-07,81.90985107421875,82.21116814021632,81.5811410727061,81.97148126062649,75661400
2005-10-10,81.2181625366211,81.97829922420253,81.0127234363916,81.9577558366462,52677000
2005-10-11,81.10175323486328,81.75916781439524,81.02642399114609,81.48524376675692,75629800
2005-10-12,80.4648666381836,81.58110077960386,80.40323648221514,81.0743447845336,100510400
2005-10-13,80.4169692993164,80.86209535411732,80.04032297033066,80.43751269459413,99052900
2005-10-14,81.26608276367188,81.3619553697356,80.50594622654869,80.88944187546875,88651000
2005-10-17,81.56743621826172,81.6770027208792,81.11546068021234,81.3551475274814,68109300
2005-10-18,80.68403625488281,81.46471654959664,80.67034240088243,81.45102269559627,74996900
2005-10-19,82.02626037597656,82.03995945493995,80.20467472392991,80.46489975288863,116563800
2005-10-20,80.5812759399414,82.04676318403043,80.3279005758005,81.82762505102642,131966700
2005-10-21,80.89630889892578,81.34143482328749,80.47173158848844,81.00588060785583,96579500
2005-10-24,82.14950561523438,82.23852870777462,81.08805714387054,81.10860053255934,71308400
2005-10-25,81.98514556884766,82.3412431301776,81.45099661451971,81.98514556884766,76594500
2005-10-26,81.74544525146484,82.54666849904135,81.62217973455579,81.8413178507647,80855800
2005-10-27,80.87574768066406,81.74545594840315,80.7593316840897,81.62903472716329,66623100
2005-10-28,82.03992462158203,82.1426415468559,80.8757489633777,81.10173664831134,72322000
2005-10-31,82.26594543457031,83.06717439790168,82.26594543457031,82.37551717216598,77698900
2005-11-01,82.512451171875,82.7932247443697,82.32755545254089,82.57408656143063,66365100
2005-11-02,83.37531280517578,83.37531280517578,82.26592277855138,82.2933157054063,74012300
2005-11-03,83.73140716552734,83.99848688586324,83.37530957952345,83.64923361280835,84897600
2005-11-04,83.62186431884766,83.86154595645694,83.23837369867283,83.82045916848615,59156000
2005-11-07,83.70404815673828,83.97112274395649,83.44381788481522,83.79992081755158,46765400
2005-11-08,83.70404815673828,83.83415806803166,83.40273109437184,83.49860375518514,42152800
2005-11-09,83.81362915039062,84.19711985988621,83.4506818396653,83.60134039687257,57666800
2005-11-10,84.46415710449219,84.58742266721828,83.3753156543007,83.77934958371765,79048100
2005-11-11,84.75176239013672,84.80654300951832,83.8409673253474,84.47098885789381,34867000
2005-11-14,84.70386505126953,84.92984761876414,84.49157111408579,84.77234477550026,45092200
2005-11-15,84.39566040039062,84.97774563088595,84.13543547578462,84.60795424184897,69592500
2005-11-16,84.56687927246094,84.60797127647832,84.21763119864696,84.48470571375965,51133000
2005-11-17,85.35441589355469,85.36126543222461,84.32720452908669,84.69700124725523,55717500
2005-11-18,85.68994903564453,85.79267119172195,85.14210624434146,85.64201272609719,72437200
2005-11-21,86.12139129638672,86.2241134646901,85.58724229080892,85.70365831004172,50021200
2005-11-22,86.49120330810547,86.64185659371587,85.88856926699407,85.98444191450407,66438800
2005-11-23,86.99109649658203,87.25132669218605,86.429554551647,86.4569474787983,50854700
2005-11-25,87.05958557128906,87.12122097017921,86.84044735516214,86.95686861425081,15270000
2005-11-28,86.44325256347656,87.15544776197697,86.3131374672762,87.1417539109032,54498500
2005-11-29,86.34737396240234,86.95685743559183,86.34737396240234,86.73086970982493,51738900
2005-11-30,85.88174438476562,86.64187619782479,85.79956557201959,86.39535020892393,56007200
2005-12-01,86.75827026367188,86.99110232305253,86.2720575296708,86.29944523398984,65468200
2005-12-02,86.8678207397461,87.0253287462103,86.62813918614056,86.81303489187454,46699400
2005-12-05,86.68292236328125,86.785644518709,86.40899835702919,86.76509590789077,59273400
2005-12-06,86.8472900390625,87.47731170761688,86.71717493752767,87.00479806853448,57935200
2005-12-07,86.34053039550781,86.88152894459546,86.06660635202886,86.81304401522578,66816500
2005-12-08,86.2857437133789,86.847285646019,85.92964611754205,86.43640219707908,62608600
2005-12-09,86.51173400878906,86.81989529848141,86.1624807157155,86.39531798598676,50744500
2005-12-12,86.59394073486328,86.87471442940365,86.2583863892761,86.77199221860428,48389900
2005-12-13,87.18284606933594,87.44992059142291,86.48434467880084,86.57336777794086,88630900
2005-12-14,87.52526092529297,87.71700622444679,87.06644107022238,87.10068354135737,64375000
2005-12-15,87.2718734741211,87.6553640198144,87.09382205304914,87.54579230694955,55900300
2005-12-16,86.99098205566406,87.67941970710024,86.99098205566406,87.62434343441836,46238300
2005-12-19,86.54349517822266,87.34208536253269,86.52972873644872,87.245704513028,48733000
2005-12-20,86.62612915039062,87.14933809376448,86.38517697221009,86.64678144389701,46603200
2005-12-21,86.76380920410156,87.26637107502768,86.60547146217313,86.89461405797888,51806900
2005-12-22,87.21817779541016,87.21817779541016,86.79823035943504,86.956568096195,32247900
2005-12-23,87.26634216308594,87.33518486513212,87.03227067329513,87.28010860255058,27977300
2005-12-27,86.37828063964844,87.46601348611533,86.31631851428618,87.40405136075307,44499500
2005-12-28,86.571044921875,86.73626850712785,86.39893548863071,86.56415907388357,30764300
2005-12-29,86.18549346923828,86.71558804035546,86.09599323151882,86.55036450878615,32788900
2005-12-30,85.7173843383789,86.09602194334401,85.61411762707456,85.91703191293715,44645600
2006-01-03,87.22500610351562,87.4315393998924,85.6347175794381,86.18546953486958,73256700
2006-01-04,87.6380844116211,87.76888394794226,87.22501776364928,87.33517027040459,51899600
2006-01-05,87.69320678710938,87.8377780976514,87.34898788038163,87.53486903133829,47307500
2006-01-06,88.4229507446289,88.51933161429457,87.67943667661086,88.13380813563194,62885900
2006-01-09,88.65015411376953,88.84979648897081,88.38166374451043,88.40919663929614,43527400
2006-01-10,88.7396011352539,88.79467740301219,88.29900149791168,88.38850174610937,44960800
2006-01-11,89.02188110351562,89.1113813698455,88.6225859599164,88.82223878407906,49598900
2006-01-12,88.67078399658203,89.00123117412437,88.42294598724368,88.86354572554227,40509200
2006-01-13,88.58816528320312,88.73962242970188,88.25771810208151,88.51244721468024,44856700
2006-01-17,88.34719848632812,88.4091553492068,87.9892079929334,88.25769823679842,52066600
2006-01-18,87.99609375,88.73960236559728,87.54172766559955,87.8308701967964,75067600
2006-01-19,88.33343505859375,88.65012100636916,87.98921622631508,88.20952132124148,81530400
2006-01-20,86.72249603271484,88.33343769472013,86.72249603271484,88.3127854045451,114957800
2006-01-23,87.03229522705078,87.30767136528675,86.83264765813877,86.88772393625855,67017400
2006-01-24,87.12178802490234,87.53484957067144,87.03228776753798,87.17685904593904,53008800
2006-01-25,87.19754028320312,87.55552565285362,86.6330162059985,87.45914477439526,87747700
2006-01-26,87.6794204711914,87.89283446424045,87.26635892720252,87.60369190868448,71294000
2006-01-27,88.49176788330078,88.57438754168885,87.74137339159148,87.88594991522722,65771200
2006-01-30,88.4229507446289,88.67766936344665,88.36099386514248,88.4229507446289,33709600
2006-01-31,87.77581787109375,88.49178854772713,87.76893202255974,88.3403418988866,72937000
2006-02-01,88.38847351074219,88.41600638346407,87.92722173342624,87.99606441995155,63561000
2006-02-02,87.36275482177734,88.21641619332534,87.29391209465247,88.18888330436612,83626900
2006-02-03,86.92903137207031,88.38852127597397,86.83953635646024,87.14245064369914,86040400
2006-02-06,87.15624237060547,87.2939331103672,86.86021384557357,87.04609503116075,45511900
2006-02-07,86.38517761230469,87.19753442787814,86.33010132763717,87.0047674315418,71208100
2006-02-08,87.16999816894531,88.1888884478544,86.46778865517133,86.63989810920327,59422200
2006-02-09,87.025390625,87.84462771349702,86.99785249353668,87.37648998334379,62023300
2006-02-10,87.18376159667969,87.52109464424488,86.36451894308638,87.03919029058031,64508700
2006-02-13,87.025390625,87.28699499535917,86.7087047393527,87.15619018399882,52308700
2006-02-14,87.94790649414062,88.14066818854434,86.88771192255793,87.059821328613,90964400
2006-02-15,88.25769805908203,88.34031771414467,87.5967985945634,87.89971281877021,85471300
2006-02-16,88.91858673095703,88.95301070562779,88.24391044252123,88.35406295957877,61017900
2006-02-17,88.67761993408203,88.91857722629881,88.51928227318817,88.84284869200677,40342600
2006-02-21,88.45736694335938,89.08383728864229,88.31967099477093,88.88419497075068,46456300
2006-02-22,88.9943618774414,89.25596111154323,88.56752327649939,88.65014295991948,42326700
2006-02-23,88.86355590820312,89.2490794102998,88.31280354603892,88.99436077599898,43423200
2006-02-24,89.09071350097656,89.13889867114948,88.64322275229625,88.88418011733367,36777400
2006-02-27,89.12516784667969,89.52445255177199,89.00124357238413,89.08385275209594,35858600
2006-02-28,88.27837371826172,89.43495465282533,88.20953624299632,88.94615920622466,74394800
2006-03-01,89.06319427490234,89.14581395360699,88.46425675411092,88.53310473557694,48641600
2006-03-02,89.0562973022461,89.09760188163945,88.53996905037889,88.73961135235513,60642300
2006-03-03,88.64322662353516,89.5450887546712,88.56749806304968,88.58126975715378,73402500
2006-03-06,88.237060546875,88.9323788563457,88.01676068847938,88.90484596986381,57478400
2006-03-07,88.09938049316406,88.16133737008198,87.70697118226079,88.02365191979999,61780800
2006-03-08,88.28526306152344,88.42294851404009,87.55551545656787,87.91350078452915,66692400
2006-03-09,87.69320678710938,88.5881727931833,87.69320678710938,88.31280186969205,56313600
2006-03-10,88.52617645263672,88.69828582928687,87.73447752193512,87.92035333767828,60490800
2006-03-13,88.6914291381836,88.91861483715486,88.4848957295983,88.69830973340375,45479100
2006-03-14,89.62081909179688,89.65524307941213,88.53997731281584,88.60882528804635,69877300
2006-03-15,90.0201187133789,90.08896669203241,89.3936483284294,89.60017125493655,53398900
2006-03-16,90.20598602294922,90.50890027502373,90.07518118639658,90.19221432838445,65526400
2006-03-17,90.2813491821289,90.47487749715903,90.11547379581863,90.32281802870648,47286800
2006-03-20,90.13616180419922,90.47483090785583,89.99792887128855,90.29512914972165,45538500
2006-03-21,89.56941986083984,90.5370717736522,89.47265572420861,90.10853584299963,87102700
2006-03-22,90.11542510986328,90.20527071340712,89.47262669568408,89.5140955198576,51605700
2006-03-23,89.92879486083984,90.12232304980729,89.61776816760612,90.03246690975266,46704200
2006-03-24,89.99793243408203,90.24675594177023,89.67307922830864,89.84587303791163,43209200
2006-03-27,89.86660766601562,90.04630943169303,89.67307944251776,89.87351562167727,32523000
2006-03-28,89.31365966796875,90.2190974872602,89.19616115023211,89.80438815107493,82079900
2006-03-29,89.8735122680664,90.19836546249398,89.3620388127663,89.44498701009675,61505700
2006-03-30,89.71458435058594,90.53016639954967,89.54179047107654,89.92884707373739,70571700
2006-03-31,89.73529052734375,90.01867493170151,89.4173452486622,89.8666155218753,62925600
2006-04-03,89.66618347167969,90.45412302148515,89.5003081221416,89.90119112769172,61624700
2006-04-04,90.23986053466797,90.35735908968968,89.41045214560297,89.66618367438555,54809300
2006-04-05,90.55088806152344,90.73750837811667,90.11545471813916,90.27442211186676,50607200
2006-04-06,90.45413970947266,90.68914740884154,89.98414540373851,90.44032379212881,57906200
2006-04-07,89.53485870361328,90.82044539859336,89.40354423369854,90.58544828843031,80180900
2006-04-10,89.67308807373047,89.90808514681152,89.34131633308854,89.67308807373047,41496500
2006-04-11,88.91282653808594,89.8942945999553,88.64326848268874,89.74915363362734,72799400
2006-04-12,89.07868194580078,89.25147578225896,88.89206164940629,89.00265223589923,43033700
2006-04-13,88.96117401123047,89.33440401811991,88.68469757418487,88.87822580686795,51051800
2006-04-17,88.9266586303711,89.37591856896313,88.48430665130245,89.04415722128742,64167700
2006-04-18,90.33660125732422,90.50248711074252,89.11321813629489,89.11321813629489,92531800
2006-04-19,90.5094223022461,90.5923705271644,90.01869364293921,90.37118932271599,87269000
2006-04-20,90.63382720947266,91.13838226300565,90.2675051169283,90.54397103890555,86005500
2006-04-21,90.64761352539062,91.08996518401996,90.28129155245517,91.0208539993408,72342600
2006-04-24,90.48177337646484,90.59236397068523,90.11545126129694,90.46794691556241,52546400
2006-04-25,90.10851287841797,90.62689430965195,89.79748612897703,90.57159902474065,84359800
2006-04-26,90.1292495727539,90.64072306125374,90.06013837473878,90.1983713172665,67262400
2006-04-27,90.56471252441406,90.97942198624742,89.5694182532138,89.78368094144447,124478600
2006-04-28,90.86885833740234,91.06238666458218,90.34356867027178,90.39885343817787,55854400
2006-05-01,90.1292495727539,91.09690126344299,90.0739648329408,90.86881216234836,64990300
2006-05-02,90.806640625,90.86193593061674,90.36428872656718,90.55089851820989,49063500
2006-05-03,90.46795654296875,90.76516747825214,90.1638376497488,90.6476583678257,60821300
2006-05-04,90.79278564453125,90.97248742146661,90.52322770587926,90.5992574089092,42921400
2006-05-05,91.59457397460938,91.78810225770827,91.13148768672984,91.26972066801471,62588200
2006-05-08,91.48397827148438,91.76736272254723,91.48397827148438,91.58765036504403,30016700
2006-05-09,91.66365051269531,91.76733311930782,91.44938789079114,91.5254175837084,29864000
2006-05-10,91.61529541015625,91.75352837184982,91.15911714471838,91.51853128232084,64378200
2006-05-11,90.5094223022461,91.61530723148748,90.2122219235814,91.58765430768128,80626900
2006-05-12,89.3275146484375,90.35045131210363,89.29295376830353,90.10162774023891,91726500
2006-05-15,89.5072250366211,89.67311094925941,88.89207927869278,89.01648580329584,84029300
2006-05-16,89.37589263916016,89.85280537048968,89.1685379020821,89.68691947152722,62137600
2006-05-17,87.67559814453125,89.23074806262265,87.62030284713471,88.93353715742869,144789500
2006-05-18,87.23326110839844,88.29767203420357,87.1641446115541,88.0212007735755,87906300
2006-05-19,87.84839630126953,88.11795429773218,86.94987140414408,87.68942890502237,124309400
2006-05-22,87.17796325683594,87.89678640418569,86.7425245935017,87.28164063570138,110852800
2006-05-23,86.51441955566406,88.21471032832478,86.51441955566406,87.90368352199339,92006500
2006-05-24,87.20560455322266,87.70325171690415,86.23104991872154,86.86693006198115,168405000
2006-05-25,88.28380584716797,88.28380584716797,87.38527602640693,87.72395037960233,78977900
2006-05-26,88.73310089111328,88.73310089111328,88.13177639701875,88.47735882246126,62989700
2006-05-30,87.15721130371094,88.47044553426001,87.1226556998738,88.44971111730783,72419900
2006-05-31,88.13177490234375,88.13177490234375,87.22633156131599,87.51662923096404,86926200
2006-06-01,88.97500610351562,89.1201575776729,87.96589065440907,88.04192037011056,73721700
2006-06-02,89.16161346435547,89.45881378025092,88.69161932391671,89.3344072888988,91702600
2006-06-05,87.86221313476562,89.06485677744494,87.62029754161648,89.05794882062601,86105100
2006-06-06,87.64794921875,88.04191897877284,86.92221822568146,87.92442042845457,130498600
2006-06-07,86.99134826660156,88.22855303606799,86.94296619285709,87.71708464601919,108599400
2006-06-08,86.91533660888672,87.43371833816437,85.61592830586798,86.79783801583085,204957200
2006-06-09,86.6388168334961,87.7516094117175,86.59734800579177,87.33690531492816,94972200
2006-06-12,85.6988296508789,87.03971150919648,85.58133110767051,87.00515063260606,95815900
2006-06-13,84.70355987548828,86.28634713453465,84.70355987548828,85.52605513701988,185688800
2006-06-14,85.36016845703125,85.45001936756331,84.55840240028283,84.90399012682953,163566400
2006-06-15,87.17102813720703,87.33690872775507,85.60897052923704,85.67117377322423,134057000
2006-06-16,86.53584289550781,87.16758996938329,86.4039373903492,86.98015004318435,94253500
2006-06-19,85.85547637939453,87.11203706480524,85.77217211723016,87.0564973589904,95804400
2006-06-20,86.14703369140625,86.64688034503071,85.89017187525134,86.09149929388101,65494700
2006-06-21,86.7857666015625,87.26478210182849,86.05682237131221,86.08459223019936,75008200
2006-06-22,86.4039077758789,86.82044492198993,86.1123323032569,86.74407916060457,74566100
2006-06-23,86.39002990722656,86.98706845585153,86.10539290998463,86.31366414194494,54107000
2006-06-26,86.7718505859375,86.82044649892381,86.2581216062882,86.45944904481932,37899600
2006-06-27,86.02208709716797,86.98012309441549,85.92488997320395,86.78573943960214,69780200
2006-06-28,86.60523223876953,86.6191145146554,85.84157994767895,86.21646495528131,62368100
2006-06-29,88.35468292236328,88.41022261437624,86.89680043464088,86.91762649500659,110634800
2006-06-30,88.36165618896484,88.62546716576591,88.13950264335033,88.5421575999511,54227800
2006-07-03,88.7226791381836,88.86846164245404,88.38250230635413,88.4658118910682,23914000
2006-07-05,88.21588897705078,88.47969471876488,87.8340599987913,88.36862056835457,69653400
2006-07-06,88.47274780273438,88.75737958951719,88.22282436740561,88.30612864814249,50100300
2006-07-07,87.89653015136719,88.55604705368407,87.67437658775489,88.2991851405891,81626500
2006-07-10,88.06311798095703,88.46577285121121,87.75766023158937,88.12560146605855,60964100
2006-07-11,88.45191192626953,88.45191192626953,87.43139222791079,87.89652539898798,73640800
2006-07-12,87.50774383544922,88.44495381396169,87.2786465328073,88.27139621436466,82561300
2006-07-13,86.08455657958984,87.25086368704656,86.08455657958984,87.09118838871233,102405700
2006-07-14,85.7513198852539,86.26505409417334,85.2723046047163,86.17480077005033,103242500
2006-07-17,85.62639617919922,86.15401289677745,85.49449597222386,85.75135789397936,81159000
2006-07-18,86.06375885009766,86.11929856315452,84.96687335173812,85.88325743094212,122771000
2006-07-19,87.25780487060547,87.6535159150894,85.89017038280201,86.20951567338933,133565300
2006-07-20,86.66078186035156,87.6813013929413,86.54276396385607,87.55633970942914,112259800
2006-07-21,86.04985046386719,86.91069991839115,85.95960242439365,86.88293006857837,101560000
2006-07-24,87.61882019042969,87.69518595993405,86.39003468427735,86.39003468427735,92884000
2006-07-25,87.93122100830078,88.37552802037447,87.2786427670737,87.45914414590283,95480700
2006-07-26,88.04922485351562,88.4796442234849,87.5979741267083,87.88260577815024,84525800
2006-07-27,87.96592712402344,88.64627519836797,87.6118681620402,88.43106018793722,87257100
2006-07-28,88.84760284423828,88.9586769464295,88.07006294267063,88.19502461798406,82137000
2006-07-31,88.75733184814453,88.83369759544995,88.47963870308452,88.62543170907207,49593100
2006-08-01,88.31999206542969,88.43106617488014,87.88956731198488,88.40329632337813,65225600
2006-08-02,88.91702270507812,89.1808336225518,88.54908147445131,88.56990753708195,64770900
2006-08-03,89.153076171875,89.24332952326387,88.27140580065782,88.40330598901677,63693800
2006-08-04,89.00033569335938,89.85423612439114,88.50049425148006,89.61126183880795,96294200
2006-08-07,88.79206848144531,88.91703016426918,88.44495328432986,88.79206848144531,45377300
2006-08-08,88.45191192626953,89.18085608125676,88.13256123031964,88.92398358893286,90901300
2006-08-09,88.15339660644531,89.27805199192005,87.89652939899032,88.98646584216209,78910600
2006-08-10,88.42411804199219,88.5143660771142,87.66740423661348,87.87567545188831,69322300
2006-08-11,88.17420959472656,88.30610977655842,87.74378481552066,88.28528371082486,47482200
2006-08-14,88.24364471435547,88.97258890288032,88.11173921633167,88.6046422661065,57839000
2006-08-15,89.29883575439453,89.46544422604651,88.79204536804292,89.03502488346238,68143000
2006-08-16,90.04167175292969,90.17357721063131,89.58347719242326,89.77787143064062,71737600
2006-08-17,90.27078247070312,90.50681827587647,89.89590269737579,89.95838089407772,70992800
2006-08-18,90.72893524169922,90.72893524169922,89.96527787949135,90.38182018489762,58288400
2006-08-21,90.34022521972656,90.44435556539268,90.1111278661435,90.37492827287022,42133600
2006-08-22,90.33324432373047,90.61094280291118,90.0277812931886,90.24300158697135,60839900
2006-08-23,90.08334350585938,90.55542574190926,89.6876376396495,90.37491903704468,66592100
2006-08-24,90.0069808959961,90.31939309829488,89.83342326943757,90.24302731888447,57983000
2006-08-25,90.11808013916016,90.42354332398286,89.93758398136457,90.00006219831852,41756000
2006-08-28,90.54845428466797,90.81921427506512,90.00001700051965,90.00695549010142,52681500
2006-08-29,90.65258026123047,90.82613781022353,90.11802004426043,90.59010208593988,61817800
2006-08-30,90.70814514160156,90.97194548602339,90.6317793751101,90.85392759110294,50052200
2006-08-31,90.69425964355469,90.93724452243849,90.65260751417239,90.84005268950803,37510300
2006-09-01,91.23577117919922,91.34685060171815,90.8331162174057,91.04138748634949,48794500
2006-09-05,91.40928649902344,91.53425343980005,91.08299746708302,91.29820712791353,52348300
2006-09-06,90.60401153564453,91.05526768062572,90.4790551402785,91.02055403976317,53795600
2006-09-07,90.18750762939453,90.6457024075791,89.79874015449339,90.29163799120047,86269400
2006-09-08,90.44432830810547,90.56929527836098,90.13192677213823,90.30548435802163,45096300
2006-09-11,90.53458404541016,90.72896769930948,89.88894430036873,90.15275522770982,68496600
2006-09-12,91.4231948852539,91.52732519868442,90.50680575460818,90.63871121369637,69875600
2006-09-13,91.7911376953125,91.95080770968977,91.30517856908965,91.38848282126658,62898400
2006-09-14,91.79804992675781,91.8049990078611,91.46482242025427,91.61061541297475,57805400
2006-09-15,92.0135269165039,92.3133536869942,91.81827776585567,92.2575697353377,76703100
2006-09-18,92.13903045654297,92.3133513110952,91.79735775132836,91.8949770042896,64154100
2006-09-19,91.9089584350586,92.13209431553277,91.39297533094475,92.1251146694527,92089100
2006-09-20,92.39705657958984,92.57835714574797,92.08328105162217,92.21576665313631,75204100
2006-09-21,91.9507827758789,92.56439573422699,91.63700729116113,92.46677645809918,88932500
2006-09-22,91.67189025878906,91.81831387974034,91.34416606371992,91.81134487293006,65966800
2006-09-25,92.37614440917969,92.63414662103362,91.37903379488202,91.85318161825862,92299100
2006-09-26,93.1431655883789,93.15711424264424,92.32036522201649,92.3900978536374,73962700
2006-09-27,93.25467681884766,93.41504900637884,92.92695280104526,93.0803559855357,82432200
2006-09-28,93.2198486328125,93.42903584624308,92.93395979578084,93.25471494166821,58597500
2006-09-29,93.1431655883789,93.39418816662608,93.073432956758,93.29656886618028,47966600
2006-10-02,92.79450225830078,93.3174649554465,92.70385198609047,93.1152467543163,51687400
2006-10-03,92.98975372314453,93.34536457627728,92.49467761964934,92.6620295362614,73108100
2006-10-04,94.0774917602539,94.13327571892567,92.79449262990967,92.89908090260536,80890500
2006-10-05,94.2587890625,94.41917194618871,93.95896223071362,94.07749916232939,60505900
2006-10-06,94.1402587890625,94.20302240175944,93.71491535038045,94.09842347373375,64983600
2006-10-09,94.19603729248047,94.34247152734139,93.88226180601067,94.02869604087161,41176800
2006-10-10,94.32156372070312,94.44706967251611,94.02172621408718,94.20302677520054,56403700
2006-10-11,94.2099838256836,94.43310903604768,93.64518583479294,94.02171428215239,104071800
2006-10-12,95.02581024169922,95.1025118649702,94.41219725553142,94.44706356423707,59158600
2006-10-13,95.26985168457031,95.3256356434863,94.85844631752768,94.94212757575279,53944000
2006-10-16,95.41626739501953,95.56270160505576,95.12340961464842,95.19314221746595,42273000
2006-10-17,95.11647033691406,95.31867792475843,94.60047657802492,95.15830565579878,90500600
2006-10-18,95.2419662475586,95.78584661510146,94.90030408623507,95.55574174580201,86848600
2006-10-19,95.39537811279297,95.44419307722313,94.99095230351776,95.10252024532565,64063200
2006-10-20,95.41626739501953,95.49296900223825,95.06065665593349,95.41626739501953,48094500
2006-10-23,95.8555679321289,96.08567277430174,95.10250044130025,95.22103736489795,66219900
2006-10-24,96.14146423339844,96.17631990093265,95.6812545131527,95.72308982595628,53234900
2006-10-25,96.46920013427734,96.5110354521827,95.883473764489,96.04385666939879,78105400
2006-10-26,96.76902770996094,96.92243096986658,96.21119864118627,96.68535707354133,66843700
2006-10-27,96.16239166259766,96.7481073807793,95.96715308987045,96.6504880944157,80238000
2006-10-30,96.0926513671875,96.36459154603389,95.80676253720189,95.98806308290173,49717800
2006-10-31,96.07875061035156,96.40647491741879,95.70222195952361,96.27399990452047,71274100
2006-11-01,95.43022918701172,96.44128822890941,95.33260991344304,96.37853526155158,83005600
2006-11-02,95.37444305419922,95.5348152914755,95.0815852401589,95.18617351670808,60693100
2006-11-03,95.20708465576172,95.79977988818153,94.56558511086011,95.71610927266886,71346400
2006-11-06,96.28092956542969,96.42038417023602,95.49299562070263,95.49997526675077,63303300
2006-11-07,96.65049743652344,96.90848900977062,96.22515393917512,96.36460855607343,63318900
2006-11-08,96.85965728759766,96.95727655578806,95.43022392932936,96.22512672450895,87517800
2006-11-09,96.35063934326172,97.02003625712578,96.15540079332283,96.92938598761737,95916300
2006-11-10,96.39251708984375,96.46223908656061,96.02992653191397,96.32278445342038,48991500
2006-11-13,96.62953186035156,96.95027625619988,96.27392116764146,96.35061212515738,59398200
2006-11-14,97.3547592163086,97.43844050598956,96.30883353279964,96.90152900933721,96704000
2006-11-15,97.63365936279297,97.9334862243465,97.29198654501198,97.31988384916363,76509600
2006-11-16,97.8846664428711,98.09384299245302,97.26408451980578,97.92650175278749,76728800
2006-11-17,97.91255187988281,97.91952088488102,97.43142454244936,97.57087912032951,56353800
2006-11-20,97.96832275390625,98.13567460883156,97.5778457321147,97.82886819465224,69174200
2006-11-21,98.06598663330078,98.08690429472222,97.8219330637765,97.96139832619365,51367900
2006-11-22,98.26116180419922,98.42851362724862,97.9683040936369,98.1426249194263,45505300
2006-11-24,97.86377716064453,98.20543938381822,97.75917821582576,97.78707552365964,30998000
2006-11-27,96.51800537109375,97.86376840143096,96.49011870546136,97.81495343694358,84545100
2006-11-28,96.93634796142578,97.03396721859937,96.30181746994685,96.39246772292987,106652900
2006-11-29,97.94744110107422,97.98927642025626,96.97821719443947,97.25015740882749,90034900
2006-11-30,97.98927307128906,98.3518635579825,97.4523616674917,97.9265200946607,83994300
2006-12-01,97.77310943603516,98.07991592926876,96.90150491648679,97.98926565453058,126080000
2006-12-04,98.5191879272461,98.70048845934149,97.7800690678798,97.79401771797234,87813200
2006-12-05,98.94454193115234,98.98638788591872,98.49828083764464,98.70746805266157,73374400
2006-12-06,98.86084747314453,99.0630656334794,98.66560895677365,98.92360043061349,53253200
2006-12-07,98.42855834960938,99.22346125079603,98.39369204066975,99.03519169428498,62857400
2006-12-08,98.60985565185547,98.94454883541492,98.16359452720806,98.40764806837494,79625500
2006-12-11,98.895751953125,99.07704189125707,98.55407909772065,98.60986307246249,39779400
2006-12-12,98.81902313232422,98.92361140637676,98.24027652326137,98.79810547751372,77451600
2006-12-13,98.9236068725586,99.25133096917291,98.70745068962188,99.17462935848229,55520200
2006-12-14,99.79517364501953,99.87885486859683,98.90265195131242,98.91660059519161,64755200
2006-12-15,99.80435180664062,100.18999673768346,99.73424135489633,100.01470455984449,70857400
2006-12-18,99.53087615966797,100.1829684918501,99.39064458576337,99.94456304733067,48954600
2006-12-19,99.72020721435547,99.95860198988328,98.99800435385467,99.25042549823254,65023600
2006-12-20,99.6640853881836,100.02869598643397,99.57293006387557,99.76224854552234,41469600
2006-12-21,99.29950714111328,99.86745207210491,99.08916509184618,99.75527321215752,48698400
2006-12-22,98.68946075439453,99.32050808886196,98.63336599371141,99.31350025589468,62069100
2006-12-26,99.2714614868164,99.29249569097735,98.71052441155999,98.73155861572093,32696900
2006-12-27,99.92350769042969,99.98662097946024,99.44671830030306,99.47476032955362,39727100
2006-12-28,99.71318817138672,100.05675392721066,99.558930228329,99.85341974717099,37288800
2006-12-29,99.29950714111328,99.94458105649791,99.16628337725398,99.60802307868533,45461200
2007-01-03,99.1241683959961,100.16891311210733,98.56324226284286,99.74119998124087,94807600
2007-01-04,99.33454895019531,99.60099642757889,98.59131198589712,99.02603307090553,69620600
2007-01-05,98.54222106933594,99.14522643658744,98.43004223511312,99.09615020267421,76645300
2007-01-08,98.99799346923828,99.15225141267469,98.33889329255244,98.73856451845135,71655000
2007-01-09,98.91385650634766,99.2854749970409,98.44406414363849,99.08213011784139,75680100
2007-01-10,99.24337005615234,99.26441495109324,98.37392809251372,98.57025438746314,72428000
2007-01-11,99.67817687988281,100.00070859373598,99.21540282193136,99.27149761977293,54476800
2007-01-12,100.43540954589844,100.43540954589844,99.64308548249595,99.67112752325129,55370600
2007-01-16,100.23908996582031,100.57564797265013,100.07781344883037,100.31621895686321,44871300
2007-01-17,100.2811279296875,100.58964380018054,100.07778306096124,100.16193056135754,50241400
2007-01-18,99.944580078125,100.4494223893945,99.7833142756038,100.3863197752321,68177300
2007-01-19,100.14087677001953,100.3372030675646,99.88845571617861,99.94453977349366,56973000
2007-01-22,99.8324203491211,100.33726275712829,99.51688581987622,100.31622854837691,60253600
2007-01-23,100.12689971923828,100.32322611347516,99.60803099219163,99.74826260250568,54064400
2007-01-24,100.93318939208984,100.95422358824472,100.2039789610991,100.24604735340884,55834700
2007-01-25,99.74821472167969,100.91215685664795,99.57292261818378,100.87008846364589,73583800
2007-01-26,99.65706634521484,100.02166620347143,99.27142159226989,99.96558214757083,67255600
2007-01-29,99.60102844238281,100.12690503320955,99.38366783001227,99.699191644711,66114600
2007-01-30,100.1198501586914,100.16893709153234,99.6080001251163,99.81134499119621,70407600
2007-01-31,100.79299926757812,101.05944679366506,99.84641725573202,100.00769375782946,91868600
2007-02-01,101.39599609375,101.43105666507503,100.90518019215239,101.07345381613773,69312400
2007-02-02,101.5362548828125,101.6344180894311,101.23475742640794,101.48016009346087,49607000
2007-02-05,101.56426239013672,101.62736498793117,101.20665960467014,101.45908069483029,45705300
2007-02-06,101.59231567382812,101.69047884759597,101.19966297875679,101.64841044440739,57081300
2007-02-07,101.81671142578125,101.92188245097148,101.3679638866608,101.75359811168184,55669700
2007-02-08,101.68350982666016,101.75362029240823,101.15763318810542,101.5152254506871,70641000
2007-02-09,100.92620086669922,101.90082470458164,100.54055603178543,101.71150620399072,79084400
2007-02-12,100.58261108398438,100.99629789790907,100.40031114030094,100.92618747294532,65657000
2007-02-13,101.43106079101562,101.59933442184588,100.80000257844819,100.80702111238922,64081800
2007-02-14,102.09716796875,102.3005021705219,101.51519670301032,101.52922307178291,66039400
2007-02-15,102.23042297363281,102.33559402411363,101.97098321746704,102.1392675972242,38715200
2007-02-16,102.18132019042969,102.20235439726784,101.83073581114557,101.97798595799883,39841800
2007-02-20,102.3986587524414,102.51084829742021,101.66944810804695,102.06210081648888,56911800
2007-02-21,102.35662841796875,102.4197417473584,101.91489930616841,102.09719936032508,63971600
2007-02-22,102.27947998046875,102.66512492462788,101.78866400562342,102.40569591627802,79067400
2007-02-23,101.8797607421875,102.22332637739503,101.69044229690233,102.18827651999158,71966200
2007-02-26,101.78865051269531,102.33556119773769,101.49416096682513,102.25142438434176,69192800
2007-02-27,97.81303405761719,101.10852482155346,97.46244970615619,100.88415640009079,274466500
2007-02-28,98.81568145751953,99.55191059598705,98.02336824854432,98.43705513718433,177536300
2007-03-01,98.52119445800781,99.04006306481331,96.79632572278771,97.70082849384455,212828600
2007-03-02,97.23106384277344,98.62639342890041,97.22405600730019,98.19868008735293,162574000
2007-03-05,96.30551147460938,97.86911445665065,96.2914851068961,96.7121798474404,143750400
2007-03-06,97.95323944091797,98.24772893344594,96.56492877643396,97.30816569076396,143333300
2007-03-07,97.85506439208984,98.4861223985632,97.74287487551932,97.87609858907418,115144900
2007-03-08,98.68244934082031,98.97693879948525,98.212667773499,98.54220709471022,117891600
2007-03-09,98.71051788330078,99.15926537403087,98.21970198703102,99.08213639754675,107765100
2007-03-12,98.85777282714844,99.10317543776992,98.27580155781261,98.4581015570444,80366900
2007-03-13,96.9365463256836,98.70349396328453,96.78929623130752,98.28979641193385,190605200
2007-03-14,97.65873718261719,97.71483194038265,95.88478192683625,97.06273974296764,231853800
2007-03-15,97.7919921875,98.15660288015711,97.32221047724207,97.44140786351785,132435900
2007-03-16,97.51812744140625,98.29247622025711,97.22950555643297,98.06720721498509,121531600
2007-03-19,98.6937484741211,98.78526537486283,97.9545991207477,98.0320340195091,96161200
2007-03-20,99.23578643798828,99.29210370089842,98.52480113390932,98.60927165756475,82147400
2007-03-21,100.86894226074219,101.12236456851542,99.13019647910451,99.32730152499266,152368700
2007-03-22,100.79147338867188,101.14344810072856,100.51693354292429,101.00266036418904,118942200
2007-03-23,100.9393310546875,101.23498859285606,100.77037928655479,100.86189617030395,74416800
2007-03-26,100.80559539794922,101.12237061625602,100.0242107973684,101.01678245729376,113787500
2007-03-27,100.56626892089844,100.77745600931554,100.23541165537665,100.74929200210178,99864600
2007-03-28,99.8341293334961,100.29169223983028,99.43990856666736,100.05938760169494,152907900
2007-03-29,99.93977355957031,100.39030109024417,99.39069346723103,100.34101943869965,139432700
2007-03-30,99.96087646484375,100.55219174768041,98.94718698488259,100.12982829197794,128194100
2007-04-02,100.0735092163086,100.28469631107235,99.59481775208262,100.0735092163086,79416400
2007-04-03,101.15054321289062,101.35468391803387,100.60146325679943,100.64369852397245,82417800
2007-04-04,101.2631607055664,101.33354922519807,100.77743373200568,101.15052618445279,63995200
2007-04-05,101.5377197265625,101.67850753371316,101.09422792968779,101.13646319769087,46822800
2007-04-09,101.67849731445312,101.93191963842241,101.47434588439502,101.82632073760684,50967400
2007-04-10,101.79817962646484,101.96713144308426,101.55883927565336,101.60107454445287,56620000
2007-04-11,101.38282012939453,101.97413519054815,101.04491660180561,101.94598193395808,106365700
2007-04-12,101.83332824707031,102.01635123398313,100.90410983332217,101.18569605328341,115534400
2007-04-13,102.29801940917969,102.29801940917969,101.62222268127957,102.00235095599398,84287000
2007-04-16,103.26940155029297,103.38203606137425,102.6499332221823,102.65696885109307,83064600
2007-04-17,103.54399108886719,103.76221384530038,103.23425140563685,103.45952053577649,108424100
2007-04-18,103.67064666748047,103.97333979892122,103.17788416198566,103.19900178783422,88345300
2007-04-19,103.64250946044922,103.76217961832776,103.03007666971196,103.163828828935,102947700
2007-04-20,104.62102508544922,104.62102508544922,103.50878301417552,104.33944943713136,124114100
2007-04-23,104.2267837524414,104.69842873029276,104.1634308617045,104.44500642592585,77270800
2007-04-24,104.26904296875,104.46614805727371,103.70589171092327,104.34647787791444,114471000
2007-04-25,105.22639465332031,105.35311118064983,104.19863414065244,104.69843239585651,108418800
2007-04-26,105.3460464477539,105.45164532569275,104.95888278623141,105.233422682604,88741600
2007-04-27,105.26163482666016,105.40946904191259,104.77590764408986,104.95189513102554,108191100
2007-04-30,104.3886947631836,105.40943040642156,104.332388240455,105.33903114088108,100874100
2007-05-01,104.65618896484375,105.21935081046423,103.95223934317285,104.48020155942604,134342700
2007-05-02,105.26866149902344,105.5572835309729,104.71254581386827,104.81813400047278,87129800
2007-05-03,105.83882904052734,105.8740179281852,105.40237297453187,105.57132474924806,86569700
2007-05-04,106.24008178710938,106.38086957134084,105.74731917158955,106.12041163344166,96409000
2007-05-07,106.26119232177734,106.43717972566947,106.16263980525451,106.21192143422527,63461400
2007-05-08,106.12039947509766,106.24006961505461,105.68395417155837,106.00072933514069,80584000
2007-05-09,106.40899658203125,107.57755519362271,105.85287052672712,106.04293987714637,102070100
2007-05-10,105.29676818847656,106.31045719374113,105.0785455606743,106.10630582221081,153617800
2007-05-11,106.1978530883789,106.24712398226583,105.39535085310834,105.41646848497703,113408900
2007-05-14,105.9655532836914,106.50759758996793,105.44462661025756,106.19785798638135,108027500
2007-05-15,105.99371337890625,106.76101598767656,105.72620905087177,106.0852195373758,180673300
2007-05-16,106.71871948242188,106.73983710236718,105.85990046659988,106.15555788724801,114166500
2007-05-17,106.5075912475586,106.9722006252715,106.37383908657277,106.56390851225893,101132800
2007-05-18,107.43680572509766,107.43680572509766,106.86660815515526,107.00739595466612,99182000
2007-05-21,107.38044738769531,107.86617424044154,107.35229413512901,107.40861138167807,174664600
2007-05-22,107.29598236083984,107.81690886192435,107.2678291068377,107.49308736310597,82148800
2007-05-23,107.31008911132812,108.05627404080035,107.25377184891633,107.66909957510642,133786600
2007-05-24,106.33861541748047,107.85211336797528,106.11335715101468,107.37342209693207,187593000
2007-05-25,106.78215026855469,107.01445499889572,106.42312898465408,106.64839808368363,83309200
2007-05-29,107.16926574707031,107.35228873308256,106.6131396787683,106.95807876849254,82020000
2007-05-30,108.04222106933594,108.08445634213795,106.53576880467018,106.62025009169662,129013600
2007-05-31,107.9295883178711,108.33083411768499,107.7887897649609,108.17596430262097,114866700
2007-06-01,108.46456146240234,108.68981976092141,108.06330501304473,108.32377368315053,107771700
2007-06-04,108.47859191894531,108.68273249064978,108.04213604680281,108.0843712863683,78008800
2007-06-05,108.04924774169922,108.33785896703111,107.60575597529545,108.2252351739013,126917900
2007-06-06,106.88771057128906,107.66909509996877,106.82435768174129,107.605742210421,164096800
2007-06-07,104.95891571044922,107.35234064800012,104.93075170426376,106.69062614111621,232414600
2007-06-08,106.32453918457031,106.43013806577325,104.9518396602768,105.2967788192708,175886000
2007-06-11,106.5075912475586,106.9651542537965,106.08521713301597,106.24712255564201,102015600
2007-06-12,105.3460464477539,106.67651067500844,105.27565793721243,106.0640780003506,233898000
2007-06-13,106.92291259765625,107.04962912101057,105.39534313628573,105.94442300750946,193208200
2007-06-14,107.60574340820312,107.78876644940698,107.02146391255879,107.0425815426431,146396500
2007-06-15,108.2179946899414,108.63511246289411,108.11900662071744,108.26747793683879,154030800
2007-06-18,108.0906982421875,108.44418996392763,107.92809507074618,108.43712401306887,88537500
2007-06-19,108.35938262939453,108.43715125922613,107.71602494512533,107.85035355917208,110851700
2007-06-20,106.85348510742188,108.57852656294496,106.72623325629905,108.57852656294496,177119700
2007-06-21,107.44737243652344,107.5392837633744,106.22429373882612,106.81109146465451,205262000
2007-06-22,106.43641662597656,107.29893775237147,105.94153010781154,107.12219179676131,204964700
2007-06-25,105.92736053466797,106.93127601329185,105.35470550982116,106.21722641737527,232014400
2007-06-26,104.8386001586914,106.37276416428456,104.83153420580587,106.19601825271721,198445700
2007-06-27,106.33035278320312,106.45054951513464,104.67601338016722,104.72550742128209,213638000
2007-06-28,106.31623077392578,107.04442324872934,105.81426751291004,106.31623077392578,157705000
2007-06-29,106.35150909423828,107.2140297166931,105.44657119325464,106.68379215966158,199701800
2007-07-02,107.31305694580078,107.40496828389664,106.59194129951489,106.66263320075223,103357000
2007-07-03,107.70188903808594,107.81500901364356,107.45445122773258,107.5887690625283,54048400
2007-07-05,107.58878326416016,107.8574405446434,107.19995082689151,107.74432055415403,89279000
2007-07-06,108.1544189453125,108.28874764332792,107.41208352156254,107.73023498011301,81109000
2007-07-09,108.2392578125,108.42306977418092,107.89989771563054,108.28167512767867,72348100
2007-07-10,106.69796752929688,107.89277158313564,106.5919243004945,107.66653164473857,180362600
2007-07-11,107.45445251464844,107.49686980906189,106.41518565065965,106.5777888751495,175607600
2007-07-12,109.15119171142578,109.40570622526772,107.70187325170676,107.72308189555083,133882500
2007-07-13,109.4764633178711,109.90772393660423,109.15124597107298,109.27850868511342,111794300
2007-07-16,109.46229553222656,109.95718200070152,109.28554959436293,109.5754155215111,98378700
2007-07-17,109.40575408935547,109.92184929487028,109.35626004025737,109.53300600809155,126201300
2007-07-18,109.20774841308594,109.44105427608122,108.38057896485508,109.03806847971317,237887400
2007-07-19,109.63194274902344,109.9571491363729,109.40570283807362,109.72384327359818,145212700
2007-07-20,108.52201080322266,109.57542052456475,108.04833296264661,109.50471783110474,245502500
2007-07-23,108.85428619384766,109.38452399340682,108.38060838743402,109.00274673660346,121183900
2007-07-24,106.96665954589844,109.07346841573606,106.58488222262388,108.25336455391127,256732400
2007-07-25,107.18585205078125,107.73729874572834,106.22435331307751,107.47571809978997,265214500
2007-07-26,104.64775085449219,106.61316506361592,103.49536374501618,106.18190449037843,467592500
2007-07-27,102.59040832519531,105.24866323618919,102.54799102791216,104.78206217835903,422987600
2007-07-30,104.19527435302734,104.4992722044214,102.71767003424472,103.17013922803538,283017500
2007-07-31,103.02163696289062,105.66575914878328,102.54088257104098,104.86686433799416,316976700
2007-08-01,103.52360534667969,103.93365713703525,101.77028900575995,102.63987582980488,467670000
2007-08-02,104.35076141357422,104.46387056678189,102.69641194383999,103.75688711760513,294758400
2007-08-03,101.66424560546875,104.33664279692424,101.24005112300662,104.12454555569317,359398200
2007-08-06,103.36808776855469,103.8064141945628,100.76638223745465,101.9541204199197,324980000
2007-08-07,104.47097778320312,105.34056465881991,102.67523325729509,103.17719639924356,232568700
2007-08-08,105.92736053466797,106.46466421981879,104.16696737986375,104.9234450560441,274930600
2007-08-09,102.788330078125,105.30518959849243,102.71762741342216,104.23057166373923,357622100
2007-08-10,102.30760955810547,103.57310555515429,101.18349734693261,102.08136961018921,411018400
2007-08-13,102.67524719238281,103.84884280872572,102.52678664571388,103.5731195771961,181917200
2007-08-14,101.10572814941406,103.26203044471391,100.90070763700857,103.00751589858484,264134500
2007-08-15,99.71298217773438,102.13087606741608,99.41605030076127,100.90072047334256,323834000
2007-08-16,100.46238708496094,101.05625079799725,96.85676593576962,98.82924569253849,546743700
2007-08-17,102.30760955810547,103.08528510671003,99.96041864318947,102.86612189948771,388218100
2007-08-20,102.25812530517578,102.84492309003245,101.3036929636479,102.63282581550231,187320400
2007-08-21,102.463134765625,103.19840379951034,101.90462243117642,102.22983965534,157066400
2007-08-22,103.67918395996094,103.7852380169168,102.74597082751461,103.22671469834978,173156700
2007-08-23,103.58727264404297,104.38615702744082,102.94391477682156,104.16699376860467,203915300
2007-08-24,104.86690521240234,104.86690521240234,103.41758630820199,103.55898090643014,128901900
2007-08-27,103.89122772216797,104.86686844700905,103.73569048233207,104.52751937269099,113024300
2007-08-28,101.6076889038086,103.39635663766875,101.42387704225206,103.3327306995585,219790700
2007-08-29,103.6014175415039,103.74282295383787,101.77740854484144,102.06726374960198,207654200
2007-08-30,103.32569122314453,104.06096050997148,102.7318273445122,102.83080465761759,191817300
2007-08-31,104.34371185302734,104.98706954840229,103.80640817527929,104.38612914499244,185477500
2007-09-04,105.39712524414062,106.03340622255263,104.2093870866665,104.2447384271815,120062000
2007-09-05,104.48511505126953,104.88810093364762,103.92660268141302,104.77498095392237,166261800
2007-09-06,104.72547149658203,105.06482056311746,104.0114112425173,104.59820885431103,127878400
2007-09-07,103.26910400390625,103.84882497084836,102.69643820197243,103.55895909352026,235447600
2007-09-10,103.0711669921875,103.72866755836165,102.03897664989027,103.58727295105317,192305900
2007-09-11,104.27303314208984,104.42149368273259,103.31153484773237,103.38930348873612,162081900
2007-09-12,104.54171752929688,104.94470357545778,103.9125022194557,104.13166552692452,149554600
2007-09-13,105.27700805664062,105.65877473541751,104.77504458408795,105.02249334154885,154079000
2007-09-14,105.26988220214844,105.40421084852072,104.44978920296215,104.60532650005463,121911000
2007-09-17,104.70429229736328,105.093124709664,104.37200908896003,104.852752836096,109870800
2007-09-18,107.78671264648438,107.81498724080652,104.72547269784287,105.22035900632375,263759500
2007-09-19,108.42302703857422,109.15121942937331,107.9634919216405,108.45837838319584,193779900
2007-09-20,107.65949249267578,108.47251954979194,107.53930654087615,108.40889359667155,175186800
2007-09-21,107.95001220703125,108.76689615890548,107.78663758443486,108.47566596355335,141457500
2007-09-24,107.75112915039062,108.55381423252406,107.5167164050182,108.26967264469691,139450200
2007-09-25,107.53801727294922,107.7298114748961,106.88450793031105,107.12602013193751,142289900
2007-09-26,108.1063232421875,108.51832051154295,107.53805077276978,108.14894178058705,135547000
2007-09-27,108.74564361572266,108.75275393273468,108.1063437407171,108.6177879762807,102713300
2007-09-28,108.38333892822266,108.81664540420083,107.95713192798719,108.57513316221805,133372100
2007-10-01,109.60504150390625,109.92469110347348,108.32643226675091,108.39747032838204,148162300
2007-10-02,109.45589447021484,109.85368170581583,109.25700085241435,109.82527297708258,112978800
2007-10-03,109.23566436767578,109.68318031562211,108.68870163561765,109.25697361863641,119055900
2007-10-04,109.40621185302734,109.57668595831461,109.10076101623306,109.47013964251006,76864400
2007-10-05,110.70616149902344,110.8837459667223,109.83954842954138,110.12367924230125,134579700
2007-10-08,110.11652374267578,110.4503832392068,109.93893936532481,110.37934515271033,71280400
2007-10-09,111.15364074707031,111.16785053602251,110.12365324534586,110.52855093878478,94054300
2007-10-10,110.96891784667969,111.1251929535521,110.39354624359913,110.84105146883435,101711100
2007-10-11,110.43622589111328,111.89242064459508,109.77560605747132,111.47331307749089,233529100
2007-10-12,111.04708862304688,111.06129841125637,110.29413243133276,110.42909832209143,124546700
2007-10-15,110.10944366455078,111.06840390111344,109.34938795701541,111.00447610904746,161151900
2007-10-16,109.23566436767578,109.76131784877327,109.01546154849156,109.68318031562211,166525700
2007-10-17,109.56956481933594,110.16624574765044,108.30516487362114,110.0881081852123,216687300
2007-10-18,109.17182922363281,109.52699815944324,108.73852268838826,109.00134423244133,148367500
2007-10-19,106.31623840332031,111.15363623069402,106.30913892857927,108.7455919485651,297169900
2007-10-22,106.93424224853516,107.09051742376336,105.59881462234983,105.74088000740436,261989800
2007-10-23,107.80081939697266,107.93578526157735,106.7282136311988,107.58772680958683,180085100
2007-10-24,107.60192108154297,107.78661576777424,105.7266305217834,107.41013776122747,326694200
2007-10-25,107.85761260986328,108.17726222583877,106.46535757707187,107.72264678916792,237374500
2007-10-26,109.12208557128906,109.12208557128906,107.90030373068224,108.7242981513509,176484000
2007-10-29,109.484375,109.7045779966843,109.07237775118294,109.3422987605563,106841000
2007-10-30,108.7243423461914,109.21447734459582,108.58937637980193,109.00137375760711,132981600
2007-10-31,109.85372924804688,110.29414602568413,108.56801964837838,109.37780425384823,220954400
2007-11-01,107.28227233886719,108.97287906646736,106.96972210295219,108.88763119556046,333040800
2007-11-02,107.40306854248047,107.9713409256575,105.98950331856973,107.63748130699953,331228200
2007-11-05,106.58616638183594,107.37464160564558,105.81900042038124,106.29492534446203,226841000
2007-11-06,108.02106475830078,108.04947349863863,106.47962233235342,107.16155132829248,177800500
2007-11-07,105.06602478027344,107.35331245298391,104.81030284050175,106.86317783184734,306639700
2007-11-08,104.53327178955078,105.41408337531243,103.0486689777058,105.12285323037949,374509900
2007-11-09,103.09843444824219,104.80324094165135,102.92084998689143,103.48912243099294,277745100
2007-11-12,102.07549285888672,104.14257750982077,102.07549285888672,103.1481093816513,243087800
2007-11-13,105.18679809570312,105.35017271655926,103.1552320298284,103.26177833932324,191117400
2007-11-14,104.89558410644531,106.12446549462175,104.26338388304757,105.996609890267,230558800
2007-11-15,103.38251495361328,104.7676817493599,102.65797850780528,104.11417255019911,263111100
2007-11-16,103.56015014648438,104.04318551960966,102.69354794324221,103.92952886253367,308770600
2007-11-19,102.11817932128906,103.25472437163126,101.71329232787384,103.19789603522446,267746000
2007-11-20,102.74323272705078,103.37543277408788,100.94607941899389,102.30282687193717,414767500
2007-11-21,100.64067077636719,102.22473213368467,100.63357129920706,101.63515036250185,259012400
2007-11-23,102.38097381591797,102.53013865970884,101.36518529204444,101.62801760544978,77688400
2007-11-26,100.12207794189453,102.9137102175717,99.91608481649222,102.59404964117786,214232000
2007-11-27,101.27288055419922,101.74169533502908,100.12212577497176,100.68329879100962,293897900
2007-11-28,104.51197814941406,104.75349034038291,102.38806475039604,102.42358379939546,258596900
2007-11-29,104.5474624633789,104.93105076266963,103.78030754257647,104.14967521884742,199409900
2007-11-30,105.59880828857422,106.45831086188254,104.65405781823104,105.8687292523198,222908000
2007-12-03,104.90267181396484,105.44963490643097,104.6256405300471,105.2649509967837,146430400
2007-12-04,103.96500396728516,104.80319707132568,103.92948492210411,104.17810739948064,136533900
2007-12-05,105.70535278320312,105.9823840562652,105.00922486300233,105.08025213059402,171130000
2007-12-06,107.21835327148438,107.41014744798682,105.5348567191046,105.5774752385738,154457400
2007-12-07,107.19705200195312,107.61614859316012,106.94133002718598,107.559320283335,148980100
2007-12-10,108.02819061279297,108.14894675677994,107.16157749580755,107.45991811722766,123914300
2007-12-11,105.06602478027344,108.60350258137305,105.00919647822525,108.07074944342291,250346400
2007-12-12,106.1031494140625,107.80796656825277,104.56171775124957,107.30362198159509,322435600
2007-12-13,105.8829116821289,106.11732437034038,104.6327215172251,105.35726884088865,237551300
2007-12-14,104.54039001464844,105.91134730704256,104.49067201567455,105.08024272336705,159152900
2007-12-17,103.0486831665039,104.3272822043234,102.89950749801599,104.14259832614525,177269400
2007-12-18,103.62408447265625,104.05028066058968,102.26023716125836,103.78035965990031,245569300
2007-12-19,103.62408447265625,104.3415217676259,102.95636518877609,103.66670300756009,198917200
2007-12-20,104.27757263183594,104.32019115802075,103.12681823038226,104.30598136966157,214813800
2007-12-21,105.78074645996094,105.98783283857664,105.03806856500235,105.2380177913953,146084400
2007-12-24,106.5662612915039,106.74478817005128,106.03068065586177,106.2734854919623,45601400
2007-12-26,106.79483032226562,106.88765693248263,106.04501490627042,106.15212672437504,67093100
2007-12-27,105.45230102539062,106.42348810154559,105.20236982493098,106.41635094601953,122981700
2007-12-28,105.18806457519531,106.1235439026349,104.90241496227041,106.07355113421607,116398100
2007-12-31,104.4096908569336,105.40943727114167,104.30256816485644,105.04524626948417,108126800
2008-01-02,103.49560546875,104.96667622416892,102.7458012331892,104.63818194570803,204935600
2008-01-03,103.44567108154297,103.89556254649254,102.88153063359599,103.4813786559142,125133300
2008-01-04,100.91056060791016,102.43161354496843,100.6249218772376,102.36019841409073,232330900
2008-01-07,100.82485961914062,101.56752677167293,100.04648490525953,101.26760286989538,234991000
2008-01-08,99.19669342041016,102.04597588816154,98.86106196286076,101.46041329815935,326365700
2008-01-09,100.23926544189453,100.5391892817926,98.33259974056111,99.32520872132456,301824900
2008-01-10,100.89627075195312,101.97458033784187,99.52518529436627,99.74655693489694,335701200
2008-01-11,100.08218383789062,101.33187223848857,99.26096439035065,100.53207514895968,267076600
2008-01-14,100.88912963867188,101.3033133902966,100.26071140911465,100.80344020606614,170365500
2008-01-15,98.66825866699219,101.03910143882013,98.47544653882096,99.82510964318222,239940100
2008-01-16,97.81847381591797,99.3466639224411,97.31860058414297,98.08983824020406,378802600
2008-01-17,95.28337860107422,98.46116636377207,94.92632477573002,98.41117359794323,397892600
2008-01-18,94.30504608154297,96.41880933092564,93.61950890084704,96.21886007852125,348561500
2008-01-22,93.3481216430664,94.56923921395544,89.97753379123706,90.8416031048125,435923700
2008-01-23,95.5904541015625,95.82611094259815,90.57741515684613,90.75594207613813,511913000
2008-01-24,96.39740753173828,96.73303904050822,95.19770086505821,96.03320561143678,259949300
2008-01-25,95.00485229492188,97.66133293491802,94.69065416349005,97.48280606876997,269603900
2008-01-28,96.57593536376953,96.77588466067101,94.30506706836074,95.16199418314126,217934600
2008-01-29,97.05436706542969,97.43998037712893,96.31883710509393,97.19004925360339,168968300
2008-01-30,96.34027862548828,98.93248233383544,96.11890696766116,96.81872950772546,334939200
2008-01-31,98.09696197509766,98.9324665974284,95.11913445558518,95.26195380278043,343680800
2008-02-01,99.67517852783203,99.69660089237429,98.20411804834974,98.5040420483627,206843600
2008-02-04,98.41828918457031,99.47516510797821,98.28974418371001,99.41089805575527,124694300
2008-02-05,95.78326416015625,97.2971689162563,95.45476984131774,97.07579728453429,286882500
2008-02-06,95.01200866699219,96.5830430474456,94.5549802854709,96.10459231182301,250792900
2008-02-07,95.64041900634766,96.25455193562252,94.06938457456113,94.11937733337508,297368100
2008-02-08,95.02631378173828,95.84753325148816,94.33362846353113,95.04058808985297,221643500
2008-02-11,95.51188659667969,95.85465517608606,94.29075786894552,95.04772103907557,188576300
2008-02-12,96.39740753173828,97.34002408031179,95.67615174222786,96.34027760509453,256654400
2008-02-13,97.38286590576172,97.8756019740469,96.50451646462061,97.12578669171809,181967800
2008-02-14,96.52591705322266,97.83273518849295,96.2545526950436,97.79702763140361,215207200
2008-02-15,96.50453186035156,96.56166179441087,95.62618227908405,96.04750328429799,154110300
2008-02-19,96.77587127685547,97.75419526542547,96.12603070358698,97.63279827312552,145190000
2008-02-20,97.06153106689453,97.51142246866894,95.51905560059971,95.68330824035817,220085700
2008-02-21,96.25457000732422,97.83988993875936,95.74042249914656,97.58995878701471,201051200
2008-02-22,96.8472900390625,97.01154266778323,94.87635656218993,96.38312435787331,205491000
2008-02-25,98.06841278076172,98.29692158102907,96.24743594731179,96.79015388231326,190107000
2008-02-26,98.80394744873047,99.22526840064384,97.47570661504234,97.65423355023474,212420700
2008-02-27,98.70394134521484,99.36091894978226,98.12551600295527,98.2326277713678,168395800
2008-02-28,97.73990631103516,98.51829189690588,97.5113975391265,98.0041335395895,170831100
2008-02-29,95.56188201904297,96.8901116633033,94.81920403048306,96.8329926454913,252715200
2008-03-03,95.33338165283203,95.55475330500329,94.43360983859486,95.0763024349901,189483500
2008-03-04,94.96917724609375,95.26195309191301,93.54096199196361,94.426448475817,282513100
2008-03-05,95.56905364990234,96.24031676373836,94.505029044309,95.27626682000862,270681400
2008-03-06,93.59092712402344,95.13340193780269,93.22673622205431,94.96201221524421,247911700
2008-03-07,92.6269302368164,94.07656824142728,91.81998491240185,92.66977496264008,326434600
2008-03-10,91.40577697753906,92.783999478248,91.11299023301763,92.71973240645093,235683600
2008-03-11,94.690673828125,94.77636325481853,92.08417450321657,93.34814802903335,341440600
2008-03-12,93.80519104003906,95.52619326964432,93.66237167455404,94.79066318579827,229161100
2008-03-13,94.01227569580078,94.71924625165877,91.83425589667445,92.5555007613158,351504200
2008-03-14,92.55548095703125,94.84062296158992,91.24866281932664,94.81206345371518,484687800
2008-03-17,91.6200180053711,92.30555527978393,90.02755547337979,90.38460931525854,405311100
2008-03-18,95.42620086669922,95.46904557873002,92.81970162184875,93.2767300442058,334416600
2008-03-19,93.06250762939453,96.15458394745471,92.86254747676134,95.79039299429361,345971600
2008-03-20,94.78627014160156,95.381915028683,92.76251202281688,93.32945601369387,245320700
2008-03-24,96.68084716796875,97.46307525884153,95.61873879915245,95.66896810526485,208977300
2008-03-25,96.77415466308594,97.27650253009958,95.99909897525251,96.78132715034249,192947200
2008-03-26,95.59001159667969,96.94635594888274,95.5254263776127,96.49424846505458,196934300
2008-03-27,95.28865814208984,96.47994841869453,94.9872493281957,96.30771011774118,225153200
2008-03-28,94.37718200683594,95.70482530421418,94.05424500082331,95.43930102488171,180896100
2008-03-31,94.70738983154297,95.25279481269752,94.07586020572442,94.21938667967372,166692100
2008-04-01,98.03719329833984,98.2022480929947,95.81249601235385,95.88426467978356,254547300
2008-04-02,98.10176086425781,98.79787520160843,97.5850572128149,98.3529402046723,210910800
2008-04-03,98.34575653076172,98.63282019773418,97.39130132036108,97.57071200583415,175884800
2008-04-04,98.23812103271484,99.00600407377827,97.68553301860865,98.40317580822607,204446800
2008-04-07,98.28842163085938,99.44382766954902,98.1305392441788,98.94146864809265,154245500
2008-04-08,98.18789672851562,98.25965444091322,97.56354002352953,97.73577824393267,148937300
2008-04-09,97.4774398803711,98.17355439410409,96.80285377837319,98.03720048620723,195610600
2008-04-10,97.61376953125,98.08023293674329,96.81000220821574,97.18317950282595,192967800
2008-04-11,95.7192153930664,96.96790705545091,95.45368006858588,96.51579946578424,222973300
2008-04-14,95.39627075195312,95.83403338333974,95.12357388101681,95.58286492457307,160522000
2008-04-15,95.61872863769531,95.94166570094819,94.96567107510755,95.8627245565655,172389200
2008-04-16,98.20944213867188,98.25249896363627,96.53733275025961,96.55167772500614,189268900
2008-04-17,98.35298156738281,98.49650798639769,97.35545817223822,97.61381010661054,179665700
2008-04-18,99.37915802001953,100.1542134499855,99.22127575000654,99.70927848014449,218530600
2008-04-21,99.42942810058594,99.7380092979779,98.92708024997005,99.19977711152619,118587400
2008-04-22,98.99166870117188,99.25719308433429,98.24531391283536,99.1710794358194,162166000
2008-04-23,98.83381652832031,99.59451652322252,98.40322625366802,99.09934099248207,193309000
2008-04-24,99.264404296875,100.28345624076779,98.3458110041172,99.09216600128943,229381300
2008-04-25,100.18297576904297,100.39108743872504,98.97015724300738,100.03943839644668,190788100
2008-04-28,100.2044677734375,100.64940280578992,100.02505707324892,100.38387847362607,105610200
2008-04-29,99.80977630615234,100.27623981315801,99.47248326556854,100.03224385412003,125514100
2008-04-30,99.22132873535156,100.89343843315442,99.22132873535156,99.96050023497558,208395900
2008-05-01,101.27375793457031,101.27375793457033,99.22848233287476,99.30742348629634,187279500
2008-05-02,101.55366516113281,102.17083862881881,100.87190644633598,102.14931021311521,181585500
2008-05-05,101.06565856933594,101.62541919766772,100.7642498425698,101.22354089531285,118504500
2008-05-06,101.94117736816406,102.04881942432145,100.24753966566317,100.4843631395712,179339800
2008-05-07,100.12556457519531,101.93401723424522,99.84568421484015,101.82637515347949,199267300
2008-05-08,99.8672103881836,100.6996789619573,99.7380289438016,100.28344467507044,178321200
2008-05-09,99.68060302734375,100.03225202080378,99.35766588456262,99.46531889906471,152588200
2008-05-12,100.80011749267578,100.87187520600952,99.5585875029988,99.93176484356049,147865900
2008-05-13,100.81448364257812,101.10871989502856,100.27625140288913,101.04413465435299,159132200
2008-05-14,101.02259826660156,102.04882239976295,100.80013071048194,101.23789333555548,181910800
2008-05-15,102.28559112548828,102.35735976017475,101.06560098831208,101.21629979065493,166927000
2008-05-16,102.37896728515625,102.52966620396832,101.62543984000185,102.52249371509883,204236800
2008-05-19,102.65885162353516,103.55590553329976,102.12061927767638,102.48661333072891,165664400
2008-05-20,101.82638549804688,102.14932272351561,101.18768353643435,102.09909339751022,178552100
2008-05-21,100.10401916503906,101.99141267969483,99.75237017696102,101.76894511696966,252724800
2008-05-22,100.11835479736328,100.59200172885527,99.75236086868024,100.06094205260413,170820400
2008-05-23,98.77635955810547,100.22600115364675,98.6902459218581,99.7882385854548,181376400
2008-05-27,99.50835418701172,99.7523501131589,98.69741431147293,98.89118093534755,168322900
2008-05-28,99.96766662597656,100.47001450844628,99.03472858689705,99.87436953695985,181288100
2008-05-29,100.47000885009766,101.13741150985672,99.80977867741187,99.84566301350216,173927200
2008-05-30,100.72118377685547,101.00106406534417,100.42694756449617,100.80729741935616,117362000
2008-06-02,99.68060302734375,100.36954508892437,99.0347287417815,100.34801667609646,181069900
2008-06-03,99.09929656982422,100.19728923259473,98.48212329300753,99.96764921932096,271965700
2008-06-04,99.049072265625,99.86718470174081,98.64719400933811,98.81942129039753,246637700
2008-06-05,101.02975463867188,101.10869578635113,99.26435944564165,99.450942635447,237867100
2008-06-06,97.80754089355469,100.3264743486866,97.7573115873769,100.14706363309537,384276300
2008-06-09,98.04438781738281,98.67591719152496,97.17604587830105,98.21662608770258,228263900
2008-06-10,97.55638122558594,98.38884964879782,97.132974526842,97.36261456923995,260234900
2008-06-11,96.12110137939453,97.78602737951248,96.11391794144555,97.57791573588375,283890100
2008-06-12,96.48707580566406,97.50612730496364,95.81967323338017,96.59472879982503,252791800
2008-06-13,97.70712280273438,97.9726582479384,96.46560306291431,97.00383549322765,244726900
2008-06-16,97.76446533203125,98.26681304931242,97.21188831820146,97.27647353534641,185832500
2008-06-17,97.29086303710938,98.403200884184,97.14732568232048,98.36732749584952,191707700
2008-06-18,96.34356689453125,97.25497651524023,95.95604451624347,96.65933154739814,265893000
2008-06-19,96.46553802490234,97.0540103414672,95.80530800289557,96.27177141452619,304204900
2008-06-20,94.89979553222656,95.98885289625903,94.64015133220819,95.8085447297223,289275700
2008-06-23,94.80599975585938,95.368560165113,94.71224702440604,95.26758806614782,165096400
2008-06-24,94.61849975585938,95.52004044107774,93.89726720768468,94.51752763932033,267300600
2008-06-25,95.06565856933594,96.2124156574484,94.65456174752406,95.00075028249223,287853900
2008-06-26,92.48363494873047,94.78436824909987,92.37545448215326,94.17132726327246,297775000
2008-06-27,91.97877502441406,92.93801551976094,91.62537265865306,92.51969937106676,303423400
2008-06-30,92.30335235595703,92.9740989070442,91.8129139583603,92.23843855936502,258842600
2008-07-01,92.5918197631836,92.65672803846309,90.82479706772111,91.25032154584193,388622000
2008-07-02,91.00514221191406,93.15441807681988,90.83925626995547,92.88755449460248,288064600
2008-07-03,91.0988540649414,91.67584213138313,90.14682760710876,91.67584213138313,239352500
2008-07-07,90.16845703125,91.84171569716177,89.3751026254632,91.44504124555117,372427300
2008-07-08,91.76966094970703,91.87784697142156,89.57711255306657,90.14688713169808,375973700
2008-07-09,90.00262451171875,92.13025866265593,89.71413034653189,91.95716436457123,336729400
2008-07-10,90.3704605102539,90.72386299644221,89.12993937212646,89.74298607339115,436475700
2008-07-11,89.31742858886719,90.80317125449858,88.34376583149437,89.4111923338622,481124600
2008-07-14,88.5096435546875,90.51466880395814,88.2788494001506,90.34157456369714,322720800
2008-07-15,87.26192474365234,89.06500611988946,86.56232828926153,87.84612685129919,502502500
2008-07-16,89.40398406982422,89.84393635486167,87.34125858663577,87.5936888725013,371642900
2008-07-17,90.29829406738281,91.06280415133662,89.49772566505342,90.2550218843055,375490600
2008-07-18,90.86087799072266,91.17821656720673,90.26225366071795,90.99790843184876,267030100
2008-07-21,90.91136169433594,91.45228608640244,90.29110128456097,91.2431279944953,222863000
2008-07-22,91.94274139404297,92.17353562382516,90.04589598740729,90.26226798520182,296904200
2008-07-23,92.44037628173828,93.14718111206055,91.99321561430887,92.23843204450334,311698400
2008-07-24,90.52188110351562,92.61345618803111,90.26945086113213,92.56296463698781,248634500
2008-07-25,90.500244140625,91.22868490412529,90.27665835446595,90.79594656383769,219131000
2008-07-28,89.1731948852539,90.91857639129253,89.01452283878352,90.52190177768439,205201300
2008-07-29,91.07725524902344,91.14937741120336,89.17320155411878,89.41842350861239,261505600
2008-07-30,92.70001983642578,92.75051139797101,91.07724658027638,91.67587092427219,354710000
2008-07-31,91.47394561767578,92.7288944906417,91.32969577462683,91.88504804086975,277402100
2008-08-01,90.9906997680664,91.79847669016169,90.48583368918926,91.68308234524848,248690900
2008-08-04,90.14685821533203,90.97627677899833,89.9809778041395,90.90415462184644,188239600
2008-08-05,92.577392578125,92.72163685908328,90.132415148686,90.88970587756684,251577600
2008-08-06,92.9885025024414,93.25536601540963,91.94272306349241,92.33218928033388,209555400
2008-08-07,91.6037368774414,92.63509952201078,91.26475673863955,92.28890551784352,246312500
2008-08-08,93.30583190917969,93.70972029167802,91.149348577531,91.29359835882792,260811700
2008-08-11,94.27232360839844,94.84930091868662,93.2048913730644,93.37799116923291,249425800
2008-08-12,93.29142761230469,94.26508487728613,92.8442559819995,93.96216855006071,213200800
2008-08-13,92.72884368896484,93.5077649018513,92.07972800471718,92.88750467297378,256393200
2008-08-14,93.42845916748047,93.96217521337431,92.13745775238756,92.20236604029571,239555300
2008-08-15,93.88282775878906,94.12083579059976,93.25535904182793,93.70972800698112,181000800
2008-08-18,92.59904479980469,94.1064181578839,92.07254813028678,94.07035433007908,172275100
2008-08-19,91.58931732177734,92.09418339364424,91.25755101872811,91.89944752936626,194673700
2008-08-20,92.01483154296875,92.28168401115425,91.12049939899417,91.87779562520869,225498200
2008-08-21,92.17352294921875,92.635111345311,91.30804057961997,91.41622656364078,180609800
2008-08-22,93.5077896118164,93.5077896118164,92.17351608434832,92.8009848403147,167715300
2008-08-25,91.61097717285156,93.50781723516538,91.4162467606456,92.89477602959684,171936900
2008-08-26,91.8778076171875,92.22400163787397,91.29361105375683,91.61094961160487,159117200
2008-08-27,92.77212524414062,92.91636952017618,91.81288485106163,91.99319294738928,171032800
2008-08-28,93.89726257324219,94.00544304807485,93.11833013904268,93.24093834556463,167537100
2008-08-29,92.88753509521484,93.86120343791336,92.68559086201054,93.56549545174444,189195800
2008-09-02,92.3105239868164,94.27228229912254,91.97154391273493,93.78183859412152,252364900
2008-09-03,92.23120880126953,92.67837492580462,91.5460401370862,92.23120880126953,251947000
2008-09-04,89.45446014404297,91.76240729205777,89.403974092504,91.57488531381297,340042500
2008-09-05,89.73573303222656,90.11798532017316,87.99035196147554,88.92074240891715,289503400
2008-09-08,91.58931732177734,92.49086348564197,89.73574994225318,92.34660817572642,364075300
2008-09-09,88.87026977539062,91.85617189341619,88.56735344517176,91.66864990218042,377326800
2008-09-10,89.23087310791016,90.08192755714674,88.3870325233679,89.35348129488129,298916600
2008-09-11,90.52188110351562,90.68776147598196,87.70185974592212,88.07690367966326,375369400
2008-09-12,90.94017028808594,91.02672013760741,89.31018939133784,89.64195556065556,297851200
2008-09-15,86.61277770996094,90.6228327361806,86.46853346190522,87.72347602819896,483607000
2008-09-16,88.06248474121094,88.22115676728244,84.38420019231573,84.52844448734412,581744300
2008-09-17,84.10293579101562,87.88219315809386,83.66298345505514,86.28826973706003,624095600
2008-09-18,86.59840393066406,87.83892496714496,82.07627764332987,85.14151640106085,776114700
2008-09-19,90.03752899169922,92.85210647688989,89.46445673290714,91.90907505671724,501087800
2008-09-22,87.99916076660156,90.49456373396703,87.3100260220743,90.27693932284332,249966500
2008-09-23,85.99701690673828,88.51417498228685,85.80115388365951,87.6654499740579,327470400
2008-09-24,86.2726821899414,87.04886770560634,85.44571838949159,86.57735189865072,311818400
2008-09-25,87.62194061279297,88.43439870868956,85.91723471678431,86.61362499851651,328253000
2008-09-26,87.66545867919922,88.13697446428675,85.9680084941853,86.20013857592441,285917400
2008-09-29,80.79582977294922,86.57006883634755,80.49841578045788,86.42498964992487,459562300
2008-09-30,84.13997650146484,84.72756007538166,80.17925399843385,82.34096981052629,328154400
2008-10-01,84.19075012207031,84.64776015808874,82.66014062801239,83.6176778226177,332783000
2008-10-02,81.13677215576172,83.50160053451067,80.56369995942356,83.38553275754366,365337800
2008-10-03,80.04139709472656,83.74822690787012,79.56263140423566,81.86942563693151,461798000
2008-10-06,75.96463012695312,78.06831176095828,73.00496791915621,77.7273695486422,610637500
2008-10-07,72.5625,77.85797613623294,72.28684718546805,77.502522531998,540012100
2008-10-08,70.73445129394531,74.12210128663605,70.22666297871989,70.74170138051598,725414800
2008-10-09,65.79444122314453,72.9904859904291,65.4680101453286,72.29409563251482,534485200
2008-10-10,64.19855499267578,68.14477302538663,60.629551907784254,62.93634766449107,871026300
2008-10-13,73.52003479003906,73.52003479003906,65.25038978355073,68.0939908393977,455584000
2008-10-14,72.43189239501953,76.55220463533269,70.44427863974667,75.95011545923516,546268300
2008-10-15,65.3011474609375,70.94481958587005,65.07627302146683,70.69817828357112,484627500
2008-10-16,68.02143859863281,68.74684588277248,62.77674703357728,66.22243163324072,708811200
2008-10-17,67.61522674560547,71.51791677622032,66.48359291143586,66.73022878424943,476649000
2008-10-20,71.67747497558594,71.88784370222498,68.25355252096729,69.16756703185004,321294200
2008-10-21,69.53751373291016,71.55414425723706,69.07325370721257,70.34271592563292,356502000
2008-10-22,65.75093078613281,69.53755855838739,63.49491317522129,67.60797208601383,516168000
2008-10-23,66.51261901855469,67.06392476338412,62.24721914742179,65.49704735712207,634666400
2008-10-24,63.13943099975586,65.2286013346476,60.93419287905069,60.9777155315224,545812600
2008-10-27,60.89794158935547,64.93121000487878,60.716589761472434,62.36326745792479,397288600
2008-10-28,68.01420593261719,68.3623984189205,61.31869254978795,63.35708576934713,639939500
2008-10-29,67.52088928222656,70.48780144878057,66.80998794082106,68.02141638139568,531270100
2008-10-30,69.8567123413086,70.03080851161573,67.39032686855136,69.47949751548941,414582100
2008-10-31,70.24117279052734,71.50337963027756,68.53646716461796,68.97171032993695,411394000
2008-11-03,70.44430541992188,70.86504299457054,69.60283027062454,70.20491967561294,205419400
2008-11-04,72.8381576538086,73.16458876091318,70.15414702820779,71.85885326365667,346793400
2008-11-05,69.77690124511719,73.05573845674554,68.91366514232124,71.96037233484685,387844100
2008-11-06,65.91048431396484,69.23284989635368,65.33015646628927,68.52194855967191,477721900
2008-11-07,68.08670043945312,68.1882569751735,65.64933251333193,66.48355165767738,380391000
2008-11-10,67.19446563720703,69.29814758319054,65.95402001345404,69.06601750508035,301773000
2008-11-11,65.11979675292969,66.8390136731993,64.30734429528378,65.83795380884963,418498200
2008-11-12,62.25443649291992,64.52495870136588,61.746653741643485,64.0026702433745,454330600
2008-11-13,66.13536071777344,66.54159243714672,59.54866324628667,62.47930844991404,753141900
2008-11-14,62.83475875854492,66.78096922751169,62.76221362821088,64.8586450308205,540352300
2008-11-17,62.00056838989258,64.24207449186628,61.77569387769196,62.660686214334596,415254900
2008-11-18,63.168460845947266,63.270017412064725,60.14351412426777,61.76842471656486,523811800
2008-11-19,59.120689392089844,63.016128219272,58.69995186938276,62.319737940869565,558327600
2008-11-20,54.731964111328125,59.85334205969088,54.44180569552128,58.12686959978823,814180400
2008-11-21,57.684391021728516,58.68545672384826,53.926780663196304,56.19005362622902,718536500
2008-11-24,61.681358337402344,63.10315543967131,58.29370886510971,59.42534205102623,523305300
2008-11-25,62.13837814331055,63.480380242714304,60.8036261305117,63.32804540775231,454112400
2008-11-26,64.53948211669922,64.69907259275192,61.10830348482002,61.15183168200945,370134200
2008-11-28,65.35192108154297,65.38093802882896,64.1840207761781,64.2928274104796,118308100
2008-12-01,59.563175201416016,63.50939144919378,59.381823433182355,63.480374502146375,369927100
2008-12-02,61.85548400878906,62.015074515706516,59.512421302810935,60.54975406335534,469508400
2008-12-03,63.34257507324219,63.71253440345972,60.31037186593427,60.498979342926255,519863500
2008-12-04,61.877235412597656,63.872105181610365,60.745596434771905,62.42854089125319,444173800
2008-12-05,63.785037994384766,64.14048587621387,59.65747037635217,60.68029690708942,471905300
2008-12-08,66.01205444335938,67.0131143754947,63.89386677189864,65.53328304032662,412859300
2008-12-09,64.9239273071289,66.83174574845692,64.5467180975826,65.5550333973646,370790000
2008-12-10,65.3664321899414,66.2731910367285,64.56122989124113,65.51876701207162,396187400
2008-12-11,63.792301177978516,66.01204509931574,63.37881935862322,64.9529514135007,365061000
2008-12-12,64.55397033691406,64.61200422783187,61.80467701686739,62.05857390602874,415060400
2008-12-15,63.654483795166016,64.67005501388131,62.595389914100245,64.57574853289805,256694200
2008-12-16,66.65040588378906,66.75196244041166,63.96640168547648,66.65040588378906,377699500
2008-12-17,66.00477600097656,67.04936376685588,65.33014732458213,65.89596385296151,281819800
2008-12-18,64.77162170410156,66.4980891716182,63.98818045285787,66.30223162601666,374673300
2008-12-19,64.49298095703125,66.27003004500929,64.41984691064198,65.15845726028734,301451300
2008-12-22,63.66661071777344,64.84399740499042,62.51847653214906,64.77818346091522,243759500
2008-12-23,63.00846862792969,64.3028601462211,62.74520161076094,64.01034061832848,221625200
2008-12-24,63.37411117553711,63.52768265907894,62.89145315925238,63.220534112649815,62061600
2008-12-26,63.73976135253906,63.84214234509026,63.25710331964431,63.79826079160714,74767700
2008-12-29,63.55693435668945,63.8640773198559,62.598932858224515,63.79825778240859,127795900
2008-12-30,65.06338500976562,65.12189000992275,63.534973961887964,63.995693863945505,168256300
2008-12-31,65.99213409423828,66.52598250470403,64.99026237856765,65.14383383324684,193987200
2009-01-02,67.98126220703125,68.33228667335365,65.70693164508472,66.13839910203633,227566300
2009-01-05,67.90079498291016,68.49314820971193,67.19875188016603,67.73990905907122,240349700
2009-01-06,68.354248046875,69.07091510764579,67.77652345254545,68.47856704608165,328260900
2009-01-07,66.30659484863281,67.46935817713815,65.96288489882718,67.27921968971158,280899200
2009-01-08,66.57719421386719,66.61375566939236,65.57531659946169,65.93365568729314,263834400
2009-01-09,65.1511459350586,66.78193816892761,62.4234154830293,66.66493373178632,330953600
2009-01-12,63.586181640625,65.01952663543841,63.19128673111514,64.96833056194576,277858500
2009-01-13,63.703224182128906,64.26631990511203,63.03774183925514,63.42533358342075,356432300
2009-01-14,61.69944763183594,62.70863413767363,60.81458011119319,62.55506264196001,435491600
2009-01-15,61.72135925292969,62.34295949270674,59.7614865201905,61.51659734611781,532647300
2009-01-16,62.20405197143555,62.88415764951008,60.73415065055442,62.78909115362657,399237200
2009-01-20,58.92047882080078,62.20399408752193,58.54020761178091,61.597023056548394,419855200
2009-01-21,61.46540069580078,61.604343073271394,58.84736096887807,59.922366451009864,364360700
2009-01-22,60.51472473144531,61.4580969405867,59.35927608030992,60.27339578924414,427940300
2009-01-23,60.77798080444336,61.421518956090765,58.92048921794996,59.161818117071334,386800600
2009-01-26,61.19482421875,62.423401214301464,60.5585949530622,61.129004704685485,317978800
2009-01-27,61.81644821166992,62.26985372721061,60.91695728194077,61.5239287042032,273789700
2009-01-28,63.9079475402832,64.31747145431513,62.94263718624734,63.18396616959252,330007000
2009-01-29,61.83109664916992,63.981103707812785,61.772591613457216,62.971916948831336,294392500
2009-01-30,60.573238372802734,62.45266853930374,60.11983292392798,62.14552561232958,383383600
2009-02-02,60.39041519165039,60.82919160437873,59.46166629835303,59.6518047896284,288233300
2009-02-03,61.23870849609375,61.69211389892744,60.12714133924698,60.770679632227306,278385800
2009-02-04,60.938899993896484,62.430744576245324,60.72682347402206,61.64825804122052,322989300
2009-02-05,61.845706939697266,62.37224099021772,56.84364461844511,60.478181312892524,417679400
2009-02-06,63.60811996459961,63.87138135613074,61.9261371594852,62.05777064492324,366101700
2009-02-09,63.695865631103516,64.16389451561776,63.1254557768108,63.59348466132505,240075200
2009-02-10,60.77798080444336,63.644658360885785,60.29532300620061,63.0888721148513,536212800
2009-02-11,61.13634490966797,61.465431459565984,60.25879193529808,61.0266493930353,324442500
2009-02-12,61.18022537231445,61.29722982978143,59.271542386737345,60.09059032704311,469302200
2009-02-13,60.5220832824707,61.60439868082431,60.507454232052204,61.09980802834577,293998400
2009-02-17,57.933258056640625,60.66830296997522,57.89669103244891,58.620677940164036,478910100
2009-02-18,57.7943229675293,58.45980501690219,57.245850958226896,58.35010949917255,362964800
2009-02-19,57.172698974609375,58.61335241962371,57.055688982630535,58.38664695500058,316867500
2009-02-20,56.616912841796875,57.2897035596696,55.4102737977651,56.11232259306409,477176600
2009-02-23,54.591243743896484,57.238531510201334,54.547362192973395,57.238531510201334,379641400
2009-02-24,56.66080093383789,57.004505272551405,54.62779392695885,55.0592613494177,426260900
2009-02-25,56.21470642089844,57.34821148800685,55.307895671999134,56.412153818872945,461985800
2009-02-26,55.300594329833984,58.26233918245394,55.2347748019031,56.90944297229337,363353900
2009-02-27,54.06468963623047,55.351771590262885,53.976932146406696,54.12319462944632,470510900
2009-03-02,51.629493713378906,54.057396079909104,51.46129876683886,53.03358061898411,426452600
2009-03-03,51.24192428588867,52.43393507809108,50.92746669809516,52.36812109846665,443761000
2009-03-04,52.45585632324219,53.2895331863871,51.24190247519392,52.09020838048232,462753100
2009-03-05,50.31316375732422,52.455861121049885,49.852443736526936,51.26384514784582,485549400
2009-03-06,50.400917053222656,51.519798997732345,49.069958607302986,50.75194157470878,490470000
2009-03-09,49.80856704711914,51.19071593090598,49.530676597772796,49.6915570183342,379905300
2009-03-10,52.777610778808594,52.92387327042984,50.72998611020325,50.832367064666336,406227900
2009-03-11,53.121334075927734,53.93307297656671,52.528986178456854,53.38460104799145,356648300
2009-03-12,55.21283721923828,55.39566118354039,52.63136373598758,53.106707159041996,409702700
2009-03-13,55.644283294677734,56.29514155575531,54.64972634431208,55.585783883016006,337474700
2009-03-16,55.47610092163086,57.01913553622053,55.43953389917651,56.28052520152804,360644900
2009-03-17,57.172698974609375,57.30433242591382,55.17625922638256,55.629664576285315,356814300
2009-03-18,58.45246887207031,59.1618266343941,56.360962603930695,56.90211989070961,473273200
2009-03-19,57.728515625,59.23498379792678,57.54569160093232,59.18379329436169,428520400
2009-03-20,56.49922180175781,58.11959135045123,56.36664616249452,58.00911071451873,371078200
2009-03-23,60.557533264160156,60.609090169838375,57.67769656608486,57.994404877902845,419933300
2009-03-24,59.36432647705078,60.660621060096446,59.29804146358402,59.83570530374396,330271000
2009-03-25,59.99036407470703,60.91102654128803,58.23005788814637,59.828332200782086,441775100
2009-03-26,61.2130012512207,61.35294373224731,59.89461203840418,60.57958507926914,422025200
2009-03-27,60.108238220214844,60.785844747448614,59.88727688254806,60.432313350318054,322332300
2009-03-30,58.03120803833008,58.826661905717465,57.419886698433544,58.77510502279118,324108500
2009-03-31,58.568870544433594,59.71786131104597,58.22270612079027,58.59833242247788,364238300
2009-04-01,59.70314407348633,59.96829542993469,57.692419509579814,57.83972332125992,377018300
2009-04-02,61.44870376586914,62.31780947042568,59.75468236264385,61.190919366059674,476230700
2009-04-03,62.06002426147461,62.07475239015235,60.88893854721103,61.4928929700096,284646300
2009-04-06,61.57392120361328,62.07476194492367,60.609068477273254,61.38242178565597,264866600
2009-04-07,60.13770294189453,60.874233276469404,60.03458914459649,60.57962001878335,258947800
2009-04-08,60.78582000732422,61.08780000460948,60.05665688064517,60.43965000820325,230402800
2009-04-09,63.20163345336914,63.20900032629507,62.11157226999006,62.361989756695834,269653500
2009-04-13,63.216392517089844,63.739328318712516,62.29572970734292,62.54614729433976,224847500
2009-04-14,62.126319885253906,63.164830141759275,61.92745920809296,62.62716063505407,276598800
2009-04-15,62.789215087890625,62.91442390424787,61.58130571052236,61.75070455164548,250726100
2009-04-16,63.709835052490234,64.18858060159558,62.43563587895852,63.29001324281138,335202900
2009-04-17,64.13705444335938,64.5568764540498,63.444714221797014,63.95292188394639,262649000
2009-04-20,61.44870376586914,64.11494463357477,61.38241313775901,63.00278265807853,293690100
2009-04-21,62.649261474609375,62.70081836750918,60.94787838963622,60.99943528253602,114090900
2009-04-22,62.26628494262695,63.592036381597076,61.9201147319012,62.0821523300521,340395200
2009-04-23,62.877601623535156,62.91442477158741,61.596034694848214,62.39148886728543,324903700
2009-04-24,63.827720642089844,64.306460857768,63.113285327975085,63.36370294114333,287703000
2009-04-27,63.22372817993164,64.08547249166259,63.00277256660588,63.10588631001341,289581600
2009-04-28,63.02492141723633,63.77618013529605,62.42833344644529,62.58300419371399,247926300
2009-04-29,64.3653793334961,65.07981458879496,63.562564042839824,63.72459598075506,311505700
2009-04-30,64.38743591308594,65.5658825085024,64.0191710008135,65.21971821115868,301419800
2009-05-01,64.733642578125,64.96933203100603,63.87190354283623,64.40220621663849,236110300
2009-05-04,66.93585205078125,66.98004767695699,65.09452683968637,65.21974122469256,287120000
2009-05-05,66.7074966430664,66.97264779231502,66.1698274739579,66.7074966430664,243036300
2009-05-06,67.86387634277344,67.9080663462925,66.73698629881211,67.52507320414493,291941000
2009-05-07,66.92113494873047,68.60778979433105,66.49394608073811,68.50467601506111,317728000
2009-05-08,68.48258209228516,68.65934777107822,67.34832488307705,67.78287501412659,299081700
2009-05-11,67.20098876953125,67.84177182708693,67.05368503227304,67.53979186064701,247923600
2009-05-12,67.00211334228516,67.6355293870911,66.17719798597886,67.48822006313847,282431300
2009-05-13,65.31550598144531,66.29509261036547,65.18293030520589,66.09622628636627,269619100
2009-05-14,65.87527465820312,66.3761155084755,65.18293434831119,65.34497192035234,260098700
2009-05-15,65.33757781982422,66.28770222604423,64.92512280414228,65.82369033340206,271502700
2009-05-18,67.19363403320312,67.27464716305835,65.23446154584211,65.95626341467984,241447400
2009-05-19,67.11264038085938,67.7386899879541,66.88431217551987,67.15683039899217,206102200
2009-05-20,66.66336059570312,68.35001569672185,66.58970868782535,67.72396043155986,285722200
2009-05-21,65.7058334350586,66.14038900952681,65.00613225934275,65.88996591490775,258988400
2009-05-22,65.56593322753906,66.28773548643049,65.31551559073408,65.8900083991982,166811900
2009-05-26,67.24520874023438,67.43670254416762,65.05034629680164,65.07980817877892,236318500
2009-05-27,66.04463958740234,67.5766232394408,65.94152584344567,67.34830075200499,246015800
2009-05-28,66.96530151367188,67.2746427431597,65.62481723328038,66.62649841195507,289095000
2009-05-29,68.15113067626953,69.01286956262764,66.78855108668743,67.33358179866451,258641500
2009-06-01,69.80095672607422,70.09556989677417,68.81400906640006,68.9907747211085,276246800
2009-06-02,69.85985565185547,70.24285432340928,69.40321073790334,69.5284194646788,230874500
2009-06-03,68.9760513305664,69.32958266427427,68.3205399308405,69.26329764643376,235310500
2009-06-04,69.62417602539062,69.72728976996062,68.71824732391461,69.23381604676456,210102300
2009-06-05,69.6389389038086,70.46384920545806,69.08654120426262,70.33127353279583,284257900
2009-06-08,69.35169219970703,70.04402682520144,68.52677628293928,69.11599712124772,238565100
2009-06-09,69.70520782470703,70.07347287264791,69.24855714232001,69.74203657721259,225125500
2009-06-10,69.5284194946289,70.33123434000466,68.63721904363878,70.32387308732775,296100400
2009-06-11,69.83778381347656,70.78790831619477,69.64628441419849,69.66101816298534,275414200
2009-06-12,70.02926635742188,70.07345635458891,69.23381269275093,69.52842578551173,184361800
2009-06-15,68.42364501953125,69.24855510632707,68.05537998241782,69.2043651000426,224190500
2009-06-16,67.49562072753906,68.71089656704504,67.4514307178665,68.66670655737249,227319000
2009-06-17,67.4293441772461,68.00383685221965,66.89904151749217,67.46616731683588,223445200
2009-06-18,67.92282104492188,68.25425741210502,67.2083857981743,67.53246090868576,211725100
2009-06-19,68.17316436767578,68.66201723135163,67.78800208621395,68.5731379748765,215655600
2009-06-22,66.12886047363281,67.54358233074207,66.10664065824722,67.50654553775193,251913600
2009-06-23,66.1806869506836,66.57325196350841,65.81034174597801,66.2695718341799,188309800
2009-06-24,66.75102996826172,67.46209217092647,66.3658677432641,66.78065826641692,211577700
2009-06-25,68.2027816772461,68.26944110885826,66.3436469650114,66.41771488380937,279411000
2009-06-26,68.02503204345703,68.32130945744161,67.60283856511103,67.97318391983634,167579000
2009-06-29,68.66203308105469,68.75091800906858,67.84727435283831,68.22502823311963,168481300
2009-06-30,68.10652160644531,68.92868890455442,67.60285160085617,68.67685672727121,228888200
2009-07-01,68.38797760009766,69.05460039844313,68.29909267664429,68.39538043878568,173041100
2009-07-02,66.52144622802734,68.41021023537678,66.48441507458347,67.49915796510844,212309900
2009-07-06,66.51404571533203,66.61033349888284,65.66965853335361,65.87705108316962,174499600
2009-07-07,65.22523498535156,66.52885247448413,65.1807953423091,66.44737602822441,197088900
2009-07-08,65.1807861328125,65.77334099442866,64.44009538130327,65.6177909637124,248050500
2009-07-09,65.30667114257812,65.84737762045386,65.114095707516,65.63257672655908,163777600
2009-07-10,65.1511459350586,65.54371105755493,64.69932420701011,64.95856479252458,173520300
2009-07-13,66.73622131347656,66.7880694289569,64.87708634236013,65.41038447359837,217413500
2009-07-14,67.11399841308594,67.17325503736892,66.46219249904132,66.94363703102805,181487400
2009-07-15,69.07679748535156,69.26197011001129,67.16581464261833,68.0027928717131,220877900
2009-07-16,68.96569061279297,70.00265840850007,68.75088969681637,68.88421420842185,231174500
2009-07-17,69.72122192382812,69.8619549820443,69.28421707087382,69.66937379464673,138561700
2009-07-20,70.46190643310547,70.58041966125654,69.76566099629406,70.12859786821865,164179400
2009-07-21,70.78778076171875,71.03220994809794,69.93598567801565,71.0099901404306,217718300
2009-07-22,70.77297973632812,71.20257593277248,70.28412129245066,70.33596940155705,196068100
2009-07-23,72.33583068847656,72.64691931533564,70.75815644322633,70.81741303434794,258795500
2009-07-24,72.63212585449219,72.69138246479632,71.61738324538551,71.99513142127623,154003100
2009-07-27,72.84691619873047,72.88395298752148,72.0988171431125,72.49879072776902,159259400
2009-07-28,72.50619506835938,72.86172900694652,71.8914205761255,72.33583941211448,186685200
2009-07-29,72.32846069335938,72.65436081592556,71.8321991934111,72.17291629715271,194399300
2009-07-30,73.08393096923828,73.9431346698455,73.03208285978923,73.2024441628476,225575400
2009-07-31,73.18763732910156,73.67649584394664,72.86914014092032,73.0691297700918,207358000
2009-08-03,74.39497375488281,74.46163320363496,73.55798966929632,73.9579633148735,175776900
2009-08-04,74.58755493164062,74.69125118270573,73.90612081006378,74.06166518666141,176714600
2009-08-05,74.37274169921875,74.70605019017026,73.75796717935482,74.63938510136767,184726400
2009-08-06,73.98757934570312,74.8245576414138,73.63945387947199,74.71345857859151,193203800
2009-08-07,74.95785522460938,75.57262952267756,74.3578978969386,74.76527981759064,220640900
2009-08-10,74.8023452758789,74.9727066075344,74.26904711715689,74.61717261804604,130898700
2009-08-11,73.86907958984375,74.52088531493658,73.66908995361932,74.46903719647489,157301000
2009-08-12,74.6615982055664,75.22451886816486,73.70610686505066,73.74313799623712,219052400
2009-08-13,75.2319564819336,75.26158478896552,74.26165344348054,75.00234416621338,176449500
2009-08-14,74.65421295166016,75.25417058317424,73.84685718667649,75.1949139736115,199616100
2009-08-17,72.81729125976562,73.29133279286938,72.6691553998035,73.21726486288833,237667500
2009-08-18,73.39505004882812,73.65429635455335,72.84694042873903,72.98026500130368,173461500
2009-08-19,74.0394287109375,74.29126644330854,72.74322021322986,72.81728814003762,192812800
2009-08-20,74.8023452758789,74.9727066075344,73.97277538544114,74.13572257747637,174131300
2009-08-21,76.26886749267578,76.38737498101044,75.26893689621625,75.41707266938894,224605000
2009-08-24,76.26152801513672,76.99481036259327,75.98747037066265,76.580025301571,191279000
2009-08-25,76.4096450805664,77.2244036111308,76.24669224424936,76.56518942859063,215310600
2009-08-26,76.41705322265625,76.76517873331458,75.9133833531759,76.17262395121259,194620700
2009-08-27,76.58739471435547,76.82441543557704,75.50598732059329,76.37259380277658,196230100
2009-08-28,76.57260131835938,77.29107219013883,76.04671160781454,77.20219292420092,147024400
2009-08-31,75.89114379882812,75.98002868833123,75.39488254723022,75.8244843699656,176051600
2009-09-01,74.21717834472656,76.46887791545976,74.0616340335567,75.51338658882821,321276800
2009-09-02,73.93573760986328,74.394967829547,73.75056495449385,73.90610930688166,171805000
2009-09-03,74.55049896240234,74.6393782045659,73.7653632001645,74.36532633986832,143572300
2009-09-04,75.5948715209961,75.61709133209722,74.4764329214249,74.69863668345634,142687900
2009-09-08,76.2467041015625,76.32818053239163,75.83932194741689,76.29114373618867,132909100
2009-09-09,76.83183288574219,77.0910734468497,76.14299045135911,76.38001120023176,154612500
2009-09-10,77.61698150634766,77.66882963089344,76.45409729780208,76.88369927319388,162902400
2009-09-11,77.60214233398438,77.99471305158511,77.2392055659597,77.76509515053182,152360100
2009-09-14,77.97991180419922,78.11323634908035,76.40224273229016,76.94294374968163,149593800
2009-09-15,78.30581665039062,78.59468555265086,77.59475430244073,78.10582700973588,196795900
2009-09-16,79.49091339111328,79.5057247163707,78.31321807293536,78.58726997285261,206406300
2009-09-17,79.3724136352539,80.03903070673334,78.93540320843962,79.37981647309967,229170900
2009-09-18,79.42301177978516,79.75046978847345,79.15509262321065,79.74302601247486,153799100
2009-09-21,79.22205352783203,79.63137595578864,78.63412593558351,78.80529300332078,151892000
2009-09-22,79.68350219726562,79.90677009585595,79.3337184725121,79.6909459746689,143126700
2009-09-23,79.02110290527344,80.397905687134,78.8796996049206,79.86951135151985,225947400
2009-09-24,78.15039825439453,79.36347255128794,77.80805837327009,79.19230544969444,228636800
2009-09-25,77.733642578125,78.41088433477385,77.46572338625712,77.97923611699359,204059000
2009-09-28,79.12531280517578,79.29648556303742,78.01642880039576,78.03131067250095,118285800
2009-09-29,78.88716125488281,79.64626162904337,78.72343227588395,79.26671428093137,133733900
2009-09-30,78.58204650878906,79.22951879466649,77.8601591695612,79.15509806337822,254383000
2009-10-01,76.63218688964844,78.68623172806801,76.61729933863703,76.65451253822847,281840600
2009-10-02,76.27497100830078,76.72894485784127,75.90286166788648,75.92518731984127,224748800
2009-10-05,77.41361999511719,77.636887857025,76.35683089502042,76.58009875692824,149875000
2009-10-06,78.52252197265625,78.96905208746851,77.92714470094758,77.97179600904727,202491100
2009-10-07,78.73834228515625,78.82020679800698,78.19506012514127,78.34390159690358,159200300
2009-10-08,79.34114074707031,79.75790132168838,78.77553305441938,79.29648945062894,183305800
2009-10-09,79.82489776611328,79.82489776611328,79.1550998138311,79.36348013722157,135008300
2009-10-12,80.13746643066406,80.44259313214322,79.83977782775277,80.1970052868339,118031000
2009-10-13,79.97372436523438,80.15977900195172,79.45277365360054,79.921629294071,157692700
2009-10-14,81.35051727294922,81.43238175700652,79.9439448511445,80.91143111112929,191421600
2009-10-15,81.64820861816406,81.64820861816406,80.91887768867048,80.95608520584425,173873600
2009-10-16,81.03800201416016,81.32080317460161,80.54682045361028,80.97102503324247,192069400
2009-10-19,81.7077865600586,81.96081823849845,80.91891641205304,81.17194809049289,159530400
2009-10-20,81.276123046875,81.85661272084258,80.88168804676565,81.8268432916727,180921100
2009-10-21,80.54679107666016,82.0947616320085,80.4872522189327,81.14960639682134,225379300
2009-10-22,81.36543273925781,81.62590815156915,80.00351114039523,80.51702386605054,238444000
2009-10-23,80.4351577758789,81.68544540838255,80.10025595695909,81.63335032694232,240033200
2009-10-26,79.56442260742188,81.35054291510261,79.34115472999278,80.52445971772818,242028200
2009-10-27,79.19973754882812,79.92163045827706,79.00624481193807,79.65371132326639,253266300
2009-10-28,77.70387268066406,79.2444050730981,77.6592157002591,78.99881155365293,248821400
2009-10-29,79.37091827392578,79.52720350536326,78.09830509398849,78.2843597520718,198110600
2009-10-30,77.0712890625,79.34860221367846,76.98198644970674,79.11045244966601,325608100
2009-11-02,77.63688659667969,78.44808784903405,76.71405709312116,77.49548324123775,254222900
2009-11-03,77.88247680664062,77.99411073105423,77.05639371509203,77.20523516235201,228362600
2009-11-04,78.08340454101562,79.13275536330136,77.88246804203358,78.52249641351212,247996700
2009-11-05,79.519775390625,79.54210104552202,78.47042986489424,78.63415890472398,180015300
2009-11-06,79.7281265258789,79.92906870219925,78.92437485440736,79.08066005935841,170954100
2009-11-09,81.54400634765625,81.58865763279304,80.27883739333886,80.33837054754274,159495700
2009-11-10,81.55889129638672,81.81192850356621,81.09747952472209,81.35051105396582,171899800
2009-11-11,81.97566986083984,82.47429489891508,81.58123495973744,82.09474186969311,169466200
2009-11-12,81.14218139648438,82.28827912222516,80.93380102415684,81.86407459914714,157144500
2009-11-13,81.58124542236328,81.93102339680946,80.93377319276372,81.35053379410375,150963000
2009-11-16,82.76455688476562,83.12178434153086,82.10220272849939,82.14685403136836,210922200
2009-11-17,82.86129760742188,82.89851080922952,82.23615669820296,82.54872715281242,147134100
2009-11-18,82.80923461914062,82.92831236871619,82.28828365959656,82.80179651824686,156486800
2009-11-19,81.73009490966797,82.83897914896401,81.21658220541786,82.24360761391809,208734600
2009-11-20,81.43987274169922,81.68546633624068,81.12730217297708,81.30591311539837,134196000
2009-11-23,82.47430419921875,83.15898394165934,82.31057520038789,82.39988347555125,148010200
2009-11-24,82.60084533691406,82.75713060794101,81.87151407212164,82.60828911494553,138420100
2009-11-25,82.8910903930664,82.98039869581052,82.47432966947187,82.73480512171845,109564800
2009-11-27,81.54400634765625,82.10217012360843,80.59140774516754,80.67327221987537,126001800
2009-11-30,81.81938934326172,82.01288207847661,80.4649118070728,81.47704949103121,160874800
2009-12-01,82.83152770996094,83.09944684486042,82.40732335935957,82.54872102426869,159613700
2009-12-02,82.79434967041016,83.35995760404903,82.54875607946889,82.81667532814312,132315100
2009-12-03,82.14685821533203,83.48645414900864,82.07988125761725,83.01759841119087,167324900
2009-12-04,82.61569213867188,83.63526778640629,81.8937993300815,83.23338914003837,274907800
2009-12-07,82.48918914794922,83.0027018128919,82.2287137664339,82.54128990218976,127973800
2009-12-08,81.57378387451172,82.43707431462722,81.32074665172772,81.89379803166035,169863700
2009-12-09,81.87893676757812,81.99801448192252,81.13471808673945,81.5514844090069,155063400
2009-12-10,82.34036254882812,82.69759004930356,82.19895916852391,82.38501385716062,138014600
2009-12-11,82.69014739990234,82.876202091077,82.31803801755302,82.69014739990234,124854000
2009-12-14,83.25577545166016,83.35252187048715,82.70504934404195,83.25577545166016,107141500
2009-12-15,82.86874389648438,83.29294829144393,82.60826850974387,82.95060840059391,120408800
2009-12-16,82.99523162841797,83.44920529658121,82.80917703254569,83.2036175452609,155358200
2009-12-17,81.99800872802734,82.55617269948934,81.92358800075324,82.39988746883247,183390100
2009-12-18,82.46186828613281,82.52921149779375,81.76601887765321,82.45438443850313,174591200
2009-12-21,83.29994201660156,83.57678178397096,82.87345373179589,82.87345373179589,118039600
2009-12-22,83.59921264648438,83.77878511444426,83.37474278015515,83.4794938621739,91707500
2009-12-23,83.76382446289062,83.88354325727832,83.42712534356129,83.80123801326336,111783100
2009-12-24,84.16038513183594,84.25016851532672,83.80123447235461,83.94339910755643,39677500
2009-12-28,84.3399658203125,84.54198416134528,84.04067452635088,84.47464661716991,87508500
2009-12-29,84.22025299072266,84.5719198579235,84.21277484651071,84.55695786099257,80572500
2009-12-30,84.1903305053711,84.2876034735353,83.92845272282811,83.97335013448371,73138400
2009-12-31,83.38225555419922,84.39984273978659,83.34484199399806,84.37739117856121,90637900
2010-01-04,84.79639434814453,84.8412860498673,83.43462421364933,84.0780985780434,118944600
2010-01-05,85.02085876464844,85.05827232184338,84.43724380685433,84.74401899203231,111579900
2010-01-06,85.08069610595703,85.29019827149394,84.87119394042013,84.93853147569733,116074400
2010-01-07,85.43984985351562,85.54460094008545,84.68414069311395,84.92357256363152,131091100
2010-01-08,85.72417449951172,85.76158804883364,85.04329242820074,85.21538105466682,126402800
2010-01-11,85.84388732910156,86.14317286886842,85.47725283842739,86.10576503065045,106375700
2010-01-12,85.04328918457031,85.4548096688849,84.71406823031388,85.27523719770228,163333500
2010-01-13,85.76160430908203,86.0010362280222,84.82632248376774,85.26028891224807,161822000
2010-01-14,85.99351501464844,86.15064160801579,85.61191859732499,85.66429412844744,115718800
2010-01-15,85.0283203125,85.92618836456947,84.69909936277179,85.84388883564327,212283100
2010-01-19,86.09080505371094,86.1431805987205,84.9909129000037,85.01336445515604,139172700
2010-01-20,85.21537780761719,85.63438214322741,84.53449576225056,85.50718521398944,216490200
2010-01-21,83.57681274414062,85.49975266459872,83.47206159738488,85.23787479770935,344859600
2010-01-22,81.71367645263672,83.60668536583269,81.62388737022818,83.20264305775247,345942400
2010-01-25,82.13267517089844,82.61154453602265,81.86331935899211,82.4618960755135,186937500
2010-01-26,81.78848266601562,82.65642650948787,81.58646440369262,81.8109285053288,211168800
2010-01-27,82.1775894165039,82.36464574912354,81.05525142078604,81.68375795830504,271863600
2010-01-28,81.23480987548828,82.49182844199218,80.74098421106099,82.44693675663659,316104000
2010-01-29,80.35189819335938,82.15512354026353,80.22470128823053,81.58647082935745,310677600
2010-02-01,81.60145568847656,81.60893954043578,80.43422595712318,80.92057358135591,187865000
2010-02-02,82.589111328125,82.74623796517771,81.46677331331452,81.75110259717724,216327900
2010-02-03,82.1775894165039,82.66393702301623,81.93815753909101,82.21499725792408,172730700
2010-02-04,79.64110565185547,81.57900650917098,79.62613794854836,81.54159866791566,356715700
2010-02-05,79.80570220947266,79.97030695758033,78.24939243050274,79.73087512300845,493585800
2010-02-08,79.22956085205078,80.30700689715532,79.16970146987723,79.86555108925643,224166900
2010-02-09,80.22470092773438,80.92055054064244,79.51388361516968,80.15735769628917,337820500
2010-02-10,80.06758880615234,80.5090389812418,79.39418491249347,80.09751850237116,240511500
2010-02-11,80.90563201904297,80.99542114604616,79.498969947043,79.96287187379696,223591600
2010-02-12,80.8382797241211,80.88317142518798,79.69349567885746,80.05264070440705,304622100
2010-02-16,82.11028289794922,82.1925881777992,80.67369099085485,81.45184636765816,159317500
2010-02-17,82.49933624267578,82.61157119715281,82.11025582828962,82.50681438673584,168845100
2010-02-18,82.98567962646484,83.15776826708161,82.33472149087635,82.36465119109374,193708600
2010-02-19,83.1577377319336,83.47947475549695,82.57412306326158,82.76866318898709,222684900
2010-02-22,83.17272186279297,83.4869750990087,82.92580615926389,83.4645292547798,132346900
2010-02-23,82.16260528564453,83.20263783038648,81.9456192981689,82.94824400896994,207497000
2010-02-24,82.91831970214844,83.05300047179428,82.2000241668725,82.4095263177648,176350700
2010-02-25,82.80610656738281,82.86596597153485,81.51167977651009,81.73614397931978,259634700
2010-02-26,82.85846710205078,83.14279636598911,82.38708722392462,82.8809129474131,173589300
2010-03-01,83.71894073486328,83.80124598670935,83.18021752587335,83.20266337483011,147709700
2010-03-02,83.95088195800781,84.35492433189098,83.80123917146133,84.07808460592936,160992400
2010-03-03,84.02570343017578,84.52701301087643,83.8161955511385,84.16786235531855,150785000
2010-03-04,84.28009033203125,84.39980911016605,83.823672480277,84.13792571012254,135770400
2010-03-05,85.48473358154297,85.55207111299062,84.62427341473223,84.8262974260863,176118800
2010-03-08,85.49967956542969,85.68673584021128,85.3500368290062,85.49220142456166,114631200
2010-03-09,85.641845703125,86.03840409944203,85.20039562677346,85.24528730680797,154556700
2010-03-10,86.02344512939453,86.25539309572311,85.60444087834813,85.67926225053431,186088800
2010-03-11,86.38261413574219,86.4050656913256,85.55956739471449,85.82144512479061,160791100
2010-03-12,86.39006805419922,86.77166444780825,86.15063625416117,86.75669674927215,162074800
2010-03-15,86.41252899169922,86.4723883792936,85.74660900310151,86.2404403879971,146816800
2010-03-16,87.10087585449219,87.18317535348551,86.41250450919779,86.65193628323382,168673000
2010-03-17,87.61719512939453,87.90152444110552,87.10840161784037,87.3628012278709,177468100
2010-03-18,87.57229614257812,87.74438477728444,87.22062931273511,87.62467168903305,196509100
2010-03-19,87.12899780273438,88.12072194949086,86.7909065080597,87.12899780273438,226641100
2010-03-22,87.59481811523438,87.75259751725838,86.5805555325873,86.63314675592416,184477800
2010-03-23,88.21089172363281,88.286021221104,87.43704127684121,87.72254139205025,182941600
2010-03-24,87.78263854980469,88.22591231415304,86.83599659640667,87.88031205198999,196072600
2010-03-25,87.63988494873047,88.78186805355917,87.534702520602,88.37616194562975,223396300
2010-03-26,87.58731079101562,88.21840548268291,87.24171049814827,87.80519035799986,205808500
2010-03-29,88.14328002929688,88.30105370945982,87.669958988808,88.03058290574796,134513500
2010-03-30,88.2033920288086,88.52645408159371,87.83525341629064,88.24846858854143,145772500
2010-03-31,87.90284729003906,88.29352408924247,87.60983825763329,87.8652796778792,161078700
2010-04-01,88.50391387939453,88.84199953407587,87.97799585520636,88.50391387939453,161215200
2010-04-05,89.22513580322266,89.28523594955315,88.59403554465,88.84196799380398,105847600
2010-04-06,89.43553161621094,89.59330530248684,88.87205170864813,88.96971949576731,110384200
2010-04-07,88.92464447021484,89.67595102658231,88.51142357140708,89.25522118926105,184576300
2010-04-08,89.23268127441406,89.3829460317948,88.35365393879074,88.61661009918903,158704000
2010-04-09,89.81868743896484,89.85624932185901,89.2552076074331,89.42049020979128,133006500
2010-04-12,89.9614486694336,90.1943576080006,89.82621325517397,89.93139571826319,110279000
2010-04-13,90.02908325195312,90.18685697113806,89.4054973151637,89.8713095327682,125043600
2010-04-14,91.05082702636719,91.05082702636719,90.21687644021098,90.35962076248089,161609000
2010-04-15,91.12596130371094,91.33632619557918,90.8705141264328,90.90056707270159,144615300
2010-04-16,89.67599487304688,91.12601746509529,89.21769719102006,90.80295525861766,366786700
2010-04-19,90.0140380859375,90.10419693763073,89.0072900360937,89.41299627069193,217947800
2010-04-20,90.81792449951172,90.89305973251088,90.05910908793912,90.57750665714954,157708000
2010-04-21,90.65264129638672,91.08088575441484,90.14926160585158,90.87051512821401,192910100
2010-04-22,90.92312622070312,91.0358233620773,89.49564820334597,90.01404588244363,115360300
2010-04-23,91.51664733886719,91.5542149584822,90.63010539688429,90.86301432087221,177335500
2010-04-26,91.17103576660156,91.7495449379877,91.0808826618757,91.54668898832799,143457300
2010-04-27,89.01480865478516,91.16354026130752,88.84200561437906,90.64514260411819,355853300
2010-04-28,89.69095611572266,89.91635032889786,88.85700555179251,89.44302935964546,300674100
2010-04-29,90.80288696289062,90.99071355254877,90.20935425172941,90.23189252536636,193775000
2010-04-30,89.26272583007812,90.9156036137146,89.2401875515945,90.81793009760044,270000900
2010-05-03,90.41973114013672,90.66766364714157,89.5557275664011,89.69096295822071,182747900
2010-05-04,88.29353332519531,89.42800769334318,87.8427505921871,89.41298408611539,360353400
2010-05-05,87.76762390136719,88.50390678339184,87.12901453149658,87.5722826090727,328973200
2010-05-06,84.8525619506836,87.90286465046375,78.88718622477516,87.34689941917688,647356600
2010-05-07,83.59036254882812,85.4761377312255,82.20044667432353,84.62716345225029,637558800
2010-05-10,87.27175903320312,87.63989758473132,86.33262598092784,87.00879719295544,396159600
2010-05-11,87.0238265991211,88.17332453887423,86.33262604779434,86.45283209793178,317849800
2010-05-12,88.24095916748047,88.36868564767911,87.21918171797857,87.36944647938446,235607100
2010-05-13,87.14403533935547,88.41374510045466,87.06890583919869,88.00052425157224,234452500
2010-05-14,85.5663070678711,86.64819039160611,84.79997686823506,86.49041669556382,345601400
2010-05-17,85.61138153076172,86.03962604724185,83.9735329755893,85.79920817363922,325739800
2010-05-18,84.44686889648438,86.56555342748163,84.16888337150414,86.31010618495642,360556800
2010-05-19,83.96602630615234,84.72484183683461,82.91419593120916,83.97353524502012,394742700
2010-05-20,80.7955093383789,82.56107863393963,80.7429181076861,82.17791067774098,530418300
2010-05-21,81.97506713867188,82.17791740738029,79.1576672665207,79.57088820724209,500909400
2010-05-24,80.92324829101562,82.18544384370615,80.84811876340625,81.53180491627187,269823000
2010-05-25,81.00586700439453,81.04343462238722,78.42137079727088,78.96982706709002,396505200
2010-05-26,80.51750183105469,82.24550876485534,80.27708402332712,81.50171706782514,349719300
2010-05-27,83.21471405029297,83.24476699976171,81.72712457766734,82.03516301071143,300870500
2010-05-28,82.17039489746094,83.18465753752443,81.7797123031166,83.12455164116164,297933500
2010-06-01,80.78800201416016,82.6061627057481,80.6677959325089,81.40407322916164,277909400
2010-06-02,82.89163970947266,82.89914864671519,80.77295580840526,81.20120024376952,240243700
2010-06-03,83.17710876464844,83.44006478840578,82.32813482165722,83.13203222686474,226618300
2010-06-04,80.25457000732422,82.14035116006842,79.98409917537626,81.59940949617251,398475600
2010-06-07,79.25533294677734,80.84810502878483,79.19523277410907,80.54006656629628,264609100
2010-06-08,80.10432434082031,80.26209806376662,78.62424918916146,79.31544999407345,357774300
2010-06-09,79.67604064941406,81.35145059870663,79.33794935296491,80.57009130746226,268023300
2010-06-10,82.00513458251953,82.10280239848719,79.6685700837721,81.03594816739785,317890600
2010-06-11,82.40330505371094,82.45589628447513,81.23126863552925,81.28385986629344,214128200
2010-06-14,82.27558898925781,83.4851930976109,82.19294480307111,83.03440454313268,207196100
2010-06-15,84.14635467529297,84.22148420270709,82.7113560540165,82.8541061685142,238268700
2010-06-16,84.11628723144531,84.46188758364352,83.54529260380656,83.71058097486103,216374000
2010-06-17,84.25151824951172,84.39426833196863,83.43259684008133,84.356700710686,263185800
2010-06-18,84.3428726196289,84.64482046932184,84.07111494747642,84.41835958205215,174006600
2010-06-21,84.10128021240234,85.45251189705378,83.63325200121139,85.39212580470975,213140700
2010-06-22,82.71231842041016,84.47119269171708,82.59154044431477,84.10130258086276,239355400
2010-06-23,82.45565795898438,83.05955933120705,81.88949718292766,82.76515618840038,254639900
2010-06-24,81.08932495117188,82.15371004787711,80.87795916838135,82.04802715648185,268523600
2010-06-25,81.42904663085938,81.84422788379392,80.59867260641593,81.33090837745033,238726500
2010-06-28,81.1723403930664,81.76869698149748,80.87793730956403,81.54978083440626,169218600
2010-06-29,78.6661376953125,81.15724696261132,78.16791929742325,80.03247027782311,373649500
2010-06-30,77.91883087158203,79.17193054791359,77.66216829350365,78.44724535691113,284101700
2010-07-01,77.57160186767578,78.12266197632285,76.34114169656492,77.86600510583783,382924800
2010-07-02,77.14879608154297,78.06975134774444,76.7109697045518,77.83574020148349,233385200
2010-07-06,77.65460205078125,78.78692342694688,76.90726579582721,78.23585782312783,256935300
2010-07-07,80.10043334960938,80.19856581849207,77.76784777418901,77.85088515527656,253769400
2010-07-08,80.89303588867188,80.98361790611675,79.94943481172834,80.77225218636683,210842100
2010-07-09,81.49696350097656,81.5045139246355,80.71943688339363,80.8704108008577,144999900
2010-07-12,81.5498275756836,81.70835196079244,80.8855340915198,81.22522837971196,131283600
2010-07-13,82.78023529052734,83.10482852129225,82.22916974582759,82.39524445133392,213025900
2010-07-14,82.77272033691406,83.09731946605044,82.17636352946415,82.51605774771296,184426800
2010-07-15,82.79535675048828,83.08220948638731,81.6554847116905,82.74251530547305,232337900
2010-07-16,80.51561737060547,82.44056063588246,80.35708727836438,82.34997283449977,282693400
2010-07-19,80.9911880493164,81.24784484028669,80.18346556113738,80.81001821102647,186709000
2010-07-20,81.8895034790039,81.94988958936929,79.88151700774846,79.91926336610179,258162400
2010-07-21,80.82511138916016,82.33487344425555,80.49296189406792,82.31222793491474,264527000
2010-07-22,82.62926483154297,82.99161020731341,81.77625146508448,81.78379612760152,274781300
2010-07-23,83.346435546875,83.46721354330758,82.22920884361969,82.46322017121726,222020800
2010-07-26,84.21451568603516,84.29755305004244,83.25581942788443,83.4898306759316,184445700
2010-07-27,84.20699310302734,84.7656035315881,83.87484355990613,84.67501572184067,204855600
2010-07-28,83.66344451904297,84.28999699577216,83.38413653610395,84.0333345164502,163056200
2010-07-29,83.25582122802734,84.41078816783002,82.59152806089031,84.18432157758906,220149100
2010-07-30,83.24073791503906,83.68612076717235,82.26694634605298,82.41036984141299,220070600
2010-08-02,85.12034606933594,85.2562248204789,84.19939072928726,84.53908472750342,188263200
2010-08-03,84.71273803710938,85.12791908887785,84.43343002246615,84.90900868954202,146657300
2010-08-04,85.27891540527344,85.38459829433789,84.66746358150259,84.94676589147915,158171700
2010-08-05,85.18828582763672,85.2335825859407,84.60703022282691,84.7353585595757,140473800
2010-08-06,84.84109497070312,84.97697381285197,83.731418719702,84.3504210540942,239728300
2010-08-09,85.29399871826172,85.43742794474343,84.78822985337369,85.24115728102393,120800400
2010-08-10,84.83352661132812,85.2864598289253,84.07110093089543,84.56931940725318,242916300
2010-08-11,82.50850677490234,83.55779104622674,82.37262794613372,83.52759511102418,273406900
2010-08-12,82.0027084350586,82.29711151936122,81.22518204527043,81.26292839322066,239542600
2010-08-13,81.76116180419922,82.25183562128255,81.66302934449661,81.74606671781618,158698500
2010-08-16,81.7234115600586,81.98761873520715,80.90813876878491,81.20254187241966,147895300
2010-08-17,82.72738647460938,83.33129343560225,82.19142178238792,82.42543875339656,172270300
2010-08-18,82.87842559814453,83.32380283819637,82.21413207154107,82.68970525725048,182922100
2010-08-19,81.43653106689453,82.65188950275564,81.09683704215844,82.44807423977056,265847600
2010-08-20,81.1723403930664,81.48184431942146,80.58353422606166,81.19498589806135,209714200
2010-08-23,80.86286163330078,81.95743687217379,80.82511527639393,81.55735082981724,163490300
2010-08-24,79.6625747680664,80.31177275646016,79.23984333721795,79.97962334120277,280677800
2010-08-25,79.97210693359375,80.27405477128731,78.7265519456074,79.22477048523044,272234800
2010-08-26,79.43612670898438,80.4552148628018,79.17191376304842,80.34953198814131,224439500
2010-08-27,80.66659545898438,80.74963284139864,78.74164633470562,79.93435986457806,272649000
2010-08-30,79.49654388427734,80.7043585113024,79.4889992183415,80.45524631253195,167238600
2010-08-31,79.49654388427734,80.00231870704106,78.87754147960615,79.2021406527439,273933100
2010-09-01,81.8744125366211,81.98764586609371,80.51562986080877,80.56847131332448,256828100
2010-09-02,82.6368179321289,82.65191301693666,81.89703207228843,82.07065722364273,156112200
2010-09-03,83.708740234375,83.78422717043875,82.99915036495076,83.44453307850982,212197300
2010-09-07,82.7651596069336,83.4219082076284,82.69722307545766,83.31622531914219,141973700
2010-09-08,83.346435546875,83.67857935652944,82.89350222221505,82.93124858569887,149924400
2010-09-09,83.73139953613281,84.3051107114621,83.50493869062639,84.28246520283996,147017900
2010-09-10,84.15413665771484,84.25226911465634,83.69365878563895,83.8823790361853,127819000
2010-09-13,85.0902099609375,85.26382941209505,84.64482705719016,84.9845270534625,178503500
2010-09-14,85.03733825683594,85.52046159322755,84.60705635538453,84.92410496502568,209823600
2010-09-15,85.36194610595703,85.46007856404422,84.53157814571551,84.78823492499822,168608400
2010-09-16,85.33927917480469,85.39212060193866,84.81085914418132,85.09771754229457,199962900
2010-09-17,85.37118530273438,85.8720769020627,85.13592119462983,85.78859496884131,195836900
2010-09-20,86.67652893066406,86.86625953574566,85.39394818747449,85.66716072200148,214555200
2010-09-21,86.50199127197266,87.15465931146854,86.14529676158769,86.7448462464723,268389100
2010-09-22,86.07698822021484,86.8510924096225,85.83413325277931,86.36538247475144,191322400
2010-09-23,85.37877655029297,86.2667144367875,85.13592159526578,85.37118570447744,202354300
2010-09-24,87.13945007324219,87.20016524117014,86.25151245523512,86.3274035200865,209671800
2010-09-27,86.72203826904297,87.26846318590555,86.63856215296609,87.16980538318417,128761800
2010-09-28,87.025634765625,87.30643815274013,85.8948419517721,86.8359041557112,209207500
2010-09-29,86.87387084960938,87.20779864606794,86.53235220592586,86.8055648048247,179665800
2010-09-30,86.61580657958984,87.87562047233372,86.20598781171357,87.3140195490002,287106700
2010-10-01,86.98008728027344,87.36713928346875,86.46401987271895,87.26847567650884,174638700
2010-10-04,86.32742309570312,87.16223657860492,85.89483755882829,86.79795706866739,166153200
2010-10-05,88.06536102294922,88.27785838067257,87.02563519109572,87.12429881440923,229634100
2010-10-06,88.05776977539062,88.28544882340867,87.70107530221777,88.05017892975837,148626600
2010-10-07,87.95153045654297,88.43724040655839,87.4202870081259,88.41447365735756,164860000
2010-10-08,88.4448013305664,88.68765622341203,87.73900339352795,88.07293104248471,177760100
2010-10-11,88.5282974243164,88.77115235606541,88.22472731210057,88.5814217596953,103098300
2010-10-12,88.80152130126953,89.05955216607026,87.76938626182849,88.23991449531667,182210000
2010-10-13,89.49212646484375,89.97025127421958,89.08230768114375,89.29481081315429,194347200
2010-10-14,89.14300537109375,89.56041491799579,88.58140453626686,89.4086269963418,217764300
2010-10-15,89.32512664794922,89.81842715878972,88.61174382884613,89.76530284470634,243705000
2010-10-18,89.76534271240234,90.06132199233744,89.02918704021353,89.35552391169563,141204800
2010-10-19,88.5890121459961,89.43900150765653,88.05017215979144,88.93811574669496,280604700
2010-10-20,89.45418548583984,89.88677102278348,88.6952630848778,88.7483874213404,200051800
2010-10-21,89.6514663696289,90.38003089716246,88.95325942117378,89.8563785808792,221585500
2010-10-22,89.81845092773438,89.9550571701159,89.55282928702518,89.78809334163654,108212400
2010-10-25,90.0840835571289,90.88854521155814,90.01578332266547,90.41801125482097,151145700
2010-10-26,90.09925079345703,90.19031775813275,89.45416803649579,89.62871691220244,158982900
2010-10-27,89.8412094116211,89.93987300489934,88.99122023948222,89.46933914881033,190024000
2010-10-28,89.85639190673828,90.39522598752886,89.42380647342094,90.35727756052398,168576000
2010-10-29,89.9246826171875,90.09923725678604,89.60593670847688,89.7653096628322,144305500
2010-11-01,89.9550552368164,90.8809413274902,89.43898786447942,90.3648739551532,174074800
2010-11-02,90.6684341430664,90.88093142791969,90.38763085087214,90.630485717864,158345900
2010-11-03,91.0327377319336,91.08586206725974,89.89435415484337,90.8278312357094,226702800
2010-11-04,92.78584289550781,92.83137638110018,91.04791011728057,92.04209648683207,215039400
2010-11-05,93.13496398925781,93.2867461632084,92.72514517144866,92.84656975258538,180654100
2010-11-08,92.96038055419922,93.11216847136753,92.54297680974965,92.84654106385224,156107100
2010-11-09,92.29255676269531,93.30951003508964,91.92068639489187,93.21085220407365,186621600
2010-11-10,92.6644287109375,92.70996799459118,91.57158433526733,92.26979159002413,221387400
2010-11-11,92.31532287597656,92.45192914343343,91.58675804624608,91.86756142660704,158017600
2010-11-12,91.22246551513672,92.09522738868331,90.8050616904792,91.69299946360032,239068800
2010-11-15,91.09346771240234,91.86757191305955,91.05552506107239,91.51087740786645,163940800
2010-11-16,89.67428588867188,90.68364841891521,89.24169450270004,90.53186623410065,299566200
2010-11-17,89.71978759765625,90.09165787177878,89.44657512969603,89.71219675406925,172308900
2010-11-18,91.04029846191406,91.36663521100282,90.57735549715754,90.58494633972695,197723700
2010-11-19,91.290771484375,91.32871412834784,90.50149153425163,90.9947922268435,156852900
2010-11-22,91.21488189697266,91.25282454156557,90.1372077264298,90.83542071033428,181361000
2010-11-23,89.89434051513672,90.32692597718989,89.5452369659462,90.13719540979609,222309000
2010-11-24,91.22246551513672,91.24523804967566,90.44836725423787,90.46354315381238,140046100
2010-11-26,90.1600112915039,90.92651898343564,90.1600112915039,90.433223903124,76007800
2010-11-29,90.43317413330078,90.67602901107252,89.35550018495398,89.93228269095574,223642300
2010-11-30,89.9246826171875,90.44074990324508,89.40861533112994,89.53763649523164,233930700
2010-12-01,91.83717346191406,92.01172231864183,91.21485751378681,91.22244256660687,221037200
2010-12-02,93.01353454589844,93.08184057794078,91.92827519998076,91.9813995404053,191213600
2010-12-03,93.26396179199219,93.3702104517035,92.67200331928126,92.69477006205972,151288900
2010-12-06,93.16532897949219,93.37782635594303,92.96800750559386,93.0666653474834,103050500
2010-12-07,93.21843719482422,94.1139658335781,93.16531285990315,94.06084149865704,206581000
2010-12-08,93.55996704101562,93.6358581347499,92.89970815639616,93.33229375981279,138019200
2010-12-09,93.92424011230469,94.12155577218209,93.46129697392105,94.08361312533731,123705100
2010-12-10,94.47065734863281,94.56172432560601,93.90146558207806,94.21262073693326,117571700
2010-12-13,94.53137969970703,95.01708961056326,94.50102210651366,94.9032558737367,133812700
2010-12-14,94.61487579345703,95.03987637165068,94.32648730013825,94.67559098893037,147249600
2010-12-15,94.18225860595703,94.81216552019532,94.02288561382164,94.44029520521275,160823100
2010-12-16,94.72872924804688,94.79703530051484,93.9166822072336,94.24301919317467,185035200
2010-12-17,94.83016967773438,94.95223283588084,94.46396856215644,94.66232774228487,141075300
2010-12-20,95.05903625488281,95.28791266999404,94.58603353382084,95.08955349826891,119085500
2010-12-21,95.66173553466797,95.72277001941073,95.26502302497765,95.35656893152297,94965500
2010-12-22,95.95928192138672,95.98979916711302,95.67700758441498,95.73041130929364,78878100
2010-12-23,95.8219223022461,95.9592469476798,95.58542100977532,95.85243953684996,70053700
2010-12-27,95.860107421875,95.95165334056983,95.39472959994424,95.46338903896536,58126000
2010-12-28,95.99742889404297,96.08897480966097,95.74566598495464,96.05083261834328,55309100
2010-12-29,96.06610107421875,96.27971599975665,96.05084535978183,96.11187985866985,58033100
2010-12-30,95.91351318359375,96.22630478005566,95.76855771515766,95.97454767773208,76616900
2010-12-31,95.9363784790039,96.02793019999487,95.61595618638819,95.76853656747136,91218900
2011-01-03,96.92818450927734,97.34778353719999,95.8982463939913,96.66879083369061,138725200
2011-01-04,96.87474822998047,97.17228399689833,96.27204593221757,97.14176676175708,137409700
2011-01-05,97.3782958984375,97.4393303861695,96.47805757638238,96.56960930798039,133975300
2011-01-06,97.18756866455078,97.52325253056559,96.89766357517294,97.41644508602799,122519000
2011-01-07,96.996826171875,97.47745960251757,96.24154340356,97.31724845897006,156034600
2011-01-10,96.87474822998047,97.01207287783237,96.27967087557728,96.56958169913543,122401700
2011-01-11,97.21807098388672,97.45457231468814,96.85186992985614,97.22570174891628,110287000
2011-01-12,98.09542083740234,98.20222826351039,97.24095560796978,97.81314656293172,107929200
2011-01-13,97.93519592285156,98.17933381477484,97.69106967206372,98.13356087032308,129048400
2011-01-14,98.64471435546875,98.66760082836053,97.72922051638972,97.7978799350651,117677900
2011-01-18,98.81255340576172,98.90409929469311,98.43872162406616,98.55315398523041,114401300
2011-01-19,97.8436508178711,98.8278040548752,97.58426303647597,98.72863322148031,151958400
2011-01-20,97.71397399902344,97.95810029441914,96.9892025962201,97.62242227282347,175745700
2011-01-21,97.93519592285156,98.54552901152434,97.82838850541899,98.32428923296236,151462900
2011-01-24,98.49215698242188,98.60658937359541,97.85130066843462,97.87418714666933,113715500
2011-01-25,98.5455322265625,98.6294531745071,97.73684580517032,98.23273490775661,167552200
2011-01-26,98.92700958251953,99.21692048877571,98.59132572077831,98.78969071606443,141281500
2011-01-27,99.17113494873047,99.33897685830237,98.77441664963898,98.94988350377807,123302700
2011-01-28,97.43931579589844,99.44578208051966,97.2791046550183,99.28556511907128,295637300
2011-01-31,98.17169952392578,98.24799552721846,97.46219558607366,97.70633348370171,149249200
2011-02-01,99.74333190917969,99.91879878408984,98.70576890952022,98.76680339669291,167194300
2011-02-02,99.55260467529297,99.81961746353952,99.43053569950916,99.48393360070317,118323600
2011-02-03,99.77383422851562,99.92641461195636,98.85071534196004,99.37711591866004,145886700
2011-02-04,100.05609893798828,100.09424694047947,99.3542199284672,99.81197267608945,134634800
2011-02-07,100.68170166015625,101.00974889739662,100.2697218260208,100.2773584118132,112439100
2011-02-08,101.13945770263672,101.19285559921927,100.49860145568539,100.77325080691104,99072800
2011-02-09,100.91059875488281,101.18524815360718,100.40707291703161,100.8648257952853,146436700
2011-02-10,100.94876098632812,101.06319340143908,100.17058564015093,100.39946211151374,162708500
2011-02-11,101.55143737792969,101.68113130272012,100.52913587113086,100.55202234955632,137710300
2011-02-14,101.7955322265625,101.87945316855935,101.37593915771323,101.49037151446578,101690700
2011-02-15,101.47516632080078,101.63538335033432,100.94876554637099,101.48280290958041,119575400
2011-02-16,102.115966796875,102.23802409785642,101.61244114149584,101.8184310261755,130183500
2011-02-17,102.42120361328125,102.55852254434338,101.7269490854173,101.81850668060241,109810500
2011-02-18,102.63475799560547,102.75682695634296,102.27618769914956,102.51268903486796,130002400
2011-02-22,100.57490539550781,102.65765634911284,100.30025602263719,101.55905885763032,233116400
2011-02-23,99.95689392089844,100.75795513474878,99.33893607171251,100.51381731519623,227584000
2011-02-24,99.88826751708984,100.27736088572104,98.94988709128825,99.85013115173453,260431400
2011-02-25,100.95638275146484,101.01741725131383,100.24686687671824,100.30790137656724,141686900
2011-02-28,101.5819320678711,101.71163761243285,100.99449703020498,101.33018084666371,141585500
2011-03-01,99.88826751708984,101.99391640764787,99.85775609657816,101.90237050497566,258565500
2011-03-02,100.10189056396484,100.56726828835232,99.44578445484706,99.75094521396088,200277400
2011-03-03,101.82608795166016,101.94052034512642,101.00213979528695,101.00976474113847,176480100
2011-03-04,101.06314849853516,101.94813091932706,100.3994175035091,101.74976596641483,277202300
2011-03-07,100.26974487304688,101.58959399344216,99.74334418353784,101.3607175486637,216790400
2011-03-08,101.14708709716797,101.46750941417093,99.99509174500466,100.42994644624517,174615000
2011-03-09,101.00212097167969,101.31491831037687,100.3994244098498,100.94872307839334,153806000
2011-03-10,99.13296508789062,100.07897021567298,99.03378262470021,99.9416513969178,301291800
2011-03-11,99.81961822509766,100.17818856848683,98.78969179205205,98.81257827004384,225621800
2011-03-14,99.21692657470703,99.54497386989756,98.46163783946014,99.17115361641429,234974100
2011-03-15,98.08016204833984,98.66760872891763,96.5085620312041,96.5772214553772,359585400
2011-03-16,96.26443481445312,98.0878036077191,95.57781143506386,97.76736966305637,468670300
2011-03-17,97.53851318359375,97.95048727078138,96.96632792148361,97.65295140012967,254303700
2011-03-18,97.89327239990234,98.75144970208244,97.70171543613618,98.72079404052269,230435400
2011-03-21,99.41036987304688,99.61724290044315,98.99660043484442,99.11154158621396,153992600
2011-03-22,99.06559753417969,99.52533893920385,98.9736539298587,99.39508160251258,129538600
2011-03-23,99.34911346435547,99.6096281473458,98.32237087253938,98.78975867288145,148603100
2011-03-24,100.29920959472656,100.44479474050729,99.35675271902481,99.9160957128648,159129800
2011-03-25,100.605712890625,101.04245665872644,100.29155668532758,100.55974109310995,155642800
2011-03-28,100.36051177978516,101.0807677667377,100.32986781280569,100.82025312643387,109762400
2011-03-29,101.0347900390625,101.06543400424297,99.94674805369048,100.27622036913716,129798800
2011-03-30,101.73210906982422,102.0309375639731,101.4179527398512,101.56353795089787,135835000
2011-03-31,101.59412384033203,101.87763602826041,101.4868524343259,101.60179359971515,132537100
2011-04-01,102.02324676513672,102.49831604403116,101.77805990106822,102.22247351463493,153850100
2011-04-04,102.10752868652344,102.4216849405841,101.8163700264984,102.23778603027074,100768900
2011-04-05,102.09221649169922,102.54428817718356,101.86234576785118,101.90831757427866,120791500
2011-04-06,102.41401672363281,102.67453138531673,102.00024713934982,102.58258778512453,120411600
2011-04-07,102.15349578857422,102.65919725028455,101.64778263515552,102.23011155345961,170731500
2011-04-08,101.80104064941406,102.66688192956433,101.37961296032721,102.6055822937235,147945400
2011-04-11,101.49456024169922,102.25311843578504,101.24936168364793,101.90831819377233,121385400
2011-04-12,100.73599243164062,101.1267644884124,100.36820627869595,100.92754942467383,161187400
2011-04-13,100.72833251953125,101.28000589300768,100.3452185404685,101.2033901122216,162059000
2011-04-14,100.80494689941406,100.95819015056735,99.81651799152127,100.14599039691532,161220400
2011-04-15,101.1727066040039,101.42556316360498,100.68999107359056,100.98881942735409,170006700
2011-04-18,100.0386962890625,101.16505205202483,99.23415478813112,100.06168218694272,210759300
2011-04-19,100.6133804321289,100.64403609449737,99.94676592198377,100.19195276238389,124258800
2011-04-20,101.98489379882812,102.20709464880876,101.74735343213219,101.81632279882704,156133800
2011-04-21,102.5060043334961,102.5519761533296,101.98497478643075,102.51366240623031,135935400
2011-04-25,102.3987045288086,102.56727561604029,102.06156235434518,102.42934850298214,65757100
2011-04-26,103.27984619140625,103.48673098345155,102.60557363746197,102.712845068206,146600000
2011-04-27,103.9541015625,104.10734475075353,103.0576166349258,103.47904417140235,143031000
2011-04-28,104.29125213623047,104.42916750944626,103.75489508754667,103.7702112234328,124791100
2011-04-29,104.53645324707031,104.64373636321821,104.19165307506536,104.32958015889237,115094100
2011-05-02,104.37553405761719,105.11110607286174,104.1686493132081,105.0268322532686,126278700
2011-05-03,104.0000991821289,104.35256912519637,103.47140011338207,104.176339999517,138375000
2011-05-04,103.31051635742188,104.00011683878087,102.85077490870874,103.9541450322517,182678500
2011-05-05,102.37569427490234,103.40243669531029,101.92362269017605,102.73582226726616,226900000
2011-05-06,102.82779693603516,103.92350907356692,102.429355095868,103.39480987428412,222787200
2011-05-09,103.22621154785156,103.52503992622597,102.6591987591656,102.82011174369423,114104500
2011-05-10,104.10739135742188,104.29129028067723,103.44077675965165,103.57103411256588,114806900
2011-05-11,103.0116958618164,103.9694808773544,102.53663823545727,103.95415304342654,193564200
2011-05-12,103.50206756591797,103.71661044554722,102.20714052634206,102.7358396553249,171550700
2011-05-13,102.70514678955078,103.70124505085579,102.33736079936484,103.55565992990353,157444900
2011-05-16,102.05388641357422,103.141928527732,101.88531535586017,102.33738696895293,141675400
2011-05-17,102.03854370117188,102.17647076996185,101.23400225973376,101.67075767057709,192686200
2011-05-18,102.95035552978516,103.05762694146115,101.86997165323675,102.09218423637722,135217900
2011-05-19,103.19557189941406,103.46375635133582,102.62857071446344,103.28752720128713,119489500
2011-05-20,102.37569427490234,103.19555192078663,102.18413732967512,102.92737921249338,182594900
2011-05-23,101.18804168701172,101.6937548424695,100.82791368464406,101.12674205983123,168700000
2011-05-24,101.10379028320312,101.70144723528414,100.91223326800505,101.4792462420078,147199600
2011-05-25,101.44088745117188,101.86231503579597,100.66700166246737,100.69764562693678,151050100
2011-05-26,101.90827941894531,102.09217826751257,100.9734807325478,101.16503764874884,164850000
2011-05-27,102.29908752441406,102.57493004903728,101.87767151299037,102.19181608104451,120921900
2011-05-31,103.36410522460938,103.37943305127466,102.5519057869401,103.26450358055017,164731200
2011-06-01,101.0424575805664,103.37945473980623,100.95817205378371,103.06529853164267,233094300
2011-06-02,100.93519592285156,101.32597962652981,100.34520886998502,101.11143675426749,200466800
2011-06-03,99.9314193725586,100.69764710431417,99.67090474977145,99.72453461130652,234690200
2011-06-06,98.8740463256836,99.88547279899133,98.74378898140189,99.67858798550378,179951200
2011-06-07,98.812744140625,99.66325748271846,98.72845861332894,99.37974524088158,161660500
2011-06-08,98.3989486694336,98.98894720518697,98.2150498332791,98.65946325187333,198696400
2011-06-09,99.14986419677734,99.55596396084519,98.42961994716971,98.66714867426138,160964400
2011-06-10,97.77066802978516,98.78974658093755,97.51015337868202,98.728458644438,238629400
2011-06-13,97.8473129272461,98.26108259319035,97.34926940563281,97.99289811742236,207599800
2011-06-14,99.08854675292969,99.43334679251507,98.70543299967841,98.74373502164042,160570400
2011-06-15,97.32624816894531,99.07325238421585,97.06573353477269,98.26105282373189,300958000
2011-06-16,97.5407943725586,98.05416555920746,96.78988860954607,97.35689550456343,308032800
2011-06-17,97.8318862915039,98.5172095264205,97.50077460357949,98.5095076151189,233284900
2011-06-20,98.33238983154297,98.54030029364402,97.46996384012073,97.50076560764815,159479000
2011-06-21,99.6799545288086,99.87246120489732,98.37091148134026,98.84062824098376,193157300
2011-06-22,99.07933807373047,99.95716807713592,99.01773452528573,99.37195199142411,176703000
2011-06-23,98.79441833496094,99.05622456753267,97.16966168626467,97.91658845246987,334286500
2011-06-24,97.64705657958984,98.84829601497142,97.500755542483,98.77130041635591,226129300
2011-06-27,98.51718139648438,98.89448681997406,97.51614470723887,97.70865131095259,168904700
2011-06-28,99.80311584472656,99.8185196616574,98.77128335408366,98.90988245745226,165556300
2011-06-29,100.65785217285156,100.81955113739738,99.81852621489733,100.25743515404928,244295500
2011-06-30,101.6203842163086,101.78208317932892,100.65015518917556,100.98126089894981,223322700
2011-07-01,103.12195587158203,103.26056676270433,101.47409949731491,101.71280585181526,202385700
2011-07-05,103.03724670410156,103.24515715429446,102.7138369758416,103.01414684848815,165936000
2011-07-06,103.16048431396484,103.29138745109324,102.49826084105453,102.79087476503314,143331600
2011-07-07,104.23080444335938,104.49261067597124,103.86119495322063,104.07680146827438,170464200
2011-07-08,103.4915771484375,104.23080790292492,102.7138544611566,103.05266806739358,194100500
2011-07-11,101.6203842163086,102.55210957378475,101.38167791397453,102.2210038640105,195918600
2011-07-12,101.18144989013672,102.24408993111295,101.1506540083654,101.40476409423661,214675700
2011-07-13,101.52030181884766,102.5829422626137,101.27389942227295,101.7128084644764,204062600
2011-07-14,100.81957244873047,102.2441262929047,100.62706580760818,101.77440961857936,226111800
2011-07-15,101.40477752685547,101.54337663768912,100.69635465558608,101.38167767504986,220012800
2011-07-18,100.57315826416016,101.08907459190799,99.81853560936035,100.93507164700397,196872100
2011-07-19,102.20562744140625,102.32883451746449,101.11219107815478,101.13529093620652,166554900
2011-07-20,102.14402770996094,102.52904102473603,101.96692487507309,102.46744923408505,137145400
2011-07-21,103.56085968017578,103.81496981419457,102.15940592583051,102.721521934597,245246300
2011-07-22,103.63013458251953,103.73793778799838,102.99870741495181,103.58393488726689,126019400
2011-07-25,103.05268859863281,103.56090910924131,102.53677204986718,102.6445753324499,136653800
2011-07-26,102.66765594482422,103.15277650031715,102.43664559698595,102.98336969521404,131278200
2011-07-27,100.56544494628906,102.12859748028362,100.43453012846433,102.09778984679443,249020100
2011-07-28,100.2728500366211,101.46639344092347,100.11113930456084,100.56546386145789,207939900
2011-07-29,99.5875473022461,100.5269807481242,98.54031059616922,99.2641375216498,307038400
2011-08-01,99.16399383544922,100.84265741235643,98.2014608841425,100.75024625925552,325790900
2011-08-02,96.63060760498047,98.94838862552038,96.63060760498047,98.41706854984082,346653800
2011-08-03,97.15422821044922,97.26203143505587,95.12135901095928,96.76151898145432,370830800
2011-08-04,92.60338592529297,95.96070184066714,92.44937710473151,95.80669302010568,520721800
2011-08-05,92.46478271484375,93.99713379138134,89.98529646672775,93.75842745843316,655619200
2011-08-08,86.44318389892578,92.49559317450878,86.25837329330012,90.0238086039213,702263900
2011-08-09,90.46270751953125,90.58590869333266,84.91081179316865,87.83691457510395,717828700
2011-08-10,86.46627807617188,89.5386822261332,86.20446600615153,88.75325776574435,662607400
2011-08-11,90.34720611572266,91.57154536928795,86.48937189959447,87.21319865317537,487979700
2011-08-12,90.95553588867188,91.7948619869131,90.30871054820055,91.17114237721691,313731600
2011-08-15,92.8805923461914,92.97299176012974,91.63314738450357,91.77945428968673,258810600
2011-08-16,92.08748626708984,92.9345203004801,91.10185307351271,91.99508682696526,294095200
2011-08-17,92.14907836914062,93.32721808314878,91.41755547640668,92.59569519041483,238201100
2011-08-18,88.17576599121094,92.17990279593938,87.31333390449556,89.70811759967566,512956300
2011-08-19,86.73577880859375,89.23066286021827,86.62797557564203,86.98218703745994,428281300
2011-08-22,86.80509185791016,88.7301581506668,86.55868360743075,88.68395256475209,275090600
2011-08-23,89.6618881225586,89.76198945326809,86.68958534325809,87.12850021611666,331136600
2011-08-24,90.92472839355469,91.0479295757452,89.26146837271409,89.46937881273708,246869700
2011-08-25,89.53871154785156,91.94119717639846,89.22300362822304,91.4252806523482,312365400
2011-08-26,90.84001922607422,91.25583420480623,87.66750820769415,89.08435989909606,314495900
2011-08-29,93.45042419433594,93.50432581877479,90.90933418544988,92.06437403042783,190977200
2011-08-30,93.69681549072266,94.2743353086204,91.8333529549331,93.04229420540563,241315700
2011-08-31,94.11266326904297,95.10599840704997,93.40424012211685,94.29746803023295,301828400
2011-09-01,93.12702178955078,95.02128657967225,93.00381470978503,94.16655655701737,254585900
2011-09-02,90.74761962890625,93.07310289189618,90.42420991678262,91.18653448817,255517200
2011-09-06,90.08541107177734,90.21632005979069,88.07564115832797,88.08334306934917,285130500
2011-09-07,92.6264877319336,92.66498553175852,91.14033636249823,91.44834813527721,209803200
2011-09-08,91.6639404296875,93.12699171786807,91.45603001842848,92.07205346866294,250568200
2011-09-09,89.2614974975586,91.67938096968348,88.76868085832535,90.61674619286889,380195100
2011-09-12,89.8390121459961,89.90831760272894,87.82154598631881,88.14495578483903,305793500
2011-09-13,90.6629409790039,91.00175460308762,89.49250299328165,90.13162655695322,272514700
2011-09-14,91.91806030273438,93.01919837142592,89.87748901636863,91.12492811702693,319389500
2011-09-15,93.50431823730469,93.53512000232035,91.94116538048446,92.90369850658912,326777200
2011-09-16,94.05769348144531,94.40600152783972,93.12888383484898,93.87967448670774,284528300
2011-09-19,93.1211929321289,93.6010815245528,91.8905191830917,92.5174657416404,241517000
2011-09-20,93.01280975341797,94.42150816354834,92.88897118489868,93.51591759387085,218932200
2011-09-21,90.27281951904297,93.34564136699521,90.12576157701952,93.05926133421325,316251300
2011-09-22,87.35480499267578,88.39971774129792,86.147350785844,87.65666854438373,513911300
2011-09-23,87.88113403320312,88.3610225661781,86.70463501856455,86.774299019346,307242500
2011-09-26,89.97093963623047,90.0947840967413,87.4476707582258,88.70930519722813,260673700
2011-09-27,90.97718048095703,92.54067884522243,90.43536967356287,91.74344910122574,311753900
2011-09-28,89.11953735351562,91.71247044133268,88.98795703175375,91.16292388700717,286696800
2011-09-29,89.82389068603516,91.04682237687875,88.18298685186507,90.59790092579338,298108900
2011-09-30,87.57927703857422,89.35949739709127,87.51735478995694,88.58548700506717,288392300
2011-10-03,85.08698272705078,88.19850263955722,84.99409933218789,87.0684479089362,365136800
2011-10-04,86.95232391357422,87.13809065794787,83.15193598969651,83.86402412743705,459177500
2011-10-05,88.56226348876953,88.7944689575896,86.36407691292257,87.1690483915403,284108000
2011-10-06,90.16446685791016,90.29605310952972,87.85791924919072,88.51582688636651,257800800
2011-10-07,89.56075286865234,90.75272972894385,89.0576448703454,90.69080747264084,312657900
2011-10-10,92.55615997314453,92.59485694788383,91.07779735571248,91.0855391127525,230666300
2011-10-11,92.64903259277344,92.9121991713014,91.91372515363638,92.0066085175692,209088000
2011-10-12,93.46178436279297,94.53765867517174,93.13670131269993,93.34568158626475,281544900
2011-10-13,93.2760009765625,93.55464521096187,92.20012692355483,92.9122151202505,212538800
2011-10-14,94.87043762207031,94.89365698510456,93.83326670500924,94.35959391962774,211397600
2011-10-17,93.05927276611328,94.85497665357803,92.8270672845804,94.42152681506536,202311600
2011-10-18,94.87818145751953,95.59026949724793,92.26202293403725,92.98959448628094,318857900
2011-10-19,93.75589752197266,95.26522166540342,93.43081450224244,94.72341072728777,226601300
2011-10-20,94.16609954833984,94.50666007786047,92.74191747093393,93.9880745742028,262075600
2011-10-21,95.95404815673828,96.07015087107274,94.98653537933346,95.2729153820985,278999400
2011-10-24,97.13052368164062,97.37047082297387,96.02368902652003,96.10883060808533,203215600
2011-10-25,95.24195861816406,96.71257329167702,95.03297255472093,96.66613456879155,268596800
2011-10-26,96.20951080322266,96.57329079027238,94.5918257321646,96.24820778640752,289053800
2011-10-27,99.56094360351562,100.17240651280713,97.99743957012491,98.78692743766116,393220200
2011-10-28,99.53775024414062,99.73125285984815,98.91853951178403,99.07333924225759,225906500
2011-10-31,97.13831329345703,99.55322216331692,96.99899117363964,98.4231734990209,228146700
2011-11-01,94.42926788330078,95.59802522941933,94.05774029660597,94.45248725023846,416565800
2011-11-02,95.96955108642578,96.28689819566324,95.04074093712312,95.84571248895985,244717600
2011-11-03,97.71880340576172,97.91230598676323,95.6676748660997,96.96027068993455,291174800
2011-11-04,97.1228256225586,97.29310294671491,95.98502941277383,96.92932302647903,249401600
2011-11-07,97.72657012939453,97.8271893713384,96.1321044390357,97.0531788495902,196617200
2011-11-08,98.98043823242188,99.08880511073066,97.30083724447285,98.23738902906973,224426300
2011-11-09,95.3271255493164,97.37051257257095,95.09492006271577,96.66616026038498,337982000
2011-11-10,96.22496795654297,96.70485650681063,95.21875212396674,96.58875377147791,231866500
2011-11-11,98.03614807128906,98.29156698397856,97.36275698001864,97.39371810084796,189924400
2011-11-14,97.10734558105469,98.64762464747264,96.68937924994628,97.67237578011718,159258300
2011-11-15,97.58721923828125,98.105804717759,96.53456476652438,96.88286703656648,184709400
2011-11-16,96.03922271728516,97.78848216746945,95.8999005933099,96.60424706629547,235782500
2011-11-17,94.514404296875,96.10112787623137,93.83327731485912,95.8611806522104,331219600
2011-11-18,94.41377258300781,95.00975787524808,94.01902570334087,94.81625531338403,215580400
2011-11-21,92.61808776855469,93.15215093170822,91.83633560712263,93.03604819007285,229611600
2011-11-22,92.2542953491211,92.95864169570224,91.73570392752889,92.41683681371674,216494900
2011-11-23,90.21863555908203,92.25428635704804,90.21863555908203,91.38739272513747,224329100
2011-11-25,90.04835510253906,91.10100957869122,89.93999413339662,90.07931622304118,99557000
2011-11-28,92.65679168701172,93.02057754894795,91.96792284832739,92.52521132574194,210686000
2011-11-29,92.91999053955078,93.6552983712816,92.57942392852604,92.91999053955078,199241500
2011-11-30,96.7435531616211,96.92157814257284,92.88124312193194,95.58253762259694,324439500
2011-12-01,96.72806549072266,97.24665096028629,96.31009923152472,96.63518213137985,176954800
2011-12-02,96.64295959472656,97.91233644859814,96.58103733228602,97.61821455985344,221109700
2011-12-05,97.69558715820312,98.43863638433092,97.09186003105118,98.17546979505194,225263900
2011-12-06,97.72657012939453,98.3844778918342,97.33956486852043,97.68786724121446,178842100
2011-12-07,98.09031677246094,98.5005412400152,96.72805714577396,97.40144225091802,237802500
2011-12-08,95.9385757446289,97.66462133750848,95.7063761943259,97.44789939513366,240862800
2011-12-09,97.56401062011719,97.81169370515006,96.28689231391644,96.37203392801186,209111400
2011-12-12,96.13982391357422,96.728073427218,95.3271165972541,96.71258991344223,215826100
2011-12-13,95.24195861816406,97.19246174733415,94.77754776839232,96.6429152073488,245159800
2011-12-14,94.2280502319336,95.22652462983504,94.01906996503902,94.86273869743309,238618800
2011-12-15,94.56857299804688,95.35806085822576,94.42150916022518,95.22648053240087,199109200
2011-12-16,94.70880889892578,95.76813977965276,94.48292749794275,95.20732279222395,220481400
2011-12-19,93.6961898803711,95.2773948819031,93.49366922744784,95.07487422897984,183903000
2011-12-20,96.5314712524414,96.69504359598932,93.75852038388724,95.16836244685935,225418100
2011-12-21,96.71841430664062,96.86641088486559,95.6123502553884,96.53147532650802,194230900
2011-12-22,97.5751953125,97.676458601172,96.7651246592115,97.07668755231572,119465400
2011-12-23,98.44760131835938,98.47875880078064,97.68426379842612,97.88677852014106,92187200
2011-12-27,98.5255126953125,98.78255752213013,98.19057711746377,98.27625872640299,86075700
2011-12-28,97.23249816894531,98.55665860900429,97.15460742706232,98.54108283770076,119107100
2011-12-29,98.2373046875,98.33856205757967,97.25586470123163,97.55185189716788,123507200
2011-12-30,97.75440216064453,98.40090680436558,97.75440216064453,98.15943770621026,95599000
2012-01-03,99.31219482421875,99.99764750161592,99.25767071966959,99.51471547369353,193697900
2012-01-04,99.46797943115234,99.55366101853953,98.69685108734961,99.07851983127676,127186500
2012-01-05,99.7328109741211,99.88080752650332,98.47875650630631,98.93053107686532,173895000
2012-01-06,99.47578430175781,99.87303481354851,99.14863961801615,99.85745309945641,148050000
2012-01-09,99.71721649169922,99.84183450230402,99.2420754130203,99.70163478336322,99530200
2012-01-10,100.58182525634766,100.98685462311512,100.44161364064968,100.78433993973138,115282000
2012-01-11,100.63638305664062,100.76879792701993,100.10672357512341,100.27028999161745,111540700
2012-01-12,100.8778076171875,101.02580414675235,100.12225514493902,100.92455274654652,118983700
2012-01-13,100.35594940185547,100.51952766753341,99.48356367921059,100.2001679350066,179836200
2012-01-17,100.74539184570312,101.50874110831477,100.40266554581416,101.32179624873113,132209200
2012-01-18,101.8592758178711,101.91379398614163,100.54290035570153,100.72204845911158,163395200
2012-01-19,102.3967056274414,102.48238720010042,101.88261619148736,102.20976077290493,126328900
2012-01-20,102.77841186523438,102.77841186523438,101.97612583865123,102.22538575020202,138230200
2012-01-23,102.51356506347656,103.01207291825237,102.02284212262865,102.4356683827384,129295800
2012-01-24,102.3967056274414,102.42785716051662,101.72683475538781,101.88261619148736,103083300
2012-01-25,103.25350952148438,103.49497253036643,101.84366791321551,102.2409123582768,198613200
2012-01-26,102.72389221191406,103.9078411186681,102.31885080414737,103.71311127257962,184880500
2012-01-27,102.67713928222656,102.85628737840867,102.1552529355566,102.22536469959682,135259100
2012-01-30,102.32660675048828,102.3811367969315,101.30622454751456,101.65673579417042,147311800
2012-01-31,102.28768157958984,102.95754072440816,101.78916184981234,102.83292267732831,157212000
2012-02-01,103.18341827392578,103.70529266565217,102.91858862177138,103.04320664990345,166234500
2012-02-02,103.3470230102539,103.61186464611136,102.98094181714501,103.38597135835357,113090400
2012-02-03,104.79579162597656,104.85810659279147,104.19603235544174,104.37518045668172,160598500
2012-02-06,104.72569274902344,104.77242600324135,104.24276660828527,104.35959974383006,107694500
2012-02-07,104.99049377441406,105.16965371380857,104.09474161888755,104.50756776555923,135528100
2012-02-08,105.30209350585938,105.32546013213005,104.6166407742811,105.04504873151753,139361400
2012-02-09,105.43452453613281,105.61367266016562,104.81138667406717,105.47347288101807,148602900
2012-02-10,104.65559387207031,104.7412754674137,104.2505525226866,104.4998123947273,167907500
2012-02-13,105.43452453613281,105.55915448561917,104.95159833858085,105.4033729914443,115841900
2012-02-14,105.30209350585938,105.36440847103597,104.56990752173974,105.15409694923548,165329500
2012-02-15,104.81135559082031,105.8005862077784,104.60104409910362,105.64480475980264,195195100
2012-02-16,105.97197723388672,106.06544375017877,104.63223503532707,104.81917995327693,186567800
2012-02-17,106.25234985351562,106.4237129943616,105.90183866009848,106.3380314239386,129869400
2012-02-21,106.2990951538086,106.75086967771261,105.97195054381521,106.50160984989132,134042300
2012-02-22,105.95636749267578,106.36140876507943,105.76942262417504,106.13551556330403,124455300
2012-02-23,106.42374420166016,106.50162899783516,105.54356161879184,105.90186971436452,137704300
2012-02-24,106.65740966796875,106.86772119824214,106.42374339584809,106.65740966796875,105539100
2012-02-27,106.83656311035156,107.12475941855014,105.77723249531397,105.94859567461152,145728900
2012-02-28,107.14816284179688,107.2727928123352,106.65743976115733,106.86775135076972,129355900
2012-02-29,106.72750854492188,107.63884255222018,106.35361878395587,107.30390112702523,185934700
2012-03-01,107.28053283691406,107.48305942563357,106.65739513034275,106.95338821517085,145023500
2012-03-02,106.95338439941406,107.35064076442907,106.71192136950607,107.21042913990532,120638300
2012-03-05,106.5171890258789,106.86770025071972,106.15109609082933,106.78981547040091,140765000
2012-03-06,104.95935821533203,105.48901754624949,104.65558021427918,105.42671447173487,202129900
2012-03-07,105.69155883789062,105.8629220300491,105.09957257939223,105.20083588894906,143692200
2012-03-08,106.74305725097656,106.9611655110673,106.11993154338369,106.3380279181134,116968900
2012-03-09,107.15594482421875,107.43634439109998,106.81321839531967,106.9456332636913,122836800
2012-03-12,107.1636962890625,107.30389602874098,106.78202163322199,107.14032966578276,104003500
2012-03-13,109.09541320800781,109.14994325296256,107.56094154629743,107.74010150655197,184090500
2012-03-14,108.97860717773438,109.39921838971176,108.6436656827858,109.12660375326752,145163600
2012-03-15,109.60950469970703,109.65623794745862,108.86173707959209,109.1421484514648,165118500
2012-03-16,109.7613525390625,109.90216678789461,109.52665018688482,109.80829062200654,152893500
2012-03-19,110.19158172607422,110.52797910642037,109.61265114571057,109.69088920216156,125291100
2012-03-20,109.8708267211914,110.0038218724191,109.24495805736268,109.56571738897453,121729700
2012-03-21,109.69087982177734,110.03509620335186,109.4639966399426,109.93340106360387,122388400
2012-03-22,108.90071105957031,109.17453228359099,108.54084469723153,108.88506106285347,135216700
2012-03-23,109.25276947021484,109.37794558174251,108.39221056272689,108.99461015418417,120521000
2012-03-26,110.78621673583984,110.78621673583984,109.99606441711897,110.03517153132074,120164000
2012-03-27,110.44190216064453,110.95824459049366,110.37149508496945,110.88783751481859,119868500
2012-03-28,109.89427947998047,110.55926707510885,109.24494188192985,110.38715291960386,148562100
2012-03-29,109.70651245117188,109.90992659549937,108.8146536403238,109.24493901780528,164963700
2012-03-30,110.16028594970703,110.34805012991343,109.56571728523123,110.24634304012015,135486800
2012-04-02,110.96610260009766,111.25557390864103,109.80825317828452,110.02730544896663,151741100
2012-04-03,110.5123291015625,110.9973835641194,109.8629914328995,110.8096193911182,155806700
2012-04-04,109.41705322265625,109.79256958071139,109.0102368712508,109.69869347556005,146896000
2012-04-05,109.3622817993164,109.68304106813314,108.94764642741164,109.04153446794919,137439400
2012-04-09,108.13410186767578,109.40147790211364,107.83681141516993,107.98545664142286,127555900
2012-04-10,106.31900787353516,108.22790154851882,106.20948177435329,107.92279227669434,235360300
2012-04-11,107.17957305908203,107.60202743764032,106.98398989656545,107.40644427512375,154133000
2012-04-12,108.57998657226562,108.66604367560657,107.20308485626417,107.28132292746635,154321500
2012-04-13,107.28910827636719,108.60343344772106,107.18740120322583,108.32961222193278,169246700
2012-04-16,107.21875,107.99325210199417,106.8510525008381,107.83678787494674,147825300
2012-04-17,108.8068618774414,109.0259141358805,107.7272386483824,107.83676477760196,147877600
2012-04-18,108.43914794921875,108.80684531364928,108.25921475091795,108.32180280629453,123884200
2012-04-19,107.74287414550781,108.86160431926659,107.23436260060858,108.45479985832768,198666700
2012-04-20,107.92283630371094,108.61129317225202,107.86024823043861,108.22012666739084,143199600
2012-04-23,107.01528930664062,107.10917735207731,106.35031364598585,106.8197061233686,171844900
2012-04-24,107.42211151123047,107.69593275767994,107.02312609314345,107.10918317596034,137484200
2012-04-25,108.89290618896484,108.93984424776879,108.37656366721868,108.47043978482657,150252200
2012-04-26,109.65180206298828,109.77697821473316,108.59564768100506,108.6582357568775,136291600
2012-04-27,109.83170318603516,110.144631536387,109.37012969115823,109.98034833056026,130725000
2012-04-30,109.42488098144531,109.6908831963436,109.12760264560129,109.61264514417633,115092200
2012-05-01,110.10552978515625,110.82527457582998,109.23713984274899,109.36230402648863,138832200
2012-05-02,109.77696228027344,109.88648841278844,109.10415548412328,109.46402194633549,121081000
2012-05-03,108.93985748291016,109.878654585398,108.7364552242312,109.7925974879852,143759700
2012-05-04,107.17957305908203,108.97894054172427,107.11698501458285,108.36872202966848,193927300
2012-05-07,107.25786590576172,107.61773242370566,106.75717323137299,106.79628033390016,127765900
2012-05-08,106.82754516601562,106.99965933530154,105.55233889470213,106.61631196962819,213377700
2012-05-09,106.1938705444336,106.87449633719999,105.21595443415889,105.69317797347105,220752500
2012-05-10,106.41289520263672,107.06223276396409,106.17037398017276,106.92922570250055,150600000
2012-05-11,106.09214782714844,107.07788282367517,105.70098144063694,105.74791949702619,153032400
2012-05-14,104.91866302490234,106.09216234502095,104.76219883637701,105.07512721342769,163910000
2012-05-15,104.31623840332031,105.46626841684645,104.15195522278773,104.84823084195088,207629300
2012-05-16,103.91729736328125,105.26291112412684,103.89382832747792,104.78568750036818,207265500
2012-05-17,102.37606811523438,104.06590978579733,102.32129909063285,103.94073367595173,247992900
2012-05-18,101.49986267089844,102.95500216931951,101.35121752758614,102.77505702875659,319615900
2012-05-21,103.24444580078125,103.2835648226751,101.66413042837583,101.82842554535019,177861100
2012-05-22,103.42438507080078,104.23018683200779,102.75157844190996,103.51044214905833,197531200
2012-05-23,103.47917175292969,103.6278169077847,101.69545376957393,102.6811888853909,204958400
2012-05-24,103.68254089355469,103.92506209510789,102.8141512102023,103.76077893032274,167357600
2012-05-25,103.34617614746094,103.93292579567715,103.09582390091167,103.64345451842303,135465600
2012-05-29,104.59788513183594,104.77781831986178,102.61858425120073,104.1754307039817,152883500
2012-05-30,103.0801773071289,104.590085992571,102.86895602175743,103.70604600672999,162370400
2012-05-31,102.85330963134766,103.61999254810495,101.96926961447917,103.04107382905377,196186000
2012-06-01,100.2637710571289,102.87675965407698,100.2637710571289,101.24168702342241,253240900
2012-06-04,100.2168197631836,100.7175121942918,99.46577514779669,100.44369098491812,202545800
2012-06-05,100.97569274902344,101.1243259425586,99.96647682678025,100.02123987997618,164149400
2012-06-06,103.24444580078125,103.29138385207408,101.6484804321284,101.67978042462326,184202800
2012-06-07,103.3070297241211,104.46487871376877,103.09579656428672,104.4179406643498,184772700
2012-06-08,104.1285171508789,104.15198618364582,102.71248452837418,103.04107486201717,143915400
2012-06-11,102.80636596679688,105.02818846676637,102.70465887306406,104.96560040427326,169756100
2012-06-12,103.9876480102539,104.05805507943613,102.61074692841507,103.1036083501388,181931800
2012-06-13,103.32267761230469,104.33188146657521,102.97061837394524,103.68254394214274,172223900
2012-06-14,104.4179916381836,104.83262719372958,103.25231111294869,103.53395148440019,230615500
2012-06-15,105.48587036132812,105.58023288878621,104.6680337916485,104.8882210219201,169444500
2012-06-18,105.69031524658203,105.94982416875493,104.80956641930642,105.04548471212748,131360900
2012-06-19,106.71261596679688,107.14513082134903,105.66672077280796,106.22506031219392,137382600
2012-06-20,106.53964233398438,107.02721013574859,105.58812136471558,106.72051987302392,206451800
2012-06-21,104.14899444580078,106.7755215798354,104.06249148034208,106.66542798736992,205272200
2012-06-22,104.9511489868164,105.14774561447099,104.29057519842453,104.69163999839566,130029200
2012-06-25,103.26827239990234,103.88165285923442,102.89866981552215,103.84233113762498,146375700
2012-06-26,103.78728485107422,104.10184664441681,102.96157664259498,103.56709759538715,141634000
2012-06-27,104.72308349609375,104.92753965605678,103.77942214343385,104.13329365076817,108088000
2012-06-28,104.42424774169922,104.58153462560914,103.23680856372836,104.03105453053348,169242100
2012-06-29,107.02717590332031,107.16086012900001,106.0441930680558,106.31942106234855,212250900
2012-07-02,107.34959411621094,107.45968772297996,106.57107932523827,107.32600348613923,129524500
2012-07-03,108.05740356445312,108.1360350379515,107.2159640027867,107.32605766513183,80450000
2012-07-05,107.56977844238281,108.36403629782156,107.17658528600414,107.65628141675823,126177500
2012-07-06,106.54751586914062,106.76770313883543,106.04422896708017,106.53178477864635,151192100
2012-07-09,106.41380310058594,106.61039968154388,105.92623542028414,106.46098436012736,103780500
2012-07-10,105.48587036132812,107.12941504417829,105.12412734056531,106.95640907763574,167884800
2012-07-11,105.50161743164062,105.84762941714374,104.88823691163273,105.54093915713979,141733400
2012-07-12,104.9904556274414,105.55665485839161,104.27485304328135,104.88823354359313,143583200
2012-07-13,106.75194549560547,106.86203910306895,105.24994470861536,105.2656757951968,129642600
2012-07-16,106.50028228759766,106.81484398189112,106.08349854204782,106.50815382951856,97525200
2012-07-17,107.2316665649414,107.45185383104409,105.80830888073979,106.92497630149082,138860300
2012-07-18,108.02591705322266,108.23824478254957,106.91712113186335,106.98002149677613,113349700
2012-07-19,108.30899047851562,108.66286194220854,107.90007820901891,108.24607812952299,129847300
2012-07-20,107.31815338134766,107.86076191932654,107.20020022061497,107.69561549499652,142904500
2012-07-23,106.23294830322266,107.24739359731112,105.24996518841904,105.74539251805786,145210900
2012-07-24,105.32073211669922,106.35876799655381,104.61298910720201,106.31158672916133,173301200
2012-07-25,105.3443603515625,105.81618513945996,104.78602055334635,105.54095701301343,129122300
2012-07-26,107.08222961425781,107.31028837914737,106.36661514406511,106.86204239255292,156526500
2012-07-27,109.05609893798828,109.36280126228608,107.05868205203613,107.64847206157782,236768900
2012-07-30,109.05609893798828,109.575117026219,108.73368951891325,108.93028618876048,106782000
2012-07-31,108.29327392578125,109.20547300926911,108.29327392578125,108.90665434368857,120575900
2012-08-01,108.19888305664062,109.0953629165739,108.04946774676806,109.07177228862582,138293800
2012-08-02,107.45182800292969,108.18317353186109,106.61826041028982,107.38105611283079,199556600
2012-08-03,109.58296203613281,109.81100883823643,107.4832995512239,108.96170999024424,157825000
2012-08-06,109.79523468017578,110.22774947930522,109.74805342923455,109.87387809794508,86326200
2012-08-07,110.34576416015625,110.81758888075704,110.1177053457889,110.23565852611254,109545100
2012-08-08,110.47941589355469,110.60522858241126,109.94466696852908,109.97612914022025,89754700
2012-08-09,110.57377624511719,110.79396344543358,110.21203327356744,110.32212687372562,90291700
2012-08-10,110.75466918945312,110.79399091339448,109.94469207334413,110.12555760430782,99792700
2012-08-13,110.69965362548828,110.7546944521164,110.12558272347344,110.56596933303923,79426900
2012-08-14,110.71534729003906,111.17932443292295,110.38506640820498,111.10854053021853,102379400
2012-08-15,110.84111785888672,111.02985484172147,110.52656822012838,110.59734008895407,71085900
2012-08-16,111.65901184082031,111.7926960919988,110.72321008326645,110.99843813005587,112014200
2012-08-17,111.80842590332031,111.90280044208261,111.55678846500062,111.84774762786246,90813700
2012-08-20,111.8163070678711,111.83989770476488,111.34447033138221,111.65116061030798,78255700
2012-08-21,111.4781265258789,112.5240218288363,111.23434867317899,112.0915069292218,105581100
2012-08-22,111.52535247802734,111.70621803477206,110.93556253275327,111.19505954928357,133243500
2012-08-23,110.61312103271484,111.25795168263521,110.44011505362047,111.25009213787818,111466400
2012-08-24,111.2815170288086,111.53316639550877,110.2670840176413,110.33785590228737,99481200
2012-08-27,111.30510711669922,111.72976242111876,111.14783226292622,111.58034711027864,68785900
2012-08-28,111.19505310058594,111.54106510163577,110.85691264457317,111.02204710006103,75689600
2012-08-29,111.2815170288086,111.5803476519395,110.97482686270664,111.28938857108187,65421300
2012-08-30,110.47941589355469,110.8332873296128,110.2434976030817,110.80182515792163,96589900
2012-08-31,111.00630187988281,111.52531975929088,110.37719038962793,111.1085239475454,151970400
2012-09-04,110.90404510498047,111.24219741146752,110.19630232292094,110.91190464725182,120226200
2012-09-05,110.80970764160156,111.25008209433796,110.58952041523337,110.95125143027946,100660300
2012-09-06,113.05878448486328,113.06664402969751,111.47028047907736,111.47814002391159,158272500
2012-09-07,113.49915313720703,113.54633440239306,113.14528164900737,113.24750372380893,107272100
2012-09-10,112.85432434082031,113.58567003871549,112.81501461455238,113.38907341015202,86458500
2012-09-11,113.16887664794922,113.53060769453492,112.89363659133863,112.92509876887952,88760000
2012-09-12,113.54630279541016,113.6721274670844,113.16096923814573,113.54630279541016,87640900
2012-09-13,115.2763671875,115.63023862985443,113.23176996539496,113.53058860596167,225470200
2012-09-14,115.78755950927734,116.47171196544393,115.41008532718656,115.50445987236247,169777000
2012-09-17,115.39436340332031,115.74823494095129,115.10339222852076,115.55163830901118,119427800
2012-09-18,115.29993438720703,115.44934967677952,115.00897534917672,115.19771234642099,98326600
2012-09-19,115.36290740966797,115.73251005748216,115.13486058408168,115.43367932112852,128318300
2012-09-20,115.37077331542969,115.43367367855987,114.52147442149757,114.83602423437337,154009800
2012-09-21,115.3225326538086,115.95500253210926,115.27509952402397,115.93128596721695,108737500
2012-09-24,115.14864349365234,115.40953786226711,114.66638639955178,114.75335118909004,95682000
2012-09-25,113.9232177734375,115.61506792038898,113.89158764170344,115.39370525169333,133165200
2012-09-26,113.28280639648438,113.93109124054656,113.01401065968881,113.8994731799532,146502200
2012-09-27,114.35009002685547,114.61098424179856,113.45672608447673,113.75715191926392,111830300
2012-09-28,113.82040405273438,114.28684581837275,113.41721046837263,113.91527029297077,150696100
2012-10-01,114.12084197998047,115.18022198596749,113.85203416525674,114.25523985566315,135911200
2012-10-02,114.23943328857422,114.75330826695074,113.7097432461888,114.57147725260572,113422200
2012-10-03,114.70584106445312,114.97463675596141,113.94688710450554,114.54772666141035,121283100
2012-10-04,115.528076171875,115.6940921029438,114.98257112879034,115.14068556045135,124311600
2012-10-05,115.53597259521484,116.3423718436221,115.18811362282908,116.14472579688994,124842100
2012-10-08,115.14071655273438,115.52019370353575,114.87982224175808,115.10909848323472,78415400
2012-10-09,114.00225830078125,115.14860316990203,113.9627266714958,115.0537369103046,148872900
2012-10-10,113.27488708496094,114.09710129138959,113.12467417820824,113.98640793832482,124247500
2012-10-11,113.33818817138672,114.2315524675469,113.3144716027596,114.06552442379551,123601500
2012-10-12,112.96659088134766,113.8046083146766,112.72151167688646,113.41722972569953,124181900
2012-10-15,113.90740966796875,114.02599251081584,112.87174596256605,113.23540805620475,107689100
2012-10-16,115.06163024902344,115.14069350198606,114.3659242890589,114.44497547866283,108815500
2012-10-17,115.58341217041016,115.67829048122255,114.96675743524074,115.14068693114577,128834100
2012-10-18,115.28299713134766,115.83640367450282,114.8956065194601,115.28299713134766,148108500
2012-10-19,113.36186981201172,115.07743610650492,113.09307407481542,115.06953460718424,185645200
2012-10-22,113.37767791748047,113.58322545742622,112.48431395138955,113.17211831417771,125578600
2012-10-23,111.80442810058594,112.31040156028635,111.33798626779438,112.15228711600976,192056300
2012-10-24,111.48819732666016,112.34202978734527,111.31426782188957,112.20761984545638,120179400
2012-10-25,111.8123550415039,112.48435666177981,111.1324639827535,112.27880904378748,134457400
2012-10-26,111.74909210205078,112.13647067627015,110.9901258901359,111.70956047562711,146023500
2012-10-31,111.74909210205078,112.28668361866487,111.21939002201927,112.14438423957009,103438500
2012-11-01,112.9191665649414,113.06146596056175,111.88350297450411,111.9862707391099,100995600
2012-11-02,111.91511535644531,113.62278039730728,111.79653253278525,113.59115026875827,137702200
2012-11-05,112.1443862915039,112.3973669911986,111.41703812940428,111.74909414675184,98378500
2012-11-06,113.02194213867188,113.46466743730633,112.36575569128165,112.48433851650172,107068100
2012-11-07,110.4604263305664,112.00996462029352,109.9386378589132,111.99416162177624,264304500
2012-11-08,109.13224029541016,111.00593309773856,109.04527554877585,110.44461299430668,181517300
2012-11-09,109.22711181640625,110.2390585888821,108.74485499019846,108.80018960914974,201055300
2012-11-12,109.31410217285156,109.74101241678747,109.06902295287354,109.56708289357212,97677500
2012-11-13,108.93458557128906,110.0888437471796,108.59464017454569,108.73693953224564,123018300
2012-11-14,107.46411895751953,109.44057972313293,107.21903975272093,109.26666227404938,191505000
2012-11-15,107.28228759765625,107.90685595305011,106.87118038199844,107.50365023761988,178128400
2012-11-16,107.81197357177734,108.02543470347138,106.49169928196359,107.44039799797457,239483900
2012-11-19,109.99396514892578,110.00976814465656,107.84357552069963,109.02153806048481,151495800
2012-11-20,110.04143524169922,110.22326626055067,109.16388614952453,109.82007259352538,119807400
2012-11-21,110.24699401855469,110.34187235123305,109.9149500125824,110.13631268323059,81710800
2012-11-23,111.74909210205078,111.78861166511577,110.71341656852891,110.78457832143499,65409200
2012-11-26,111.5119400024414,111.75701925381955,110.83203688731425,111.19569898182328,100124400
2012-11-27,110.94270324707031,111.78072072766057,110.87155355079979,111.40124361752457,128646200
2012-11-28,111.8360366821289,111.89927279696998,109.891194408462,110.49203400630424,177086500
2012-11-29,112.35784149169922,112.66616889888668,111.76490324223411,112.25507373154309,151085900
2012-11-30,112.38155364990234,112.59501478908022,111.99417506265848,112.37365214969542,136568300
2012-12-03,111.82817840576172,112.99033862005729,111.74121362566605,112.89547233753927,124656300
2012-12-04,111.6700668334961,112.16022539047145,111.3696408465175,111.82027982698538,127512200
2012-12-05,111.86770629882812,112.38949496193062,110.97434195715526,111.76492645396677,147300500
2012-12-06,112.24714660644531,112.29457973053432,111.59887380496534,111.76488973927687,103220600
2012-12-07,112.58709716796875,112.80845977565751,112.00206052572997,112.68196341030468,108726400
2012-12-10,112.63453674316406,112.90333248742294,112.38154399796178,112.42898918520575,98840700
2012-12-11,113.4013900756836,113.93107999769539,113.045629628166,113.10096424458331,152570400
2012-12-12,113.45677947998047,114.27899413160793,113.29866498954823,113.84417023539748,145880100
2012-12-13,112.76104736328125,113.7097461509431,112.47643652064673,113.3856036789561,135715000
2012-12-14,112.34207153320312,112.72154874673359,112.168141963801,112.51600110260524,137701700
2012-12-17,113.66228485107422,113.7255330296909,112.60289293844058,112.63452305942721,143238200
2012-12-18,114.92720794677734,115.02998774111553,113.67808360824016,113.84411157883599,177762800
2012-12-19,114.07341003417969,115.09327059651717,114.03389046754751,115.05373896652522,150895400
2012-12-20,114.72953796386719,114.7453530204684,113.8282727512558,114.14451356651202,168487000
2012-12-21,113.68819427490234,114.7232457943043,113.01143869796552,113.19455936596962,245883800
2012-12-24,113.33785247802734,113.50504587133133,113.21045893623213,113.44134910043373,53874600
2012-12-26,112.8601303100586,113.62447939524789,112.54165861143105,113.56874016608396,106947700
2012-12-27,112.70889282226562,113.12291589956654,111.40313894670513,112.89201350785372,167920600
2012-12-28,111.49063873291016,112.59734387567397,111.36324524120346,111.9763157897439,148806700
2012-12-31,113.38562774658203,113.50505160497465,111.10055001502454,111.19610125065608,243935200
2013-01-02,116.2917251586914,116.36337947586382,115.23278903666717,115.53534568550775,192059000
2013-01-03,116.02900695800781,116.53856913334387,115.71849269723928,116.2360245644672,144761800
2013-01-04,116.53852844238281,116.72961874725735,115.98119690597748,116.22005674984158,116817700
2013-01-07,116.22007751464844,116.33154384184496,115.79012728909146,116.12453841959955,110002500
2013-01-08,115.88567352294922,116.17230294462246,115.43183854325078,116.01306707678577,121265100
2013-01-09,116.18022918701172,116.49871298580375,115.95729660231466,116.14041719354839,90745600
2013-01-10,117.10381317138672,117.11177071045856,116.22004037782881,116.82514136798261,130735400
2013-01-11,117.09580993652344,117.15949452207487,116.72955675059838,117.0719130308043,113917300
2013-01-14,117.0162353515625,117.09585934046078,116.5862852497758,116.95253859022687,89567200
2013-01-15,117.09580993652344,117.20727618460326,116.40311554232537,116.47476981275314,93172600
2013-01-16,117.07994079589844,117.26306140524726,116.72961465702878,116.8570081891479,104849500
2013-01-17,117.83634185791016,118.17074082963676,117.15957422415896,117.59748197841455,133833500
2013-01-18,118.09907531738281,118.22646886089557,117.38249574681127,117.8124459189376,169906000
2013-01-22,118.73603820800781,118.73603820800781,117.82041072507836,118.09908260008248,111797300
2013-01-23,118.92711639404297,119.03062517315155,118.521063116561,118.73603821589508,104596100
2013-01-24,118.9589614868164,119.54017781443424,118.64047763345837,118.75194394490448,146426400
2013-01-25,119.62776184082031,119.62776184082031,118.92710949779301,119.33317490064613,147211600
2013-01-28,119.48440551757812,119.69141083223779,119.03852829160687,119.65955638449805,113357700
2013-01-29,119.95420837402344,120.10548669536965,119.16597445439093,119.2455984600208,105694400
2013-01-30,119.48440551757812,120.17708789451548,119.37292709940118,119.93822813211605,137447700
2013-01-31,119.18988037109375,119.73129697780786,119.11026850025794,119.34115871927739,108975800
2013-02-01,120.41598510742188,120.55929372008454,119.73921759496115,119.94622297400144,131173000
2013-02-04,119.06246948242188,120.4398895005559,118.97488793299671,119.6835100185664,159073600
2013-02-05,120.26475524902344,120.60711183867531,119.65964179915187,119.70742350486873,113912400
2013-02-06,120.35230255126953,120.43191440695452,119.75515896350394,119.8427405089996,138762800
2013-02-07,120.19304656982422,120.5035606975234,119.31723126148535,120.39209439909075,162490000
2013-02-08,120.86187744140625,120.93353176381495,120.40008489324127,120.40008489324127,103133700
2013-02-11,120.83796691894531,120.94146353517623,120.53541031246397,120.81408214989848,73775000
2013-02-12,121.03703308105469,121.25996572518007,120.7105916561147,120.84594275083954,65392700
2013-02-13,121.1405029296875,121.50675627772785,120.79814649794383,121.2838236828912,82322600
2013-02-14,121.25200653076172,121.39532732805863,120.63894778080865,120.77429888724969,80834300
2013-02-15,121.10865783691406,121.49082625514069,120.66279265749716,121.36343273276015,215226500
2013-02-19,122.01636505126953,122.04024982781621,121.14851910628676,121.31571254211357,95105400
2013-02-20,120.49555969238281,121.968518105701,120.43186294570239,121.92870612041172,160574800
2013-02-21,119.76309204101562,120.5592833287359,119.38092362460606,120.19304213977692,183257000
2013-02-22,120.93357849121094,120.93357849121094,119.8189147710974,120.34439215405186,106356600
2013-02-25,118.63251495361328,121.70581414910649,118.63251495361328,121.52269353443168,245824800
2013-02-26,119.4446029663086,119.58791154571969,118.41750955154308,119.2057431850436,186596200
2013-02-27,120.94942474365234,121.28382363577741,119.23760613885318,119.34111489674257,150781900
2013-02-28,120.71060180664062,121.71379878956343,120.55136592586354,120.94149201142959,126866000
2013-03-01,121.10865783691406,121.29177843226422,119.75513507113708,120.29653931788188,170634800
2013-03-04,121.75363159179688,121.75363159179688,120.63896808706019,120.83004631706018,99010200
2013-03-05,122.84439849853516,123.17083997527187,122.3268788101827,122.34280604412396,121431900
2013-03-06,123.01160430908203,123.34600332894507,122.74090207618147,123.2823065419826,94469900
2013-03-07,123.23455047607422,123.39378638644762,123.02754500748095,123.17085368214063,86101400
2013-03-08,123.76001739501953,123.92721081836672,123.13898895332053,123.77594462783512,123477800
2013-03-11,124.22968292236328,124.23764045889412,123.51311586944377,123.66439410590496,83746800
2013-03-12,123.9510726928711,124.28548377562022,123.57687390773135,124.14216300459677,105755800
2013-03-13,124.12618255615234,124.30134556290464,123.5927359988291,124.01471629266557,92550900
2013-03-14,124.78705596923828,124.84279519034263,124.13418543677818,124.45265708935655,126329900
2013-03-15,124.62240600585938,124.79034311723078,124.20654139181883,124.63840408411893,138601100
2013-03-18,123.93453979492188,124.47035907657383,123.31874238641788,123.43070444224144,126704300
2013-03-19,123.6467056274414,124.366460364818,122.8309746429137,124.19852328747615,167567300
2013-03-20,124.51032257080078,124.71824857378843,124.16643133949643,124.37436954543043,113759300
2013-03-21,123.44669342041016,124.4703499134237,123.23876739003015,123.76658149837141,128605000
2013-03-22,124.43839263916016,124.43839263916017,123.74261700600312,123.83859321230615,111163600
2013-03-25,123.91862487792969,124.97427828656204,123.43879240369803,124.7663398984003,151322300
2013-03-26,124.91026306152344,124.9422470029631,124.29446541296605,124.43041851925338,86856600
2013-03-27,124.91026306152344,124.95025214053823,123.95857911455845,124.16650524130021,99950600
2013-03-28,125.29411315917969,125.4380713821145,124.55836058349017,124.83026675653703,102932800
2013-04-01,124.79827880859375,125.48604935551657,124.49437650557277,125.23012905761439,99194100
2013-04-02,125.4140853881836,125.72598064688988,125.05419591794745,125.24613615520991,101504300
2013-04-03,124.14251708984375,125.58203854681028,123.8146359214698,125.48607451733048,154167400
2013-04-04,124.64632415771484,124.89423931250288,124.03052663575836,124.30243279243226,131885000
2013-04-05,124.08650970458984,124.23846084684939,122.97488190952616,123.11882791611896,159666000
2013-04-08,124.92618560791016,124.93417853769944,123.75857110252537,124.1744353075462,86571200
2013-04-09,125.35808563232422,125.81393907385828,124.74228811063736,125.15815248139546,101922200
2013-04-10,126.8935775756836,127.05352166441831,125.66199466917939,125.69397860574563,135711100
2013-04-11,127.30943298339844,127.72529734711884,126.78959947801019,126.91755962114738,110142500
2013-04-12,126.99757385253906,127.1895019188376,126.29380506823274,126.90159761643541,116359900
2013-04-15,124.05453491210938,126.46173819543479,124.03854904392685,126.35776903748436,217259000
2013-04-16,125.88587951660156,125.94985957270318,124.68628092132907,124.99017093412684,147507800
2013-04-17,124.0464859008789,125.01416741838952,123.38270658279181,124.99016422106114,226834800
2013-04-18,123.27076721191406,124.28643090497607,122.79892796504767,124.2544347712854,167583200
2013-04-19,124.34244537353516,124.39843252382215,123.25480833824123,123.55871069019133,149687600
2013-04-22,124.89424133300781,125.1901384963545,123.75862248121767,124.58234610049468,106553500
2013-04-23,126.18183135986328,126.30178639027037,124.89426115402985,125.51805171805317,166141300
2013-04-24,126.26175689697266,126.59764304508818,125.98983860311405,126.22176783585097,96781200
2013-04-25,126.7735595703125,127.37335875726126,126.43767348997469,126.62960141991304,131060600
2013-04-26,126.54972839355469,126.83763270270535,126.14185683720106,126.62170142010369,95918800
2013-04-29,127.39741516113281,127.67731427032328,126.69364651548462,126.89357968045722,88572800
2013-04-30,127.7013168334961,127.73331297644111,126.84560915548911,127.37343568750448,116010700
2013-05-01,126.58170318603516,127.48540513055181,126.43775714334424,127.4214250439268,138874200
2013-05-02,127.75733184814453,127.86929396696677,126.78165672571254,126.90161178053789,96407600
2013-05-03,129.05288696289062,129.46075852901032,127.78131465159325,128.8689518229875,144202300
2013-05-06,129.38072204589844,129.5646571028956,129.09281785962264,129.14880499168018,66882100
2013-05-07,130.03652954101562,130.0765064098537,129.29277185517554,129.66065423150692,90359200
2013-05-08,130.6283721923828,130.6683612789643,129.82064633644302,129.89261937051612,97419200
2013-05-09,130.260498046875,130.91627267626677,129.93260463070135,130.57239338829604,106738600
2013-05-10,130.68435668945312,130.79631880782475,129.96458975453078,130.34847033433832,103203000
2013-05-13,130.7882843017578,131.004215554045,130.21248796724694,130.51637810433127,81843200
2013-05-14,132.13983154296875,132.23580776565836,130.89225047457765,130.89225047457765,119000900
2013-05-15,132.8515625,133.1154756963166,131.88389298312228,131.9238820497672,120718500
2013-05-16,132.227783203125,133.0435138599081,132.02785005607674,132.57966749440206,109913600
2013-05-17,133.50735473632812,133.58732067008916,132.53967297510192,132.7156151135067,129801000
2013-05-20,133.49940490722656,134.01923860530738,133.24349672904276,133.3794498554147,85071200
2013-05-21,133.6912841796875,134.19511957327023,133.15546485453675,133.61931118144707,95804200
2013-05-22,132.6996612548828,135.21083403000128,132.09186870341952,133.82728746225362,244031800
2013-05-23,132.31576538085938,132.68364777160195,131.1081734644002,131.2841156248051,211064400
2013-05-24,132.20379638671875,132.259783527081,131.14015054639748,131.5320239200794,151573900
2013-05-28,132.9955291748047,134.17912996463298,132.60365582143118,133.5873234682435,143679800
2013-05-29,132.1317901611328,132.59563642470727,131.4280217332339,132.29173420303306,160363400
2013-05-30,132.61972045898438,133.22751312577594,132.13188285703433,132.2358520485348,107793800
2013-05-31,130.71627807617188,133.00351357363792,130.46037001506545,132.25176305165994,176850100
2013-06-03,131.4360809326172,131.5240520222909,130.08453064715457,131.02021649025488,168390700
2013-06-04,130.80429077148438,132.03588607906175,130.1405111036518,131.50805951867144,157631500
2013-06-05,128.97286987304688,130.6922899492729,128.86090780579892,130.4283767472705,211737800
2013-06-06,130.1404571533203,130.1484622876449,128.15712410966563,128.91686749063086,200225500
2013-06-07,131.7959442138672,131.91589923114512,130.46838507554926,131.0362006308859,188337800
2013-06-10,131.7959442138672,132.2757764859308,131.45205282608396,132.20380347556403,105667100
2013-06-11,130.4364013671875,131.58800614392953,130.14849712226402,130.59634545815567,159505400
2013-06-12,129.3567657470703,131.46805961179464,129.2368107218399,131.33210651554927,177361500
2013-06-13,131.3241424560547,131.55605962347656,128.9969168312705,129.28482115807842,163587800
2013-06-14,130.5003662109375,131.69197223644187,130.28444718447258,131.18014383545744,141197500
2013-06-17,131.50802612304688,132.13181655311737,130.53235140874162,131.3880589154483,136295600
2013-06-18,132.54769897460938,132.74763214490855,131.57202412731317,131.5800170610623,114695600
2013-06-19,130.71627807617188,132.66762737927644,130.6603031452532,132.43571031755656,206149500
2013-06-20,127.47738647460938,130.73230439487517,127.14150020766235,129.44473427010197,321255900
2013-06-21,127.88662719726562,128.4413523467679,126.60027920800205,128.3448805412064,271956800
2013-06-24,126.27061462402344,127.37204164661485,125.20134077155377,126.55200699954916,222329000
2013-06-25,127.484619140625,128.71468348227236,126.56005287716697,127.4122530336002,162262200
2013-06-26,128.74679565429688,129.03622318766148,128.03126817841178,128.52972193739413,134848000
2013-06-27,129.50254821777344,130.09748611180456,129.3980289514859,129.5186309358606,129483700
2013-06-28,128.97198486328125,129.7598666459823,128.5217667017378,129.14082280762247,160402900
2013-07-01,129.72760009765625,130.62803563387493,129.5024912136016,129.64719881013067,131954800
2013-07-02,129.6071319580078,130.48345038313806,129.03631172338933,129.53476582437617,154863700
2013-07-03,129.66334533691406,130.0572922116537,128.81114524678193,129.0201715227041,75216400
2013-07-05,131.06227111816406,131.11050701611987,129.67945146165982,130.6200882743652,122416900
2013-07-08,131.8099822998047,132.16372865596924,131.11053708399535,131.7376284362779,108092500
2013-07-09,132.7586212158203,132.91941161314907,132.06721146653786,132.63801921718303,119298000
2013-07-10,132.80686950683594,133.2570875683962,132.35665144527567,132.62999637300553,121410100
2013-07-11,134.61578369140625,134.75245614963012,132.79881653114654,134.35047400161113,135592200
2013-07-12,134.67205810546875,135.00972164595728,134.36656000742022,134.5755863131926,104212700
2013-07-15,135.1865997314453,135.37955559059148,134.80873550781888,135.04189203772745,69450600
2013-07-16,134.6800994873047,135.35542653763164,134.31831801516677,135.2750252027026,88702100
2013-07-17,135.02578735351562,135.4518874057414,134.8489142449479,135.19462523624676,92873900
2013-07-18,135.76541137695312,136.0870043721004,135.22675691103962,135.31519345126532,103620100
2013-07-19,136.00665283203125,136.05488873207707,135.315242973821,135.48408089150428,103831700
2013-07-22,136.27191162109375,136.46486741668684,135.87796480541053,136.1995577980657,79428600
2013-07-23,135.98255920410156,136.53729668889574,135.91020534109148,136.51317873455903,80829700
2013-07-24,135.48406982421875,136.56137906231635,135.21071263375063,136.50509567184525,112914000
2013-07-25,135.81369018554688,135.9342921971648,135.01777333947103,135.24288237346443,111088600
2013-07-26,135.95835876464844,135.99855941999513,134.68005889024008,135.24283126254085,107814600
2013-07-29,135.5403594970703,135.9182237583073,135.15446000789,135.61271335113096,79695000
2013-07-30,135.5403594970703,136.09509691324902,135.21877863400732,135.95038920512775,85209600
2013-07-31,135.6368865966797,136.553405841423,135.46001338563033,135.82179503822132,142388700
2013-08-01,137.2045440673828,137.32513379982402,136.5935233762911,136.66588948327694,110438400
2013-08-02,137.4376983642578,137.4537810856007,136.71413538161477,136.89904374073075,91116700
2013-08-05,137.23670959472656,137.44574817313784,136.9553294378592,137.13220257304312,54072700
2013-08-06,136.4568328857422,137.2688445352452,136.15133484810056,136.97136945534433,87495000
2013-08-07,136.0146484375,136.2156394741561,135.5081593670398,136.02269593017863,84854700
2013-08-08,136.51318359375,136.81868178206403,135.81372609051337,136.65789132492105,102181300
2013-08-09,136.1191864013672,136.75432503426262,135.64485043390215,136.3362601856814,91757700
2013-08-12,135.95835876464844,136.11914911851758,135.3714684526432,135.4357870476944,68593300
2013-08-13,136.36036682128906,136.59351103879087,135.3956122463354,136.19957643671677,80806000
2013-08-14,135.66090393066406,136.51310389677673,135.62873849749846,136.29603015922328,79829200
2013-08-15,133.76364135742188,134.60779441936742,133.53048474091113,134.59172395911125,152931800
2013-08-16,133.3214569091797,133.96463107075755,133.05614710749657,133.50636534034305,130868200
2013-08-19,132.46917724609375,133.62688759202553,132.4611297533318,133.16862213529444,96437600
2013-08-20,133.12042236328125,133.6188763489708,132.54156703327664,132.68627473201641,89294400
2013-08-21,132.30030822753906,133.4821362384725,132.00284548584716,132.75052608551056,159530500
2013-08-22,133.50636291503906,133.69931884026516,132.56572578117405,132.57376101106937,101471400
2013-08-23,133.95654296875,134.12538088865324,133.27318059657745,133.90027184046428,90888900
2013-08-26,133.45803833007812,134.50319409580533,133.36960178988156,134.0931645605674,89702100
2013-08-27,131.31149291992188,133.4580761668891,131.21502112781786,132.13957518220624,158619400
2013-08-28,131.77783203125,132.24413294127928,131.08642202914115,131.25524771443813,108113000
2013-08-29,131.98680114746094,132.68624607535403,131.36774527899823,131.48834726942403,119200500
2013-08-30,131.56878662109375,132.27627931263345,131.1828870927652,132.26019658759168,134928900
2013-09-03,132.16371154785156,133.1204311779458,131.60897413090458,132.83903872173326,142375100
2013-09-04,133.25706481933594,133.48217381168647,131.95464675394794,132.19582619752347,97389400
2013-09-05,133.42591857910156,133.77965256095746,133.24099796032243,133.3374820167572,63090500
2013-09-06,133.49021911621094,134.24594747652745,132.2360368448435,133.86808329636918,159756500
2013-09-09,134.76853942871094,134.84892849813477,133.8198551763451,133.8198551763451,87559300
2013-09-10,135.76541137695312,135.78952931814936,135.27499279343212,135.58050307194245,105847200
2013-09-11,136.1915283203125,136.1915283203125,135.34737573829133,135.58051995472616,94545900
2013-09-12,135.82977294921875,136.32019168789634,135.64486458570755,136.14331855148657,83209000
2013-09-13,136.13526916503906,136.2397884440981,135.66093319742203,135.97447876707815,72727800
2013-09-16,136.92318725585938,137.67088059389022,136.70611341352472,137.60656196403087,106299200
2013-09-17,137.5342254638672,137.56637864909274,137.0438065833782,137.0438065833782,82523300
2013-09-18,139.12603759765625,139.50390183544496,137.14024460928502,137.48594340224932,203460600
2013-09-19,138.89285278320312,139.56819204427956,138.75618033933011,139.5038734352475,146616900
2013-09-20,137.92176818847656,139.22246013655794,137.80866507678752,139.22246013655794,132867100
2013-09-23,137.28355407714844,137.86523083097848,136.84730267543415,137.73597891804016,104616500
2013-09-24,136.96041870117188,137.76830178786662,136.70190252363471,137.2593314985073,106333100
2013-09-25,136.56455993652344,137.32397205701855,136.44338239700542,137.04929474923216,117306500
2013-09-26,137.08966064453125,137.47744101139097,136.57261604627976,136.7907478958389,77146900
2013-09-27,136.4595184326172,136.64532806816916,136.1040479456022,136.40296070635748,99141800
2013-09-30,135.73239135742188,136.16056827595366,135.03761162271323,135.30421443889009,143937000
2013-10-01,136.80690002441406,136.93616425896653,135.7001042934337,135.83744291990226,127160000
2013-10-02,136.67764282226562,136.80690706346908,135.58700814631746,136.00711076657038,113350000
2013-10-03,135.41738891601562,136.48380074278336,134.78724095558755,136.36261085665777,176698000
2013-10-04,136.4434051513672,136.58074382816403,135.34468340967192,135.52241871548443,96878000
2013-10-07,135.26390075683594,136.08794520954567,135.11848767376318,135.2558263613279,96295000
2013-10-08,133.68853759765625,135.41740752905886,133.5915955372874,135.23967220016797,178015000
2013-10-09,133.7854461669922,134.27016863015245,132.92100533368043,133.94702032137894,168973000
2013-10-10,136.66961669921875,136.74232323783065,135.10232112120644,135.1507921469477,195955000
2013-10-11,137.55015563964844,137.59863897476947,136.34641785477726,136.45952098209366,105040000
2013-10-14,138.09954833984375,138.2126514883296,136.59688518006388,136.7019139348431,112106000
2013-10-15,137.09771728515625,138.26914495309592,136.911907681161,137.75210042179015,155485000
2013-10-16,139.01243591308594,139.08514242567335,137.85715679471468,137.92178891500896,161676000
2013-10-17,139.94151306152344,140.02230630331272,138.42268887257413,138.44692437964733,129389000
2013-10-18,140.88671875,140.98366076723573,140.17577775076063,140.45854173745352,138316000
2013-10-21,140.894775390625,141.17753934169173,140.57970154698936,140.9351720018224,104104000
2013-10-22,141.7107391357422,142.13082935825796,140.91900503657857,141.30679769518238,126663000
2013-10-23,141.03213500976562,141.29065114816459,140.53932590839827,141.22601903173592,105484000
2013-10-24,141.50070190429688,141.67843714971,140.98365727963593,141.31489226675274,70350000
2013-10-25,142.1470489501953,142.1874455763343,141.51690102984938,141.79157836388336,93625000
2013-10-28,142.37327575683594,142.56717219382065,141.94509857823417,142.09859838326526,84979000
2013-10-29,143.1326141357422,143.1891718567313,142.4943920588528,142.69636278698823,87401000
2013-10-30,142.4217071533203,143.40732552758422,141.91274917975758,143.30230910651267,140002000
2013-10-31,142.0177459716797,142.906422195258,141.80770083125034,142.30858434236748,133795000
2013-11-01,142.3571014404297,142.6802497834738,141.55729264951472,142.20360166292204,142805000
2013-11-04,142.8579864501953,142.9145318634806,142.17128080544487,142.74488329630552,85677000
2013-11-05,142.405517578125,142.79329790579683,141.84000203207978,142.3004888598186,85825000
2013-11-06,143.1326141357422,143.39921697615875,142.62364395610012,143.01951102107896,87348000
2013-11-07,141.32301330566406,143.5123823728207,141.18567463020705,143.39927920907255,157000000
2013-11-08,143.2295379638672,143.24569907171528,141.25831426236934,141.27446304290405,136713000
2013-11-11,143.25379943847656,143.42344794144867,142.9225644962545,143.09221299922658,62614000
2013-11-12,142.96302795410156,143.28617632907324,142.4863674591359,142.94686683715688,83990000
2013-11-13,144.1101837158203,144.15056800683436,142.26012461117855,142.26012461117855,103844000
2013-11-14,144.82920837402344,144.95038590942278,144.00516415135402,144.23944482889874,103435000
2013-11-15,145.4593048095703,145.51585019700173,144.87762819057346,145.06343778829608,102818000
2013-11-18,144.9503936767578,145.8229089603417,144.62724534683133,145.7017314184489,104796000
2013-11-19,144.63531494140625,145.31393380812597,144.38487314492528,144.8776823444685,93891000
2013-11-20,144.182861328125,145.36236345211196,143.78699427154598,144.92611211261473,124909000
2013-11-21,145.34625244140625,145.45935558306203,144.49797271532907,144.58684035000988,92841000
2013-11-22,146.07333374023438,146.08949485304268,145.23314078395907,145.40278932283638,81296000
2013-11-25,145.92791748046875,146.3641688981107,145.71786000055639,146.33185900052558,79486000
2013-11-26,145.9683074951172,146.40457125718515,145.75018794140058,146.0006297212868,86994000
2013-11-27,146.32382202148438,146.42077640183186,145.94411587736954,146.12185119279866,58800000
2013-11-29,146.22679138183594,146.83270350082145,146.06521728223586,146.48531980304696,55870900
2013-12-02,145.8471221923828,146.5742119873228,145.62091593052074,146.29953471610696,99726000
2013-12-03,145.21701049804688,145.7340552718178,144.74843674567327,145.3705102840182,116563000
2013-12-04,145.2008056640625,145.80671790373748,144.08593552563548,144.69184776531046,123033000
2013-12-05,144.56260681152344,145.20891577006475,144.4252681610226,144.94231286239204,106934000
2013-12-06,146.17832946777344,146.315668077333,145.54009509282176,145.96019763973678,127728000
2013-12-09,146.54995727539062,146.76808911621032,146.35607326338652,146.60651499710187,70124000
2013-12-10,146.02490234375,146.51771163590058,145.93603469017137,146.21071204584334,80976000
2013-12-11,144.3848876953125,146.10568287041752,144.20715240364348,146.0814473604008,130591000
2013-12-12,143.9082489013672,144.49800022891438,143.6093237128951,144.32026492571052,115565000
2013-12-13,143.89202880859375,144.33636688448587,143.6173515716114,144.20710265744177,107808000
2013-12-16,144.78878784179688,145.26543583874164,144.53025937254935,144.57065598678378,96195000
2013-12-17,144.32833862304688,144.94233778653697,144.005190251867,144.91810227506448,89886000
2013-12-18,146.79237365722656,146.81660916682353,143.25385365555826,144.54645936756685,234906000
2013-12-19,146.62266540527344,146.79231390339444,145.99251775762417,146.37221136252353,136531200
2013-12-20,147.47557067871094,147.82485282455733,146.67143223002162,146.76890055247065,197087000
2013-12-23,148.2635040283203,148.3528541408774,147.88986711707796,148.19852100152923,85598000
2013-12-24,148.58836364746094,148.65334665539385,148.26346100203784,148.27157923018893,45368800
2013-12-26,149.34384155273438,149.42507344454424,148.90522156200203,148.92145802496677,63365000
2013-12-27,149.33567810058594,149.603715995051,149.18134498942905,149.53874537437284,61814000
2013-12-30,149.3113250732422,149.47377642871393,149.1163760101297,149.35192861642716,56857000
2013-12-31,150.01797485351562,150.01797485351562,149.40064243486384,149.51437200187212,86119900
2014-01-02,148.5802764892578,149.51439348010695,148.22287606801078,149.44127983449258,119636900
2014-01-03,148.555908203125,149.13262476805943,148.34472268057192,148.83207674667378,81390600
2014-01-06,148.12538146972656,149.10010183124203,147.89794713184767,149.04324944389322,108028200
2014-01-07,149.03512573242188,149.28692716144724,148.6046241161703,148.7183412903831,86144200
2014-01-08,149.06765747070312,149.319458957219,148.5559238727868,149.0107926734923,96582300
2014-01-09,149.1650848388672,149.56310112726982,148.48278182524143,149.54685227620962,90683400
2014-01-10,149.57127380371094,149.63625683736544,148.65340549542972,149.41694064806228,102026400
2014-01-13,147.5811767578125,149.6037189118478,147.2968776112708,149.18946612717332,149892000
2014-01-14,149.18948364257812,149.27071552091067,147.79237961612046,148.06854817166,105016100
2014-01-15,149.99362182617188,150.22105619301232,149.221968624803,149.538753092491,98525800
2014-01-16,149.79867553710938,149.99362459553348,149.3194397120076,149.6849583515896,72290600
2014-01-17,149.1650848388672,149.82302077302361,148.90516519311342,149.53873404780046,107848700
2014-01-21,149.6036834716797,150.08293155325427,148.68582802178688,150.02606677971963,88621200
2014-01-22,149.70120239257812,149.9205185269744,149.38441792922492,149.85553550958872,61270900
2014-01-23,148.47471618652344,148.9702010096657,147.68682628176995,148.94583391953142,132496900
2014-01-24,145.30679321289062,147.5567816940276,145.2580590585522,147.50804753968913,208677100
2014-01-27,144.59201049804688,145.81854470747868,143.86909153246958,145.44489548747322,180843100
2014-01-28,145.4530487060547,145.639867147958,144.68138306597643,144.6976319200423,110463200
2014-01-29,144.05592346191406,145.03064385989143,143.67415601028458,144.24274187625116,216597300
2014-01-30,145.58303833007812,146.0541560604513,144.7951360354839,145.2581355339401,118938100
2014-01-31,144.73013305664062,145.63175244508372,143.70667823499392,143.77977949491608,194677900
2014-02-03,141.47291564941406,144.8844435832325,141.19674711443565,144.55954088258068,254837100
2014-02-04,142.46385192871094,142.8293704806571,141.42414865487967,142.10645160441132,165012400
2014-02-05,142.28518676757812,142.60197124309002,141.09928073894127,141.96840229206623,164230500
2014-02-06,144.16151428222656,144.16151428222656,142.32579060509087,142.61820797256973,132877600
2014-02-07,145.9485626220703,146.10289579408888,144.36463974075704,144.83575748903826,170787200
2014-02-10,146.2165985107422,146.2653450820023,145.56679295823125,145.96479700000722,92218800
2014-02-11,147.8167266845703,148.19037592236114,146.24092265455982,146.33840337420773,117814100
2014-02-12,147.88986206054688,148.5071822025876,147.59744464710766,148.03606457014416,94717700
2014-02-13,148.6533966064453,148.80772975286536,146.88265552366826,146.89077375454727,100542200
2014-02-14,149.47372436523438,149.74989281276797,148.37715640782085,148.51524063158766,96498400
2014-02-18,149.65245056152344,149.85551781904024,149.17320241415996,149.6037040085563,80460900
2014-02-19,148.66151428222656,150.2291879082643,148.53966646418178,149.26258556530053,126524300
2014-02-20,149.5387420654297,149.87989359053367,148.3203384496687,148.86455724406616,104998100
2014-02-21,149.3681640625,150.1804331611909,149.2950628182361,149.82303277468804,118116400
2014-02-24,150.1967010498047,151.20390692752142,149.619984463173,149.68496748661352,114063900
2014-02-25,150.13980102539062,150.7490027836681,149.64431643288864,150.318501199358,117085000
2014-02-26,150.14793395996094,150.75713572761958,149.72555059732994,150.3591194441556,98677200
2014-02-27,150.93585205078125,150.97645559090873,149.7580519252521,149.92863389191095,93880800
2014-02-28,151.317626953125,152.01617897538398,150.31042105655018,150.91149234470106,150842000
2014-03-03,150.25355529785156,150.63532281885958,149.254467637929,149.98550497070266,167748500
2014-03-04,152.3654022216797,152.69030482499105,151.69121754528075,151.72370284791597,167545900
2014-03-05,152.5035400390625,152.76347212844618,152.25985680382635,152.49542180911084,88376900
2014-03-06,152.85281372070312,153.2020959253982,152.5279109949703,152.87719319966538,82516500
2014-03-07,152.91781616210938,153.48641459570888,152.24363114607388,153.48641459570888,114513500
2014-03-10,152.83656311035156,152.89341550468123,151.95931095899797,152.68222999193148,74939200
2014-03-11,152.0811309814453,153.2832981010413,151.7318612386755,153.06398198683578,99009100
2014-03-12,152.1217498779297,152.17861466185667,151.00081459929956,151.34197851437665,104824400
2014-03-13,150.4159698486328,152.69845618587848,149.99359888580946,152.57660839740743,155014300
2014-03-14,149.99362182617188,150.91960814666322,149.81492162447677,150.14795494529434,153919600
2014-03-17,151.35008239746094,151.70748273614768,150.68401587640997,150.7489988829204,98359500
2014-03-18,152.43043518066406,152.63350247284944,151.49631820006488,151.65878194920833,101804600
2014-03-19,151.6181640625,152.65786759358178,150.65156178104652,152.44666968010833,176267300
2014-03-20,152.5035400390625,152.61725722960682,151.01708593779057,151.2851362571259,117241000
2014-03-21,151.91200256347656,154.212716671355,151.7733088862485,153.14394999175855,163128000
2014-03-24,151.2838134765625,152.62182609573387,150.62297367496134,152.43417069732124,121411000
2014-03-25,152.00177001953125,152.5157620680703,151.15328726298515,152.05071927197397,103852000
2014-03-26,150.90847778320312,152.84204729787078,150.86768260357678,152.59728866905363,119843000
2014-03-27,150.59033203125,151.21037658640773,150.03554484068232,150.7290257166559,142383000
2014-03-28,151.3328094482422,152.09154792591966,150.93303638376665,151.0227808493041,101642000
2014-03-31,152.57286071777344,152.8094653626108,151.35724615610448,152.29547332977668,99745000
2014-04-01,153.58456420898438,153.67430867540438,152.56474638555153,153.07057204231086,89193000
2014-04-02,154.09852600097656,154.30248952545946,153.49478948688682,153.7803434007411,78774000
2014-04-03,153.89462280273438,154.37597392145528,153.42142574656873,154.335178710778,77435000
2014-04-04,152.07516479492188,154.76748520453793,151.83041857954635,154.7348565254688,169381000
2014-04-07,150.39454650878906,151.96098493589497,150.0845304063785,151.7080721488182,140803000
2014-04-08,151.01458740234375,151.25933365457013,149.78263983772916,150.3292605492759,112660000
2014-04-09,152.63809204101562,152.68704127961806,150.98190974061163,151.4224777859167,100254000
2014-04-10,149.4318084716797,152.70337824202883,149.24415310496124,152.6299543762397,172959000
2014-04-11,148.085693359375,149.64397789015746,147.92252500696185,148.59968549597642,167251000
2014-04-14,149.25233459472656,149.60314584356504,148.0285535796159,149.24416808730152,132382000
2014-04-15,150.28033447265625,150.38639949760645,148.08568478034175,149.5623912738414,157093000
2014-04-16,151.85494995117188,151.86310401175075,150.6474767423384,151.31648317822837,105197000
2014-04-17,152.06704711914062,152.49129474219663,151.3898867137258,151.6509660045128,105255000
2014-04-21,152.59730529785156,152.64626698810324,151.9201575278162,152.10780043581605,68329000
2014-04-22,153.29080200195312,153.70688304524137,152.67075746606295,152.75233539373755,85790000
2014-04-23,152.9318389892578,153.31529138818834,152.80946586149057,153.23371345265846,73869000
2014-04-24,153.2418670654297,153.69874333969057,152.50759095412914,153.68242277305416,88170000
2014-04-25,151.98544311523438,152.83393828534693,151.64278591347747,152.7441938432955,100380000
2014-04-28,152.466796875,153.1276366117755,150.90035871588006,152.6054905587355,135121000
2014-04-29,153.1766357421875,153.41322799762102,152.63001488747395,152.9563516085439,84098000
2014-04-30,153.633544921875,153.78855925460033,152.71162543710898,152.92375555513334,101508000
2014-05-01,153.64981079101562,154.06589191838742,153.1602933302696,153.56006633817708,93019000
2014-05-02,153.42953491210938,154.3106589193099,153.20109673790333,153.63349845686096,98122000
2014-05-05,153.7232208251953,153.8292858368881,152.2546810242168,152.67892862204283,75883000
2014-05-06,152.38522338867188,153.4866313713509,152.35259470315296,153.3805663577602,85454000
2014-05-07,153.28269958496094,153.35612347928776,151.75704368102183,152.89924709376828,106500000
2014-05-08,153.11952209472656,154.23725090025104,152.63001700632617,153.14400917564728,93618000
2014-05-09,153.34800720214844,153.41326460277483,152.4260876941768,153.14404359057602,83679000
2014-05-12,154.8409423828125,154.9143787121676,153.3805690381238,154.03325480041556,86940000
2014-05-13,154.97964477539062,155.35493067657038,154.8246305100987,155.04490214598653,66454000
2014-05-14,154.2454376220703,154.91444423484265,154.02515343872443,154.84100787442688,72367000
2014-05-15,152.89109802246094,153.96803172454514,152.14051352507616,153.93539057960055,154956000
2014-05-16,153.42137145996094,153.48664128415945,152.3362839744345,152.9808032588575,97458000
2014-05-19,153.9842987060547,154.1066718346343,152.9889557637906,153.1276494591625,63839000
2014-05-20,153.013427734375,153.927180275767,152.62182128077052,153.91085970925795,111644000
2014-05-21,154.30242919921875,154.37585305157978,153.4294596802352,153.45393429768887,89093000
2014-05-22,154.6777801513672,154.99596276129614,154.08221012743783,154.34327697327765,61549000
2014-05-23,155.2978057861328,155.40385833532383,154.67774881112325,154.81644249002184,61092800
2014-05-27,156.25238037109375,156.30132962515387,155.78733755963145,155.8770820083902,72010000
2014-05-28,156.13818359375,156.49716144005143,155.87710426954993,156.2524026858507,66723000
2014-05-29,156.9458465576172,156.97032118428427,156.09736378561877,156.4971367694236,64377000
2014-05-30,157.19873046875,157.29664140638604,156.66843038973914,156.79897000729179,76316000
2014-06-02,157.37823486328125,157.45167118599196,156.61949660314022,157.4190300539107,64656000
2014-06-03,157.2966766357422,157.37825457827606,156.84795438049514,156.9948021464237,65047000
2014-06-04,157.61480712890625,157.70455155028168,156.86422308146703,157.02739136152914,55529000
2014-06-05,158.64283752441406,158.80600586518707,157.21509275699387,157.79435468302648,92103000
2014-06-06,159.40155029296875,159.4423330317128,158.9120329386059,158.9854568070773,78696000
2014-06-09,159.5647430419922,159.94819545690575,159.23023988022584,159.3771000886128,65119000
2014-06-10,159.58103942871094,159.61366810954985,159.02625226290138,159.36890943195576,57129000
2014-06-11,159.02626037597656,159.18942868638254,158.66728262371697,159.00993981025275,68772000
2014-06-12,157.90032958984375,158.928313284069,157.54951845218548,158.8385688734452,106350000
2014-06-13,158.38172912597656,158.53674336618246,157.70456886288625,158.21039432129027,82017000
2014-06-16,158.5122833251953,158.84678648489708,157.99830372137666,158.1859466735979,87424000
2014-06-17,158.95285034179688,159.06706941391917,158.12067570265137,158.2920105353074,84834000
2014-06-18,160.11947631835938,160.20922074217052,158.60198761960703,158.95281125775676,105267000
2014-06-19,160.29901123046875,160.3969221884531,159.74423641398897,160.25821603538742,85929000
2014-06-20,160.6244659423828,160.75563110750946,160.42771819469283,160.69824165704208,100587000
2014-06-23,160.57525634765625,160.71461462250087,160.2801410278098,160.66543082062591,70611000
2014-06-24,159.6079559326172,161.08353278041707,159.42760695629727,160.2883611598971,96237000
2014-06-25,160.32936096191406,160.49331117464442,159.2390739097881,159.2718589488944,82782000
2014-06-26,160.2145233154297,160.37028032626884,159.14063551470989,160.35388155970844,84312000
2014-06-27,160.526123046875,160.57530686422305,159.76373635217826,159.83751207820035,71445100
2014-06-30,160.44410705566406,160.81299811476987,160.28834999527325,160.42770828388666,70201200
2014-07-01,161.51800537109375,162.00986848661293,160.7802232064136,160.8376001483516,90470000
2014-07-02,161.6819610595703,161.88690194655754,161.4606339078154,161.53440962506704,52475000
2014-07-03,162.4770965576172,162.5508722584569,162.0180310742639,162.14099057566344,52938800
2014-07-07,161.91146850585938,162.2967583137681,161.67374261795257,162.16560567316284,61696000
2014-07-08,160.87039184570312,161.6737565638203,160.47689636415342,161.61636711536997,108143000
2014-07-09,161.59170532226562,161.73926919117432,160.9276991836584,161.271998199655,72992000
2014-07-10,160.95233154296875,161.37861198315403,159.90303546604798,160.03420060281206,99040000
2014-07-11,161.17369079589844,161.28845717740887,160.493285638159,160.8539835539339,64243000
2014-07-14,161.98529052734375,162.19842455783194,161.85412535076654,161.99348366015494,58658000
2014-07-15,161.6819610595703,162.3951638521333,160.9687707756064,162.08364970116097,111307000
2014-07-16,162.28036499023438,162.5262839985417,161.8376857580881,162.40332449438804,79986400
2014-07-17,160.43592834472656,162.39516271020372,160.20638304500383,161.78034005356528,145398000
2014-07-18,162.07545471191406,162.23940491790572,160.87040130954716,160.9605757991324,124330000
2014-07-21,161.77212524414062,161.90329040552007,161.02613746096807,161.5671843702096,67592000
2014-07-22,162.4770965576172,162.77221186957235,162.20657314594195,162.32133951678026,67678000
2014-07-23,162.83779907226562,163.00995488771875,162.39513234603803,162.72303269816243,65612000
2014-07-24,162.84600830078125,163.18211432552147,162.68205810851217,162.99357222984193,56888000
2014-07-25,162.08363342285156,162.52630019050272,161.7639261716041,162.38694190237925,76837000
2014-07-28,162.14923095703125,162.38695688020442,161.18190347390828,162.11643341056663,69259000
2014-07-29,161.452392578125,162.68203762823805,161.42780067781044,162.452504886238,80466000
2014-07-30,161.47702026367188,162.23940686816601,160.80482065844603,162.02626034007565,104222000
2014-07-31,158.28811645507812,160.4932820658571,158.1897488470008,160.35392378488186,183479000
2014-08-01,157.804443359375,158.83734066736002,157.0420694553233,157.85362715852725,189261000
2014-08-04,158.94393920898438,159.2800452348285,157.43557742139825,158.10777696448858,91340000
2014-08-05,157.40272521972656,158.70615819513577,156.8288934898637,158.29627660114895,152690000
2014-08-06,157.45201110839844,158.12421080054972,156.64044058742732,156.66503249637182,94818000
2014-08-07,156.59942626953125,158.32093468744736,156.2059432772014,158.16517761523795,135733000
2014-08-08,158.4110870361328,158.5176477743838,156.53382180837986,156.95190915610848,117014000
2014-08-11,158.87020874023438,159.57520602780815,158.79643300875142,159.00956706923597,74544000
2014-08-12,158.64878845214844,159.157037689003,158.1651311132968,158.7143710163547,73632000
2014-08-13,159.72267150878906,159.9030204277295,159.00128834162203,159.27179921143795,69047000
2014-08-14,160.47689819335938,160.47689819335938,159.83748366430044,159.98504759871315,57371000
2014-08-15,160.44410705566406,161.20648107724284,159.28823756301446,161.05892965703967,139951000
2014-08-18,161.78855895996094,161.8623346884468,161.23931880023127,161.32949330458098,75424000
2014-08-19,162.6328887939453,162.7558483219546,161.8541159298222,162.18201634357962,59135000
2014-08-20,163.06736755371094,163.26411531325724,162.37876915819797,162.411554197156,72763000
2014-08-21,163.5427703857422,163.75590433026863,163.07549932337176,163.2066644470471,67791000
2014-08-22,163.28868103027344,163.69856274880576,162.91978998531386,163.4116405423942,76107000
2014-08-25,164.11666870117188,164.43637600187247,163.25591442740878,164.0674848870025,63855000
2014-08-26,164.22323608398438,164.62492473296763,164.18224540411273,164.22323608398438,47298000
2014-08-27,164.1576690673828,164.41999943656253,163.90354434011525,164.30522051859606,47874000
2014-08-28,164.06741333007812,164.1739865533637,163.45259090391235,163.61654104917105,58330000
2014-08-29,164.5347442626953,164.5511305271692,163.80515521844544,164.32159773854667,65907000
2014-09-02,164.45274353027344,164.77245077023,163.83792095277258,164.74785886781774,72426000
2014-09-03,164.36257934570312,165.1085671218544,164.13304656974861,165.083975217902,57462000
2014-09-04,164.12486267089844,165.24793470989772,163.67399022541008,164.6413051915498,85236000
2014-09-05,164.86264038085938,164.92822296284413,163.4690449123296,164.09206067828686,102177000
2014-09-08,164.43634033203125,164.94460215492762,163.95268291948207,164.70686375988004,64146000
2014-09-09,163.395263671875,164.40356925501504,163.05915764129563,164.28880286757308,88591000
2014-09-10,164.0100860595703,164.11664680652117,162.9443910298751,163.48542542215895,67251000
2014-09-11,164.19862365722656,164.22321556035632,163.23129626926348,163.3542682935101,66774400
2014-09-12,163.239501953125,164.05105977382078,162.77223077633846,164.03467351079502,117409300
2014-09-15,163.11651611328125,163.39524517288203,162.6246655836146,163.26408002819892,76401000
2014-09-16,164.34619140625,164.64130678172924,162.7230630954138,162.8132375853824,116201000
2014-09-17,164.56747436523438,165.32984819253943,163.74771110563174,164.58387313283293,151266000
2014-09-18,165.4446563720703,165.46924827352822,164.85442571988656,165.06755970205413,94990000
2014-09-19,165.29556274414062,166.28387452225238,164.9578856784404,165.9709168755411,121649000
2014-09-22,164.0189208984375,165.03195168354324,163.673012545131,165.00724484166858,125553000
2014-09-23,163.0801544189453,164.1096488822495,163.03074069543808,163.426063050567,111393000
2014-09-24,164.35670471191406,164.46377614104279,162.6765755365027,163.10483611887923,107276000
2014-09-25,161.7047119140625,163.93666089605654,161.64706677304346,163.9284168994338,150300000
2014-09-26,162.98953247070312,163.3930987602537,161.7706147388693,162.00122045659276,103547000
2014-09-29,162.69300842285156,162.98127180182635,161.4658594809155,161.5893937478665,95112000
2014-09-30,162.26483154296875,163.31903305445886,161.92715428319073,162.81663916483674,131302000
2014-10-01,160.06576538085938,162.05886467063348,159.70338140688807,162.00120696247075,177798000
2014-10-02,160.09051513671875,160.65055410688262,158.41861709092709,159.925785964721,157285000
2014-10-03,161.85296630859375,162.19887485739335,160.6669869600991,161.16113664392648,121569000
2014-10-06,161.66354370117188,162.74246428599938,161.07879797519814,162.52832142826045,104778000
2014-10-07,159.16806030273438,161.19411074311196,159.13512201255622,160.83172671580297,147913000
2014-10-08,161.95179748535156,162.1824031898958,158.42681021066826,159.25863703298376,186461000
2014-10-09,158.73977661132812,161.9188552516913,158.60799833563883,161.6964809823491,210705000
2014-10-10,156.92788696289062,159.4892695672391,156.8867172399929,158.69862489495964,221909000
2014-10-13,154.35003662109375,157.43027576712726,154.25944061285335,156.86200542496846,230939000
2014-10-14,154.5888214111328,156.33485183590665,154.04524554586172,155.18181097923474,215847000
2014-10-15,153.54287719726562,154.58061539557778,149.82846664140763,152.4969201365516,380715000
2014-10-16,153.41110229492188,154.49001014298076,150.62734611872068,150.76735581372168,270391000
2014-10-17,155.2229766845703,156.27717745598332,154.52291579035276,155.181794414252,214625000
2014-10-20,156.730224609375,156.8537589063221,154.89361018136532,154.94302390014417,130011000
2014-10-21,159.8351593017578,159.94221815412675,157.7020377449729,157.86675430536727,154949000
2014-10-22,158.6986083984375,160.52699129274748,158.63271925475155,160.11519357001225,151822000
2014-10-23,160.54351806640625,161.5894882173382,159.99171040631242,160.28820538740044,154944000
2014-10-24,161.77886962890625,161.8282959187879,160.18110480071934,160.80703290143987,117927000
2014-10-27,161.55653381347656,161.7953710344296,160.62586666089047,161.20238113135724,82954000
2014-10-28,163.40956115722656,163.41779258682135,162.02591439415147,162.10004752877677,106736000
2014-10-29,163.16250610351562,163.99433303995716,162.08359800200066,163.52489013668068,142557000
2014-10-30,164.20843505859375,164.67787784507095,162.57770731508273,162.72596100406872,113330000
2014-10-31,166.0862579345703,166.2180362198673,165.35325850232576,166.18508536500855,146903000
2014-11-03,166.17689514160156,166.73693414238272,165.79803561919448,166.3004294602821,93600000
2014-11-04,165.60028076171875,166.03678518036835,164.76844162775043,165.73204643309379,93343000
2014-11-05,166.64630126953125,166.85220013318357,165.91330181761182,166.81101784703924,91709000
2014-11-06,167.31341552734375,167.40401153217255,166.06979088566652,166.6874874912074,107089000
2014-11-07,167.4698486328125,167.68399143244113,166.86862764237625,167.329838953783,89540000
2014-11-10,167.99700927734375,168.0464229974085,167.29696063130928,167.50285950962592,66319000
2014-11-11,168.1616668701172,168.26873827074027,167.72516240659115,168.06283946465948,54499400
2014-11-12,167.98057556152344,168.21118133988466,167.44523084477083,167.4781817085781,90120300
2014-11-13,168.16993713378906,168.69703765700748,167.36281720665687,168.14523027856535,85357900
2014-11-14,168.2111053466797,168.41700416770217,167.78283228017423,168.09580250958976,80417500
2014-11-17,168.31817626953125,168.49113682111425,167.72518661705757,167.88991573935286,80441000
2014-11-18,169.29006958007812,169.594795915291,168.37587800736853,168.37587800736853,76068100
2014-11-19,169.0182342529297,169.2900222192747,168.26052805905906,169.09235481636904,82373000
2014-11-20,169.31471252441406,169.42178392807256,168.16167163743387,168.22756076529555,72840300
2014-11-21,170.22067260742188,171.17604618294294,169.6441584039409,171.01132963438653,142327300
2014-11-24,170.69839477539062,170.80546620932492,170.4101438974387,170.62427419823754,65880800
2014-11-25,170.57484436035156,171.13488320200935,170.31953179623883,170.92898435132895,79108300
2014-11-26,171.0113983154297,171.11022577084086,170.50900447196926,170.7231348143842,62167800
2014-11-28,170.64901733398438,171.20082491521057,170.41018012336232,170.88786711167882,57890100
2014-12-01,169.46298217773438,170.10538557374656,169.1500244765158,169.99008272233587,103968400
2014-12-02,170.5583953857422,170.76429426835585,169.47948725157798,169.50419411212596,74507200
2014-12-03,171.21722412109375,171.43135437208167,170.5665893723176,170.73130591669803,68952000
2014-12-04,171.02783203125,171.53022575217048,170.237174879595,170.92899203287493,91316600
2014-12-05,171.3078155517578,171.69490633264874,170.937200194987,171.2007441455767,91025500
2014-12-08,170.16307067871094,171.4066953882223,169.6030191909294,170.9125456170777,108588200
2014-12-09,170.0477752685547,170.15484671218144,167.93937265820907,168.31821957599914,125180100
2014-12-10,167.32164001464844,169.6441724457895,167.13220402941477,169.58652730420354,159856400
2014-12-11,168.16993713378906,169.81712783973018,167.77461488314216,167.91462458509903,159012800
2014-12-12,165.45208740234375,167.86522857588625,165.41914911426142,166.89337942202513,202330200
2014-12-15,164.31552124023438,166.80278298069896,163.71430008953348,166.3498029765809,189965800
2014-12-16,162.9977569580078,166.69569199627895,162.95657467754313,163.54956432844529,259543800
2014-12-17,166.1932830810547,166.64626299045295,163.31069965205933,163.43424648211325,253910100
2014-12-18,170.3030548095703,175.40111231645395,167.9475714766781,168.622925732917,257633900
2014-12-19,171.0276641845703,171.69845629950134,170.27405292411032,170.95312189902327,245084600
2014-12-22,171.81446838378906,171.81446838378906,170.9780502595227,171.21820566511684,148318900
2014-12-23,172.04629516601562,172.44379931339762,171.75644075737372,172.3941128745285,122167900
2014-12-24,172.0628662109375,172.53490002948,172.02145663194236,172.2699014694839,42963400
2014-12-26,172.6177215576172,172.95726241903841,172.46037273713273,172.5100591780374,57326700
2014-12-29,172.84957885742188,173.05661409343963,172.3692555934893,172.43550838538636,79643900
2014-12-30,171.92213439941406,172.5597940853611,171.84759208069102,172.42730108454552,73540800
2014-12-31,170.21609497070312,172.4106761947052,170.09187887571926,172.2450505225838,130333800
2015-01-02,170.12501525878906,171.325829928709,169.08983891329257,170.91175939051038,121465900
2015-01-05,167.05264282226562,169.24721193386424,166.7462346238546,169.08158622219426,169632600
2015-01-06,165.4791717529297,167.88077604924092,164.6841506836419,167.35904307763232,209151400
2015-01-07,167.54119873046875,167.88073956316435,166.35696320099726,166.80415376773578,125346700
2015-01-08,170.51422119140625,170.72954593158084,168.93248153754053,168.94903525876288,147217800
2015-01-09,169.1478271484375,170.94489189846533,168.53499815824603,170.92832553753288,158567300
2015-01-12,167.82278442382812,169.43766963528094,167.21824497501035,169.2803208086118,144396100
2015-01-13,167.35076904296875,170.16644396459586,166.050581341413,169.0401714686587,214553300
2015-01-14,166.34043884277344,166.53919727619112,164.44400109008578,165.3383824493862,192991100
2015-01-15,164.81663513183594,167.29276878135636,164.7006958904179,166.97808377546713,176613900
2015-01-16,166.97804260253906,167.1353913848999,164.42736728384997,164.60955928064396,211879600
2015-01-20,167.3341827392578,167.88075887871344,165.76899662094755,167.61574767057863,130991100
2015-01-21,168.17886352539062,168.65918678671582,166.4066424201559,166.87039932448977,122942700
2015-01-22,170.67991638183594,170.812409377916,167.55782033658105,168.9325378419268,174356000
2015-01-23,169.74403381347656,170.6798370329486,169.61152824256558,170.42310275064852,117516800
2015-01-26,170.14158630371094,170.23268233008037,168.81656812684636,169.5287699776171,92009700
2015-01-27,167.89730834960938,169.04013431955212,167.0691673621353,168.0877772385284,134044600
2015-01-28,165.74412536621094,169.18090517407325,165.55365649034815,169.08153230604532,168514300
2015-01-29,167.27622985839844,167.53295158450695,164.535072128723,165.9429221459114,173585400
2015-01-30,165.17274475097656,167.42528962048652,164.90774616208577,166.10027140317112,197729700
2015-02-02,167.21823120117188,167.30932721771725,163.85598072283597,165.66961155632973,163107000
2015-02-03,169.63641357421875,169.6447030722255,167.73997608586896,168.11263703970548,124212900
2015-02-04,168.99046325683594,170.08361552524215,168.534983145,168.8745240134986,134306700
2015-02-05,170.69642639160156,170.84549834910774,169.57844357423738,169.65297323477577,97953200
2015-02-06,170.22439575195312,171.6239561515473,169.70266284557835,171.06081366529,125672000
2015-02-09,169.46250915527344,170.29892707677755,169.05671548674957,169.57844839821885,87219000
2015-02-10,171.26780700683594,171.5245286482681,169.50386295432565,170.49764208253944,96164200
2015-02-11,171.36721801757812,171.79785489325087,170.45627046247458,171.10221945776905,91087800
2015-02-12,173.01524353027344,173.07321947491621,171.40037085250046,172.16225917646435,97545900
2015-02-13,173.72738647460938,173.77707290377327,172.88267926954353,173.13941354760124,93670400
2015-02-17,174.00070190429688,174.1746170702164,173.1642840631735,173.41271624816068,76968200
2015-02-18,174.01722717285156,174.09175681074964,173.36298887638918,173.62799999303866,80652900
2015-02-19,173.89308166503906,174.25746580654345,173.28026527835587,173.42104776276773,91462500
2015-02-20,174.93653869628906,175.0110683660321,172.85789635073897,173.47900220479303,140896400
2015-02-23,174.9116668701172,174.9116668701172,174.30711483946868,174.68806526102213,74411100
2015-02-24,175.4085693359375,175.60732775468037,174.53901862902975,174.83714993892866,72472300
2015-02-25,175.25955200195312,175.7647187137827,174.9200110272211,175.28439523069608,73061700
2015-02-26,175.05242919921875,175.3257172152652,174.4478772380732,175.16836842089657,72697900
2015-02-27,174.45619201660156,175.21808024610087,174.406505576743,174.95306905161627,108076000
2015-03-02,175.55758666992188,175.61554995957928,174.50584423227698,174.555530662391,87491400
2015-03-03,174.8372039794922,175.6073820332988,173.97594250492662,175.12705851686303,110325800
2015-03-04,174.10006713867188,174.3153918714502,173.1311437504533,174.2408495827965,114497200
2015-03-05,174.29058837890625,174.57215333133064,173.78542178241264,174.42308135647423,76873000
2015-03-06,171.83929443359375,173.85996092972624,171.50804301696908,173.42932397896894,188128000
2015-03-09,172.55149841308594,172.90759305838907,171.88070607272851,172.03805492025563,89818900
2015-03-10,169.7523193359375,171.26781870995183,169.71090976336123,171.18501220122667,157121300
2015-03-11,169.3548126220703,170.18295351508777,169.2719934781977,170.00903836752613,110145700
2015-03-12,171.50804138183594,171.57428155538412,169.9345655767912,169.98425202516802,93993500
2015-03-13,170.45620727539062,172.19529521942584,169.42103136712277,171.234661580236,162410900
2015-03-16,172.73365783691406,172.82475385582055,170.48111322070739,171.18503815193296,136099200
2015-03-17,172.22021484375,172.60115264266457,171.4086275328932,171.99661322656053,94510400
2015-03-18,174.29058837890625,174.96138067468297,171.11051682508818,171.74818903558065,228808500
2015-03-19,173.49554443359375,174.29884223735098,173.1063171416112,173.8764948644553,117917300
2015-03-20,175.02699279785156,175.53441435850198,174.26170355262818,174.44470888222912,177715100
2015-03-23,174.68589782714844,175.60923808051962,174.68589782714844,175.0352680996626,71784500
2015-03-24,173.704345703125,175.0186380320636,173.6377971673957,174.56113747478216,77805300
2015-03-25,171.15890502929688,174.14521174748526,171.1173233023442,173.9122982280771,159521700
2015-03-26,170.75131225585938,171.6663260245403,169.79469137466845,170.49344462384173,153067200
2015-03-27,171.14231872558594,171.3169975608882,170.4435653058631,170.63489714450185,118939000
2015-03-30,173.23016357421875,173.52962558919126,172.15709875805342,172.17372636961676,96180400
2015-03-31,171.7162322998047,173.10541228273007,171.65801026718879,172.4066590414967,126768700
2015-04-01,171.10899353027344,171.70791762382157,170.11910474530265,171.6829635109933,137303600
2015-04-02,171.7245635986328,172.17375033720432,170.85944534924582,171.04245064458402,86900900
2015-04-06,172.8808135986328,173.39654885986658,170.70140310210584,170.8344874743749,114368200
2015-04-07,172.4232940673828,173.6544101425023,172.39002614874036,172.9057613911213,81236300
2015-04-08,173.0055694580078,173.44644234245783,172.2569207428978,172.64788540538498,89351900
2015-04-09,173.77085876464844,174.0037722627483,172.34842366502664,172.83920477224896,85548900
2015-04-10,174.71920776367188,174.76080219267658,173.82083409992583,174.02046705060823,72722900
2015-04-13,173.9289093017578,175.20994622951594,173.87900107989284,174.57774157166983,74436600
2015-04-14,174.2616729736328,174.44467827112047,173.10541915377996,173.72929738807832,75099900
2015-04-15,175.04356384277344,175.55098523943107,174.64428538579418,174.72747421521345,99529300
2015-04-16,174.9936981201172,175.50111964000402,174.51123071654968,174.71087633994063,68934900
2015-04-17,172.9806365966797,174.04538777213105,172.1987071756499,173.8041604387327,191113200
2015-04-20,174.56112670898438,174.89385667427484,173.82079174730367,173.903967892209,92189500
2015-04-21,174.3531951904297,175.4013061722621,174.05373309664378,175.24325497098113,72559800
2015-04-22,175.20994567871094,175.39295095352963,173.77085759101533,174.69419777111565,78264600
2015-04-23,175.65086364746094,176.29969608187733,174.69424261211802,174.81069939027384,102585900
2015-04-24,176.0584259033203,176.32462003232672,175.60923917666534,176.06675240287345,61327400
2015-04-27,175.32643127441406,176.7488665984701,175.13509946927405,176.6240960236707,79358100
2015-04-28,175.8837432861328,175.9336515110271,174.12856545128815,175.3014595076419,86863500
2015-04-29,175.16006469726562,175.7589761437368,174.35318113994506,174.9936870085861,125684900
2015-04-30,173.40489196777344,174.97706470799116,172.70613865547094,174.58609997482478,161304900
2015-05-01,175.2847900390625,175.32638445049903,174.08694206955124,174.18675850273308,103399700
2015-05-04,175.783935546875,176.3662193542195,175.6009302513046,175.7090605129889,70927200
2015-05-05,173.77085876464844,175.90037355030015,173.62944790457593,175.54267680425372,113326200
2015-05-06,173.0554962158203,174.62766884021258,171.99074505712267,174.31989297658694,135060200
2015-05-07,173.7459716796875,174.1702171164001,172.62299817196038,172.95572824250797,88244900
2015-05-08,176.0334930419922,176.23313866284923,175.33475240824686,175.417941256813,155877300
2015-05-11,175.19332885742188,176.25808003936282,175.11846651482492,175.99189859029525,75708100
2015-05-12,174.6693115234375,175.21001375196246,173.5380115181275,174.36153557477033,119727600
2015-05-13,174.7025146484375,175.70071710612524,174.46960116473812,175.0768389834663,94667900
2015-05-14,176.5242462158203,176.61574885099893,175.44285489811853,175.71736280365437,95934000
2015-05-15,176.71560668945312,176.8570175782501,176.23313929029138,176.71560668945312,76510100
2015-05-18,177.26461791992188,177.51415907420704,176.48268845559923,176.54923699435392,74549700
2015-05-19,177.2063446044922,177.65554397007045,176.92352289599222,177.38103606729112,72114600
2015-05-20,177.0816192626953,177.8302681393417,176.76551686494682,177.30620630998737,76857500
2015-05-21,177.59732055664062,177.80527994839312,176.77379679588046,176.94017446354965,64764600
2015-05-22,177.17308044433594,177.63058093249938,177.10653191866064,177.21466216665377,57433500
2015-05-26,175.26817321777344,177.1065398297752,174.8522544333493,176.68229454624878,124308600
2015-05-27,176.9318389892578,177.1647524807789,175.31807216026635,175.72567711684493,93214000
2015-05-28,176.73223876953125,176.84036903661448,176.04181197319468,176.62409580961238,74974600
2015-05-29,175.6341552734375,176.70721997824612,175.36797389488103,176.6656382608196,124919600
2015-06-01,175.9918670654297,176.63237280558556,175.20161128123357,176.2996428806431,93338800
2015-06-02,175.8171844482422,176.5076111354182,174.9104845682582,175.53436272853165,91531000
2015-06-03,176.2830810546875,176.9069594613191,175.79229975441856,176.34962960786885,87820900
2015-06-04,174.79400634765625,176.23308157325062,174.47790405690768,175.5759355766667,151882800
2015-06-05,174.49459838867188,175.16838489677073,173.8374394957793,174.6443230825445,121704700
2015-06-08,173.42153930664062,174.53621159437725,173.3466769516483,174.3864741915552,89063300
2015-06-09,173.39654541015625,173.93724746657017,172.76435340274276,173.39654541015625,105034700
2015-06-10,175.4761505126953,175.85880141825191,174.10362346119902,174.16184549668475,134551300
2015-06-11,176.04185485839844,176.4244931757571,175.68415796920968,175.91707156051638,73876400
2015-06-12,174.69422912597656,175.9170315486328,174.41972116447866,175.21829093363948,135382400
2015-06-15,173.945556640625,174.22837837118564,172.84752494385896,173.55459196309474,124384200
2015-06-16,174.8938446044922,174.97703343649107,173.62113417047834,173.7958129477088,85308200
2015-06-17,175.1767120361328,175.7839627439491,174.15355513829485,175.1767120361328,126708600
2015-06-18,176.9984130859375,177.4642401362793,175.2099672263391,175.77561073237266,165867900
2015-06-19,176.21266174316406,176.83122034648056,175.83651658427985,176.75599386561865,130478700
2015-06-22,177.1154327392578,177.7005488974588,176.90646177171635,177.13215398794233,70696000
2015-06-23,177.24087524414062,177.57523656762297,176.84802141524196,177.3244687636563,68476800
2015-06-24,175.95355224609375,177.34947675949232,175.92847675070024,176.97333157401434,92307300
2015-06-25,175.41859436035156,176.5804724618703,175.34336787105184,176.4550949797041,97107400
2015-06-26,175.38516235351562,176.02042951258704,174.83347592995116,175.77801604409242,104174800
2015-06-29,171.70726013183594,175.39351099709683,171.6320336459103,173.90563875410464,202621300
2015-06-30,172.06668090820312,173.2954310829794,171.59022103225652,173.24526734242642,182925100
2015-07-01,173.44593811035156,173.8889556307009,172.66020507287817,173.63818786805945,135979900
2015-07-02,173.28709411621094,174.08954829467416,172.86915215451845,173.92237406091246,104373700
2015-07-06,172.7938995361328,173.57126534514668,171.7991957769713,171.99981247989805,117975400
2015-07-07,173.88055419921875,174.005931669229,170.61224543215388,172.9945193989469,173820200
2015-07-08,170.96327209472656,172.82728895588508,170.72922570653498,172.54309159230553,164020100
2015-07-09,171.27255249023438,173.32047760897532,171.1638962902982,173.0613429671038,144113100
2015-07-10,173.42918395996094,173.84712590022323,171.3143987625998,173.27036398192914,129456900
2015-07-13,175.3434295654297,175.45208583667895,174.64964415932516,174.69144091961203,106069400
2015-07-14,176.10397338867188,176.41325903358256,175.24301419024053,175.30153217196556,81709600
2015-07-15,176.04547119140625,176.6055117545682,175.56901134769592,176.14577315657752,97914100
2015-07-16,177.45816040039062,177.45816040039062,176.8563229520847,177.09872367910233,106683300
2015-07-17,177.60858154296875,177.6670995296128,177.04018669623701,177.44976158444834,89030000
2015-07-20,177.70054626464844,178.19371467964135,177.3829190718028,177.83429074299156,70446800
2015-07-21,176.99839782714844,177.82592739564956,176.69747914356392,177.5667926991554,77965000
2015-07-22,176.68077087402344,177.01513207733043,176.27955018463078,176.3129799276736,88667900
2015-07-23,175.6860809326172,176.91483134859936,175.3266569594978,176.81452935695242,90509100
2015-07-24,173.86383056640625,175.84487109283845,173.52948214791607,175.78636585916124,117755000
2015-07-27,172.85244750976562,173.48772751549507,172.4094300081794,172.97783776306483,132361100
2015-07-28,174.97555541992188,175.11765413377742,172.86077045003267,173.68828723981355,123544800
2015-07-29,176.17926025390625,176.4049397326802,174.9588640988521,175.1009628370131,105791300
2015-07-30,176.22100830078125,176.3881824903833,175.05076346442095,175.6693219959788,91304400
2015-07-31,175.95355224609375,176.74763936089735,175.66935479525043,176.72256386550384,103266900
2015-08-03,175.3600616455078,175.97862026628187,174.4071545973059,175.9201150310407,113965700
2015-08-04,175.01736450195312,175.74457936960462,174.53255033866034,175.28484070143256,81820800
2015-08-05,175.59413146972656,176.6306193101824,175.30992125919204,175.91175866861994,85786800
2015-08-06,174.1564178466797,175.88669090895726,173.57128890569496,175.77802191913275,116030800
2015-08-07,173.82203674316406,174.1480309207651,172.91928069259777,173.99757795629148,117858000
2015-08-10,176.01206970214844,176.09565043501362,174.9337723852112,174.9337723852112,80270700
2015-08-11,174.4239044189453,175.09261413792316,173.66324695417575,174.67467215788415,126081400
2015-08-12,174.6328582763672,174.8167537499092,171.65711371116103,173.119910497788,172123700
2015-08-13,174.4154510498047,175.15938684130862,173.872119131786,174.4739562613813,89383300
2015-08-14,175.0508270263672,175.1260535258173,174.08119851819555,174.22329726868278,72786500
2015-08-17,176.02877807617188,176.02877807617188,173.99758642941626,174.457325100876,79072600
2015-08-18,175.5188751220703,176.1039912257194,175.28482868061067,175.75292156352995,71692700
2015-08-19,174.13134765625,175.54398079413636,173.32053921802657,174.77496910362504,172946000
2015-08-20,170.4952392578125,174.10625105552447,170.43672126290616,172.6183787412695,194327900
2015-08-21,165.3629150390625,170.4701662267819,165.10379306833215,168.62285717821266,346588500
2015-08-24,158.40000915527344,165.07035953153323,152.4652279848282,156.7198870007359,507244300
2015-08-25,156.53599548339844,163.37352027293903,156.24343099047852,163.35679902216663,369833100
2015-08-26,162.54600524902344,162.82183573989923,157.45546208959075,160.55659728431232,339257000
2015-08-27,166.56658935546875,166.6919668394145,163.17290274119117,164.6858505688254,274143900
2015-08-28,166.57498168945312,167.0430747426461,165.43817880830773,165.92299311470876,160414400
2015-08-31,165.22914123535156,166.44953713642272,164.67745489289854,165.59693213032023,163298800
2015-09-01,160.2974853515625,162.80513746263742,159.4281588104927,161.4259211487993,256000400
2015-09-02,163.340087890625,163.3818846395931,160.84079025542636,162.67973241882933,160269300
2015-09-03,163.4571075439453,165.5468174006703,162.96393907885664,164.0505780006922,152087800
2015-09-04,160.98284912109375,162.04442505995004,160.16368661345783,161.20018706006013,207081000
2015-09-08,165.02854919433594,165.17901492592512,163.1394562070167,163.7830903693618,116025700
2015-09-09,162.8218231201172,166.7337664970237,162.45404490926228,166.60838901088866,149347700
2015-09-10,163.70790100097656,164.85305810093504,162.37048138069403,162.62960340291133,158611100
2015-09-11,164.45181274414062,164.51868499062053,162.60450360454212,163.3150100631362,119691200
2015-09-14,163.84156799316406,164.67745173677312,163.35675389132194,164.62730075288837,79452000
2015-09-15,165.8895263671875,166.33254381905883,163.79981659248259,164.34313603207536,113806200
2015-09-16,167.3272247314453,167.51948720226258,165.84771948467198,166.19043492787617,99581600
2015-09-17,166.95101928710938,169.5924143886235,166.57487423733124,167.19343266122635,276046600
2015-09-18,164.22288513183594,166.93682335451308,163.81118080217664,164.4413530496671,223657500
2015-09-21,165.07147216796875,166.0965402320797,164.02118542685872,165.05466399026372,105726200
2015-09-22,162.9288787841797,163.39100749780152,161.79456401627903,162.90367292897145,153890900
2015-09-23,162.6684112548828,163.56745001444625,162.08865093790467,163.09692361831407,92790600
2015-09-24,162.08030700683594,162.542435914582,160.11417254939417,161.45013472015168,159378800
2015-09-25,162.0382843017578,163.84477282247155,161.16443833367498,163.54228965211772,155054800
2015-09-28,157.9715576171875,161.2484606488369,157.66067677744184,161.13922670151618,178515900
2015-09-29,158.06394958496094,159.4251299222024,157.06407455420066,158.18999168666124,159045600
2015-09-30,161.01318359375,161.18122692999685,159.17307893276782,159.9544862157138,163452000
2015-10-01,161.43331909179688,161.73580226426947,159.49239074380048,161.39130504711446,131079000
2015-10-02,163.84475708007812,163.86996294011195,158.90420337928794,159.4503602620859,211003300
2015-10-05,166.7603302001953,166.98719572825553,164.96223979534292,165.07147372012807,126320800
2015-10-06,166.18898010253906,167.18885521639652,165.52520446693177,166.62590301382218,110274500
2015-10-07,167.55020141601562,167.9030963385812,165.92855148756115,167.12167607934597,124307300
2015-10-08,169.0626220703125,169.34829708875148,166.86121155774333,167.16369475988097,153055200
2015-10-09,169.1634063720703,169.64233051907377,168.53323424856578,169.20542041114757,107069200
2015-10-12,169.3230438232422,169.52469068762636,168.81050334145897,169.2390157491594,56395600
2015-10-13,168.2559051513672,169.8607460752655,168.08786186770175,168.591991718698,88038700
2015-10-14,167.4493408203125,168.77690504339486,167.15526817132374,168.19714460448515,99106200
2015-10-15,170.02044677734375,170.02884445694005,167.74341916003004,168.11312219642502,134142200
2015-10-16,170.79348754882812,170.81028291108484,169.65917237302588,170.42378444498482,114580100
2015-10-19,170.87750244140625,170.87750244140625,169.83562586477734,170.14650673736665,76523900
2015-10-20,170.6590118408203,171.27237577728562,170.18848537882585,170.44055678943275,78448500
2015-10-21,169.60037231445312,171.23040718444668,169.43231611552224,171.07917199047438,102038000
2015-10-22,172.4655303955078,172.6755878044173,169.60035708185666,170.54980785192444,174911700
2015-10-23,174.3560028076172,174.72570580477407,173.33933238631926,174.13754777333517,144442300
2015-10-26,173.92750549316406,174.23838630368132,173.55780246396264,174.17957690588182,69033000
2015-10-27,173.59141540527344,173.92750206835612,172.9108187580718,173.2553159213064,77905800
2015-10-28,175.5659942626953,175.59120012816956,173.26377307679465,173.9275489024297,135906700
2015-10-29,175.46511840820312,175.83482141928536,174.9441802494331,175.0618118601516,90525500
2015-10-30,174.70892333984375,175.9776781596275,174.54929049565288,175.65838682947495,131076900
2015-11-02,176.77593994140625,176.96918919772153,174.91062883536813,175.03667099279104,86270800
2015-11-03,177.2884063720703,177.84296086237885,176.1961055695823,176.42297110123278,95246100
2015-11-04,176.7506561279297,177.70851712584357,176.2129098277128,177.5824878448877,96224500
2015-11-05,176.57424926757812,177.27164138970872,175.6836079229662,176.80951253517802,78408700
2015-11-06,176.4818572998047,176.71713343335563,175.15430553016463,176.2297986225876,110471500
2015-11-09,174.83493041992188,176.01965691928476,173.88546712060347,175.86840896446597,131008700
2015-11-10,175.23828125,175.2718976132983,174.08717081431166,174.3560376162677,75874600
2015-11-11,174.54925537109375,175.55752805918777,174.48203548243646,175.5071163479155,67846000
2015-11-12,172.1125946044922,173.97790497820498,172.0957992468074,173.50737854535558,121315200
2015-11-13,170.18006896972656,171.9697618199223,170.09605371636437,171.7008950599256,153577100
2015-11-16,172.76795959472656,172.8267818048675,169.87756849991152,169.99521292019335,117645200
2015-11-17,172.64199829101562,173.96115225931524,172.14626584271332,173.0789213269049,121123700
2015-11-18,175.381103515625,175.52394099502678,173.07888284412175,173.12088406326907,121342500
2015-11-19,175.2299041748047,175.650019019232,174.93581865535054,175.26350772116834,88220500
2015-11-20,175.86837768554688,176.54896130897967,175.49027709707093,175.98600926464783,94011500
2015-11-23,175.6668243408203,176.43142360134627,175.20469545530196,175.92729348877955,64931200
2015-11-24,175.90206909179688,176.3053757035368,174.2720216423702,174.6585200725292,98874400
2015-11-25,175.87684631347656,176.22974116741722,175.61636439712734,176.0280814705005,51980100
2015-11-27,176.07847595214844,176.2801356293235,175.4903179198256,175.9692420244015,37317800
2015-11-30,175.34750366210938,176.35577653965413,175.23826971990624,176.238144917622,112822700
2015-12-01,177.01950073242188,177.13714514111413,175.70034741346424,175.97762461777847,97858400
2015-12-02,175.21307373046875,177.2884418239364,174.96100229166035,176.9691504800534,108441300
2015-12-03,172.7595672607422,175.73397369234962,172.03696946468523,175.46510695149848,166224200
2015-12-04,176.12892150878906,176.42300699189977,172.75960548838586,172.75960548838586,192913900
2015-12-07,175.06182861328125,176.22133665250286,174.0955569562305,175.80122188532042,102027100
2015-12-08,173.88551330566406,175.0114178936216,172.90244621132328,173.4990148690273,103372400
2015-12-09,172.53269958496094,175.33906266598441,171.55803041713432,173.2468996936525,162401500
2015-12-10,172.97805786132812,174.28881394212735,172.36469386369993,172.59995711815694,116128900
2015-12-11,169.62551879882812,171.5244326656426,169.3146251963517,170.8606570674319,211173300
2015-12-14,170.4825439453125,170.60858605066196,168.0038697240416,169.78516481008944,182385200
2015-12-15,172.27223205566406,173.17968134195252,170.45733348308715,171.99495481644678,154069600
2015-12-16,174.79296875,175.0954519293703,172.0790306373274,173.3981844884099,197017000
2015-12-17,172.12940979003906,175.1710363696927,172.1126016107863,175.1038164735659,173092500
2015-12-18,169.06289672851562,171.5225060595982,168.90230097587343,171.38727907064435,251393500
2015-12-21,170.45750427246094,170.635008217774,169.12203954635984,170.23774915190663,99094300
2015-12-22,172.0043182373047,172.30015391894648,170.3561221898982,171.3450398183421,111026200
2015-12-23,174.13427734375,174.17654142054963,172.91714415615968,173.01011996624464,110987200
2015-12-24,173.84693908691406,174.39634644809036,173.62718388075706,173.8807555169008,48539600
2015-12-28,173.44967651367188,173.49192770141318,172.37623066297084,173.15384081635503,65899900
2015-12-29,175.30068969726562,175.6303288679447,174.5146320199485,174.54843554380895,92640700
2015-12-30,174.05819702148438,175.1401032204624,173.91450947796972,175.05557506677826,63317700
2015-12-31,172.31704711914062,174.02441544079304,172.31704711914062,173.38204524222868,114877900
2016-01-04,169.9081573486328,169.91660500659725,167.85424151075537,169.460186429951,222353500
2016-01-05,170.19549560546875,170.6519140832122,169.08824648423808,170.22929912718922,110845800
2016-01-06,168.04864501953125,169.09672202912697,167.0174633249898,167.64292530886155,152112600
2016-01-07,164.01687622070312,166.8822052675258,163.62806476457075,165.0987695370902,213436100
2016-01-08,162.21656799316406,165.53832917185426,161.92919283899013,164.9804741804424,209817200
2016-01-11,162.37713623046875,163.47593781271146,160.4415652002888,163.13783807353647,187941300
2016-01-12,163.68727111816406,164.4395254227884,161.55728756572674,163.82251103515432,172330500
2016-01-13,159.6047821044922,164.70151796175867,159.22443118474726,164.3549705671791,221168900
2016-01-14,162.2249755859375,163.3491329495892,158.61585304162892,160.21333710635813,240795600
2016-01-15,158.74267578125,159.5456418613754,156.80710437138185,157.86364208133338,324846400
2016-01-19,158.9539031982422,160.6866267485745,157.38177536242011,160.55984744616237,195244400
2016-01-20,156.91696166992188,158.4806425014782,153.00355510783967,156.39292313915038,286547800
2016-01-21,157.79603576660156,159.63863150145605,156.0633111929954,157.39032886210708,195772900
2016-01-22,161.03321838378906,161.23606532350894,159.64704174123105,160.4077435595524,168319600
2016-01-25,158.59896850585938,160.72049132100767,158.40456920258129,160.52609201772958,130371700
2016-01-26,160.76275634765625,161.04168381774744,158.92016099014072,159.2582478584521,141036800
2016-01-27,159.01315307617188,161.91228631514613,158.1087506203031,160.23873422062803,185681700
2016-01-28,159.8414764404297,160.7627742216194,158.19328020408372,160.5599272369545,143798800
2016-01-29,163.73797607421875,163.873215985602,160.49229558414746,160.61062728231084,210529300
2016-02-01,163.6787567138672,164.46482718772359,162.148892735642,162.73210340075195,136061600
2016-02-02,160.72897338867188,162.25883794392138,160.20492190938126,162.2503902851481,182564900
2016-02-03,161.6925048828125,162.09821167988892,158.14254138972404,161.78548070059944,205054900
2016-02-04,161.9460906982422,162.91810014463994,160.5599138640015,161.1938364326577,139531800
2016-02-05,158.8609619140625,162.00521826861367,158.22703946995435,161.43046810993783,180788300
2016-02-08,156.7225799560547,157.31423850838584,154.5080809899628,157.01841568081485,191526700
2016-02-09,156.7310791015625,158.00738535927835,154.8462187738151,154.98145874368583,184513100
2016-02-10,156.5957794189453,159.19062903955063,156.46898716953467,157.559341187404,148214100
2016-02-11,154.55877685546875,155.60686682417594,153.0627159648016,154.11925359153506,219058900
2016-02-12,157.7452850341797,157.76218034884897,155.48852239590252,156.33375242808964,127632400
2016-02-16,160.4077911376953,160.43314701268105,158.59055131203985,159.55411325306656,120250700
2016-02-17,163.0279998779297,163.3999032175602,161.44741068450003,161.57420294874984,136009500
2016-02-18,162.36026000976562,163.35763831536678,162.047528974448,163.2984660129073,102343000
2016-02-19,162.28414916992188,162.43628436911968,160.97404017791513,161.58260676907716,114793000
2016-02-22,164.63394165039062,164.77762924050367,163.79715908741392,163.86477905285352,103640300
2016-02-23,162.5546417236328,164.24510174373455,162.4362971409267,163.9746219498688,111455300
2016-02-24,163.29844665527344,163.57737412554178,160.01896275957054,161.12621208575905,150812200
2016-02-25,165.2762908935547,165.28475144889893,162.98572450597618,163.74642645005426,110728300
2016-02-26,164.8959197998047,166.23983242237043,164.735324034117,166.1468695024317,129833700
2016-02-29,163.60275268554688,165.8595157337722,163.40835335404287,164.91286205285977,125918100
2016-03-01,167.44857788085938,167.53310607106434,164.35503183890893,164.8283587507982,141799700
2016-03-02,168.2008056640625,168.25151741126524,166.7216528504338,167.13582028123787,102415000
2016-03-03,168.86007690429688,168.8769851183664,167.4485441134209,168.0232944198999,95172200
2016-03-04,169.40945434570312,170.18707734864023,168.22613742329827,169.05445926898167,129293600
2016-03-07,169.54466247558594,169.95038211339124,168.4120575053785,168.48812510102272,100219000
2016-03-08,167.6936492919922,168.97840267520743,167.53306640412978,168.47127234562447,123974900
2016-03-09,168.52198791503906,168.86852246743945,167.71900897155595,168.50507970117934,94801200
2016-03-10,168.65719604492188,169.950409867992,166.83150896538407,169.01220401027405,156838700
2016-03-11,171.37887573242188,171.42113982309857,168.6403380583518,170.11103039525915,137964500
2016-03-14,171.1591033935547,171.61552199450793,170.54208900241045,170.8717282412068,73612000
2016-03-15,170.88015747070312,171.18444080425203,169.9335039428563,170.19552319451483,93169100
2016-03-16,171.8690948486328,172.27481460482147,170.35613856156,170.39840264831153,129303200
2016-03-17,172.95945739746094,173.46658777165402,171.38732873280304,171.7845879527083,134278500
2016-03-18,173.63912963867188,173.97896029914256,173.14636610639326,173.4607101155141,138372400
2016-03-21,173.8854217529297,174.11481446906782,173.14628328989875,173.3756760060369,72926700
2016-03-22,173.79205322265625,174.36127672102413,172.9509677829034,173.11237892363033,97471900
2016-03-23,172.64503479003906,173.59657058839065,172.47510657144517,173.40965991889973,81052500
2016-03-24,172.56861877441406,172.60260961481538,171.396194054714,171.6170826624935,84360900
2016-03-28,172.67062377929688,173.1973652707917,172.2203422532686,172.9849678353553,62408200
2016-03-29,174.2677459716797,174.37819672456754,171.95686213267928,172.26271478677356,92922900
2016-03-30,175.0323944091797,175.75453754913232,174.66706426238844,175.27027838042338,86365300
2016-03-31,174.60763549804688,175.3637696250937,174.44621142086157,174.93897488037737,94584100
2016-04-01,175.7970733642578,175.9839841079192,173.2992779386992,173.6136348968796,114423500
2016-04-04,175.2278594970703,175.9245292095298,174.9220067146725,175.72062303336168,63497000
2016-04-05,173.47772216796875,175.23636609824422,173.22284266632755,173.88552159236872,99662200
2016-04-06,175.3722381591797,175.43171563832263,173.29923799902537,173.47765747274903,91839800
2016-04-07,173.2737579345703,174.64159740604313,172.5431105219133,174.28477140875094,113859000
2016-04-08,173.7410430908203,174.88799403753805,173.2057975871912,174.45469511985496,95040600
2016-04-11,173.33322143554688,175.07488218190852,173.23976608924343,174.37821269788202,83757500
2016-04-12,174.94749450683594,175.22786063950423,173.06140449703767,173.50319473309455,115350600
2016-04-13,176.71461486816406,176.79957900310268,175.72908794318658,175.8650253736056,96336400
2016-04-14,176.72314453125,177.22441229447622,176.3748226151426,176.77413080152618,65212900
2016-04-15,176.52774047851562,176.85907993104766,176.20489225574252,176.72314247264745,75761600
2016-04-18,177.7681427001953,177.80212058209963,175.8650572208221,176.52773610948498,82531000
2016-04-19,178.32882690429688,178.58370634137805,177.5132282620851,178.1929024397327,88316100
2016-04-20,178.49874877929688,179.19540538775044,177.89553456526323,178.3713025834669,81100300
2016-04-21,177.53868103027344,178.6261543215078,177.26680622561275,178.51570356165138,85695000
2016-04-22,177.53868103027344,177.81054287122993,176.63811842631725,177.18185507193442,99251700
2016-04-25,177.23281860351562,177.27530065986903,176.32375185962587,176.93545717274523,66166500
2016-04-26,177.49624633789062,178.0060052508106,177.02047826647606,177.59819293499154,75864200
2016-04-27,177.86158752441406,178.25239147981213,176.75711845428708,177.11394452979732,77329400
2016-04-28,176.247314453125,178.20986384856798,175.83102395330687,177.10540802449896,97216200
2016-04-29,175.29576110839844,175.97543513836212,174.19129243017042,175.62710041549644,142424100
2016-05-02,176.68910217285156,176.86750868073221,175.36374483091808,175.79703074233328,62188000
2016-05-03,175.15138244628906,175.6951192326224,174.4037395036904,175.45723519883327,106422100
2016-05-04,174.1743621826172,174.8880273111376,173.67310742140722,174.15737972419933,92243800
2016-05-05,174.14035034179688,174.9984310180726,173.7155556174355,174.6416050052538,67619200
2016-05-06,174.77752685546875,174.82000891686093,173.2142855203949,173.3672053849607,89315000
2016-05-09,174.92196655273438,175.35525249343715,174.4716851936592,174.65010467730497,74374900
2016-05-10,177.0968780517578,177.11387346673692,175.55912357058196,175.6270922667951,77472200
2016-05-11,175.44024658203125,177.17340360452437,175.44024658203125,176.63817098959558,81727000
2016-05-12,175.4912109375,176.28133594015418,174.48019732436455,176.11140766348365,89586300
2016-05-13,173.96194458007812,175.74608774865698,173.63910937941026,175.19385974889587,96474600
2016-05-16,175.67811584472656,176.15388389072794,174.07239220761835,174.131869695222,77486800
2016-05-17,174.0384063720703,175.69510322923796,173.51165209062506,175.4062459236203,114924900
2016-05-18,174.0894012451172,175.27033022442657,173.00192763670458,173.69009311162262,120062100
2016-05-19,173.4861602783203,173.77501757533724,172.27974483456785,173.36721827580124,115430500
2016-05-20,174.58213806152344,175.1003881365985,174.04689256787208,174.09786585989488,104990400
2016-05-23,174.34426879882812,174.8795013740327,174.15735806980203,174.59913528049358,58682600
2016-05-24,176.6041717529297,176.91852869488514,175.13438549336922,175.15987214221596,93537800
2016-05-25,177.80206298828125,178.21836644808795,176.60413886076603,177.28381295207498,76621400
2016-05-26,177.85308837890625,178.16744535440486,177.53874436711646,177.93805252659968,55280700
2016-05-27,178.61769104003906,178.62618226762407,177.96350353221763,178.01447682514024,64211200
2016-05-31,178.27784729003906,179.0000035088857,177.7171151410786,178.88955273186752,109879400
2016-06-01,178.64321899414062,178.8216255606227,177.47078113099295,177.66618312028115,69936200
2016-06-02,179.18698120117188,179.20396366267138,177.7681678432991,178.2439360395066,63044700
2016-06-03,178.65170288085938,179.00003773366728,177.44528718539402,178.62621622955234,101757100
2016-06-06,179.5607147216797,179.91754069385723,178.8470498136199,179.00847386468456,64887000
2016-06-07,179.8411102294922,180.40184244536616,179.68819033263986,179.71367698211526,60974800
2016-06-08,180.42733764648438,180.55478386360957,179.84962294605026,179.97705619946709,66170900
2016-06-09,180.18093872070312,180.2998807295177,179.4248046010163,179.696666493861,73786900
2016-06-10,178.4732666015625,179.14443658039636,177.9295168943366,178.8046059770867,113829200
2016-06-13,177.0968780517578,178.7280878697639,177.01192690426882,177.87000738701636,117751200
2016-06-14,176.7485809326172,177.34330391003104,175.7970449106847,176.71460305913646,125059300
2016-06-15,176.5022430419922,177.87008284476488,176.31533228903874,176.74861832704423,109124500
2016-06-16,177.0289764404297,177.19890472720832,174.66711844773843,176.50223504979886,149533100
2016-06-17,176.36965942382812,176.95037835738,175.71206989991128,176.9247591709658,117055700
2016-06-20,177.5054931640625,179.00854191906885,177.4200871876243,178.3338816172478,82789600
2016-06-21,178.00936889648438,178.419288947969,177.44572068124083,177.88980833850454,72461700
2016-06-22,177.71902465820312,178.91463034063102,177.57383186786404,178.188718513434,95560500
2016-06-23,180.03334045410156,180.0845788252311,178.7181744809967,179.17933285228438,102731400
2016-06-24,173.56857299804688,180.06757373979508,173.1244852343956,173.90163556300368,333444400
2016-06-27,170.45993041992188,172.1679457025619,169.64861273576992,172.15939728623033,230775800
2016-06-28,173.5343017578125,173.55992093742398,171.7579647950763,172.06540798153293,159382400
2016-06-29,176.48922729492188,176.71979998221832,174.83245033872933,174.93492708863886,137328600
2016-06-30,178.89752197265625,178.94876034756433,176.40382115518798,176.95893395597878,165021900
2016-07-01,179.2732696533203,179.76006022892233,178.73524070789102,178.8975042330917,106055300
2016-07-05,177.98379516601562,178.5559789132819,177.38599222343342,178.4449537128285,109803700
2016-07-06,179.05126953125,179.17083009603255,176.83084414971785,177.488433771584,96021500
2016-07-07,178.9402313232422,179.89671577185584,178.1716296100524,179.23059081212514,85593800
2016-07-08,181.60475158691406,181.85242114379284,180.00776118732395,180.23834693966376,133971000
2016-07-11,182.2451934814453,182.81738996816054,181.86089271647793,182.06585920564996,73633900
2016-07-12,183.5689697265625,183.8678776620478,182.27087425209353,183.21028802265488,101275600
2016-07-13,183.54331970214844,183.99594270707593,183.05654212544937,183.98740732191362,87324100
2016-07-14,184.56809997558594,185.03780671506956,184.17526381610546,184.80722103730116,91230900
2016-07-15,184.3205108642578,185.32823384517283,183.87642314550487,185.13181569367885,107155400
2016-07-18,184.8158416748047,184.9781052510467,184.1838711755267,184.44007613637592,58725900
2016-07-19,184.6279296875,184.6620842623495,184.1496874528655,184.39734395611424,54345700
2016-07-20,185.3965301513672,185.63565126705168,184.62792842682754,184.62792842682754,58159500
2016-07-21,184.69619750976562,185.50750199268026,184.25210998068152,185.28546474369807,67777300
2016-07-22,185.52462768554688,185.57586605987336,184.55105947997558,184.81579976807757,62787500
2016-07-25,185.02078247070312,185.37092879203456,184.44006342850685,185.31969040962014,55873100
2016-07-26,185.106201171875,185.46488290452834,184.26072871061137,184.9183184027053,70080500
2016-07-27,184.9097442626953,185.55025001486825,184.14112954141405,185.4819278375684,84083900
2016-07-28,185.12327575683594,185.4136352834083,184.25218414599388,184.71334262754263,65035700
2016-07-29,185.4221649169922,185.78084662065095,184.5767055551982,184.85852968617107,79519400
2016-08-01,185.26844787597656,185.87478609579406,184.81582479995802,185.48194981866922,73311400
2016-08-02,184.0813751220703,185.17450401147684,183.24445116667687,185.02077583861927,92295500
2016-08-03,184.61936950683594,184.67915629791753,183.72267188959395,184.0215667516337,53993600
2016-08-04,184.8158416748047,185.13182040888088,182.97118159404107,184.73043567747973,46585500
2016-08-05,186.327392578125,186.37009556908544,184.81580834088703,184.81580834088703,71892200
2016-08-08,186.21641540527344,186.6178001396486,185.95167505518037,186.51531033587415,39906500
2016-08-09,186.327392578125,186.8227186047949,186.00287851529686,186.28470261828784,51251700
2016-08-10,185.86622619628906,186.5152673252711,185.51607992898232,186.43840976350796,57941100
2016-08-11,186.72877502441406,186.97644455037576,186.13097225142164,186.39571254866664,72504300
2016-08-12,186.5665740966797,186.78007607457377,186.16518933574864,186.4213812843203,61313500
2016-08-15,187.10452270507812,187.45466894994817,186.92518840578887,186.93372379061915,49813500
2016-08-16,186.13949584960938,186.75436931190202,186.13949584960938,186.68606017363058,53213600
2016-08-17,186.48963928222656,186.62628362850955,185.33673681715914,186.1736606336789,75134300
2016-08-18,186.9081268310547,186.94228140555919,186.35302703527333,186.46403917575554,52989300
2016-08-19,186.6348876953125,186.81423509469926,185.95169177472482,186.43846951969988,75443000
2016-08-22,186.6262664794922,186.8568521637661,186.0284638083385,186.3956807952183,61368800
2016-08-23,187.00205993652344,187.5400889368396,186.94227314487813,187.24118104085886,53399200
2016-08-24,186.04559326171875,186.95083939033645,185.6271247736624,186.85689801673703,71728900
2016-08-25,185.91744995117188,186.33591836195825,185.50752995621323,185.6612450676521,69224800
2016-08-26,185.5673065185547,187.13014199743318,184.67914434418842,186.10533547897305,122506300
2016-08-29,186.4811248779297,186.7458651841872,185.66127173911343,185.69543934508937,70502200
2016-08-30,186.17367553710938,186.67753694435032,185.6185757536911,186.39571284425205,58114500
2016-08-31,185.64422607421875,185.96020480105034,184.86707582220697,185.84064422621202,85269500
2016-09-01,185.6527099609375,185.9430694148379,184.49125911421413,185.63562616037814,97844200
2016-09-02,186.48963928222656,186.91664309101938,185.9174557421788,186.50672308329246,79293900
2016-09-06,187.05332946777344,187.13018704315655,186.0541418944176,186.77150532691024,56702100
2016-09-07,187.03619384765625,187.21554117165678,186.42985576833163,186.89101412399935,76554900
2016-09-08,186.6092071533203,186.9764372194823,186.30176387767503,186.70314851618755,74102900
2016-09-09,182.1427764892578,185.34530563284395,182.11715729859907,185.29406725152649,221589100
2016-09-12,184.75604248046875,185.1574271849525,181.31439212331006,181.38271431036313,168110900
2016-09-13,182.1000518798828,183.7397450430388,181.47662992931066,183.4750047502392,182828800
2016-09-14,182.0317840576172,183.35549894800207,181.47668411864615,182.1513446459091,134185500
2016-09-15,183.8507843017578,184.2350851766038,181.6901457728944,181.8694931310886,134427900
2016-09-16,183.14002990722656,183.4146990372313,182.45338327610466,183.23444578354756,155236400
2016-09-19,183.1743927001953,184.43612634084118,182.84822634230284,183.79238522201967,80250500
2016-09-20,183.1829833984375,184.18721803903782,183.14865629913766,184.03272644676736,69665300
2016-09-21,185.2429962158203,185.42323643914656,183.20018637179064,183.88684635353547,110284400
2016-09-22,186.41029357910156,186.71071140169641,186.00689444431455,186.25580196538942,76678700
2016-09-23,185.388916015625,186.15282183490012,185.2945001010202,186.01548721421128,73630900
2016-09-26,183.88682556152344,184.73655556931107,183.68940216236516,184.55631536636452,89827300
2016-09-27,185.0283966064453,185.12279941090966,183.35465898167763,183.72374408609076,78494800
2016-09-28,185.9467010498047,186.1012056735604,184.2901474487943,185.25146298525868,87411000
2016-09-29,184.26449584960938,186.1442224638383,183.71517048673903,185.7408102180015,128070600
2016-09-30,185.6549530029297,186.35876986017539,184.84812865424877,185.0970361399101,117202900
2016-10-03,185.20860290527344,185.43176176914656,184.57344031232466,185.2429430978361,83512100
2016-10-04,184.26449584960938,185.54339989459726,183.6722648793966,185.32024096800765,119948100
2016-10-05,185.07989501953125,185.50905582931773,184.8223959142697,184.89106321546933,72816000
2016-10-06,185.20860290527344,185.43176176914656,184.31595435283492,184.8566879647094,62927400
2016-10-07,184.57347106933594,185.65496466719526,183.8439055676314,185.48330296661467,89788300
2016-10-10,185.53475952148438,185.99824732120925,185.38884645310904,185.53475952148438,51855000
2016-10-11,183.19154357910156,185.17427716025622,182.46197819364937,185.10560987157612,130367400
2016-10-12,183.4319305419922,183.95550728652148,182.83109489319347,183.32892303528274,73866100
2016-10-13,182.83111572265625,183.32894392146179,181.28614701244356,182.10155007548934,101357000
2016-10-14,182.92550659179688,184.27307787424564,182.84826078625434,183.8095768470923,93346200
2016-10-17,182.2903594970703,183.1572596642625,182.11010618467034,182.8997605452408,58275700
2016-10-18,183.4319305419922,183.9469156877419,183.0542669102728,183.88683998103164,76869700
2016-10-19,183.92111206054688,184.23010829433224,183.337459783922,183.69795320718066,66519200
2016-10-20,183.5778350830078,184.13573890575714,182.91692375835873,183.5692434846294,73639800
2016-10-21,183.66363525390625,183.74947264471845,182.6164819513431,183.57781096004106,89089100
2016-10-24,184.44473266601562,184.81381777356535,184.09281765803647,184.53914856823081,60146600
2016-10-25,183.82669067382812,184.52192890478105,183.6636075140846,184.2644298681831,66542300
2016-10-26,183.45765686035156,184.0413092406965,182.7624053880732,183.00274747656863,75705500
2016-10-27,182.96835327148438,184.2129165596929,182.89110749634833,184.17858946972484,77220200
2016-10-28,182.42767333984375,183.62073988076526,181.71527791279635,182.9426715562345,140623200
2016-10-31,182.43624877929688,182.985574049549,182.27316558865292,182.76240206363727,61272500
2016-11-01,181.11447143554688,182.8139579649102,179.90424769711947,182.7624476574243,122781800
2016-11-02,180.02444458007812,181.19176291751896,179.5866920179421,180.80550757517466,103330800
2016-11-03,179.20042419433594,180.45357978386227,178.92576802899876,180.23899933405616,88939300
2016-11-04,179.00299072265625,180.1531386417637,178.85707760727243,179.31198705433658,109122100
2016-11-07,182.9512939453125,182.9856341530156,179.0030213613216,179.0030213613216,109794900
2016-11-08,183.7752227783203,184.341718129742,182.29033020287906,182.55640778089457,106772100
2016-11-09,185.72364807128906,186.34164072452515,182.25602117291444,182.28176977538683,258429000
2016-11-10,186.18711853027344,187.38018502161611,184.72797444040046,186.51328492689672,172113300
2016-11-11,185.75791931152344,185.99824826028976,184.81377361192582,185.46609317329938,100552700
2016-11-14,185.90383911132812,186.4875045058534,185.15710364326452,186.28150264361872,94580000
2016-11-15,187.35440063476562,187.35440063476562,186.08408858590283,186.290077346994,91652600
2016-11-16,187.0025177001953,187.23426819301946,186.6162756101203,186.73644010696472,65617700
2016-11-17,187.96380615234375,188.02388183930947,187.0453959773309,187.1569819491966,69797200
2016-11-18,187.5432586669922,188.20416992760926,187.36300537884298,188.03250823700608,86265800
2016-11-21,188.95953369140625,188.98528229692252,187.97246888808027,188.11838201832273,72402600
2016-11-22,189.32855224609375,189.50879242128624,188.5989737546482,189.2684634563987,67429000
2016-11-23,189.43161010742188,189.4831073175899,188.61620705354298,188.81361739150404,56620200
2016-11-25,190.13543701171875,190.16976411893134,189.69768453881755,189.77494344970924,37872300
2016-11-28,189.2427520751953,190.1010737177132,189.13975766911682,189.8264176025209,76572500
2016-11-29,189.61181640625,190.06672577916044,188.976653745513,189.2770715262414,69886700
2016-11-30,189.1569061279297,190.39289124725988,189.09681733329265,190.2298080583278,113291800
2016-12-01,188.461669921875,189.45731297095935,188.1011633438361,189.45731297095935,79040500
2016-12-02,188.5560760498047,189.0453256308212,188.19558256234671,188.54749754901323,74840300
2016-12-05,189.6890869140625,190.0324103393807,189.19125877948673,189.38866909419724,67837800
2016-12-06,190.2898712158203,190.32421140962055,189.39722263121195,189.8778805688431,59877400
2016-12-07,192.77903747558594,192.83911317744608,190.01524086325963,190.13540536392824,110738100
2016-12-08,193.25112915039062,193.72320871365824,192.48722334690305,192.7533140803448,99714400
2016-12-09,194.41842651367188,194.43559661331304,193.43994038530235,193.4742805845847,88005800
2016-12-12,194.1952667236328,194.80468083711352,193.77468441450114,194.32400972798507,102016100
2016-12-13,195.4913787841797,195.98920702612244,194.83905889660917,194.85622900066292,110477500
2016-12-14,193.877685546875,195.89473343151758,193.43993315255847,195.19091653592832,142501800
2016-12-15,194.6759033203125,195.53422484677,193.88624908760528,194.11799956689399,124972600
2016-12-16,194.29519653320312,195.193119883098,193.97574987414254,195.13267690752187,156420200
2016-12-19,194.71826171875,195.14132303377673,194.3297430116391,194.476516159919,90341100
2016-12-20,195.46932983398438,195.6161161046466,195.02038148255485,195.25348472013317,89838800
2016-12-21,194.92543029785156,195.51252274776837,194.92543029785156,195.33984927274236,67909000
2016-12-22,194.58876037597656,194.89957797729542,194.19159942879057,194.77870519756837,56219100
2016-12-23,194.87362670898438,194.8822557716593,194.44193644069242,194.6318680385307,36697800
2016-12-27,195.3571319580078,195.75427965629947,195.1240155073586,195.1412868081103,42672500
2016-12-28,193.74261474609375,195.63342049849544,193.63038421876237,195.6161623706865,64095000
2016-12-29,193.69944763183594,194.1656673706514,193.25911508358175,193.8116781541725,48696100
2016-12-30,192.99143981933594,194.1138370908359,192.30073279270974,194.02749377220482,108998300
2017-01-03,194.4678955078125,194.9772870163755,193.29369709663177,194.29520880905275,91366500
2017-01-04,195.6248016357422,195.77157477463183,194.7873212983205,194.79595036267494,78744400
2017-01-05,195.46932983398438,195.62474516651017,194.6750213959088,195.3570993331971,78379000
2017-01-06,196.168701171875,196.63492087370182,195.03766158158038,195.5815955454964,71559900
2017-01-09,195.5211944580078,196.04785719941958,195.48665185331058,195.90971312891796,46939700
2017-01-10,195.5211944580078,196.37593289918138,195.13266261295402,195.53845258621277,63771900
2017-01-11,196.07376098632812,196.07376098632812,194.77004770620948,195.43485452972027,74650000
2017-01-12,195.5815887451172,195.77153351403453,194.22608817508836,195.55568838336856,72113200
2017-01-13,196.03054809570312,196.33272337074413,195.71973058408247,195.75426000797762,62717900
2017-01-17,195.33984375,195.79743437424548,194.95132514864042,195.3916444736291,61240800
2017-01-18,195.77159118652344,195.81476286020285,195.03771225640872,195.5902754267279,54793300
2017-01-19,195.0463104248047,195.98739209731042,194.61462013384144,195.84924804240805,66608800
2017-01-20,195.762939453125,196.25505958847907,195.09813264304947,195.72839684852326,129168600
2017-01-23,195.2534942626953,195.82332855290545,194.49372838322267,195.76289876862668,75061600
2017-01-24,196.5054168701172,196.91983584202634,195.35711916695035,195.46934967913188,95555300
2017-01-25,198.206298828125,198.206298828125,197.2911042881558,197.45514871677426,84437700
2017-01-26,197.99911499023438,198.32720390092243,197.72282681825598,198.05954479401393,59970700
2017-01-27,197.6882781982422,198.223570011819,197.50696245620986,198.0767968750042,59711100
2017-01-30,196.46224975585938,197.02344185218226,195.47799644095304,196.99754148922224,79737300
2017-01-31,196.4449920654297,196.50543503261844,195.4003088892889,195.97013008802804,75880800
2017-02-01,196.52272033691406,197.36020071083536,195.93562775576842,196.4450192319056,79117700
2017-02-02,196.6522216796875,196.93713888571978,195.83201266640026,196.52270667286717,69657600
2017-02-03,198.0076904296875,198.1890061402115,197.2479245108015,197.5587420330272,80563200
2017-02-06,197.6537322998047,197.99909247550636,197.31701436233536,197.60193156698534,57790100
2017-02-07,197.662353515625,198.28398859163022,197.4724087327266,198.04224308142176,57931200
2017-02-08,197.92141723632812,198.05091908529695,197.11846625028537,197.66240036424514,51566200
2017-02-09,199.0955810546875,199.39775637450677,197.92138285613618,197.92138285613618,65955200
2017-02-10,199.88124084472656,200.10572823541386,199.11283262661516,199.44092147507035,66015900
2017-02-13,200.96910095214844,201.22811776053453,200.3474658816787,200.37336624510309,55182100
2017-02-14,201.77203369140625,201.78067592843365,200.44243342922505,200.7877803826342,71109000
2017-02-15,202.82534790039062,203.01529266658943,201.50437677355242,201.55617749630827,86785800
2017-02-16,202.65269470214844,203.03258427254195,201.90155779877912,202.85126855062055,84722400
2017-02-17,202.9720916748047,202.9720916748047,201.9705672657849,201.98783856225467,77204100
2017-02-21,204.18089294433594,204.35356643805537,203.33477042906745,203.34341266694642,88946100
2017-02-22,203.9995880126953,204.22406224900018,203.61106933772223,203.77511377639047,62115200
2017-02-23,204.13772583007812,204.53487355707574,203.3779466317962,204.5176154292191,74615900
2017-02-24,204.39671325683594,204.43987174441176,203.24841556069094,203.29158722240828,82381600
2017-02-27,204.71617126464844,204.8888447470126,204.0600067620078,204.31038133531447,56515400
2017-02-28,204.16360473632812,204.57802372176616,203.77508611409613,204.33627821574882,96961900
2017-03-01,207.0214385986328,207.48767158885056,205.80406855924141,205.82133986328705,149158200
2017-03-02,205.7177276611328,206.8401252309685,205.66592692584172,206.83148299232383,70246000
2017-03-03,205.8472137451172,206.0112581770802,205.25147898657502,205.63136858182762,81974300
2017-03-06,205.23416137695312,205.58813732980815,204.62978455559102,205.0528456957166,55391500
2017-03-07,204.62123107910156,205.28603792368858,204.41401496316493,204.9320486659343,65103700
2017-03-08,204.2413330078125,205.1737857297519,204.10318893623398,204.91476888907812,78168800
2017-03-09,204.5003204345703,204.82840926384335,203.5333384208922,204.3621763828615,90683900
2017-03-10,205.21697998046875,205.50189721914714,204.26725585154074,205.45872554526036,81991700
2017-03-13,205.320556640625,205.36372830929346,204.82843650540687,205.1565122041711,57256800
2017-03-14,204.53488159179688,204.8284410407562,203.92188867522026,204.77662713272062,59880800
2017-03-15,206.30477905273438,206.72784026341827,204.87156418304605,205.10468061947526,96081800
2017-03-16,205.89898681640625,206.52062185710258,205.5709111706965,206.4429207705509,78344000
2017-03-17,205.53741455078125,206.35252518012385,205.53741455078125,206.1617540442583,89002100
2017-03-20,205.3119354248047,205.82354284060926,204.921726603114,205.53738617631493,52537000
2017-03-21,202.6758575439453,206.04035217995005,202.54579233129812,205.918953570994,131809300
2017-03-22,203.15283203125,203.43898879624732,202.08625734823025,202.71059697523182,97569200
2017-03-23,202.93600463867188,204.07195161988832,202.56314220179587,203.15278881772713,100410300
2017-03-24,202.78858947753906,203.8118044338847,202.00817173901973,203.23950426698332,112504900
2017-03-27,202.5804443359375,202.84058795719199,200.83750456700477,201.11498139327645,87454500
2017-03-28,204.05459594726562,204.47948442330474,202.16423123366232,202.27696322842604,93483900
2017-03-29,204.24537658691406,204.47950720541104,203.54299796287933,203.7684619775269,61950400
2017-03-30,204.89573669433594,205.09518767334725,204.01126673659485,204.18469144018388,56737900
2017-03-31,204.41883850097656,205.0865243250438,204.36679917740523,204.55757033612667,73733100
2017-04-03,204.0632781982422,204.6702712330258,202.83194569012235,204.470833499766,85546500
2017-04-04,204.19332885742188,204.28004781254936,203.39556474977752,203.77710698201065,56466200
2017-04-05,203.58636474609375,205.84959218884566,203.37824716313773,204.86972342901407,108800600
2017-04-06,204.1586456298828,204.6789196571488,203.28282918541828,203.72507732476717,69135800
2017-04-07,203.9505615234375,204.6442735716667,203.4649670591141,203.90720203952503,74412300
2017-04-10,204.07192993164062,204.8696940380048,203.54297606170348,204.08927636892926,67615300
2017-04-11,203.82913208007812,203.93318424056568,202.3376560329672,203.69038704512482,88045300
2017-04-12,202.93600463867188,203.7424486651146,202.7105538557787,203.55167752902952,81864400
2017-04-13,201.61798095703125,203.33492141880774,201.61798095703125,202.59784981569032,92880400
2017-04-17,203.40428161621094,203.40428161621094,201.93881833535443,202.1382560907117,68405400
2017-04-18,202.7972412109375,203.3348749236641,202.11220908904167,202.66717600787345,83225800
2017-04-19,202.4244384765625,203.73381042203994,202.19897441618463,203.3609479090441,68699900
2017-04-20,204.07192993164062,204.5141780780443,202.71919891513377,203.04003523197187,92572200
2017-04-21,203.4215850830078,204.0459245342356,203.02270963061275,203.99389845187585,110389800
2017-04-24,205.65884399414062,205.86696160031948,203.39561629884614,205.66751059926793,119209900
2017-04-25,206.85545349121094,207.20230286363807,206.21376759761978,206.30048655645427,76698300
2017-04-26,206.7253875732422,207.70525629530476,206.68204132265512,206.82077314115497,84702500
2017-04-27,206.8988800048828,207.20236999622202,206.36124610253788,207.0462916974978,57410300
2017-04-28,206.4478759765625,207.18493412148746,206.31779755231412,207.15892108292857,63532800
2017-05-01,206.9681854248047,207.39308717979222,206.55196350512594,206.9681854248047,66882500
2017-05-02,207.04624938964844,207.22834070095143,206.63869405097995,207.10694208293043,57375700
2017-05-03,206.79476928710938,207.1416319274124,206.11840367783955,207.04624635526116,73137700
2017-05-04,207.0375213623047,207.17626638816398,206.18773123396085,207.09822727291336,61462700
2017-05-05,207.85264587402344,207.8699923112897,206.9681628138105,207.41041095964437,62001300
2017-05-08,207.8179931640625,208.04344395192322,207.39309140042783,207.8960322946924,48385700
2017-05-09,207.62722778320312,208.27758035273882,207.2803651405766,208.07814260288913,51363200
2017-05-10,208.00003051757812,208.00003051757812,207.3756911715679,207.583808697389,54293800
2017-05-11,207.57521057128906,207.73996867965013,206.49128957571077,207.54919752591178,62358300
2017-05-12,207.2283477783203,207.61855669018183,206.95953748862587,207.3237333551271,53912700
2017-05-15,208.37295532226562,208.4943539331432,207.63588382171568,207.65323026082854,61918900
2017-05-16,208.18214416503906,208.69375155313807,207.7919353644797,208.66773851519767,51241800
2017-05-17,204.48817443847656,208.18217186348366,204.42746852090303,208.18217186348366,172174100
2017-05-18,205.3119354248047,206.1617255836018,204.14996233090974,204.41010595585502,107047700
2017-05-19,206.64732360839844,207.3150225035401,205.74550735498167,205.79753343459836,115011400
2017-05-22,207.69656372070312,207.86132179299227,207.08957074236508,207.15893002721407,61010600
2017-05-23,208.15615844726562,208.32091653014805,207.68789723997293,208.06943948844685,48341700
2017-05-24,208.64175415039062,208.7458063164518,208.05209433598128,208.39029033859103,46927700
2017-05-25,209.63900756835938,209.9164977213546,208.94530864878885,209.15341303207651,64071700
2017-05-26,209.5956573486328,209.76040223846934,209.3701932957202,209.44823243797833,46629900
2017-05-30,209.41351318359375,209.66497700491354,209.11868988095512,209.2747681359558,35201900
2017-05-31,209.3614959716797,209.74303825312643,208.6677839355453,209.70834537401862,91796000
2017-06-01,211.0264129638672,211.04375940473994,209.53493660379107,209.82109333663263,68962000
2017-06-02,211.72879028320312,211.88488178712976,210.7836143493645,211.0784376850001,88666100
2017-06-05,211.5726776123047,211.84148785882437,211.373226654634,211.55533117436477,44698800
2017-06-06,210.8963165283203,211.56400224135808,210.81826417167153,211.00903529866966,50375400
2017-06-07,211.28652954101562,211.5119803176038,210.56680449890564,211.23450345653035,54144300
2017-06-08,211.3905792236328,211.86750704489805,210.86162531849425,211.38191262013916,65950700
2017-06-09,211.06980895996094,212.45722014624445,209.8037831864106,211.65945573705295,132256400
2017-06-12,211.0264129638672,211.07843905502793,210.17662260150766,210.82697520393188,86108100
2017-06-13,212.0582733154297,212.1102993981112,211.21714969486433,211.56399906704462,60067000
2017-06-14,211.7894744873047,212.33576161637254,210.96568402890944,212.32709501261013,78602300
2017-06-15,211.38198852539062,211.50338717517343,210.15932218949627,210.43679914694533,66464900
2017-06-16,211.42808532714844,211.59364686891837,210.54801112129442,211.54136707593415,84553100
2017-06-19,213.1882781982422,213.24926686697899,212.16006003399033,212.2559107671326,65123800
2017-06-20,211.75051879882812,212.83972564003517,211.7331010624758,212.83101677185903,56906400
2017-06-21,211.6981964111328,212.25586966980615,211.22766500061877,212.1426012223742,55977600
2017-06-22,211.60240173339844,212.2036460753738,211.4281312869086,211.7069746380786,44148100
2017-06-23,211.85508728027344,212.18619711182996,211.27998288906974,211.66338581653886,66986800
2017-06-26,211.99449157714844,212.9442900095876,211.7853723814404,212.5260250262087,56700500
2017-06-27,210.28662109375,212.0729228867936,210.26919006225233,211.7766485352585,82247700
2017-06-28,212.1687774658203,212.36918779574532,211.07084849322783,211.30612088678072,70042600
2017-06-29,210.30404663085938,212.36917839400562,209.09284924505067,212.31689859685977,106949700
2017-06-30,210.69615173339844,211.48909742094958,210.50445028594692,211.11440339330144,86820700
2017-07-03,211.0534210205078,212.07291695089415,211.0534210205078,211.63723424751635,39153800
2017-07-05,211.54141235351562,211.75053157021162,210.60904485913684,211.41942171178204,54427600
2017-07-06,209.6069793701172,210.89659662222502,209.42398675992098,210.77460598075513,65400800
2017-07-07,210.96629333496094,211.11442386854364,209.6156742045538,210.18206973458612,57972300
2017-07-10,211.19285583496094,211.56754992071063,210.66132233842012,210.9663055873796,36663300
2017-07-11,211.03594970703125,211.3496417254251,209.86832347589024,211.19278906823897,50354600
2017-07-12,212.62185668945312,212.78741823519627,212.00319472965325,212.00319472965325,59610400
2017-07-13,212.9791259765625,213.09240773141693,212.4040216309671,212.63058514067592,39471600
2017-07-14,213.9724578857422,214.32972084467653,212.88325127629287,212.97910198976356,60262700
2017-07-17,213.9463348388672,214.27745792892873,213.77206442682748,213.89405504485327,33531900
2017-07-18,214.05958557128906,214.11186535772728,213.19692920712373,213.5367611149504,42742500
2017-07-19,215.21856689453125,215.22727576286687,214.36461914228397,214.37334130660176,51034300
2017-07-20,215.31443786621094,215.5932679349596,214.7654733018842,215.47127728688517,47135200
2017-07-21,215.12265014648438,215.14879003945208,214.5126838546296,214.7392473216539,82340800
2017-07-24,215.07041931152344,215.20982767375511,214.59987453905043,215.04426611662504,46622300
2017-07-25,215.59327697753906,215.9244001630508,215.36672670617963,215.81982724889846,54915600
2017-07-26,215.60191345214844,215.9156054973058,215.34051449450024,215.8807567349459,47575400
2017-07-27,215.4015655517578,216.09866066471164,214.07708616674392,216.06381189225647,70766600
2017-07-28,215.14881896972656,215.27951845213977,214.4691550692181,214.92225547223714,50088400
2017-07-31,215.02684020996094,215.6455021888008,214.8177077305891,215.5496514644196,65838700
2017-08-01,215.50607299804688,215.662912370428,214.98324849815106,215.62806360855865,55050400
2017-08-02,215.61065673828125,215.75007839333924,214.67828937805945,215.63679663660702,47211200
2017-08-03,215.1924285888672,215.523538435843,214.91358524827461,215.49739853466022,40856000
2017-08-04,215.5845184326172,215.91562824584997,215.2011155263657,215.68036915918003,60191800
2017-08-07,215.9853515625,215.9853515625,215.54966883401892,215.65424173012192,31995000
2017-08-08,215.45379638671875,216.8915572233861,215.07911566005964,215.67163772900346,61719400
2017-08-09,215.44509887695312,215.49737867450057,214.40817190565855,214.76543491687417,62632600
2017-08-10,212.40406799316406,214.7393346504692,212.35178818596785,214.6086218364951,120479500
2017-08-11,212.71768188476562,213.3102171723221,212.39528099499407,212.6305533368164,74869900
2017-08-14,214.82643127441406,215.04427263598282,213.96378799202998,213.9986367596491,73291900
2017-08-15,214.80029296875,215.2272668271467,214.49532303787947,215.20983579521703,55242700
2017-08-16,215.1749725341797,215.72393698714532,214.7479987045419,215.3231030556506,56715500
2017-08-17,211.82020568847656,214.87870666228795,211.82020568847656,214.56501459564012,128490400
2017-08-18,211.48904418945312,212.77866090554804,211.04463944768045,211.65459240151066,136748000
2017-08-21,211.65463256835938,211.91604482560402,210.72227858256187,211.42808236993656,65469700
2017-08-22,213.86790466308594,214.02474403743867,212.2210247524849,212.23845578162837,63140100
2017-08-23,213.10110473632812,213.52807853810498,212.75256391984325,212.9006944316483,50203800
2017-08-24,212.60443115234375,213.6413447239777,212.39529868708377,213.48450534701752,50741700
2017-08-25,213.10110473632812,214.01604099957572,212.95297422452305,213.39736575993825,64445900
2017-08-28,213.10980224609375,213.6587533037545,212.6915373595219,213.63261341034104,40565600
2017-08-29,213.3538360595703,213.61523505816322,211.68080269268597,211.79408445606398,51135700
2017-08-30,214.36460876464844,214.6347432217607,213.15341132552646,213.33640391957263,62030800
2017-08-31,215.6542205810547,215.8982018213985,214.3994523187264,214.98326552211907,103803900
2017-09-01,215.9591522216797,216.38612596462394,215.81102173028552,216.02886303456722,62007000
2017-09-05,214.40818786621094,215.68038731715265,213.44097165164035,215.45382378294025,91398800
2017-09-06,215.14012145996094,215.47124458132453,214.55630821164922,215.08784166100486,57916900
2017-09-07,215.1139373779297,215.4624914593491,214.70439464224856,215.44506043128348,58034700
2017-09-08,214.86131286621094,215.32313553103205,214.6173315827576,214.82645079944174,63832800
2017-09-11,217.1529541015625,217.23137378819135,216.1160272584276,216.13344499146996,71364800
2017-09-12,217.8849334716797,217.91978223945418,217.33596898336484,217.51896157813033,56896000
2017-09-13,217.98951721191406,218.0243792795309,217.48412359933445,217.5974053751146,59228000
2017-09-14,217.91976928710938,218.12019290184045,217.49280875133618,217.66707917181387,95446300
2017-09-15,218.21315002441406,218.30071098989268,217.67022660776115,217.775305111122,95432400
2017-09-18,218.6772003173828,219.0274708003224,218.29189476897184,218.5808739302801,46235200
2017-09-19,218.8961639404297,218.98373825864107,218.57216301458448,218.9224335635001,47108100
2017-09-20,218.9749755859375,219.0888195286627,217.97668981070967,218.98374103504872,59574100
2017-09-21,218.3882598876953,218.90491361834765,218.21312461516493,218.81735266306487,48211400
2017-09-22,218.4320831298828,218.59846634295977,218.0642949882233,218.09056461534422,51214000
2017-09-25,217.9854278564453,218.52836454972967,217.24109963801683,218.17808065697133,57064400
2017-09-26,218.11683654785156,218.65975999671107,217.8803965392975,218.41456789967987,54082000
2017-09-27,218.9662322998047,219.35153794116275,217.93291141052939,218.81736664054645,81001400
2017-09-28,219.22891235351562,219.30772121626998,218.59841472755318,218.68597567662562,44778800
2017-09-29,219.99957275390625,220.07839500104708,219.03632186830936,219.2202092670468,85578000
2017-10-02,220.9540557861328,220.9540557861328,220.05208300305776,220.22723165186667,59023000
2017-10-03,221.4268798828125,221.4531495026969,220.8751911413137,220.9540133629302,66810200
2017-10-04,221.68960571289062,221.93479775778118,221.16418655271696,221.27803048854625,55953600
2017-10-05,223.0032196044922,223.02072378395283,221.72470631950634,222.0224377139657,63522800
2017-10-06,222.74920654296875,223.03818577572494,222.29385747495817,222.5565537211313,80646000
2017-10-09,222.3814239501953,223.03819130584384,222.11871433554268,222.97689996753897,35803100
2017-10-10,222.9680938720703,223.3446473688877,222.40765303189386,222.95058969972615,43057400
2017-10-11,223.31842041015625,223.31842041015625,222.70544021191907,222.8718100527529,47674300
2017-10-12,222.98568725585938,223.3534754296457,222.74924722915094,223.0032047961258,47065100
2017-10-13,223.25711059570312,223.53733774388797,222.98564889712773,223.42349379469215,54800400
2017-10-16,223.55484008789062,223.7474929101981,223.14327818056006,223.48479666338406,38221700
2017-10-17,223.7124786376953,223.75626580094243,223.28338581701962,223.50230827128894,31561000
2017-10-18,223.93136596679688,224.1327708517824,223.7387131683015,224.0889836954036,40888300
2017-10-19,223.99269104003906,224.0277261152057,222.73170893532952,223.15203630356604,61903800
2017-10-20,225.14857482910156,225.17487117611148,223.97516715360754,224.78956555498408,89176400
2017-10-23,224.2729034423828,225.49889055023027,224.19409456669527,225.47262092500108,63915300
2017-10-24,224.6669464111328,224.90337300858928,224.3079104286724,224.7019814816952,66935900
2017-10-25,223.55484008789062,224.44804741295565,222.425206140693,224.3342034646924,103715300
2017-10-26,223.8438262939453,224.43928895455974,223.72123025429138,224.1678406117184,69798000
2017-10-27,225.67401123046875,225.8316557049051,223.8525882021322,224.58816442841805,85562500
2017-10-30,224.83334350585938,225.5776851387856,224.53561219747496,224.58815144460573,54285700
2017-10-31,225.1836395263672,225.437597065505,224.8859081843137,225.2099091529033,60304800
2017-11-01,225.4813995361328,226.30455023749693,225.11362471786865,225.96304504910876,54202700
2017-11-02,225.56893920898438,225.7090527881011,224.34297879662896,225.41132145395284,56449500
2017-11-03,226.32205200195312,226.3658258047985,225.3149872971758,225.72656259486914,59589700
2017-11-06,226.67230224609375,226.80365036677094,226.1206134153186,226.19065683836942,49652600
2017-11-07,226.51466369628906,227.1101262712874,226.00674871108046,226.77735991351526,57502200
2017-11-08,226.8999786376953,226.99631841527642,226.05932388502706,226.33955104389406,50469600
2017-11-09,226.07681274414062,226.2694655395448,224.49178986326726,225.6915071533323,95085500
2017-11-10,226.0067901611328,226.18193882069187,225.3762924002271,225.69155464264665,59984700
2017-11-13,226.21688842773438,226.44457628124673,225.28865956577454,225.32369463337486,50228600
2017-11-14,225.69155883789062,225.7966373460059,224.63195485854894,225.41133166696056,61315200
2017-11-15,224.5618896484375,225.24492660887586,223.85258306351813,224.71950739532375,80811500
2017-11-16,226.4709014892578,226.83870297952345,225.46386352096016,225.50763732326016,67777000
2017-11-17,225.8053436279297,226.44460675902482,225.72653475816674,226.12060583091156,75756800
2017-11-20,226.19068908691406,226.38334193268457,225.80538339537304,226.05060222083983,48075500
2017-11-21,227.6705780029297,227.8544920984872,226.15565178250472,226.9612714170117,69176800
2017-11-22,227.46913146972656,227.8106365059082,227.3027483133554,227.67928841506912,45033400
2017-11-24,227.99456787109375,228.0996730879914,227.8194459574578,227.9595595227246,27856500
2017-11-27,227.88076782226562,228.33611690074267,227.67934954628222,228.03838557359245,52274900
2017-11-28,230.19253540039062,230.2188050210911,228.248503296773,228.34484305529307,98971700
2017-11-29,230.05250549316406,230.85815202744837,229.6059217788832,230.32396724707854,77512100
2017-11-30,232.0665740966797,232.9772722931551,230.8931529126595,230.97196179174296,127894400
2017-12-01,231.58493041992188,232.32927213776017,228.3448940068808,231.8476534094766,164390900
2017-12-04,231.3047332763672,233.63404479524854,231.25216729855987,233.2049653139705,94040600
2017-12-05,230.47283935546875,232.18918416938274,230.34149120816807,230.47283935546875,77994500
2017-12-06,230.5166015625,230.945707787336,230.0524869827699,230.56914081877625,75898600
2017-12-07,231.243408203125,231.55864369859842,230.25387446911444,231.243408203125,77218600
2017-12-08,232.50442504882812,232.51316377521968,231.2083944255536,232.19792825071,76563900
2017-12-11,233.20492553710938,233.26623023081655,232.47811483320623,233.20492553710938,83077500
2017-12-12,233.61654663085938,234.0894266518244,233.2400063937643,233.99308686795445,85195800
2017-12-13,233.5902862548828,234.29959295245607,233.50271191806013,233.86174799227823,102905400
2017-12-14,232.63571166992188,234.00178536277772,232.5831724297295,233.88794143438528,100666700
2017-12-15,234.5730743408203,235.03956129628546,233.5872926130855,233.64010042989005,144610300
2017-12-18,236.06053161621094,236.4125926436148,235.8668940220586,235.9725096442263,83653600
2017-12-19,235.1538848876953,236.3508973619144,235.08345658890252,236.3068998205633,82382900
2017-12-20,235.0306854248047,236.1748902835174,234.73143225961104,236.12208248145558,76751500
2017-12-21,235.5147247314453,236.22768365572136,235.26827941138984,235.65555446583778,67032300
2017-12-22,235.4531707763672,235.56759663243676,234.91625565031677,235.5323824781393,78720900
2017-12-26,235.1715545654297,235.39159606437855,234.90751551090486,235.04831843296174,45244400
2017-12-27,235.2859649658203,235.64683622362304,235.0131156739141,235.33877277325166,57751000
2017-12-28,235.77005004882812,235.8140744628945,235.4003953896571,235.787670558668,45116100
2017-12-29,234.88107299804688,236.36855560539198,234.68746227476788,236.3509619561484,96007400
2018-01-02,236.56211853027344,236.59733267818024,235.35629585458207,235.74357089998256,86655700
2018-01-03,238.05845642089844,238.20809643270974,236.7293974037698,236.7293974037698,90070400
2018-01-04,239.06179809570312,239.5459053575724,238.1200411901714,238.70095378809887,80636400
2018-01-05,240.6549530029297,240.77816225162655,239.36110815870046,239.8539988745469,83524000
2018-01-08,241.09507751464844,241.25350094481885,240.26771934304634,240.55816229835875,57319200
2018-01-09,241.64077758789062,242.2656879177006,241.23588189429273,241.51754145665623,57254000
2018-01-10,241.2710723876953,241.5351382742084,240.2148894232378,240.88379724256805,69574300
2018-01-11,243.03140258789062,243.03140258789062,241.65834594076944,241.82557960963317,62361500
2018-01-12,244.61566162109375,244.78286839135657,242.99613310603738,243.2954130794138,90816100
2018-01-16,243.7794952392578,246.5256079282304,243.084156814638,245.87429390496845,106555100
2018-01-17,246.10311889648438,246.4903939539756,243.7794954120626,244.7124689067845,113258800
2018-01-18,245.6895751953125,246.4112909749268,245.19665747333914,245.98882844257452,100728000
2018-01-19,246.80728149414062,246.80728149414062,245.68948066001104,246.27036641848483,140920100
2018-01-22,248.81410217285156,248.81410217285156,246.54325909295474,246.59609375901607,91322400
2018-01-23,249.34225463867188,249.63269762447223,248.5324900319093,248.85814718162203,97084700
2018-01-24,249.2453155517578,250.58318460151446,248.06589674141077,249.98465151374285,134816100
2018-01-25,249.35092163085938,250.20468339855188,248.55877790611441,250.10787806865525,84587300
2018-01-26,252.23788452148438,252.28190892455098,249.93185459343374,250.18711017753503,107743100
2018-01-29,250.56561279296875,252.10590306158304,250.40718938329576,251.66582012769325,90118300
2018-01-30,247.99557495117188,250.6184523790427,247.52027780134623,248.73491115060395,131796400
2018-01-31,248.1187744140625,249.35100136441295,247.04497088721433,248.84932718998905,108364800
2018-02-01,247.8370819091797,249.13973700377733,247.0449380364705,247.38821560227782,90102500
2018-02-02,242.441650390625,246.64884132023326,242.40643624202914,246.51679497813015,173174800
2018-02-05,232.3021697998047,242.79375870651555,231.75647126237143,240.68136600719666,294681800
2018-02-06,236.87904357910156,237.38074456875086,227.69892005236255,228.79031712974927,355026800
2018-02-07,235.5940704345703,239.7220247078525,235.51483184875826,236.32459647468235,167376100
2018-02-08,226.75711059570312,236.0340652904315,226.7218964441149,235.89323554460609,246449500
2018-02-09,230.16336059570312,232.02049757208297,222.6115362922506,229.54723378106326,283565300
2018-02-12,233.5431671142578,235.01305567391455,230.3041637362492,232.2141082919744,143736000
2018-02-13,234.12416076660156,234.66985940002604,231.75651202955515,232.33742482464626,81223600
2018-02-14,237.2838592529297,237.64473040013357,232.62777534747647,232.63658559952583,120735700
2018-02-15,240.3116455078125,240.3204557603827,236.5621309444541,239.02661107728906,111200300
2018-02-16,240.382080078125,242.32726592741432,239.6427439945313,239.68676840292403,160420100
2018-02-20,238.8769989013672,240.8749925095738,238.08485503306727,239.4315076673359,86369700
2018-02-21,237.68881225585938,241.79919920284223,237.59200689107456,239.31712469165862,98883700
2018-02-22,237.99684143066406,240.32927557049345,237.32793364711858,238.61296827236853,110511300
2018-02-23,241.7903289794922,241.7903289794922,238.74496296365007,239.22025999611984,92766400
2018-02-26,244.59803771972656,244.6948699122449,242.27441428611127,242.86411025131167,86491400
2018-02-27,241.5438995361328,245.4958623330936,241.4822814822058,244.7829033072066,99099200
2018-02-28,239.0970916748047,243.09305288834784,238.78024480369112,242.64415962706857,121907800
2018-03-01,235.6204376220703,240.43494648514266,234.124144749757,238.88584580420968,176855100
2018-03-02,236.83502197265625,237.398341026059,233.0855336080012,233.94807897529424,139083200
2018-03-05,239.57228088378906,240.18840755846762,235.5411073253965,235.6467497620305,97307400
2018-03-06,240.17967224121094,240.6285654402573,238.68337948474397,240.5493268729292,79213200
2018-03-07,240.09164428710938,240.4437052620397,237.82082816735752,238.0144657326488,87063500
2018-03-08,241.2534942626953,241.37670352923723,239.77482190099204,240.769386869871,66901200
2018-03-09,245.4517822265625,245.4517822265625,242.344798661436,242.66167225220462,113625300
2018-03-12,245.14373779296875,246.36718099254543,244.75646274134198,245.74227087490794,71924800
2018-03-13,243.5594940185547,246.80730813965732,242.95217743587503,246.30560716082977,91968900
2018-03-14,242.30966186523438,244.70371419100942,241.75517991030418,244.51888687269934,105895100
2018-03-15,242.04559326171875,243.46264729648829,241.54389231279492,242.8201434578408,83433000
2018-03-16,242.30801391601562,243.35960806370167,242.25499462857778,242.57311035320478,100343700
2018-03-19,239.029541015625,242.4847756433966,237.3770433606268,241.5569109929973,109208400
2018-03-20,239.4361114501953,240.0723701132613,238.7556520517941,239.4272659095059,59757300
2018-03-21,238.9764862060547,241.48616473302508,238.7644090530465,239.39182194276364,78709600
2018-03-22,233.0028076171875,237.5979844347918,232.72883860854253,236.74964866306775,148785900
2018-03-23,228.03640747070312,233.77157928506128,227.84199440974007,233.44461799346522,183534800
2018-03-26,234.2753143310547,234.5581019309641,229.23829167720385,231.64193234021414,141956100
2018-03-27,230.2898406982422,235.7421981357411,228.7345361738358,235.21200520069758,129941400
2018-03-28,229.60939025878906,232.09258645062064,228.50477665506375,230.42239773709733,146452300
2018-03-29,232.5432891845703,234.40789128155768,229.61827403229532,230.7493974721348,111601600
2018-04-02,227.52395629882812,232.52565133034014,225.04961843824515,232.0130953728441,186286300
2018-04-03,230.44007873535156,230.9172793982048,226.96717978305338,228.76107132825462,119956900
2018-04-04,232.90560913085938,233.6125511780007,226.7551270227763,226.8876752856015,123715300
2018-04-05,234.74371337890625,235.62740446622072,233.57723467130435,234.66415744910958,82652600
2018-04-06,229.51222229003906,234.27530264645085,227.99227272647158,232.78188970165434,179521200
2018-04-09,230.6433563232422,234.03672660538797,229.70664599907167,230.970317685891,105442900
2018-04-10,234.3106231689453,235.09712096907836,232.39302912916128,233.5329709070938,103529000
2018-04-11,233.08238220214844,234.7437258494549,232.75542079737045,232.82610422214142,91140200
2018-04-12,235.0,235.94555607910678,234.23119295239357,234.40794198389395,68890500
2018-04-13,234.3106231689453,236.42265724229674,233.3032296247137,236.3077731170544,85079200
2018-04-16,236.23712158203125,237.00595546518431,235.12368917353777,235.94551539526447,63405300
2018-04-17,238.76446533203125,239.36536871926083,237.4919481778344,238.00447707444593,64682000
2018-04-18,238.9412384033203,239.74537353512525,238.48170179301928,239.20633493379327,57303900
2018-04-19,237.6156463623047,238.49049167681346,236.58171619852686,238.28723307214477,77655900
2018-04-20,235.60084533691406,237.7658990812484,234.71715433401994,237.54497633052486,99953100
2018-04-23,235.56549072265625,236.7319691881383,234.4873867411846,236.17523960378978,65558000
2018-04-24,232.3930206298828,236.8114747123485,230.89073545460306,236.59055200822522,112885500
2018-04-25,232.96743774414062,233.40928319691392,230.5107781054454,232.33117921342284,103840900
2018-04-26,235.3357391357422,236.16641080171698,233.5506930918964,233.99253857515498,67731900
2018-04-27,235.55662536621094,236.2459031345323,234.619915244341,235.9454514886593,57053600
2018-04-30,233.74508666992188,236.7319662022988,233.67437629636294,236.17523662497214,82182300
2018-05-01,234.16046142578125,234.26650003565555,231.6242454884394,233.17955034822333,74203400
2018-05-02,232.58750915527344,234.7790458316721,232.19868291240678,233.96606511885076,86368900
2018-05-03,232.0749053955078,232.728828047359,228.920122334684,231.7567896085878,136311500
2018-05-04,235.0794219970703,235.75988118738852,230.77585202279235,231.10281331097474,91222100
2018-05-07,235.87478637695312,236.84682479033765,235.1589719388645,235.84827672873547,55304900
2018-05-08,235.87478637695312,236.23707591322565,234.31063622779368,235.5036243338,67499200
2018-05-09,238.15476989746094,238.4817313148894,236.02507094532106,236.54644549853327,59666100
2018-05-10,240.38165283203125,240.70864120519346,238.79101957629078,238.8970581975917,72063900
2018-05-11,241.1150360107422,241.38013245892407,239.99273145453296,240.50528721182133,59871500
2018-05-14,241.2299041748047,242.20194239925777,240.68199327129196,241.54801989158554,54790600
2018-05-15,239.56866455078125,240.01932867712787,238.62310859374907,240.00166456350468,87036100
2018-05-16,240.57601928710938,241.0355558477446,239.5774441834004,239.6039808016906,53942600
2018-05-17,240.3727569580078,241.45086087471745,239.59510469440028,240.31089212610618,56536400
2018-05-18,239.77183532714844,240.39042973225517,239.4183643677041,240.02811323419044,64368000
2018-05-21,241.57449340820312,242.11355869404565,240.8675517201209,241.25637773899516,58025900
2018-05-22,240.90298461914062,242.35225076806103,240.57602327210842,242.09597283331613,52966400
2018-05-23,241.56565856933594,241.59219517770842,239.47131608335278,239.63040089309803,64694200
2018-05-24,241.0708465576172,241.4420085705214,239.28580079752527,241.16806657189602,76043800
2018-05-25,240.4965362548828,241.12394940772603,239.9928258371392,240.4965362548828,56374800
2018-05-29,237.73046875,239.63042538018576,236.61703677659287,238.8704373344913,115908600
2018-05-30,240.90298461914062,241.34483010823462,238.96772618756867,239.03840959985598,69678400
2018-05-31,239.42724609375,240.7969563816566,238.82634267506256,240.49650467231288,93519900
2018-06-01,241.77789306640625,242.0783448076039,240.65558809722202,240.72629848815825,71258400
2018-06-04,242.92665100097656,243.1829289425689,242.36110278324185,242.59968964520834,45385200
2018-06-05,243.10336303710938,243.48334363778017,242.2903555730624,243.0591623128724,51135000
2018-06-06,245.13584899902344,245.24188759157823,243.09452518802559,243.71311960206987,62732200
2018-06-07,245.10939025878906,245.9135523768244,244.19918952617525,245.62194618673365,72969400
2018-06-08,245.83395385742188,245.88697314970935,244.48190796788347,244.64981138282843,72139700
2018-06-11,246.1609649658203,246.87675252466192,245.94004221387883,246.0549263597859,58892500
2018-06-12,246.47906494140625,246.84135445972845,245.83396090926507,246.57625799068668,72329000
2018-06-13,245.69259643554688,246.97395911429703,245.48933780630622,246.71768118492542,79070600
2018-06-14,246.3112030029297,246.84139603030306,245.7191181648838,246.55863540507366,77097600
2018-06-15,245.99696350097656,246.33427828335442,244.4169314328949,245.52650527534564,120041600
2018-06-18,245.49102783203125,245.6153131236855,244.06190951326263,244.54122598024824,52917600
2018-06-19,244.55007934570312,244.77199411824915,242.80138985447235,243.21859071042707,97531500
2018-06-20,244.96722412109375,245.63296828632238,244.62990940977267,245.23351095150542,53785500
2018-06-21,243.43157958984375,244.97612456960783,242.93449274945104,244.95835405367882,71061400
2018-06-22,243.87550354003906,244.80756204376263,243.65358871856367,244.69216200232157,54898500
2018-06-25,240.5556640625,242.8813270339227,238.86911685407384,242.7215548654764,137854200
2018-06-26,241.08815002441406,241.9402949387843,240.36914852022696,241.12366396352903,68547400
2018-06-27,239.0909423828125,243.10315106426856,238.94002844283239,241.67403316486272,105110700
2018-06-28,240.4579620361328,241.2213357813261,238.3275587424145,239.03770220338833,76650500
2018-06-29,240.80413818359375,242.91677098828745,240.68873817656709,241.54976851068503,97592500
2018-07-02,241.31898498535156,241.47878420787828,238.99332252521182,239.23300781439923,63554800
2018-07-03,240.46685791015625,242.31320410898738,240.04079885597014,242.2155475162648,42187100
2018-07-05,242.42849731445312,242.49063993582052,240.5200361906718,241.5941229113419,56925900
2018-07-06,244.4790802001953,244.85188185065252,242.07350454521062,242.4552185443817,66493700
2018-07-09,246.68043518066406,246.73369255449904,245.43771797584225,245.48209009097027,50550400
2018-07-10,247.56809997558594,247.66575655603182,246.84021306391304,247.13315571604667,51966800
2018-07-11,245.7572479248047,246.8047060907769,245.45544712755907,246.0146766095031,77054700
2018-07-12,247.98524475097656,248.03850211401618,246.41409836291209,247.01769987015967,60124700
2018-07-13,248.1805877685547,248.4823885914814,247.35507136267833,247.80778614167045,48216000
2018-07-16,247.95870971679688,248.36702535070975,247.51488013104566,248.2250237217725,48201000
2018-07-17,248.96177673339844,249.35234894826192,247.1332009498144,247.18645833464043,52315500
2018-07-18,249.48545837402344,249.59197312914412,248.59779929574424,249.04162883488385,44593500
2018-07-19,248.54452514648438,249.2013841515407,248.06518169158207,248.819697275046,61412100
2018-07-20,248.26046752929688,248.97061099686556,248.1006954075452,248.3403535901727,82337700
2018-07-23,248.7220916748047,248.92623593154934,247.71014729383947,248.05634734707684,47047600
2018-07-24,249.97369384765625,250.8169809217829,249.10380517035608,250.13349309116006,68026900
2018-07-25,252.1040496826172,252.42359393047738,249.6807307795288,249.72510289533034,78882900
2018-07-26,251.50924682617188,252.19273436550995,251.2873321211559,251.38498867774558,57919500
2018-07-27,249.80503845214844,251.9354148965734,248.88186539352202,251.83775830816563,76768700
2018-07-30,248.50021362304688,250.04473202308338,247.97647083599927,249.8849598622265,63742500
2018-07-31,249.7251434326172,250.33763042964327,248.88188347107697,249.2635704143807,68570500
2018-08-01,249.30796813964844,250.43531274317846,248.65999421335954,249.92934046076942,53853300
2018-08-02,250.666015625,250.8346458978724,247.79886755896152,248.00303886283933,63426400
2018-08-03,251.74012756347656,251.79338494263322,250.61278316317959,250.7903258198392,53935400
2018-08-06,252.66329956054688,252.97395857459247,251.38506828772208,251.77564045937442,39400900
2018-08-07,253.49766540527344,253.87937939334077,253.19586457204238,253.32903510396625,43196600
2018-08-08,253.3911590576172,253.79061648823114,252.9295860778104,253.32904350842435,42114600
2018-08-09,253.04501342773438,253.84390128604824,252.91186996621687,253.453329072791,35717000
2018-08-10,251.34951782226562,252.14840547941606,250.63937439097478,251.6069465091837,77076000
2018-08-13,250.40863037109375,252.23720589769607,250.11568770651078,251.62471896906465,65732900
2018-08-14,252.00648498535156,252.24617034784055,250.74602387361858,251.13659615620972,43842000
2018-08-15,250.12457275390625,250.79920231859953,248.68656938849597,250.65717361607437,102925400
2018-08-16,252.14845275878906,253.0183684667841,251.52708052604874,251.56259447657288,69967900
2018-08-17,253.0360565185547,253.47988599074597,251.53591073541207,251.94422626485172,65618500
2018-08-20,253.57757568359375,253.8438625660107,253.03608957040626,253.48880435971984,39807500
2018-08-21,254.1723175048828,255.0333479630859,253.61308790667158,254.09243143216798,67272000
2018-08-22,254.02133178710938,254.5450472306156,253.49758925440622,253.76390314904802,44993300
2018-08-23,253.68414306640625,254.70494577972218,253.3645716520022,253.8439152290031,49204900
2018-08-24,255.2108154296875,255.35284410240035,254.20775655247763,254.261013918595,57487400
2018-08-27,257.2259216308594,257.33243641704127,256.2494909421703,256.40926312144313,57072400
2018-08-28,257.3501281738281,257.7939577065519,256.8885281227042,257.68741586376615,46943500
2018-08-29,258.7348327636719,258.9656056631164,257.3234583260667,257.56311648329,61485500
2018-08-30,257.6874084472656,258.6283248624232,257.09269206048697,258.25552323561953,61229500
2018-08-31,257.6962890625,258.1401185744521,256.790886610231,257.27908823769684,66140800
2018-09-04,257.2524719238281,257.6075301326266,256.24941284429883,257.2791006122579,57594400
2018-09-05,256.5600891113281,257.10157520760544,255.54817190054018,256.897403877992,72452400
2018-09-06,255.78778076171875,256.96835512817944,254.7580932317507,256.6665543659955,65909900
2018-09-07,255.29067993164062,256.26711004337847,254.50065058558093,254.74033580207853,73524800
2018-09-10,255.73464965820312,256.5690515670476,255.5393635287031,256.3027375236137,50210900
2018-09-11,256.577880859375,257.0217104592627,254.7404469036389,255.08661990516262,50530500
2018-09-12,256.63995361328125,257.2435552033378,255.84995122701346,256.5866962429352,59810800
2018-09-13,258.1578674316406,258.3442953348075,257.4211223455566,257.70517974058833,51034200
2018-09-14,258.2023010253906,258.5484740117114,257.4211566296206,258.36207317292326,55079900
2018-09-17,256.8353271484375,258.1845594721034,256.5601549448557,258.14907260591986,68244000
2018-09-18,258.2289123535156,258.82362878130147,257.02168188962406,257.04831057908905,61930400
2018-09-19,258.5040283203125,258.9212290907196,258.1578283433109,258.2821135932705,49080600
2018-09-20,260.598876953125,260.91844823003237,258.52175846542247,259.764502544375,100360600
2018-09-21,260.3608093261719,261.45758204644017,260.200313965692,261.3416596599288,105479700
2018-09-24,259.4959411621094,259.9239561004905,258.9163563078542,259.78128445436346,53409600
2018-09-25,259.25518798828125,260.05769215619654,259.0144449014566,259.95069522871887,44370000
2018-09-26,258.4794616699219,260.58380737485373,258.06037218301276,259.397888348233,79739700
2018-09-27,259.2016296386719,260.2894768364136,258.67554339223165,258.9519611282964,59249500
2018-09-28,259.2284240722656,259.727761180098,258.54184235195396,258.5774898512052,70091400
2018-10-01,260.12896728515625,261.1989634661565,259.4602094675966,260.46778172145326,62078900
2018-10-02,259.97735595703125,260.6906867052664,259.6028668383461,259.97735595703125,47258200
2018-10-03,260.1199645996094,261.4485543617017,259.7632993118053,261.0294651652822,64694600
2018-10-04,258.0871276855469,259.69213623805473,256.49994288608053,259.6386377670936,111545900
2018-10-05,256.6426086425781,258.82720205480575,255.2159192888122,258.3100411101316,105951700
2018-10-08,256.6426086425781,256.9992741780606,254.57391044020932,255.95599959464238,87742200
2018-10-09,256.26812744140625,257.5699690705612,255.70636622002135,256.2592291697829,74339000
2018-10-10,248.15374755859375,255.83110220532,247.77925838275027,255.75975279251216,214731000
2018-10-11,242.68777465820312,248.68874428334433,241.07381402990762,247.06588538785635,274840500
2018-10-12,246.05831909179688,247.07481688712994,242.86609967349887,246.7894736698401,183186500
2018-10-15,244.67623901367188,247.03028008323682,244.58706584373425,245.7016624383773,102263700
2018-10-16,250.0263214111328,250.400837868214,246.16537049105952,246.63795839414237,118255800
2018-10-17,250.0708770751953,250.69503477674286,247.49391695240018,250.06195159557254,110626000
2018-10-18,246.45960998535156,249.73207777845568,245.18451792696698,249.13464199071754,134557500
2018-10-19,246.3258514404297,249.04545629105755,245.6303442424829,247.11053180977095,139901600
2018-10-22,245.22023010253906,247.3156503907317,244.68521817736433,246.994659562729,82415800
2018-10-23,243.9718780517578,245.09540045715576,239.51349036283122,241.60003974766713,146352700
2018-10-24,236.57980346679688,244.10556128274322,236.02696795147386,243.72211940213597,177806700
2018-10-25,240.82424926757812,242.36686115191208,237.39131263295704,238.4167363242791,138061500
2018-10-26,236.5886688232422,241.64448986483495,233.87799007926512,237.1147822494278,201574600
2018-10-29,235.27801513671875,240.97584749722535,231.70240681944074,239.6829042207381,160749100
2018-10-30,238.76434326171875,239.0764356577013,234.61805060601563,235.10848928879474,157116000
2018-10-31,241.31466674804688,243.63303350373772,240.85990255187676,241.3324905003501,128296300
2018-11-01,243.88267517089844,244.07884527191928,241.0917207748512,242.17956820563373,99495000
2018-11-02,242.43809509277344,245.41629328376646,240.3872214753348,244.98827848778555,122634100
2018-11-05,243.775634765625,244.32847025758082,241.95660571803845,242.92853056870712,65622500
2018-11-06,245.31825256347656,245.47874794542096,243.65082037900277,243.71324432036943,60085900
2018-11-07,250.57020568847656,250.65045336689656,247.0658937931748,247.49390862324185,102752100
2018-11-08,250.1154327392578,250.75744135561771,248.97408711148753,249.76766559997583,65584900
2018-11-09,247.67233276367188,248.9919979503533,246.26346717939185,248.80475330853633,98812600
2018-11-12,243.04440307617188,247.4046893960199,242.52721518466856,247.163946405589,99673600
2018-11-13,242.58973693847656,245.50551206799565,241.86748046408346,243.50816351775626,98176600
2018-11-14,240.9311981201172,244.86347075293764,239.37076296962894,244.46223232705265,125335900
2018-11-15,243.4457244873047,243.90941409475818,238.08676246595184,239.66502147667336,135101400
2018-11-16,244.0788116455078,244.98831260030425,241.83176766850784,242.34895568714353,126668000
2018-11-19,239.9503936767578,243.76677185860473,239.03196704363543,243.4725030781068,103061700
2018-11-20,235.5098114013672,238.0778464586344,234.64488330516025,236.6154825797557,136021300
2018-11-21,236.3123016357422,238.21157858547755,236.30340336703676,237.06130728135892,75563700
2018-11-23,234.73411560058594,236.1340558882856,234.57362017204238,234.67169164109475,42807900
2018-11-26,238.52369689941406,238.74661624231072,236.59767051136697,236.99001073181176,79981400
2018-11-27,239.32618713378906,239.32618713378906,236.88299998591717,237.48933403239405,75502400
2018-11-28,244.83682250976562,244.83682250976562,239.26383753082106,240.39628549412066,127629600
2018-11-29,244.30172729492188,245.70163980786214,242.91961131776668,244.06095703708348,82346400
2018-11-30,245.79080200195312,246.35256296273798,243.82912859069464,244.15011930438473,98204200
2018-12-03,249.0454864501953,250.02633703065183,247.44940349982502,249.91934009675379,103176300
2018-12-04,240.97581481933594,248.64424582117104,240.66372229024648,248.21623087740545,177986000
2018-12-06,240.61013793945312,240.7260603127515,234.01173304637464,237.11477905443465,204185400
2018-12-07,235.01939392089844,241.84071986500985,234.18121507685527,240.27135909968106,161018900
2018-12-10,235.46522521972656,236.43715018686217,230.6055731722175,234.8410402406926,151445900
2018-12-11,235.51866149902344,238.8535249289099,234.0473998218279,238.66628036936743,121504400
2018-12-12,236.70465087890625,239.86119617276037,236.62440318649877,238.49693097816925,97976700
2018-12-13,236.62440490722656,238.514756462568,235.5098082626307,237.64982837788833,96662700
2018-12-14,232.25518798828125,235.42955700710894,231.70235241482038,234.47545576293268,116961100
2018-12-17,227.69871520996094,232.4156821266384,226.06694412299714,231.30108550488026,165492300
2018-12-18,227.4490203857422,230.0081431857535,225.84399871460064,229.33938528993738,134515100
2018-12-19,224.0428924560547,231.30114704380497,222.33979870538693,227.52935488192614,214992800
2018-12-20,220.3958740234375,224.36383524071718,218.14884344413474,222.79448810925254,252053400
2018-12-21,215.88006591796875,223.96100288010308,215.234308074358,221.29725519655113,255345600
2018-12-24,210.17588806152344,216.00563669064812,210.11311326960217,214.39124202550883,147311600
2018-12-26,220.79501342773438,220.79501342773438,209.6557098934448,211.6378306042303,218485400
2018-12-27,222.4901123046875,222.68741427560954,214.31949514400904,217.55724826813972,186267300
2018-12-28,222.20310974121094,225.4767323217771,221.0371572860196,223.84440983280513,153100200
2018-12-31,224.14932250976562,224.3914851025564,221.95195871285873,223.82644361450068,144299400
2019-01-02,224.3825225830078,225.3063260642124,220.58870557266602,220.61561100863256,126925200
2019-01-03,219.0281219482422,222.9385380619332,218.5437967601723,222.633586997628,144140700
2019-01-04,226.3646697998047,227.01042771007872,221.68293179300352,222.05962162643488,142628800
2019-01-07,228.1494598388672,229.5575612415073,225.73683859430514,226.6337230013322,103139100
2019-01-08,230.29302978515625,230.77735509278912,227.8086695027086,230.33789043388248,102512600
2019-01-09,231.36924743652344,232.21232088082903,229.77279445340503,231.0015215835189,95006600
2019-01-10,232.1854248046875,232.43655132774697,229.15395132370935,229.83559218804427,96823900
2019-01-11,232.27516174316406,232.3020671838069,230.52622598914851,231.10919545023927,73858100
2019-01-14,230.85801696777344,231.66520737629008,229.97011025547886,230.3736917743686,70908200
2019-01-15,233.50384521484375,233.81776021044035,231.22575130966445,231.23472891177062,85208300
2019-01-16,234.06884765625,234.95675425290978,233.72802728197112,233.9342931300731,77636700
2019-01-17,235.84469604492188,236.70572470971874,233.1540430515914,233.1989036905895,96118400
2019-01-18,238.9838104248047,239.45020783176548,235.8805980533848,237.65643902527586,127900300
2019-01-22,235.7550048828125,237.72816138252549,234.14062401631128,237.51291789918878,115531200
2019-01-23,236.24827575683594,237.4859803601838,233.78184415097832,236.78641176316992,86030300
2019-01-24,236.3738555908203,236.9568523052835,235.05543452326265,236.0689182013445,59204100
2019-01-25,238.3739471435547,239.19909287762562,236.4725564959135,238.22146474449312,96883400
2019-01-28,236.56227111816406,236.62503223316102,234.7954075087443,236.23042822316916,85613700
2019-01-29,236.24827575683594,237.27070953520965,235.41418000092213,236.70569546782997,66136300
2019-01-30,239.98829650878906,240.83136996699878,237.0016837388563,237.76404089201242,92473700
2019-01-31,242.0959930419922,242.5803182688337,239.7102773173702,239.92554817971035,104012100
2019-02-01,242.21261596679688,243.235077392905,241.42335325978183,242.2933322840041,85782500
2019-02-04,243.9166717529297,243.97946022939053,241.5847668579717,242.25743015243614,60744800
2019-02-05,244.9391326904297,245.2440700989235,243.8449326384274,244.34718570779833,79552800
2019-02-06,244.61624145507812,245.15437756693314,243.8808170519739,244.66110209733083,58347800
2019-02-07,242.28443908691406,243.54902239159384,240.62519696507965,243.00193587815417,95482000
2019-02-08,242.580322265625,242.67896641065443,240.21253433604474,241.03768001867587,75788900
2019-02-11,242.71482849121094,243.49511346448097,242.18567003084087,243.23503672054903,68021400
2019-02-12,245.8360137939453,246.21268990556644,244.2574885280383,244.3292546059827,72270200
2019-02-13,246.63421630859375,247.47728977925644,246.24856261072875,246.6700993460601,65277200
2019-02-14,246.08706665039062,247.21714938840185,244.73276288472516,245.54893070987427,83234400
2019-02-15,248.7688751220703,248.80475816959057,247.65674698565277,247.86301292471663,97088700
2019-02-19,249.19931030273438,249.8540183299107,247.96160557911756,247.97058318082802,59120800
2019-02-20,249.70159912109375,250.15901894210884,248.66120989080383,249.16346298532434,76610800
2019-02-21,248.81373596191406,249.42361091649065,247.8540628779286,249.06486255325416,64214700
2019-02-22,250.35635375976562,250.55364207487054,248.79575610960802,249.43253644408577,78114600
2019-02-25,250.6971435546875,252.3025744604838,250.6164272348308,251.7823934978266,69030700
2019-02-26,250.51779174804688,251.39672106406434,250.1410882049369,250.34738149887136,56844100
2019-02-27,250.41009521484375,250.75986584188928,248.86745319974762,249.80019311902595,56921600
2019-02-28,249.94374084472656,250.63435935779663,249.6208755950367,250.19486738473202,69268300
2019-03-01,251.50440979003906,251.91696907210934,250.06938885196018,251.52233762986896,78880500
2019-03-04,250.5894775390625,252.80478293969955,248.2934558328238,252.56263402289468,106494600
2019-03-05,250.2487335205078,250.9124467426673,249.70164704747702,250.71513103403817,59114600
2019-03-06,248.73297119140625,250.37428518602283,248.41010590306792,250.3653075822101,75039800
2019-03-07,246.6521759033203,248.4279894138157,245.80910241765017,248.2844846321337,94885100
2019-03-08,246.15887451171875,246.32928473028312,244.32925011882517,244.7956201339422,85795800
2019-03-11,249.72853088378906,249.88996353031462,246.84953920444204,246.87644464552963,65098900
2019-03-12,250.67019653320312,251.19040478031002,250.09620478585603,250.28454283427982,79667500
2019-03-13,252.32949829101562,253.26226589524683,251.39673068678445,251.5581907090081,80639200
2019-03-14,252.16802978515625,252.77790462896996,251.72856517281116,252.35636785176976,67518400
2019-03-15,253.4139404296875,254.22468658748542,252.53111206288526,252.72030724304074,81309000
2019-03-18,254.33265686035156,254.6299477159504,253.40479818943265,253.63000687161,62199800
2019-03-19,254.3957061767578,256.16133443841346,253.50388864763195,255.3956469593378,90268100
2019-03-20,253.63006591796875,255.3867050444242,252.5220565381343,254.1795895258863,84609200
2019-03-21,256.49468994140625,256.9000490867797,252.7652208562003,252.81027908877184,79550400
2019-03-22,251.55819702148438,255.65698565413965,251.49513196773768,255.13451340197918,122659300
2019-03-25,251.36904907226562,252.40500400111463,250.10788535491432,251.2158949999089,85575200
2019-03-26,253.24266052246094,254.19754315816138,251.83736051175862,253.12554760635328,68125900
2019-03-27,251.91851806640625,253.8192943312084,250.36908066948524,253.23372955140647,72224700
2019-03-28,252.8733367919922,253.32375420585268,251.39598197000436,252.5490494498353,56238500
2019-03-29,254.4678192138672,254.7921065396896,253.2607039044795,254.38674738241158,82186800
2019-04-01,257.485595703125,257.7828865786894,256.19740855246874,256.4676754840088,77617900
2019-04-02,257.61175537109375,257.84598124041696,256.81901626689137,257.67482041149606,40070400
2019-04-03,258.0171813964844,259.224297037764,257.41360983019285,258.82792742524794,68243200
2019-04-04,258.7018127441406,258.9540454679294,257.64785109132174,258.34148420891455,48997500
2019-04-05,259.9539489746094,260.0079968724831,259.08013797058265,259.3684117534433,58621700
2019-04-08,260.15216064453125,260.26025645144784,258.87296278297543,259.5305822634568,53566300
2019-04-09,258.8189392089844,259.5125723627715,258.2694429750699,259.18828491153795,66142300
2019-04-10,259.7016906738281,259.7917796584995,258.81886261012613,259.2332389500564,52601500
2019-04-11,259.629638671875,260.1971691008526,259.0621082428974,260.1881519539477,55093100
2019-04-12,261.3862609863281,261.6655176093397,259.67468015426687,261.24212410166086,69727800
2019-04-15,261.2151184082031,261.5574400967974,260.4133620858321,261.4583339542193,49596700
2019-04-16,261.3862609863281,262.15197615867913,260.7917066463132,262.0979282633414,52153200
2019-04-17,260.7467041015625,262.53033982323853,260.33230020408183,262.50331587264657,58268300
2019-04-18,261.2601623535156,261.53042935403886,260.0350399233135,261.33224455017637,68708500
2019-04-22,261.4854431152344,261.6385972068362,260.40445728937266,260.4945463143555,40160100
2019-04-23,263.836669921875,264.0708959173885,261.6206225894401,261.85482109363954,52246600
2019-04-24,263.2510070800781,264.0887769848535,263.1068701892618,263.75547245228483,50392900
2019-04-25,263.08880615234375,263.7464254877272,261.89972504731713,263.151871189565,57770900
2019-04-26,264.3139343261719,264.3859890119185,262.3591107705115,263.1338429715897,50916400
2019-04-29,264.7283630371094,265.2508627045785,264.3139866566105,264.4040756501018,57197700
2019-04-30,264.863525390625,265.1517992196518,262.9717936794869,264.3860838887455,81111700
2019-05-01,262.8725891113281,265.70122345349637,262.86357196651386,265.494021561834,71671900
2019-05-02,262.3050231933594,263.67430943701567,260.80963439590346,262.755440512185,65030200
2019-05-03,264.8724670410156,265.15172364225464,262.4131780296907,263.78246458162147,56543700
2019-05-06,263.7824401855469,264.22384041933424,260.2511558413628,260.5664535046231,107198100
2019-05-07,259.3773193359375,261.9717275781503,257.4675542385565,261.3771733983688,144729900
2019-05-08,259.01702880859375,260.7286094294374,258.4224745419498,259.01702880859375,91568300
2019-05-09,258.2332458496094,258.836789627406,255.20642734367956,256.94505898890094,103471100
2019-05-10,259.5306091308594,260.28730734891536,254.30574882812994,257.2965280885226,112429300
2019-05-13,253.00851440429688,255.37771494186552,252.17074442075236,254.41384234906332,127290500
2019-05-14,255.2965545654297,256.8279845884408,253.90027174367376,254.02637430920623,77003200
2019-05-15,256.7919921875,257.4315772634387,253.4588920896291,253.66609401171596,73956400
2019-05-16,259.1701965332031,260.5304384583781,257.4225747303499,257.4946294219541,76749600
2019-05-17,257.4945983886719,259.98091106448203,256.84599627721246,256.8640305664134,100353000
2019-05-20,255.7920379638672,257.60269711519743,255.04432972710484,255.89111659043132,62877600
2019-05-21,258.09820556640625,258.47654081398997,257.2333843036183,257.48561696577354,46847100
2019-05-22,257.3055114746094,258.26039439766816,256.82807001308,257.1433677687246,49482500
2019-05-23,254.1615447998047,255.12541714671232,252.74722755959448,255.0803864030303,98733800
2019-05-24,254.7382049560547,256.0174031778387,254.1166263999408,255.60299914622163,55268100
2019-05-28,252.3688201904297,255.97215876888677,252.3508133944024,255.01727624489897,70029400
2019-05-29,250.67535400390625,251.65726088805204,249.27005355583492,251.25190161916805,104972900
2019-05-30,251.35997009277344,252.26982217173114,250.26095037557218,251.43202479119464,62523800
2019-05-31,247.97283935546875,249.63938959568011,247.94581540525135,248.81063679481224,86862800
2019-06-03,247.34231567382812,249.12595169038434,246.0090697444982,248.00892489283947,96428000
2019-06-04,252.7112274169922,252.84634716122832,249.18895946363162,249.63937693861942,77231900
2019-06-05,254.9002685546875,254.92729250552864,252.52207840675982,254.33273809572097,71169700
2019-06-06,256.5577697753906,257.2333959536874,254.54892553301983,255.19752776383675,69430400
2019-06-07,259.1251220703125,260.2061348157699,257.4045243209625,257.57568513051484,74272200
2019-06-10,260.31427001953125,261.9808201331554,260.2241810285488,260.6745984921607,60799100
2019-06-11,260.251220703125,262.50330815727335,259.6026184166782,262.1339625158368,58641300
2019-06-12,259.79180908203125,260.5755311039681,259.27832655341695,260.0170178235672,47096300
2019-06-13,260.8636779785156,261.22403382067426,259.99888443817497,260.7015343443188,48945200
2019-06-14,260.5755615234375,261.1791056260825,259.80984621456577,260.5755615234375,52324700
2019-06-17,260.6746520996094,261.44036744347824,260.5034912289338,260.80977186822014,39205700
2019-06-18,263.4041442871094,264.458133316418,262.1339636584768,262.49431964575285,85434800
2019-06-19,263.9986572265625,264.5301464856538,262.5663331233237,263.539222658832,78674400
2019-06-20,266.52105712890625,266.92644391683694,264.0617949221299,266.6832283388617,116570000
2019-06-21,266.1336669921875,267.5095862098621,265.91642385913804,266.2513495642616,83309500
2019-06-24,265.8077392578125,266.6586172021475,265.65384032505415,266.34181358325094,47582700
2019-06-25,263.2007141113281,265.8892077691413,263.0920925696,265.8620523837093,82028700
2019-06-26,262.93817138671875,264.60376601063865,262.8295498541817,264.09684710879384,51584900
2019-06-27,263.8704833984375,264.37740218570366,263.3183148578448,263.6984901357934,40355200
2019-06-28,265.22845458984375,265.72631265254813,264.33229902696894,264.8482514760384,59350900
2019-07-01,267.63623046875,268.7768117440282,266.4322774281771,268.5595410665901,78705600
2019-07-02,268.3332824707031,268.38759324301185,266.7491538200057,267.5909984158022,61504500
2019-07-03,270.4786071777344,270.496729182922,268.86732334148513,269.01216125794673,40898900
2019-07-05,270.1708068847656,270.3337667882715,267.9530438718223,269.247496348255,51677300
2019-07-08,268.68634033203125,269.9898541670269,268.143204963281,268.85833365921906,45841800
2019-07-09,269.02130126953125,269.3200105677684,267.4733887468158,267.5276995283134,41101300
2019-07-10,270.306640625,271.25713436614035,269.5553232105845,270.08939754131563,58448500
2019-07-11,270.9403076171875,271.18470609038985,269.93553071345565,270.9493686208283,50826100
2019-07-12,272.1531677246094,272.22560047004487,271.12123591463904,271.4290060202442,40326000
2019-07-15,272.2436828613281,272.5876693245107,271.7367641655844,272.5876693245107,33900000
2019-07-16,271.36572265625,272.3614660428078,271.05795245040616,272.15325636311616,36650100
2019-07-17,269.5191345214844,271.50156073888,269.5191345214844,271.3386284093714,36036300
2019-07-18,270.50579833984375,270.8860013739702,268.57771065788086,269.02125784351875,51392600
2019-07-19,269.003173828125,271.62829590298804,268.83118049951213,271.60114051557616,58678600
2019-07-22,269.66387939453125,270.2070145971142,268.8854067833321,269.4013589820321,43638100
2019-07-23,271.592041015625,271.592041015625,269.95360174897894,270.78641288658775,44564500
2019-07-24,272.86834716796875,272.86834716796875,270.7410837785465,270.83161091479917,47213200
2019-07-25,271.56488037109375,272.4700966389974,270.75922463265556,272.41578587292383,55394100
2019-07-26,273.3844909667969,273.5836397360071,272.1262265556458,272.25297014742506,45084100
2019-07-29,272.8865051269531,273.38439067984694,272.33433642966406,273.2667081377991,38126500
2019-07-30,272.21661376953125,272.62397210504514,271.10318791079754,271.4833908656109,45849000
2019-07-31,269.238525390625,272.6512091289259,267.2199103624136,272.46109378208786,104245200
2019-08-01,266.8939208984375,272.3523730664228,266.097326282711,269.3923262613973,142646600
2019-08-02,264.88446044921875,266.2422852640087,263.32748688992564,265.9978867423525,116749700
2019-08-05,256.9185485839844,260.89243457546314,255.01758844653918,260.78381301761164,178745400
2019-08-06,260.5212707519531,260.73854147453096,257.3349189459399,258.8104261086006,120711700
2019-08-07,260.6751403808594,261.4445797648899,255.30721432375586,257.4435115429368,140572300
2019-08-08,265.78961181640625,265.78961181640625,261.61657783559,262.1687465315291,87713900
2019-08-09,263.9791564941406,265.44560238852426,262.19587938954885,264.8481563528481,93730000
2019-08-12,260.7656555175781,263.9701011986558,259.8151618664045,262.4764998896778,65527600
2019-08-13,264.821044921875,266.26939667676976,260.1229696286607,260.46695627826205,94299800
2019-08-14,256.99102783203125,261.3722735534782,256.86431185301353,260.7657938056352,135622100
2019-08-15,257.6697692871094,258.5659520526638,255.62399959125736,257.8779789447643,99556600
2019-08-16,261.47161865234375,261.9061046050309,257.7240115604352,259.32626138596004,83018300
2019-08-19,264.62188720703125,265.30079947919467,263.81625900906977,264.4951712812332,53571800
2019-08-20,262.5941467285156,264.64897742124305,262.46743083392226,264.114903213662,51596400
2019-08-21,264.73052978515625,265.1016441746903,264.06971191169754,264.7576851703663,49524700
2019-08-22,264.64898681640625,266.07018283661125,262.87477085408335,265.4365480911414,51666400
2019-08-23,257.8509216308594,265.01118735203045,256.60171845984394,263.34559233234813,149161500
2019-08-26,260.70233154296875,260.70233154296875,258.5116956298589,260.04151360481694,72423800
2019-08-27,259.67938232421875,262.4674638561055,258.91900398597903,262.0963218770228,66668900
2019-08-28,261.5079345703125,261.67086686459277,258.21293417482644,259.0185898937804,59696700
2019-08-29,264.84820556640625,265.373246555172,263.0649281304495,264.06973271239076,57899400
2019-08-30,264.73052978515625,266.35084714437403,263.7981580595969,266.33275276257075,62901200
2019-09-03,263.1825866699219,263.9429650713282,261.8519175612082,263.0287153639879,69101400
2019-09-04,266.1697998046875,266.1878941850872,264.60376571235577,265.35511068657013,46887300
2019-09-05,269.5915832519531,270.5058331271677,266.1336496100099,268.6592113668234,83258100
2019-09-06,269.7998046875,270.4425283828271,269.2295414173789,269.9084538877803,49584300
2019-09-09,269.9355773925781,270.87698268364073,268.9941444764997,270.7864831316271,51260300
2019-09-10,269.8721618652344,269.93553364138535,267.91689118337393,269.17512757759675,57947100
2019-09-11,271.7911682128906,271.87263435713766,269.52812767822877,270.17988445721164,68821100
2019-09-12,272.73272705078125,273.791815041222,271.9361319938573,272.6965106504612,72908700
2019-09-13,272.55157470703125,273.52922378912524,272.1804327059594,273.1761761691998,62104800
2019-09-16,271.709716796875,272.5968386795519,271.06702098519503,271.4200409627346,58191200
2019-09-17,272.397705078125,272.4882046094224,271.33858983685184,271.5105831463322,41475500
2019-09-18,272.5605773925781,272.6691989062345,269.9716449420855,272.0083811981535,73375800
2019-09-19,272.5425109863281,273.9456128239517,272.20758537589813,272.9498693706403,76560500
2019-09-20,271.2547912597656,273.4282622508574,270.46362073249094,273.1463237989638,89565000
2019-09-23,271.191162109375,271.90959322004414,270.336327054296,270.5909570013887,43476800
2019-09-24,269.0631408691406,272.67344612254635,268.09918278912005,272.2824122840167,94869400
2019-09-25,270.6546325683594,271.10022805596975,267.66270975241423,269.14503076538426,71854000
2019-09-26,270.09075927734375,270.87282694256567,268.6812058097561,270.6636835101628,56179700
2019-09-27,268.6357727050781,270.95475088185464,267.08071215888543,270.84559996849686,84746600
2019-09-30,269.8815612792969,270.59088936551007,269.1085965366539,269.1540552559003,51662400
2019-10-01,266.6714172363281,271.41846801336465,266.45317096005283,270.7637014319603,88242400
2019-10-02,261.9607238769531,265.09815254736196,260.6693965347672,265.08904970256856,122539500
2019-10-03,264.10693359375,264.13421437759865,259.01430783890055,261.733394388604,85278800
2019-10-04,267.6808776855469,267.93550760720115,264.7071332315853,264.7617225564784,65091200
2019-10-07,266.5259704589844,268.50847634083834,266.2440597044821,266.8806484903429,59610500
2019-10-08,262.3882141113281,265.4074176476115,262.35183047463295,264.67080858188825,95708100
2019-10-09,264.8798828125,265.8165600063333,263.77952092519905,264.4070066694013,62359400
2019-10-10,266.6714172363281,267.553532939712,264.63437798421626,264.79806269142273,55296300
2019-10-11,269.43597412109375,271.6730815760667,269.30867305178435,269.4268712759371,98720400
2019-10-14,269.1358947753906,269.7906613399473,268.790319678461,269.11768908445055,40394800
2019-10-15,271.80047607421875,272.5461879902581,270.06352513677353,270.1817511420704,46754500
2019-10-16,271.3639221191406,272.0550723707066,270.9274295413768,271.3366413330304,48928200
2019-10-17,272.1641540527344,273.03716682784426,271.4730039064605,272.5279070629822,45736600
2019-10-18,270.97283935546875,272.2732695129562,270.1180045415431,271.62760585650597,64304000
2019-10-21,272.8099365234375,273.01000492908065,271.8550809866698,272.291601440597,39048600
2019-10-22,271.91864013671875,273.6373849879232,271.82769494162426,273.34637146465167,48594700
2019-10-23,272.7098388671875,272.76440043938345,271.45486720152144,271.6640383966591,34352200
2019-10-24,273.15533447265625,273.7919229190887,272.327780593322,273.646416195545,35453100
2019-10-25,274.2740173339844,274.8196608389771,272.527963668524,272.58252524376513,45205400
2019-10-28,275.8199157714844,276.32010044076753,275.4652656084277,275.4925463902013,42147000
2019-10-29,275.7381896972656,276.66579217386277,275.4198952739742,275.5472241443257,44284900
2019-10-30,276.5838928222656,276.95672100272753,274.62866794732867,275.93820126006324,49643900
2019-10-31,275.8472595214844,276.5747934558149,274.39224715798696,276.5747934558149,69053800
2019-11-01,278.4027099609375,278.4481686934179,277.1295324204775,277.2932449130918,71141500
2019-11-04,279.52117919921875,280.0941033965786,279.1483233286738,279.95769948115407,60606900
2019-11-05,279.2120361328125,280.02141242557303,278.9210225610841,279.72129600704636,42933200
2019-11-06,279.2756652832031,279.5484731268798,278.3298851708271,279.2120008688192,46487100
2019-11-07,280.2578125,281.5946264927241,279.78493630115787,280.6124904635661,54272300
2019-11-08,280.94903564453125,281.0035972296116,279.212084512575,279.9123100228309,49032100
2019-11-11,280.4124755859375,280.5852631776595,279.4303116169297,279.56674332282523,35797300
2019-11-12,281.00347900390625,281.90377253154145,280.2304865370375,280.776129910861,46484600
2019-11-13,281.0945129394531,281.4946496897508,279.78497952985765,280.0123286946821,53917700
2019-11-14,281.5036315917969,281.58550168630387,280.175920679489,280.81250923128596,51219900
2019-11-15,283.540771484375,283.5862302129895,282.1493958072757,282.8405183461568,62023600
2019-11-18,283.7499084472656,283.9863604368472,282.8496147216759,283.3043130077444,49228000
2019-11-19,283.6680908203125,284.35924115622686,283.0224269685197,284.3501383088859,67804700
2019-11-20,282.6131896972656,283.5953536303308,281.05812918125986,283.07699087413437,79406200
2019-11-21,282.15850830078125,282.8314807405151,281.3582625050897,282.72235757531104,54664700
2019-11-22,282.7860107421875,283.0406407267059,281.7765936526068,282.90423676224725,44850200
2019-11-25,284.9776916503906,284.9776916503906,283.713644437144,283.713644437144,48647200
2019-11-26,285.6232604980469,285.80515091180786,284.69568599405943,285.01398034185087,37569000
2019-11-27,286.89642333984375,286.89642333984375,285.88697877404934,286.10522505743006,44444600
2019-11-29,285.8324890136719,286.57820100600895,285.60513982717293,286.33264612293493,36592700
2019-12-02,283.4043884277344,286.15075634985016,282.976970887455,286.08709192303365,75767800
2019-12-03,281.5036315917969,281.58550168630387,279.3029079463006,280.6851804198968,73941700
2019-12-04,283.2406921386719,283.84089729888063,282.20399431837325,282.5495695093345,49080000
2019-12-05,283.7499084472656,283.9590796497863,282.44037516318184,283.9409017092727,40709000
2019-12-06,286.34173583984375,286.7418726099388,285.650585463755,285.65968831162513,48927000
2019-12-09,285.44146728515625,286.6236720044926,285.36870000091517,285.9507272644938,34838500
2019-12-10,285.1230773925781,286.0506518116673,284.4683108165804,285.3868101426187,52649800
2019-12-11,285.9324645996094,286.1870945138328,285.0412460235377,285.577786637345,53429100
2019-12-12,288.39703369140625,289.1791016780048,285.7052267281645,285.941651042495,96389600
2019-12-13,288.5697326660156,289.79742361331523,287.38750044719393,288.1604930993886,81503900
2019-12-16,290.5522155761719,291.14331781947243,288.5060732129594,290.29758563663097,82749700
2019-12-17,290.6158447265625,291.2342276828815,290.5340023722772,290.93413905050215,61097700
2019-12-18,290.6340637207031,291.23426882282587,290.5795021434722,291.00691966683615,48133000
2019-12-19,291.8253173828125,291.89808464078646,290.5703458322475,290.8249757300014,85310500
2019-12-20,293.1048278808594,294.2380150219777,291.8802483824502,292.85806572727074,147142100
2019-12-23,293.55255126953125,293.9455076437393,293.40632910700657,293.8906778189208,52990000
2019-12-24,293.5616760253906,293.8266775283828,293.2600841233324,293.78099530759755,20270000
2019-12-26,295.1244812011719,295.13362880402286,293.93646416993596,293.94558388375384,30911200
2019-12-27,295.0512390136719,295.91027666961054,294.52120815038006,295.8554468523397,42528800
2019-12-30,293.424560546875,295.2705907201687,292.9402118941739,295.1335161748802,49729100
2019-12-31,294.13751220703125,294.38427439178196,292.5748058894299,292.9220801575714,57077300
2020-01-02,296.8882141113281,296.90650931546975,294.7497669040605,295.6727822642302,59151200
2020-01-03,294.6400451660156,295.76411231173057,293.442880886225,293.49771070903796,77709700
2020-01-06,295.76416015625,295.8464049037738,292.76664728278183,292.8854545477704,55653900
2020-01-07,294.9324951171875,295.6727256283345,294.48468103695666,295.1974966361732,40496400
2020-01-08,296.50439453125,297.7198263343244,294.87771109631456,295.12444534201336,68296000
2020-01-09,298.5148010253906,298.5879260402373,297.4821263305997,298.0670148932862,48473300
2020-01-10,297.65582275390625,299.2550911321721,297.1897692196359,299.09974925042434,53029300
2020-01-13,299.7029724121094,299.712092126062,297.8478217931054,298.27734079795033,47086800
2020-01-14,299.2459716796875,300.31518120708546,298.6884979136288,299.264238992548,62832800
2020-01-15,299.9222106933594,300.6807085322573,299.07232051640693,299.1545652539482,72056600
2020-01-16,302.4171142578125,302.4171142578125,301.0737276112458,301.30219453828755,54050300
2020-01-17,303.3583984375,303.56857016247767,302.3531383755547,303.1299315092865,95846000
2020-01-21,302.7642517089844,303.5684594652837,302.3256132157441,302.39871033494444,77742400
2020-01-22,302.8008728027344,304.2722140708887,302.64553093599403,303.6233480257216,48914900
2020-01-23,303.14813232421875,303.5593838604017,301.03710060172915,302.1520200824009,51963000
2020-01-24,300.4523010253906,303.88845281451574,299.1637441044687,303.80620806071624,87578400
2020-01-27,295.63623046875,297.1166918283268,294.86858487078547,295.20671149130214,84062500
2020-01-28,298.73419189453125,299.61149697791484,295.72755969424713,297.0617985757093,63834000
2020-01-29,298.4874572753906,300.3243402372707,298.28640527016483,300.0958733171972,53888900
2020-01-30,299.45611572265625,299.6663153017545,295.67271852206113,296.42206872649126,75491800
2020-01-31,294.01861572265625,298.99005740584477,293.10474817632047,298.834687651797,113845600
2020-02-03,296.20281982421875,298.067117900778,295.3803444015998,295.49915167501734,69083000
2020-02-04,300.71728515625,301.5854705749679,299.4927058581297,299.81256511181664,62573200
2020-02-05,304.19000244140625,304.4002020615823,302.1886577494263,303.65082382168174,65951100
2020-02-06,305.2135009765625,305.4054053572776,304.1351160486289,305.1495235533158,50359700
2020-02-07,303.58685302734375,305.222656086769,303.03852684411055,304.15344652404104,64139400
2020-02-10,305.8532409667969,305.91721840038207,302.6638515575527,302.700414075177,42070000
2020-02-11,306.3832092285156,307.9915969708209,305.85315049136426,307.2056843530726,54864500
2020-02-12,308.3572692871094,308.5674410211826,307.4525212476893,307.81806277084456,43992700
2020-02-13,308.0282897949219,308.99698746751847,306.6574880443758,306.9316372388718,54501900
2020-02-14,308.5216979980469,308.6405052446944,307.2422889745831,308.4394532632197,64582200
2020-02-18,307.7266540527344,308.58569184757795,306.3375574198674,307.5256020605576,57226200
2020-02-19,309.1980285644531,309.87428181296707,308.4121156420215,308.69541242931956,48814700
2020-02-20,307.92779541015625,309.4722343689543,304.9394295733054,308.6497309601481,74163400
2020-02-21,304.756591796875,306.8858911350751,303.93408860649663,306.5751794829659,113788200
2020-02-24,294.64923095703125,304.82970245486194,293.5708458942109,295.307216805096,161088400
2020-02-25,285.7206726074219,296.6505202633772,284.84336760311373,296.0382446469935,218913200
2020-02-26,284.66986083984375,290.71051448408997,283.93877764980203,287.11902020442307,194773800
2020-02-27,271.88482666015625,284.72465849868144,271.88482666015625,279.1500591654127,284353500
2020-02-28,270.742431640625,272.23204033235453,260.9457695802284,263.833594623337,384975800
2020-03-02,282.4674072265625,282.53138466870956,269.0975162694885,272.52452066836804,238703600
2020-03-03,274.3796081542969,286.8082134931983,271.93959720140725,282.8420313278847,300139100
2020-03-04,285.91265869140625,286.1320059219411,277.20349991147214,279.75319881257633,176613400
2020-03-05,276.40838623046875,281.9007394258582,274.1694273459628,278.71135042930734,186366800
2020-03-06,271.8390808105469,273.0453928793516,265.231835125878,267.9003132173233,228667200
2020-03-09,250.60995483398438,259.7120695140164,249.89713912812093,251.5877720984813,309417300
2020-03-10,263.5777587890625,263.66912325632626,249.94283916733423,260.12333967774066,276444100
2020-03-11,250.72866821289062,257.65579932325335,247.5484272341688,256.522612573504,255316300
2020-03-12,226.73971557617188,243.69196419793585,226.34674521407393,233.95013117048154,392220700
2020-03-13,246.122802734375,248.09675988860485,227.1143558727971,240.429398147559,329566100
2020-03-16,219.19114685058594,234.7725780910604,216.91561153342053,220.4065784730682,297240000
2020-03-17,231.02574157714844,234.10548499816915,216.65060754197967,223.93411978479276,262070500
2020-03-18,219.32826232910156,226.97733101558407,208.3801304723049,215.90125823020935,327597100
2020-03-19,219.79429626464844,226.07257629627384,212.21833983048688,218.6428280834812,289322000
2020-03-20,210.3224639892578,224.72697702090403,210.0466887261092,222.94364621592393,347158800
2020-03-23,204.94485473632812,211.13134505091108,200.63361059089686,209.76168442600684,326025200
2020-03-24,223.5135498046875,224.3868403910806,214.91865078430803,215.48857598678674,235494500
2020-03-25,226.859619140625,235.6475802643827,220.38816470935495,225.0946770230059,299430300
2020-03-26,240.1058807373047,241.57664463189138,228.93708857476466,229.36913318338085,257632800
2020-03-27,232.95416259765625,239.7473562360883,230.77556488684385,232.8162819931154,224341200
2020-03-30,240.51956176757812,241.23656910161978,233.05532437908624,235.05007699061377,171369500
2020-03-31,236.9345245361328,242.06388036704556,235.52808599757387,239.5175912111788,194881100
2020-04-01,226.27127075195312,236.85174851191033,224.20297754937033,227.95348423990177,189554600
2020-04-02,231.49258422851562,232.27393107275833,224.83727084545978,225.38882134558207,177660400
2020-04-03,228.1465301513672,232.86224312191504,225.41638201331432,230.50897330571124,135561200
2020-04-06,243.47030639648438,245.43749680260197,228.12817652469008,237.01724073694356,188061200
2020-04-07,243.71849060058594,252.81897536266575,243.49788162912452,252.0651906394755,201427200
2020-04-08,251.89964294433594,253.71054907251752,243.82870703436694,246.31984261425717,153774500
2020-04-09,255.73292541503906,258.49064914825794,253.22338671872393,255.16297227897329,189999200
2020-04-13,253.3981170654297,255.09871946317554,249.49134066253833,254.75860459423126,114839100
2020-04-14,260.8715515136719,261.89189610685975,253.26023306323893,258.2884851590157,134143400
2020-04-15,255.32852172851562,261.0094273258755,253.21424949877317,255.1538636035753,121775000
2020-04-16,256.5603332519531,257.4152211975013,253.49006970924398,256.60628411021946,131798300
2020-04-17,263.4913635253906,264.09803815159717,259.5937609848719,262.33311040568213,146684800
2020-04-20,258.84918212890625,263.6292486240073,258.62857317015494,259.7867982566206,100109300
2020-04-21,250.98965454101562,255.58586108009726,250.05201045311117,254.38165721109934,126385700
2020-04-22,256.5603332519531,258.3068866614787,254.5471919266126,255.87090205979615,92951600
2020-04-23,256.54193115234375,261.00945987704335,256.2385937703153,257.8380651634286,104709700
2020-04-24,260.11773681640625,260.7887931290741,256.00872668784143,258.0586450832086,85063200
2020-04-27,263.8681640625,264.98963940111986,261.63441477383543,262.0940353543679,77896600
2020-04-28,262.65484619140625,267.86692903854635,262.3514808302591,267.51761283020494,105270000
2020-04-29,269.53082275390625,271.0659685753483,266.956957484873,267.9865035924863,118745600
2020-04-30,267.0212097167969,269.631851513318,265.28383028027514,268.15185850594577,122901700
2020-05-01,259.9523620605469,267.18678958026203,258.78490717517025,262.2688409907654,125180000
2020-05-04,260.6693115234375,260.9726488665371,256.58787713450204,258.06784244223917,80873200
2020-05-05,263.07769775390625,265.8905741855777,260.79796898937275,263.4913676039255,79569900
2020-05-06,261.2943420410156,265.1643400964349,260.86229750373474,264.77827445640764,73632600
2020-05-07,264.4474182128906,266.37783119413643,263.9418465513149,264.5117718579719,75250400
2020-05-08,268.8230285644531,269.29185077977314,266.4513694136883,267.5820467346835,76452400
2020-05-11,268.87811279296875,270.2569749098558,266.4697047839562,266.89254797828886,79514200
2020-05-12,263.5188903808594,270.47752502995445,263.38098175675503,270.0638833166879,95870800
2020-05-13,258.85833740234375,263.99689253994427,256.4315270763484,262.9581454558485,144721100
2020-05-14,261.9562683105469,262.08494754129237,250.94374432958452,256.42244422191715,121977900
2020-05-15,263.160400390625,263.2063512347929,258.61934608730513,259.5661635119153,111146300
2020-05-18,271.17620849609375,272.78488091937567,269.0619645324173,269.383676574657,119703800
2020-05-19,268.3908996582031,272.28847402813193,268.3725249301823,270.57869857253786,95189300
2020-05-20,272.9503173828125,273.81440646458674,271.70016265778855,271.9299729869196,85861700
2020-05-21,271.0658874511719,273.63057861267043,269.97198802595636,272.82164175506375,78293900
2020-05-22,271.5806884765625,271.75534659131654,269.5399713937195,270.78095292638466,63958200
2020-05-26,274.9267578125,277.7856136973342,271.59910780063615,277.5466019109484,88951400
2020-05-27,279.0173034667969,279.05408097269293,272.89515320041767,277.72116990088165,104817400
2020-05-28,278.50262451171875,282.06008496206584,277.8315680546583,280.04694364391133,90405200
2020-05-29,279.7435302734375,280.3318301412633,275.2852041805372,278.03372679987336,119090800
2020-06-01,280.8742370605469,281.4809398340968,278.5853346376734,279.1001076480142,55758300
2020-06-02,283.1999206542969,283.24589956300736,280.46059882527766,281.79348222342395,74267200
2020-06-03,286.96875,287.92476883249293,284.909658409725,285.18541958591584,92567600
2020-06-04,286.21502685546875,287.722596417164,284.1191573072027,285.98521647494385,75794400
2020-06-05,293.550537109375,295.32466622909004,291.54659764607965,291.61095127500704,150524700
2020-06-08,297.0988464355469,297.2918792842742,293.817147742069,294.35949682860377,73641200
2020-06-09,294.8834533691406,297.17235545339963,293.5689168610725,294.43300601196165,77479200
2020-06-10,293.238037109375,296.3542792450485,292.52102986489626,295.46261387215606,95000800
2020-06-11,276.3331298828125,286.9411829598361,275.7816075129834,286.3069041815128,209243600
2020-06-12,279.6424560546875,284.1191577863785,274.4855245724636,283.34699827287557,194678900
2020-06-15,282.2530822753906,283.38375938311225,272.7757049594633,273.9523329194972,135782700
2020-06-16,287.685791015625,290.14937937635153,282.82302403325144,290.0022973807095,137627500
2020-06-17,286.49078369140625,289.0003228615567,285.75537372521586,288.7061588750805,83398900
2020-06-18,286.60113525390625,287.0791307706854,284.5144669914152,284.9740877759043,80828700
2020-06-19,284.9632568359375,290.2629141511341,283.0151069995311,290.0690318089014,135549600
2020-06-22,286.791259765625,287.1882662143913,283.21814537378975,284.3630116638021,74649400
2020-06-23,288.111572265625,290.3736357062622,287.70532390749855,289.4411072237713,68471200
2020-06-24,280.7622375488281,286.6897503140339,278.92490610868884,286.0711358531049,132813500
2020-06-25,283.77215576171875,284.03991677797876,278.1677990684482,280.1897990735888,89468000
2020-06-26,277.0321044921875,282.8857657278593,276.45045766240185,282.6733996882287,127961000
2020-06-29,281.1037902832031,281.2422776181715,275.99801723994534,278.2877778251343,79773300
2020-06-30,284.70465087890625,286.4035230684894,280.5129498778858,280.66989282570773,113394800
2020-07-01,286.6989440917969,287.9638703985175,285.3601954313995,285.8218387301167,72396500
2020-07-02,288.27777099609375,291.4815764666122,287.61300354993097,290.13355781025984,69344200
2020-07-06,292.72796630859375,293.3096412974306,291.3522784741155,292.1001382664865,61713800
2020-07-07,289.70892333984375,293.1620068643434,289.3303723806456,291.1861878161966,82910000
2020-07-08,291.9247131347656,292.0355030043778,288.7116942101427,290.4751465955823,54638600
2020-07-09,290.2628479003906,292.7741885974815,286.84667618527334,292.53412506328704,83354200
2020-07-10,293.2265930175781,293.49435402565143,288.767131059591,290.1982140439162,57550400
2020-07-13,290.6876220703125,297.95388491153363,290.0320963106647,295.57181728865015,102997500
2020-07-14,294.4545593261719,295.23011664805574,288.0654039937912,289.2656652398442,93657000
2020-07-15,297.1597595214844,298.2584726879043,294.77766462187236,297.6767976966858,87196500
2020-07-16,296.1811218261719,296.6335232521369,294.61152330631586,295.2578352089557,54622500
2020-07-17,297.0398254394531,297.8246248415815,295.21170746259276,297.18755470615184,62774900
2020-07-20,299.4403076171875,300.1881674859498,296.0241360322097,296.771995900972,56308800
2020-07-21,300.07745361328125,301.850148500667,299.0895299692351,301.40698886705917,57292200
2020-07-22,301.78546142578125,302.09940368262994,299.6065184526506,299.7173083426101,57792900
2020-07-23,298.18463134765625,302.1270831480681,296.8181852176336,301.42537631818345,75738000
2020-07-24,296.2642517089844,297.28908645899844,294.75928982435465,296.32888854271727,73766600
2020-07-27,298.4247131347656,298.60013985296814,296.16264956413676,296.95669073754914,48293000
2020-07-28,296.5320129394531,298.8125323008997,296.23655442203676,297.6953350650081,57495000
2020-07-29,300.1789245605469,300.74214401894255,297.37212550366144,297.40906485580297,48454200
2020-07-30,299.1079406738281,299.5234309444589,295.1193636875488,297.2059723944225,61861700
2020-07-31,301.4715576171875,301.573133804093,296.67969747786157,300.89912438191095,84986800
2020-08-03,303.5674743652344,304.33379001033194,302.5887926129522,303.1335284428846,53077900
2020-08-04,304.739990234375,304.739990234375,302.70874832852365,302.70874832852365,41917900
2020-08-05,306.6327209472656,306.89126826301356,305.7740711107244,306.0418321331255,42697700
2020-08-06,308.68243408203125,308.8024658628492,305.72793350897297,306.05108949352723,43679400
2020-08-07,308.90399169921875,309.19020827921787,306.8081131712944,307.71294414525704,57308300
2020-08-10,309.8272705078125,310.0119109096436,307.41747799040013,309.35638535667545,44282100
2020-08-11,307.2697448730469,311.6461421704279,306.54036880387395,311.0090722127674,69601100
2020-08-12,311.55389404296875,312.3294515588477,309.6796230021421,309.7073204785493,53774400
2020-08-13,310.99066162109375,312.3017411953798,310.06737487698325,310.78753741033046,41816100
2020-08-14,310.9999694824219,311.53549168644105,309.8735582885843,310.602962860585,47260400
2020-08-17,311.9877624511719,312.38476890654016,311.0090809592796,312.0154599206983,35481000
2020-08-18,312.66180419921875,313.0865081681524,310.7875052531915,312.38480129876183,38733900
2020-08-19,311.3599853515625,313.5573840389721,310.7967658103232,313.0403457388199,68054200
2020-08-20,312.32940673828125,312.8095056526026,309.5041518442734,309.6333973234677,42207800
2020-08-21,313.4372863769531,313.6588661029609,311.655322158755,311.9969618049712,55106600
2020-08-24,316.6135559082031,316.6874064624965,313.40974924054666,315.874909482869,48588700
2020-08-25,317.721435546875,317.8045279741512,316.0133494044836,317.1766997393025,38463400
2020-08-26,320.90667724609375,321.1744100287514,317.76750896060923,318.312244583333,50790200
2020-08-27,321.60845947265625,323.0580264245903,319.9465546023267,321.7746725008695,58034100
2020-08-28,323.6858215332031,323.81509518897934,321.4422417348515,322.6332894034035,48588900
2020-08-31,322.51324462890625,324.3505759728523,322.28242297558756,323.473470596124,66099200
2020-09-01,325.5507507324219,325.6522986993843,322.4484941534743,323.3440829797506,54908700
2020-09-02,330.2596740722656,331.22911386665123,326.3172217084211,327.4621164118237,69540000
2020-09-03,318.89398193359375,329.04089295769626,316.30876246960275,328.57000776099846,148011100
2020-09-04,316.2903747558594,321.1468443007785,309.18105492482806,319.5772736024122,139156300
2020-09-08,307.6483459472656,316.3549607309717,307.3436737413122,310.8798493187982,114465300
2020-09-09,313.72357177734375,316.1887312996784,310.78749888094603,311.65539056693245,91462300
2020-09-10,308.2761535644531,316.25333454581227,307.3159276821659,315.59780899777945,90569500
2020-09-11,308.43310546875,311.11987273507737,305.6078508539459,310.05809882812946,84680200
2020-09-14,312.49560546875,314.2683283126777,308.58087891635495,311.6000162516437,65605700
2020-09-15,314.0744323730469,315.78249013570075,312.504833796234,314.9515377853473,52920900
2020-09-16,312.8279113769531,316.7426367786588,312.55090854525963,315.3115540992047,82096000
2020-09-17,310.0765380859375,311.7938656460169,307.4451658975791,307.97144597054444,91523300
2020-09-18,306.5066833496094,310.9932741626597,304.0223776438239,310.88204081602066,105877900
2020-09-21,303.0954895019531,303.2438101066205,298.2381099284634,301.9182318320632,99450800
2020-09-22,306.1822814941406,306.73847660305466,302.0664772931383,304.57862001536944,63612100
2020-09-23,299.0816650390625,307.0166334444668,298.5810865385112,306.7385217044883,93112200
2020-09-24,299.87890625,302.9379378728557,296.44905891226836,297.7653868058365,76681300
2020-09-25,304.7269592285156,305.5148717009548,298.1546568746652,299.0259943751535,71069400
2020-09-28,309.7882995605469,310.5020659374077,307.8972472441894,308.8891253586317,64584600
2020-09-29,308.1011657714844,310.3259180903288,307.40592890376666,309.58434341380087,51304000
2020-09-30,310.43719482421875,313.58892978637374,308.5739508757094,308.76860928712824,104081100
2020-10-01,312.4302062988281,314.0060596588878,310.54843285554995,313.03273929794693,88698700
2020-10-02,309.4638671875,312.4024144710618,307.0073689601297,307.4801391377748,89431100
2020-10-05,314.9516296386719,315.1370091924181,311.475444751699,311.5217825678193,45713100
2020-10-06,310.4742126464844,317.1855845500535,309.96438363528426,315.0905952451243,90128900
2020-10-07,315.87860107421875,316.6850714131168,313.40354507518236,313.43135342172144,56999600
2020-10-08,318.6780700683594,318.7429656383515,316.89825106833507,317.81598305879504,45242500
2020-10-09,321.5238952636719,321.9873865273389,319.7070174310904,320.3280798824177,59528600
2020-10-12,326.6964416503906,328.1703404575897,323.5725150946358,324.0638146970355,80388500
2020-10-13,324.5644226074219,326.7335584990035,323.60035278140873,326.55742954167613,73255500
2020-10-14,322.5250549316406,326.2329853972063,321.7927590329618,325.1391526992879,57727900
2020-10-15,322.1264343261719,322.6084550653457,318.07552513157503,318.6131625602973,60357700
2020-10-16,321.93182373046875,325.1391758909645,321.75569475765025,323.479868968274,89501900
2020-10-19,317.03729248046875,323.82278285072874,316.1381183278607,323.1924415429291,68425600
2020-10-20,318.3073425292969,321.5517821676292,317.621384344044,318.38148870232345,60051900
2020-10-21,317.7048034667969,320.4301349752656,317.3988833217598,318.2609704772859,63575000
2020-10-22,319.4473876953125,320.03139112703093,315.7765453535564,317.91787241035223,55399300
2020-10-23,320.5320739746094,320.72673241885354,318.0755754996864,320.67111572049805,49143900
2020-10-26,314.608642578125,317.9365067637999,311.1139000222835,317.1485658849641,91473000
2020-10-27,313.5240173339844,315.2852783983385,313.3108011782151,314.9515782824497,65994100
2020-10-28,302.80810546875,313.5518292002192,302.3168058775529,307.8508925089764,127094300
2020-10-29,305.8856506347656,309.05591447743296,301.3526932962897,303.0398079880695,90597700
2020-10-30,302.6968994140625,305.6168888814722,299.0445857878949,304.3098400497384,120287300
2020-11-02,306.0896301269531,308.09188741481535,303.34574158278815,306.0896301269531,86068300
2020-11-03,311.493896484375,313.5517985554668,306.1730265311478,309.32476105094173,93294200
2020-11-04,318.45556640625,322.53428362589443,314.79397432552076,315.9712318810282,126959700
2020-11-05,324.6664123535156,326.4740399373296,323.38717169903396,323.7394296519222,82039700
2020-11-06,324.5922546386719,325.843686899162,322.2655190878707,324.3790384407535,74973000
2020-11-09,328.6708984375,337.77387297534375,328.20740720794697,337.3938067723991,172304200
2020-11-10,328.1889343261719,329.24567980133196,324.91668681292754,327.67907691220296,85552000
2020-11-11,330.6268615722656,331.4518612889709,329.1344050330131,330.3765581914952,58649000
2020-11-12,327.4194641113281,330.67318157201504,325.6118653025927,329.6164079973696,67546200
2020-11-13,331.95245361328125,332.6940283304285,328.80996922022456,329.3290771800801,62892200
2020-11-16,336.0960693359375,336.2907277500925,333.33365115779196,334.62217047881086,74541100
2020-11-17,334.2884521484375,335.49354647121936,332.1749330059845,333.68591913167813,66111000
2020-11-18,330.2652587890625,335.1041076156639,330.2281715753888,334.55719144331164,70591300
2020-11-19,331.6558837890625,332.0266712274363,328.29093191451557,329.63506820404734,59940900
2020-11-20,329.3846740722656,331.60017579109797,329.3105279207122,331.3962385127505,70417300
2020-11-23,331.3591613769531,332.6198723058136,328.9582800615384,331.1923113139346,63230600
2020-11-24,336.6985168457031,337.2454330156402,333.0554831451829,333.9082910311252,62415900
2020-11-25,336.179443359375,336.6429345632087,335.0856109077494,336.615126222549,45330900
2020-11-27,337.1158447265625,337.58858671421746,336.105408587788,337.2734159593576,28514100
2020-11-30,335.6233215332031,336.6059208367198,332.9443565005629,336.33708795881,83872700
2020-12-01,339.294189453125,340.8329840925718,338.2837817293062,338.8770642217867,74231400
2020-12-02,340.0079345703125,340.16550576049775,337.6070531807557,338.18177783063066,45927000
2020-12-03,339.9152526855469,341.30572658893556,338.81214112571735,339.9059738069598,62882000
2020-12-04,342.8444519042969,342.8444519042969,340.40648362614814,340.4991875255157,50749900
2020-12-07,342.1399841308594,342.6312837481267,340.8700225705228,342.07508856328803,48944300
2020-12-08,343.1410827636719,343.7065284410971,340.8236267953573,340.86996459902065,42458900
2020-12-09,340.0635681152344,343.95687801184386,339.2292894437654,343.7993068138485,74098300
2020-12-10,339.9523010253906,340.9997674831479,337.8202243105125,338.6915901201066,57735400
2020-12-11,339.55364990234375,339.9615244312118,336.73564370740246,338.2558801692447,57698600
2020-12-14,338.033447265625,342.7981226816186,337.8573183246596,341.7228478589244,69216200
2020-12-15,342.6034851074219,342.6034851074219,339.2014749129828,340.5733910132798,63865300
2020-12-16,343.1410827636719,344.05878627456207,341.9359886865939,342.8166332702564,58420500
2020-12-17,345.0599670410156,345.2639043286698,343.95685556996756,344.78188359842443,64119500
2020-12-18,343.68218994140625,345.5161309651634,341.67136919379556,345.3485696719916,136542300
2020-12-21,342.453369140625,352.3212752668946,337.0260363965949,339.7629846416698,96386700
2020-12-22,341.8761901855469,342.8909048278069,340.74976800980517,342.7791972943252,47949000
2020-12-23,342.1834411621094,344.091844631818,341.8576085573205,342.844396393639,46201400
2020-12-24,343.51458740234375,343.54251428118584,342.07165131242414,342.65811576810853,26457900
2020-12-28,346.4657287597656,346.8567051409463,345.4416956497775,346.06540553732583,39000400
2020-12-29,345.8047180175781,348.1692982115266,345.2182250819667,347.9924184877755,53680500
2020-12-30,346.2980651855469,347.33141650655006,345.9070888877533,346.6238977069387,49455300
2020-12-31,348.0576171875,348.7837445893019,345.59064770765076,346.10265005654054,78520700
2021-01-04,343.3191223144531,349.5191455225328,339.6233135802176,349.38880113928235,110210800
2021-01-05,345.6837158203125,346.7729211198693,342.63025338281886,342.67681712955124,66426200
2021-01-06,347.7503356933594,350.9434604581976,343.62630546858566,344.17555304257576,107997700
2021-01-07,352.9171142578125,353.66185015543977,349.94743227951926,350.12431202693006,68766800
2021-01-08,354.9278259277344,355.1419225171707,351.0551379514854,354.3040877879952,71677200
2021-01-11,352.5353698730469,354.29482021588973,351.632362830576,351.7533887862446,51034700
2021-01-12,352.60986328125,353.6245779387695,350.3663089172504,352.7215992262628,52547700
2021-01-13,353.5594787597656,354.55555668053626,351.7534642871781,352.53544554182605,45303600
2021-01-14,352.3211669921875,354.80677251980865,351.98604449040084,354.3040603572861,49989100
2021-01-15,349.75189208984375,351.5020240301078,347.8900242126763,350.7014344796534,107160000
2021-01-19,352.49810791015625,353.0380654699637,350.72933922047633,352.20952068020125,51233300
2021-01-20,357.376220703125,358.21405551285824,354.397220924243,354.78819724418975,61836100
2021-01-21,357.7020263671875,358.36300987967786,356.7804109135132,357.93475983810305,47840100
2021-01-22,356.43597412109375,357.5996414893799,355.4677949159223,355.8494812219019,52860500
2021-01-25,357.84173583984375,358.1954668974896,352.3212755983803,357.17146221981005,70402000
2021-01-26,357.2831726074219,359.2008944003585,357.0504391042999,358.79128116207573,42665300
2021-01-27,348.55096435546875,354.05278710492604,346.31672868098127,353.95968803310404,123351100
2021-01-28,351.548583984375,355.55158851320573,349.9287680398475,350.36627971281166,94198100
2021-01-29,344.5107727050781,350.65494315277493,342.83507435942295,349.68676378038657,126765100
2021-02-01,350.24530029296875,351.27862337041176,344.7993308471236,347.9086469202224,75817600
2021-02-02,355.1978454589844,356.75251769171075,350.32907897038325,353.42907659511883,64450700
2021-02-03,355.47711181640625,357.19934519602856,354.20173693182824,356.02635940269215,52427100
2021-02-04,359.517333984375,359.56386931140645,355.5887921301405,356.5104075201895,47142600
2021-02-05,360.9324035644531,361.6399224767463,359.47085881489795,361.3885805309923,48669800
2021-02-08,363.53912353515625,363.58565888121365,361.5283022539623,362.384745808447,38365200
2021-02-09,363.2969970703125,363.8928084728964,362.2916008407664,362.7011856677286,35551100
2021-02-10,363.13873291015625,365.18679913439,360.7369356197839,365.0378462808228,59154400
2021-02-11,363.7252197265625,364.6375452854998,361.2954955929545,364.21861361632875,42913300
2021-02-12,365.52191162109375,365.7639351240039,362.8501073798465,362.9245980037026,50593300
2021-02-16,365.20538330078125,366.94625368053585,364.4885743748941,366.7507370926893,50972400
2021-02-17,365.2891540527344,365.54049596951603,362.4404702799734,363.455213196624,52290600
2021-02-18,363.7345275878906,364.479263411607,360.9603340863235,362.68256763974955,59712800
2021-02-19,363.0921936035156,365.2798942259746,362.645335047699,364.99130695342166,83241000
2021-02-22,360.29931640625,362.7104315988189,360.02933764280306,360.3272432845483,67414200
2021-02-23,360.7369384765625,362.0868041909318,353.9411313866223,358.0930892269746,107284100
2021-02-24,364.7119140625,365.1401640532169,358.6608445373059,359.64763206401153,72433900
2021-02-25,355.9239501953125,364.81438610383606,354.4810139951626,363.4459121163381,146670500
2021-02-26,354.0900573730469,358.949534192139,352.1071917346127,357.8045035066823,152701600
2021-03-01,362.6732177734375,363.92069420530373,354.28552261817083,358.95880058810565,105348800
2021-03-02,359.8432312011719,363.12942703807903,359.34051889355743,362.8966935413863,79595300
2021-03-03,355.0768127441406,360.11314003050495,354.9743952442966,359.1449892511198,119940200
2021-03-04,350.6827392578125,357.47854396402505,346.1956319657353,354.89054939151254,183433000
2021-03-05,357.1341857910156,358.1861456706564,346.9032310579424,354.18311275175654,152039600
2021-03-08,355.3561096191406,360.9044680233819,355.0768407972248,358.09305771331407,123149200
2021-03-09,360.4296875,362.9804372731695,358.69813568759565,359.2008479440805,113633600
2021-03-10,362.6732177734375,364.3675242968636,361.36062596963234,362.7756352759854,109899400
2021-03-11,366.3504333496094,368.3240087626398,364.6840536373491,365.14023058798864,86245000
2021-03-12,366.8438415527344,366.98347596763745,364.18138400908146,364.99129202536955,64653600
2021-03-15,369.03155517578125,369.2922155627964,364.95405965687513,367.0951965209388,73427200
2021-03-16,368.56597900390625,370.35335586836266,367.79328809314734,369.6458655473601,73722500
2021-03-17,369.8228454589844,370.62343505257456,366.1363264084717,367.2813854421712,97959300
2021-03-18,364.4419860839844,369.3200702632121,363.76239416037566,367.23478757465904,115349100
2021-03-19,363.76776123046875,365.71978255985357,361.59156456698724,364.14134878342554,113624500
2021-03-22,366.67236328125,368.05466830965446,364.2253325103038,364.28136920712717,73778600
2021-03-23,363.7863464355469,367.4849108087404,363.00180420504506,366.0372486874983,90686600
2021-03-24,361.9370422363281,366.8217830520808,361.89035449260405,365.1873129811931,97588600
2021-03-25,363.97320556640625,364.7670683556702,358.5560867809132,360.4987874842971,116128600
2021-03-26,369.83856201171875,370.2401678212908,364.52419698725413,365.1219312266108,114409100
2021-03-29,369.65185546875,370.55782027785045,366.8779243318469,368.3629541421015,108107600
2021-03-30,368.671142578125,369.3436115196959,367.0740110275809,368.3816101105084,76262200
2021-03-31,370.1654052734375,371.72516915261264,369.2127530406712,369.2407713856675,112734200
2021-04-01,374.1629333496094,374.218998554884,371.89336139475535,372.0988388044274,99682900
2021-04-05,379.5332946777344,380.0750207457854,376.7500437520767,376.82474984617124,91684800
2021-04-06,379.30914306640625,380.3551993878055,378.6366742165215,378.9729228929124,62021000
2021-04-07,379.74810791015625,380.0936770263506,378.68338221439245,379.1410247193097,55836300
2021-04-08,381.5506896972656,381.60672639186373,380.06566028462163,380.9996431984528,57863100
2021-04-09,384.3245849609375,384.4927235322592,381.3078386668728,381.42926099503524,61104600
2021-04-12,384.4647521972656,384.7355867285504,383.11981447960585,383.7268976917543,56704900
2021-04-13,385.604248046875,386.2300292636302,383.9791265777558,384.3620630681728,56551000
2021-04-14,384.2873229980469,386.6316009841835,383.7455968876172,385.5761956165632,61659900
2021-04-15,388.4155578613281,388.68642094855,386.3794814883295,386.42616924344566,60229800
2021-04-16,389.7137756347656,390.3208589152381,388.2847827117887,389.7044266833597,82037300
2021-04-19,387.7991027832031,389.22809574117946,386.4728627845068,388.77980210912494,78498500
2021-04-20,384.9596862792969,387.68689997368114,383.48397755860697,386.5848071588668,81851800
2021-04-21,388.6023254394531,388.80780284580254,384.2032448539139,384.34336511048394,66793000
2021-04-22,385.0531005859375,389.2653723743387,383.9883749549103,388.43414245658613,97582800
2021-04-23,389.2280578613281,390.63838128168265,385.53884219304297,385.6135482901479,73209200
2021-04-26,390.0406188964844,390.61036333622997,389.293443913069,389.88185775138544,52182400
2021-04-27,389.9565734863281,390.5356668911207,388.8171130815738,390.3395099382348,51303100
2021-04-28,389.844482421875,391.34820981136744,389.37749094113417,390.22741885643023,51238900
2021-04-29,392.32891845703125,392.94535069156444,388.94790436999523,392.5717631714263,78544300
2021-04-30,389.7510681152344,390.90922633880604,388.8544524767412,390.05929844599274,85527000
2021-05-03,390.5917053222656,392.1234226337819,390.09669546817264,391.740486180178,68128300
2021-05-04,388.1820373535156,389.0973510192944,384.4928213443372,388.6023411344011,101591200
2021-05-05,388.3034362792969,390.05932889798106,387.74304077290196,389.82583314555814,60162200
2021-05-06,391.40423583984375,391.5349786293804,386.3700541332892,388.3781117451592,74321400
2021-05-07,394.25286865234375,394.9066681025146,391.4882871687611,392.17010496663084,67733800
2021-05-10,390.348876953125,394.8319841776763,390.2274545965479,394.60783736731895,81852400
2021-05-11,386.86505126953125,387.85507086903533,382.9890279126543,385.82834392591514,116888000
2021-05-12,378.6460266113281,385.3520172707222,377.32910724736956,384.08181415543856,134811000
2021-05-13,383.19451904296875,385.1278705672436,380.14972554113865,380.1964417898234,106394000
2021-05-14,389.0785827636719,389.9285106204482,385.90304661385784,385.93106496065724,82201600
2021-05-17,388.088623046875,388.90121223521504,386.0712162573868,387.9672291939465,65129200
2021-05-18,384.7449035644531,388.5929084065509,384.5861139361804,388.35006374080274,59810200
2021-05-19,383.73626708984375,383.9137261518179,378.5713418982046,380.0564000490199,106467100
2021-05-20,387.8644104003906,389.1252929926565,384.49274587512184,384.61413970744456,78022200
2021-05-21,387.546875,390.59166843930177,387.089232490251,389.34945519441624,76578700
2021-05-24,391.4976501464844,392.5717248506236,389.54560067622776,389.78844536691764,51376700
2021-05-25,390.6290283203125,392.9359673967326,390.0499634392748,392.5810493076067,57451400
2021-05-26,391.40423583984375,391.90856610321015,390.1807204738854,391.21742785148024,43088600
2021-05-27,391.6097412109375,392.9453300641983,391.3295292083679,392.43165081383626,56707700
2021-05-28,392.3102722167969,393.44038379537267,392.0767764400637,393.1788696655476,58520200
2021-06-01,391.9646301269531,394.81326667212426,391.5256570082224,394.67317493272026,54216600
2021-06-02,392.5810241699219,393.4216315915621,391.60970246523397,392.6183914671472,49097100
2021-06-03,391.1240539550781,392.2635143648258,388.7984453863478,390.26480554943856,58138800
2021-06-04,394.70123291015625,395.0001143194918,391.18944760771376,392.973358609629,55938800
2021-06-07,394.31829833984375,394.86934490806766,393.38431530836596,394.69188585185486,51555000
2021-06-08,394.4023742675781,395.2709716921303,392.5717754098022,395.1775676834587,47134300
2021-06-09,393.8139343261719,395.31766180851946,393.58978752250255,395.24292720536323,48436300
2021-06-10,395.6445007324219,396.59718157596666,393.72049815041606,395.0374175201594,51020100
2021-06-11,396.2983703613281,396.4104437738481,394.90674465103467,396.195645900819,45570800
2021-06-14,397.1855773925781,397.2883018302443,395.1681709071251,396.4103556235315,42358500
2021-06-15,396.45709228515625,397.3723773329353,395.5791460332352,397.33503853707737,51508500
2021-06-16,394.2435302734375,396.8213323424478,392.19813383077667,396.59718555484613,80386100
2021-06-17,394.1128234863281,395.0934942745737,391.6377741374557,393.8326399762295,90949700
2021-06-18,388.7960205078125,391.5227773326563,388.5898708974102,390.8293780050055,118676300
2021-06-21,394.3620300292969,394.5494491775668,389.74243684552914,390.5576558078238,72822000
2021-06-22,396.4703674316406,397.3043454678535,393.6311417670724,394.352679752593,57700300
2021-06-23,395.9925537109375,397.35124264550416,395.90822366088724,396.5454031031455,49445400
2021-06-24,398.3351135253906,398.75676373658587,397.88532470396706,398.1383434268328,45110300
2021-06-25,399.7500305175781,400.19981934817787,398.7567718716343,399.08474110668726,58129500
2021-06-28,400.555908203125,400.7245682950884,399.0753997356411,400.2748080498527,53159600
2021-06-29,400.77142333984375,401.5772628150839,400.2373044711945,400.9400834258965,35970500
2021-06-30,401.1087341308594,401.78340305544015,400.2841356012442,400.3122456149289,64827900
2021-07-01,403.3294677734375,403.48877689800884,401.802090469254,401.86769002620366,53441000
2021-07-02,406.41229248046875,406.768371644775,403.41375818791886,404.49137521552234,57697700
2021-07-06,405.672119140625,406.68413685470637,402.9359824093808,406.4686076794865,68710400
2021-07-07,407.10577392578125,407.38690265779184,404.3415272693066,406.35615449938257,63549500
2021-07-08,403.7886962890625,404.5476952865336,400.60274209170535,401.78341990828244,97595200
2021-07-09,408.0990295410156,408.39888874783514,403.59187628680496,405.29729335492465,76238600
2021-07-12,409.5607604980469,409.8137791856225,407.5836230591932,408.01465274701275,52889600
2021-07-13,408.16461181640625,410.27294851905754,407.9022421705888,408.7736811446095,52911300
2021-07-14,408.77374267578125,410.3479893837978,407.5274938195921,409.86071097096965,64130400
2021-07-15,407.37750244140625,408.10839135369446,405.4753153622365,407.4337224657248,55126400
2021-07-16,404.18212890625,408.604951176433,403.78858880291534,408.5581106961786,75874700
2021-07-19,398.21331787109375,404.24784908958907,395.40220190953943,399.35650617263855,147987000
2021-07-20,403.9198303222656,405.1942176052661,398.0820699298473,398.8785584072042,99608200
2021-07-21,407.1900939941406,407.33067265477706,403.8729980876093,405.1192467876088,64724400
2021-07-22,408.0428161621094,408.28645534613815,406.3842681533673,407.36814723384765,47878500
2021-07-23,412.24078369140625,412.57810387739073,409.2891176794418,409.973137588627,63766600
2021-07-26,413.25274658203125,413.2621261186514,411.60357811733337,411.65041860813767,43719200
2021-07-27,411.36932373046875,412.2407627628377,408.5394488652319,412.21265274876606,67397100
2021-07-28,411.2005920410156,412.57803977875034,409.7763038167769,411.9970804846023,52472400
2021-07-29,412.9059753417969,413.98356380892966,412.1188664980787,412.1282460330738,47435300
2021-07-30,410.90081787109375,412.35321630587856,410.20738984106623,410.33858897512397,68951200
2021-08-02,410.03863525390625,413.16834011828394,409.68255608198217,412.61549088677026,58783300
2021-08-03,413.3746337890625,413.4964534004576,408.642599597881,410.8352668145335,58053900
2021-08-04,411.3412170410156,413.34646478534535,411.1069573898092,412.0908364864167,46732200
2021-08-05,413.9461669921875,414.0304970317783,412.18452990878626,412.5031195904007,38969700
2021-08-06,414.63018798828125,415.0518667835452,413.983629086822,414.2647578157139,46930000
2021-08-09,414.2928466796875,414.92064647614995,413.5244682278816,414.60205680992107,41222600
2021-08-10,414.8082580566406,415.5204165734043,414.05863858352615,414.7426584888019,43339300
2021-08-11,415.8389892578125,415.9326988371535,414.75202104898426,415.87647880877864,44034300
2021-08-12,417.0852355957031,417.22581426197354,414.78950819398324,415.68905723891174,38909400
2021-08-13,417.8442687988281,417.86299927638066,417.0477802625369,417.53503004424323,39470300
2021-08-16,418.82806396484375,418.95923447372246,414.98620072147236,416.5416879310771,73740000
2021-08-17,416.08258056640625,416.9446399663895,413.0934254851267,416.26997110737653,92673900
2021-08-18,411.5285949707031,416.6354666486862,411.2849843863083,415.07059964436183,89351900
2021-08-19,412.165771484375,413.36520830572493,408.66125638495504,408.8018064511608,92812200
2021-08-20,415.4454040527344,415.7733732693985,412.0252190130029,412.51249736786883,72008700
2021-08-23,419.0998840332031,420.0088125987634,415.5203897980154,417.1320972978909,54973000
2021-08-24,419.76513671875,420.2992555252089,419.2497769837676,419.76513671875,38744700
2021-08-25,420.64605712890625,421.1614169887758,419.57781925712254,419.95265762373947,40529700
2021-08-26,418.162841796875,420.5991192042751,418.0691322205563,420.3648595615522,57829600
2021-08-27,421.9015808105469,422.27639048792906,418.91242573488046,418.96864575668053,77235100
2021-08-30,423.75701904296875,424.5441281146891,422.3327019260115,422.5763411373124,48357400
2021-08-31,423.1291198730469,424.0005588501911,422.5294300788062,423.6632387027082,59300200
2021-09-01,423.3539733886719,424.5814915085135,423.1197137689136,424.06613178350335,48721400
2021-09-02,424.6564636230469,425.46230297562477,423.4570555334381,424.7782831987027,42501000
2021-09-03,424.5534362792969,425.068824666954,423.11976836523195,423.52271669627993,47170500
2021-09-07,423.0354309082031,424.30043871518234,422.3607619842241,424.20672913760086,51671500
2021-09-08,422.5200500488281,423.2322084875442,420.599103890751,422.5013195727054,56181900
2021-09-09,420.7116394042969,424.07560485445447,420.4680001952441,422.32334708756264,57970400
2021-09-10,417.39447021484375,423.06354222411983,417.27265062322766,422.64189201792766,89948200
2021-09-13,418.462646484375,420.65534176904265,416.1481602138,420.3929721292917,83738600
2021-09-14,416.2044372558594,420.11187210742554,415.3142391694053,419.9057224766755,78197100
2021-09-15,419.6808776855469,420.17750702921626,415.520423766594,416.62612251723135,78792200
2021-09-16,419.0155029296875,420.1305523944603,416.0638088883506,419.15605298019295,77786700
2021-09-17,414.9339599609375,418.6659226939103,414.57673990427645,418.24292159083717,118425000
2021-09-20,408.0152587890625,410.38415094028574,403.14582633545695,408.80488950613693,166445500
2021-09-21,407.6297912597656,411.6531636956014,407.10337084294684,410.3559031370975,92526100
2021-09-22,411.6061096191406,413.64601007748894,407.74255702757415,409.9046386502538,102350100
2021-09-23,416.6072082519531,418.21469841814167,413.24187534861926,413.47688551104596,76396000
2021-09-24,417.2933349609375,418.00777484083244,414.7552144207099,414.971434039035,62094800
2021-09-27,416.0995788574219,417.4250108387706,415.40392931593607,416.2593696919336,61371100
2021-09-28,407.7143249511719,413.65538718631905,406.98109458395635,413.3263673075447,130436300
2021-09-29,408.4006652832031,410.8353670849182,407.8366351647438,409.09628617290355,82329200
2021-09-30,403.40899658203125,410.58148154628566,403.07056708218,409.8764511666684,140506000
2021-10-01,408.2032165527344,409.88589724112427,401.613551525623,405.138703737529,129240100
2021-10-04,402.93902587890625,407.9400201839394,400.79570572105376,407.0375892196289,128570000
2021-10-05,407.1315612792969,409.3782432393912,403.64401892844825,404.4430304326626,90682500
2021-10-06,408.8236083984375,409.0304184562949,401.90492407695274,403.53117578451554,113032200
2021-10-07,412.3581237792969,415.1970354491902,411.92571322947015,412.10432319982914,72437500
2021-10-08,411.6061096191406,413.5144193283019,410.9762985644965,413.1289992900791,74557400
2021-10-11,408.626220703125,413.8622533457,408.5604109808945,410.9481219621356,65233300
2021-10-12,407.6203918457031,409.951702812476,406.8307612007708,409.5474922480039,71181200
2021-10-13,409.0868225097656,409.90465316392994,405.6650899688843,408.645002322282,72974000
2021-10-14,415.9679870605469,416.1183970068745,412.2830150949311,412.7530354192933,70236800
2021-10-15,419.1358642578125,419.50249383265776,417.4625932709582,418.0830234599393,66260200
2021-10-18,420.376708984375,420.71510979062344,416.6917376412568,417.34977745930763,62213200
2021-10-19,423.619873046875,423.68565408047556,421.39195292020696,422.0030022074686,46996800
2021-10-20,425.2837219238281,425.58454176597354,423.9676709741409,424.08047124300566,49571600
2021-10-21,426.3930358886719,426.61863646506237,424.2497443496701,424.68215501700655,41305400
2021-10-22,425.9511413574219,427.40822132656245,424.0052506620859,425.96055094238534,58845100
2021-10-25,428.2354431152344,428.56446303148596,425.26494034706053,427.0416019944035,45214500
2021-10-26,428.620849609375,430.99915087837957,428.2448391545924,429.78651931328756,56075100
2021-10-27,426.7220458984375,429.74897787469854,426.64682658288626,429.0815570599391,72438000
2021-10-28,430.8393249511719,430.9145155608973,428.14141358107645,428.1507944774444,51437900
2021-10-29,431.7135314941406,432.00494170813096,428.24478030154074,428.53619051553113,70162400
2021-11-01,432.4562072753906,433.0766374014713,430.72653632741896,432.70059827941714,48433600
2021-11-02,434.2047119140625,434.51494135185385,432.4938312768331,432.62545072020157,48908400
2021-11-03,436.8556823730469,437.25989295856164,433.198910555134,433.6407307983925,52509800
2021-11-04,438.914306640625,438.99890684181076,437.1094162853852,437.4572266750685,52847100
2021-11-05,440.43719482421875,442.43007618696566,438.92374331887703,441.1422252320449,66390600
2021-11-08,440.813232421875,442.0353024166088,440.1270211428771,441.53708204527277,50405200
2021-11-09,439.3561096191406,441.4148004973564,437.9460489457193,441.1797903851195,51149100
2021-11-10,435.8215637207031,439.35612511347824,434.3363123816006,437.6640350330447,69429700
2021-11-11,435.9626159667969,437.3914960298939,435.94382548251065,437.31627671722447,34848500
2021-11-12,439.2527160644531,439.80733651939306,436.2821846286871,437.2316347180003,53466700
2021-11-15,439.40313720703125,440.7003977259758,438.2751057858588,440.54060690132917,46980500
2021-11-16,441.14227294921875,442.27971409763927,439.06479115534836,439.1399817843683,48857500
2021-11-17,440.0706787109375,441.0577099969449,439.4502483899911,440.8790999641982,47858300
2021-11-18,441.5653076171875,441.82851785332514,438.37855602360526,441.10466818812347,50625600
2021-11-19,440.775634765625,442.70270645083684,440.4090051747564,441.4524364328998,57315600
2021-11-22,439.53472900390625,445.1467717517106,439.32791895320247,442.65567024625074,72762000
2021-11-23,440.1175231933594,440.9729634115955,436.6017812293338,439.205682845372,73206500
2021-11-24,441.2926940917969,441.41490396884836,437.2975212472666,438.1153520395163,61858800
2021-11-26,431.4504089355469,436.08480192497507,430.32234880945094,434.6183409737067,112669600
2021-11-29,436.7427978515625,438.5852690969573,434.0448863560093,436.2445775616634,86268800
2021-11-30,428.24481201171875,436.20695552725533,428.0003923221103,434.29867461961885,148559600
2021-12-01,423.4882507324219,436.8086374124799,423.290850257439,433.9603158081163,131939200
2021-12-02,429.97454833984375,431.54442870471775,423.3096641820062,423.7044938415965,127637800
2021-12-03,426.2331237792969,432.70057752719526,422.0029420488812,431.63835599038356,137331600
2021-12-06,431.2812194824219,433.16130061518345,426.3647969926562,428.78070813331755,98977500
2021-12-07,440.2022399902344,440.76627012490576,431.1496438264403,436.56428721886243,95484700
2021-12-08,441.36785888671875,441.81908870916527,438.83914733929845,440.5970473857132,72238800
2021-12-09,438.38787841796875,441.471210008513,438.1904779520681,440.07993978691974,61272600
2021-12-10,442.5146789550781,442.66508888548304,438.53832579208637,441.0952372334483,77159800
2021-12-13,438.5946960449219,442.3454484006168,438.3126666867193,441.99763801115,87724700
2021-12-14,435.5771789550781,437.8144800719802,432.65366659136504,435.323378332146,97264100
2021-12-15,442.3830871582031,442.6274781927471,433.11427244709614,435.63360291576834,116899300
2021-12-16,438.48193359375,444.5169779638093,436.930843709259,444.23497726904446,116568600
2021-12-17,433.81512451171875,438.4092001430193,432.10767604892624,435.3999337829501,135511600
2021-12-20,429.2022705078125,429.59845850346267,425.5798363191293,428.7305989396733,107134800
2021-12-21,436.8244323730469,436.9659280734673,430.456866757222,432.6265442664553,69806300
2021-12-22,441.1921691894531,441.30536576361067,436.3716706238864,436.569793417211,58890200
2021-12-23,443.937255859375,445.4371678906433,442.08831149730497,442.19206541682075,56439700
2021-12-27,450.2198791503906,450.2670347839004,445.267328513055,445.3144841465648,56808600
2021-12-28,449.85205078125,451.6821388256294,449.0879451201847,450.65389822973356,47274600
2021-12-29,450.4274597167969,451.4462575660911,448.9558468297353,449.9557881814939,54503000
2021-12-30,449.1822814941406,451.8613726077948,448.72005255913206,450.85198851964896,55329000
2021-12-31,448.0502624511719,449.8426087104167,447.7767136605498,448.69175768390534,65237400
2022-01-03,450.6444396972656,450.7765215542985,447.0031490248722,449.31432242601716,72668200
2022-01-04,450.4935607910156,452.7859067844487,448.6351734234885,452.0689566969098,71178700
2022-01-05,441.843017578125,450.8991165177179,441.7486775164381,450.1255683158479,104538900
2022-01-06,441.4279479980469,444.1447805813084,439.060147736231,441.38079236108484,86858900
2022-01-07,439.6827697753906,442.6165817047028,438.32435344615055,441.43740286255314,85111600
2022-01-10,439.13568115234375,439.3526316532516,430.7304901894249,436.48488919074714,119362000
2022-01-11,443.1354064941406,443.2297465587139,435.87165335018614,438.8715061877595,74303100
2022-01-12,444.3334655761719,446.38997545502053,442.3713245554861,444.87117806328797,67605400
2022-01-13,438.2111511230469,446.08807144277097,437.18291064083445,445.4371624273771,91173100
2022-01-14,438.3905029296875,438.73953534722773,433.8435812791483,435.060502206387,95890900
2022-01-18,430.6266784667969,433.9000801446297,429.51354052849086,433.6925435130348,109709100
2022-01-19,426.1552429199219,433.5699058238336,425.88166536173696,432.17377646871046,109357600
2022-01-20,421.4385681152344,432.7492436968586,419.31604594789405,428.0419704136264,122379700
2022-01-21,413.1654052734375,422.6742906855869,413.1371061330772,420.3159330270776,202271200
2022-01-24,414.91998291015625,415.42939619247676,396.9210110831176,407.5524763611368,251783900
2022-01-25,409.8543395996094,414.8068916212734,402.9490601572942,408.52422217345065,167997300
2022-01-26,408.8260192871094,418.8820597450549,404.5620902381432,415.7501538816743,186391100
2022-01-27,406.80731201171875,416.57091988117384,405.1187484129023,413.42959969479165,149878300
2022-01-28,416.9104919433594,416.95764758264465,403.5810494178644,408.16568303658295,164457400
2022-01-31,424.41949462890625,424.76852696731544,414.89172362734763,416.2406973417306,152251400
2022-02-01,427.2873229980469,427.92878947837016,421.617821033728,425.14591546405666,123155400
2022-02-02,431.43792724609375,432.16429099295607,427.38153506884584,429.6927369366117,117361000
2022-02-03,421.2969970703125,427.30608748130015,420.4574079668399,425.4005449511961,118024400
2022-02-04,423.2780456542969,427.1268727004783,418.68394073588917,421.06118368926354,118454400
2022-02-07,421.919677734375,425.4383293530502,420.5895604027736,424.0421998784849,84472900
2022-02-08,425.3910827636719,426.31556924155666,419.9951598038307,421.4196169061176,81012000
2022-02-09,431.6172180175781,431.93795122288446,429.23056108197864,429.4286550758493,92589900
2022-02-10,423.86297607421875,431.7776105996194,421.86309308439786,425.7685189857641,140103700
2022-02-11,415.5048522949219,426.02312105241583,414.070981289909,423.94778371267705,153214600
2022-02-14,414.146484375,416.5803257355876,410.67498861776903,414.9955162101405,123006300
2022-02-15,420.8253479003906,420.9951427431811,418.0707734780917,418.5896294380124,88482700
2022-02-16,421.2969970703125,422.67426981407993,416.90101515729776,418.77825854843894,84863600
2022-02-17,412.2975158691406,421.2687175900961,411.6937912802445,418.10851257856154,102259100
2022-02-18,409.6278991699219,413.806902341528,407.3544387638589,412.55223985255054,132642900
2022-02-22,405.23187255859375,410.82588982072514,401.7320491873631,407.42043529880675,124391800
2022-02-23,398.04364013671875,408.71284849771104,397.477628508236,408.1468368692283,132578000
2022-02-24,404.0338439941406,404.46780255410187,387.3744299437548,387.732876144503,213942900
2022-02-25,412.94842529296875,413.0333227139032,403.61874859349035,405.26959895160047,121804500
2022-02-28,411.89190673828125,413.37296233027865,406.29788900505855,407.5525226744369,145615000
2022-03-01,405.61865234375,412.40129113186845,402.9112336256211,410.3919658423738,137785900
2022-03-02,413.0805969238281,414.8069024351355,407.11866056830917,407.8733236663399,117726500
2022-03-03,411.0240478515625,416.1180952528959,409.22225892771945,415.51437058927706,105501700
2022-03-04,407.6845703125,408.8165646764018,403.6376206493303,407.2883535725804,113978200
2022-03-07,395.66644287109375,407.80726559886233,395.6004019359383,407.09975817846976,137896600
2022-03-08,392.66656494140625,403.0055972451965,391.60058263341585,395.84562657872834,164772700
2022-03-09,403.1943054199219,405.1753318232111,398.8643637492097,401.05292680024445,116990800
2022-03-10,401.3736267089844,402.2697853678107,396.61916949340304,398.5813104458791,93972700
2022-03-11,396.2701721191406,404.4772404206204,395.7607587468195,403.86407311815816,95636300
2022-03-14,393.37408447265625,400.4963135753872,392.2326473482891,397.04370305998077,95729200
2022-03-15,402.0245361328125,402.65655987964084,394.7136272071247,395.9871173439881,106219100
2022-03-16,410.9391784667969,410.9957767582318,400.7321976792803,405.5338401149026,144954800
2022-03-17,416.080322265625,416.080322265625,408.646774491688,409.02410595061707,102676900
2022-03-18,420.63763427734375,420.959363915533,413.72984684060503,414.4679392759771,106345500
2022-03-21,420.5146179199219,422.47338269242965,417.00392141262006,420.46728690424806,88349800
2022-03-22,425.4351806640625,426.37198236705336,421.90556943878335,421.90556943878335,74650400
2022-03-23,419.9562683105469,424.39429439850414,419.8711071405114,422.8991946168003,79426100
2022-03-24,426.2868347167969,426.29630669485863,420.8647048360825,421.9813008840571,64736900
2022-03-25,428.3686218261719,428.6430492710812,424.33748682777303,426.9208242937579,77101300
2022-03-28,431.4156494140625,431.4156494140625,425.8799424500739,427.77248986490883,68529800
2022-03-29,436.7525634765625,437.2446442247765,432.61735251287416,435.3047660404294,86581500
2022-03-30,434.0557556152344,436.4214398536475,431.9455548784965,435.60762945908306,79666900
2022-03-31,427.37506103515625,434.1125250531456,426.9208392701977,433.2892715675178,121699900
2022-04-01,428.5863342285156,429.0973012788602,425.00942048618305,428.9553659870978,89048800
2022-04-04,432.2579040527344,432.36200919782647,427.9618413579287,428.7850950268014,59601000
2022-04-05,426.7978515625,433.2325015603828,425.6528684021026,430.7627409154782,74214500
2022-04-06,422.5301513671875,424.81067460735846,419.64402793365923,422.88029691792224,106898000
2022-04-07,424.6592712402344,426.47612959296237,419.7008059045146,421.65012756907544,78097200
2022-04-08,423.52374267578125,426.4193379958125,421.98131186663085,423.9022463943376,79272700
2022-04-11,416.2846984863281,421.09175571037406,415.78317462902817,420.2495583375235,89770500
2022-04-12,414.7423095703125,421.80150331220403,413.19040683522564,419.2749398176844,84363600
2022-04-13,419.49267578125,420.2496833419027,414.316556448872,414.49635079817483,74070400
2022-04-14,414.26922607421875,420.8363687322028,414.1651209368808,419.71974367105213,97869500
2022-04-18,414.4394836425781,416.123849633217,412.2062627473825,413.34180271144544,66002500
2022-04-19,421.1296081542969,421.84875644836103,414.16501948930335,414.3353418054255,77821000
2022-04-20,420.8174133300781,423.5237714134591,419.6535150384919,422.90869921932216,65224400
2022-04-21,414.524658203125,425.8326405645599,413.61624352930863,424.44161705872466,85417300
2022-04-22,403.1504821777344,414.54359749502777,402.5827121441921,413.43647336370464,132471800
2022-04-25,405.48779296875,405.6581153210633,396.33731266857023,400.9078312682018,119647700
2022-04-26,393.74456787109375,403.1505325635227,393.716180809768,402.95179425625525,103996300
2022-04-27,394.8515625,400.19803127751527,392.7130038669715,394.8231754479945,122030000
2022-04-28,404.82537841796875,406.55707558525125,395.1639313315665,399.6019576141651,105449100
2022-04-29,389.86480712890625,402.9896201658994,389.1172427381389,400.83211704855785,145491100
2022-05-02,392.2115478515625,393.5741843394114,383.2597775315031,389.93102468617633,158312500
2022-05-03,394.0094299316406,396.4224162058567,391.1516650055243,392.71303964199615,100028200
2022-05-04,406.00823974609375,406.57600980928174,391.4829309462933,394.67186907445193,144247900
2022-05-05,391.5775146484375,402.16631958492377,387.44230322988835,401.7404848718178,172929100
2022-05-06,389.240234375,392.5143334096191,383.9316525873715,389.01313791973797,151770800
2022-05-09,376.7778015136719,384.575087347115,375.1975117716512,383.3354711443122,155586100
2022-05-10,377.64837646484375,384.26282054447404,373.60779806565324,382.7582487909865,132497200
2022-05-11,371.64898681640625,382.3324247205916,370.9014225253903,376.68316971112745,142361000
2022-05-12,371.2610168457031,374.5351157341159,364.4573066901353,368.4505828254061,125090800
2022-05-13,380.1370544433594,381.5186058960115,374.35530738560897,375.3962141833524,104174400
2022-05-16,378.5946350097656,382.26618152652463,376.2384227760437,378.49055876588955,78622400
2022-05-17,386.38250732421875,386.6190757634291,380.9508763229202,384.68866921363724,83029700
2022-05-18,370.8067321777344,382.10524045364286,369.5671161617557,381.8213699453945,117674500
2022-05-19,368.5357666015625,372.96434969897865,366.3120175133911,367.7409001168937,98510700
2022-05-20,368.6966552734375,375.69907542713753,360.09503013105126,372.12216171567013,131432200
2022-05-23,375.5950012207031,376.3614806717681,369.406362617675,371.72471605038334,76414900
2022-05-24,372.7276916503906,373.9199766517534,366.1699941920025,371.46913169376035,91448800
2022-05-25,376.02081298828125,377.98907865192785,370.8352510778718,371.2326698997725,91472900
2022-05-26,383.5342712402344,385.1713354796454,377.0428461621992,377.25102757485274,82168300
2022-05-27,392.94964599609375,393.0631942254229,385.7958187685275,385.99452816985354,84768700
2022-05-31,390.74481201171875,394.08515718858496,388.00062391684565,391.33149711527295,95937000
2022-06-01,387.584228515625,393.87694263717856,385.06713709140746,392.8644517588874,86585800
2022-06-02,394.9652099609375,395.01251209671574,385.1712709822698,387.42340710258367,79609600
2022-06-03,388.4831848144531,391.7951425251517,387.50852412899536,390.2432399078514,71874300
2022-06-06,389.66607666015625,394.22709420031765,388.49267756993027,392.49542593941146,57508900
2022-06-07,393.4038391113281,393.8580609068562,385.71062891259504,386.17432268656637,59272400
2022-06-08,389.12664794921875,393.479512475004,388.3317815558461,391.69104143143073,64350000
2022-06-09,379.8720703125,389.61867668783157,379.8720703125,387.34762585918884,86289800
2022-06-10,368.8575134277344,374.51624111312117,368.81021128921816,373.6646004739386,132893900
2022-06-13,354.85272216796875,361.2968452923,353.24404494294527,359.4421564836055,170004900
2022-06-14,353.78338623046875,357.63472758428236,350.6796092755737,356.6032925923492,104011800
2022-06-15,358.8270263671875,363.2744957746672,352.12739188091416,357.0858572117837,125666800
2022-06-16,346.9512023925781,351.0107241373277,344.51927236083463,350.6038334285706,134473300
2022-06-17,347.6992492675781,351.04454035549736,344.1924419666906,347.36664594017265,111113900
2022-06-21,356.45208740234375,357.83960704291667,353.3538996954697,353.42994485542835,76811900
2022-06-22,355.8057861328125,359.9208378596493,351.8047441204501,352.2229054186672,90059400
2022-06-23,359.2936706542969,360.0254385770398,354.3803178822355,357.9441735497339,79292100
2022-06-24,370.7169494628906,370.7264623574381,362.4393100729595,362.46781975387455,98050300
2022-06-27,369.3009033203125,371.93339374615164,368.20799359853146,371.6387840560035,66009600
2022-06-28,361.7550354003906,373.6440649503389,361.6409966809316,370.859513206885,86548900
2022-06-29,361.46051025390625,363.294701093921,359.6358323103136,362.3063459589471,65676000
2022-06-30,358.5238037109375,361.76453925396646,354.06660685286846,357.563929508268,112508300
2022-07-01,362.31573486328125,362.7529219458162,355.2450444294537,357.86805091376164,74839700
2022-07-05,363.0,363.01902578805715,354.3897288005455,357.22181596212545,81438000
2022-07-06,364.2259521484375,366.715894004098,360.7571393570924,363.14252639295074,70426200
2022-07-07,369.6810607910156,370.47936086311995,364.2449925833958,366.0031669220348,64525900
2022-07-08,369.376953125,371.24916611652566,366.5163562235368,368.04642405277673,72397800
2022-07-11,365.1573486328125,367.6662874925925,364.4635744126361,366.696929365384,58366900
2022-07-12,361.9260559082031,366.99149752590097,360.1773947183314,364.60608154818266,62219200
2022-07-13,360.0253601074219,362.9620020597862,356.0623697104502,356.4805310045145,84224600
2022-07-14,359.15106201171875,360.234458871572,352.6220841639683,355.064490796516,89704800
2022-07-15,366.0127258300781,366.1267645686113,361.6505700647993,363.5607769406915,79060400
2022-07-18,362.99053955078125,369.7761047012278,361.7645652536722,369.1013562443131,63203600
2022-07-19,372.7982482910156,373.3684709198661,366.25978635540963,366.91550902545094,78506000
2022-07-20,375.1741638183594,376.5902220427515,371.6198214217243,372.98834417392436,71843800
2022-07-21,378.99462890625,379.04213537491796,372.1900378364041,374.5944510061109,64903900
2022-07-22,375.4783020019531,380.3156383047251,373.2544596880856,379.1182025989379,72197300
2022-07-25,375.9344482421875,376.78976766133366,373.6915803624673,376.10550632547137,53631500
2022-07-26,371.4867248535156,374.49935379005854,370.59338295368127,374.2902731538691,52946400
2022-07-27,381.1329345703125,382.8815960228277,374.4898888264092,374.78449853291994,82342100
2022-07-28,385.9132080078125,386.6069531734175,378.3863339855172,381.94070485844315,73966600
2022-07-29,391.53936767578125,392.52775161157655,386.5784802133014,387.3482705951752,87003700
2022-08-01,390.3798828125,392.88885045045953,388.1275312754867,388.84030221771746,69997500
2022-08-02,387.8044128417969,392.49919977922883,386.62597416207234,388.81179345563703,63435400
2022-08-03,393.8772888183594,395.04621476373677,389.6481690410905,389.9332658563709,67820600
2022-08-04,393.6111145019531,394.48543057228477,391.9669791701999,393.80116934202755,45656600
2022-08-05,392.94598388671875,393.5922227679719,389.2680893974682,389.32510876918275,56814900
2022-08-08,392.4897155761719,396.88989316531894,391.387292955347,394.63754145835884,53886100
2022-08-09,390.93115234375,392.26165245097286,389.8572393634721,391.7579620888554,44931800
2022-08-10,399.1423034667969,399.2848808891106,396.0346319089587,397.9923742118508,68665700
2022-08-11,399.1423034667969,403.8561172277085,398.4010226822332,401.99338786938506,59489700
2022-08-12,405.8993225097656,406.00384833286853,400.1306223802401,401.08098369306896,61694500
2022-08-15,407.5719299316406,408.0946460440883,403.6279363687809,403.6849557261061,54048300
2022-08-16,408.3703308105469,410.29956341351703,405.69030453369277,406.49811757493705,59289000
2022-08-17,405.4716796875,408.18021543915523,403.4664310836019,404.7684215424708,63563400
2022-08-18,406.650146484375,407.3343788381746,404.3787688555106,405.67124641632466,49023200
2022-08-19,401.1855773925781,404.1507003354797,400.31123213885485,403.88460030221233,68016900
2022-08-22,392.8318176269531,396.5192238154388,391.928962863326,396.348136753099,77695600
2022-08-23,391.8815002441406,394.7991164880296,391.3302744311885,392.4041873745743,49105200
2022-08-24,393.1360168457031,394.50451059223457,390.9691939931629,391.6534263650644,49177800
2022-08-25,398.6861267089844,398.73363317866927,393.53515507562247,394.62806490293383,50942300
2022-08-26,385.1910095214844,399.1137994167783,385.13399015284614,398.5721154147152,103087000
2022-08-29,382.64398193359375,385.69463364222986,381.28497221012304,382.2353335276929,65370800
2022-08-30,378.443359375,384.0410012678557,376.34306905482566,383.8034109464827,85652400
2022-08-31,375.5638122558594,381.3230000374987,375.43077674086555,380.07802891985665,76029700
2022-09-01,376.74224853515625,377.08436469022797,370.678938652205,373.3874742240931,78740100
2022-09-02,372.7697448730469,381.6271200488621,370.9545511254495,380.41065862148133,99632100
2022-09-06,371.3632507324219,374.55645129385596,369.1394084122668,373.61560273606375,76637400
2022-09-07,378.03472900390625,378.80451936163286,370.8310028776724,371.04956742201074,70964200
2022-09-08,380.5057373046875,380.96189225729813,374.55646510738865,375.7634427592099,80821700
2022-09-09,386.41693115234375,387.28176346215974,382.4824212375365,382.74852125573165,76706900
2022-09-12,390.5699462890625,391.29223008704685,388.1845303793044,388.4886529261107,69256300
2022-09-13,373.58709716796875,383.09071180463684,372.46567760149713,381.8837341840326,122947100
2022-09-14,375.0126037597656,376.5331877578143,371.7053357392143,374.8890521407821,85023700
2022-09-15,370.7549743652344,376.30508130578556,369.4814936051546,373.4539971854713,87633800
2022-09-16,367.9264831542969,368.58492846304785,364.6342566105422,366.5714428970576,103084800
2022-09-19,370.77978515625,370.77978515625,364.70111961719556,364.77747715242447,73278500
2022-09-20,366.52374267578125,368.4609000016925,363.7659311992638,367.4493811490609,77274900
2022-09-21,360.13018798828125,371.5050138173394,360.12063601648464,368.4513532726731,106746600
2022-09-22,357.1051330566406,360.99852235439477,356.3608073472819,359.3571850053135,89472600
2022-09-23,351.1219177246094,353.66978968711527,346.67503807204696,353.63161092219536,122346900
2022-09-26,347.6484069824219,353.2785667174396,346.4269485005134,349.652370039799,92581200
2022-09-27,346.76092529296875,353.459857136267,344.3657100991575,351.18870108949443,108294100
2022-09-28,353.58392333984375,355.27296245080464,346.01660643811806,347.71519752115427,110802200
2022-09-29,346.19793701171875,350.32034122123895,343.2492605532847,350.034073262893,112952300
2022-09-30,340.844482421875,349.17522920833704,340.7109004194997,345.25318357199444,153711200
2022-10-03,349.8431396484375,351.69441640615145,342.7815832218094,344.5660544284427,89756500
2022-10-04,360.68365478515625,360.7122815791371,349.8050362444443,355.3683901017397,103602800
2022-10-05,359.8438415527344,362.1054452964354,353.98466868106397,356.31307797444373,88065700
2022-10-06,356.1318359375,361.3993701215644,355.6355993235401,358.44114174816866,82333500
2022-10-07,346.19793701171875,356.21772325997466,344.43254027693825,352.09528992858685,107789500
2022-10-10,343.5545959472656,347.5529700367685,341.31209570408595,347.3144037026543,76042800
2022-10-11,341.37884521484375,346.4269166005978,339.44168789952687,341.8559778454328,92482800
2022-10-12,340.2528076171875,343.36372158176107,340.0046893387279,341.7891897787711,76991800
2022-10-13,349.23248291015625,350.7020596679561,332.1892890254387,333.2389867095814,147254500
2022-10-14,341.27386474609375,353.3262387618921,340.6344942548241,351.6944243183575,123737000
2022-10-17,350.0435485839844,351.15049965030477,340.93985091780337,347.3620658478121,93168200
2022-10-18,354.15643310546875,358.2788655814361,350.711520738244,357.97349374132114,97162900
2022-10-19,351.6466979980469,354.8434919860376,348.8316042350714,352.11427858955096,79746900
2022-10-20,348.6980285644531,355.6260028050626,347.934598978762,351.198198573637,88283100
2022-10-21,357.1720275878906,357.65868317017765,346.91367388110444,348.42140049601363,131038400
2022-10-24,361.5424499511719,362.67802786353946,356.0458731062238,358.6987583066402,85436900
2022-10-25,367.31585693359375,367.6307517074169,361.3516980804559,361.46620527093705,78846300
2022-10-26,364.54840087890625,369.85411334727513,363.90905946867207,364.16670060269513,104087300
2022-10-27,362.60174560546875,367.39214701251325,361.9814498519805,365.55042194011406,81971800
2022-10-28,371.2282409667969,371.7053735710983,362.31540741307015,362.49672013245373,100302000
2022-10-31,368.5467529296875,370.63659603718315,367.6402184672529,368.7662444084812,96631300
2022-11-01,366.9340515136719,372.53561281137877,365.7603239323339,372.2970465066368,85407600
2022-11-02,357.7254943847656,370.8561966555853,357.62053916088735,366.34251046952323,126990400
2022-11-03,354.0419921875,357.08610094389695,351.9235219733596,354.4809460886305,87100100
2022-11-04,359.1377258300781,361.5424637304622,353.0781357834755,359.75799240640606,103505200
2022-11-07,362.5731201171875,363.1647599563083,358.3552545876023,360.43554599672575,68286900
2022-11-08,364.5292663574219,367.506568794875,360.44501291494083,363.67995644422217,84641100
2022-11-09,357.0192565917969,363.7086651999319,356.52302003221314,362.5539832992573,78495500
2022-11-10,376.6390075683594,376.973006277867,368.00291747292925,370.3026714261787,141455800
2022-11-11,380.2842712402344,381.085850591747,375.60834800694585,377.4978037709963,93839900
2022-11-14,377.04931640625,381.8778966959395,376.7725713035823,378.51889318368023,71903500
2022-11-15,380.26513671875,383.9104368342091,376.4480758536066,382.80348568869397,93194500
2022-11-16,377.3642272949219,379.5876526465697,376.73440869768956,378.63338733958733,68508500
2022-11-17,376.20953369140625,376.88708300619,372.2970693510568,372.60241210724644,74496300
2022-11-18,377.9176330566406,379.6162238896307,375.0643895252909,379.5494183386701,92922500
2022-11-21,376.5435791015625,377.7173360224795,374.701853876587,376.5913098444823,51243200
2022-11-22,381.61065673828125,381.7728946397623,377.07789693039774,378.49021994388283,60429000
2022-11-23,384.0154113769531,384.5020668220049,381.0476314864747,381.2766458135579,68261600
2022-11-25,383.9294738769531,384.4829639561803,383.1756253980057,383.4523413157589,30545400
2022-11-28,377.80316162109375,382.47905555883773,377.03973194191514,380.83771815093434,67881600
2022-11-29,377.1542663574219,379.1295732981502,375.312512286855,377.9367417321205,52310000
2022-11-30,389.0349426269531,389.0349426269531,375.48439032831845,377.40244413398347,144566700
2022-12-01,388.7485656738281,391.2487358630156,386.2388435135502,390.07497917155587,76398200
2022-12-02,388.3000793457031,389.20661386702676,383.7482445522166,383.8531997520255,85342700
2022-12-05,381.3148498535156,386.4106228219642,379.9598094992948,385.4754615098056,77289800
2022-12-06,375.8182678222656,381.6965452135378,373.72845373229296,381.15263615766594,77972200
2022-12-07,375.1789245605469,377.54551283524984,374.0433465972937,374.9689850432598,65927900
2022-12-08,378.1180725097656,379.18684498444895,375.2839034087124,377.068403979044,60737900
2022-12-09,375.2934265136719,379.4349340954439,375.1693673749268,376.87751028175563,81447700
2022-12-12,380.70416259765625,380.70416259765625,375.41752454941917,376.08549280299235,75405800
2022-12-13,383.58599853515625,391.7163278716569,380.8186351718438,391.45868674150205,123782500
2022-12-14,381.1335754394531,386.9545999060633,378.1848989989114,383.2424937114521,108111300
2022-12-15,371.8103942871094,377.1733606249857,370.1499819805847,376.2667969393166,117705900
2022-12-16,367.42071533203125,370.59383534034583,365.2829507209457,369.2517350620785,119858000
2022-12-19,364.30511474609375,367.9479918227815,362.63707790509415,367.6124594366193,79878100
2022-12-20,364.80364990234375,366.42376617165866,362.224886337841,363.5478242860952,74427200
2022-12-21,370.2583312988281,371.38952801231983,366.86471190276114,367.40155201274337,78167400
2022-12-22,364.97613525390625,370.23909861779407,359.2721731477049,367.2097701866978,100120900
2022-12-23,367.0755920410156,367.2193832656584,362.3973891620379,363.9503928993597,59857300
2022-12-27,365.6280212402344,367.3056537714611,363.95038870900765,366.96055483629175,51638200
2022-12-28,361.0840759277344,367.53578243852644,360.8540099500132,365.5609421925815,70911500
2022-12-29,367.5837097167969,368.45608223881914,363.40399242752494,363.93126597675223,66970900
2022-12-30,366.6154479980469,366.7592392294088,362.78085913190785,364.8994905444754,84022200
2023-01-03,365.07208251953125,370.450079987651,362.20570711462034,368.47526883215227,74850700
2023-01-04,367.8905029296875,369.92283055639075,364.28597966385496,367.3344711039099,85934100
2023-01-05,363.6916198730469,366.0498840558089,363.09726322382664,365.9348510599075,76970500
2023-01-06,372.0318298339844,373.153460042991,363.72037415912655,366.78802795358683,104189600
2023-01-09,371.8209228515625,377.4194487549502,371.6388067821009,374.2271369047477,73978100
2023-01-10,374.4284362792969,374.4955486092587,370.29666890331214,371.2361537559992,65358100
2023-01-11,379.16412353515625,379.24083169297677,375.1953394078577,376.01019536505663,68881100
2023-01-12,380.54461669921875,382.0113458697923,376.19237910493234,380.26663005159156,90157700
2023-01-13,382.02093505859375,382.5961292686462,377.07431166109114,377.3427317250366,63903900
2023-01-17,381.3211669921875,383.67946066780075,380.64053552756593,382.00182771240605,62677300
2023-01-18,375.30084228515625,383.5739736096775,375.09953453290353,382.50988909217506,99632300
2023-01-19,372.5686950683594,374.9077675297641,371.2457571335137,373.2588930285292,86958900
2023-01-20,379.50921630859375,379.6626033543265,372.3193631025522,373.96823727469456,91806400
2023-01-23,384.0628662109375,385.99932319331543,379.35590453409674,380.314551818449,84178800
2023-01-24,383.650634765625,384.56133208460926,381.19650018692624,382.3852133953482,59524900
2023-01-25,383.79437255859375,384.1299048949058,377.28515055425595,379.57633116726623,84800300
2023-01-26,388.01251220703125,388.1754951278568,383.4876955763573,386.45950819175505,72287400
2023-01-27,388.9039611816406,391.2814165991372,386.75660096944296,386.9675045085401,68346200
2023-01-30,384.0245056152344,388.3767724039486,383.7273273025726,386.1431078861568,74202000
2023-01-31,389.6708984375,389.71881909207235,384.19700222601404,384.5421304079371,86811800
2023-02-01,393.812255859375,396.56359788271243,385.71170461794947,388.4534215519607,101459200
2023-02-02,399.5450134277344,401.01174260046105,395.8062948752539,397.704397771963,101654500
2023-02-03,395.2981872558594,399.72713273402843,394.09028239614366,394.56960600643197,94736800
2023-02-06,392.8824462890625,394.2820925400618,391.22400503082395,392.84412145755863,60295300
2023-02-07,398.020751953125,399.26698166926644,390.7158646278332,391.9620943439746,90990700
2023-02-08,393.66845703125,397.3880127555721,392.97822989420473,396.0459125600925,76227500
2023-02-09,390.2557373046875,397.4264298512411,389.02866989488314,397.2730427680662,78694900
2023-02-10,391.1664123535156,391.5498653830581,388.26171250273467,389.0765392196659,70769700
2023-02-13,395.7583312988281,395.8925559564968,391.358143932513,391.8183051444725,64913500
2023-02-14,395.57623291015625,397.88654714068605,391.6170149103328,394.23410329587506,88389300
2023-02-15,396.86083984375,396.9375187591641,392.5373309404456,393.3809452879777,61555700
2023-02-16,391.3964538574219,395.8349948045501,391.2622584704852,391.8853732614953,76431500
2023-02-17,390.418701171875,390.6583629922171,387.34142233465536,389.26831273199565,89257800
2023-02-21,382.5865173339844,387.44686578378213,382.3276931153695,386.39234798566156,82655900
2023-02-22,382.0592956542969,384.54218860202,380.6021330632425,382.9987512663258,83742300
2023-02-23,384.09161376953125,385.567938737912,379.86397585252666,384.95439045031753,96242400
2023-02-24,379.9886474609375,380.82266598812186,377.3619630409599,379.06835418151985,108194400
2023-02-27,381.2828063964844,384.69558849089844,380.34332149757034,383.33429643374495,80444700
2023-02-28,379.87359619140625,382.7687005643169,379.76812977335084,380.80348526155615,96438600
2023-03-01,378.4164123535156,380.285786224129,377.11266611466596,379.05871889408525,99706800
2023-03-02,381.3594665527344,382.20308082772186,376.1060690029621,376.4416013971857,85127800
2023-03-03,387.4757080078125,387.7249657020057,382.5290837463958,383.18095697902646,90120000
2023-03-06,387.7440490722656,390.6008283701899,387.3030795348652,388.3000515971973,72795900
2023-03-07,381.8004455566406,387.9358116155142,381.1869265041094,387.69614979307676,108310600
2023-03-08,382.4235534667969,383.1808636899206,380.1898891101756,381.91547162159134,74746600
2023-03-09,375.3678894042969,384.87768235160564,374.38048397400695,383.20961635596575,111945300
2023-03-10,369.9515686035156,376.901761257044,368.4273229667233,374.82148382483746,189253000
2023-03-13,369.42431640625,374.24634050095773,364.90909573022645,366.021130129731,157790000
2023-03-14,375.5308532714844,377.1797275163049,371.0443624389147,374.3517067617082,149752400
2023-03-15,373.1822204589844,373.38352820078774,367.84254796683757,369.9324213189262,172996900
2023-03-16,379.729736328125,380.074864540284,370.3158428605711,370.8239247170232,143254200
2023-03-17,375.2896728515625,379.5334454433477,373.9039499902757,378.39793151645165,140553400
2023-03-20,378.8983154296875,379.3121292855333,375.3666692245707,376.06913373609086,93055800
2023-03-21,383.87353515625,384.3546882128695,380.6690393535029,382.26647102554995,91524200
2023-03-22,377.32977294921875,387.31851343521214,377.29130185553555,383.70026302343734,111746600
2023-03-23,378.3498840332031,384.2391923827506,375.6361739137841,380.19749521054143,119351300
2023-03-24,380.83258056640625,380.9191845780308,374.7219318967555,377.06996076940004,107682400
2023-03-27,381.5446472167969,383.8830728135966,380.64970980063305,383.11321049277444,74010400
2023-03-28,380.6882629394531,381.54470001628135,378.850254938649,380.85183851528325,62871700
2023-03-29,386.2215270996094,386.46210360467114,383.65215710396006,384.8550396292689,77497900
2023-03-30,388.4829406738281,389.1084336951085,386.61606470017716,388.85822473969705,69840000
2023-03-31,393.9584655761719,394.25677808538353,389.3008787149844,389.4067476454537,112062600
2023-04-03,395.4595642089844,395.86371618292793,393.0441673514846,393.43871623754274,67391100
2023-04-04,393.2655334472656,396.39302737074536,391.8894138018298,396.1043180036167,66601500
2023-04-05,392.23590087890625,393.29444326978927,390.58073351331996,392.53421336625786,65200200
2023-04-06,393.7659606933594,394.0450376322365,390.3882575257403,391.437167451645,63743300
2023-04-10,394.1701354980469,394.2471364215444,390.6673570273508,391.2832175790923,63681000
2023-04-11,394.2760314941406,395.6809900883233,393.50619840980073,394.7956849780574,59297900
2023-04-12,392.6689147949219,396.63363981226826,392.0819222861502,396.3449304189456,86420400
2023-04-13,397.8846130371094,398.2406615136449,392.6111662470231,393.75631259262076,85814800
2023-04-14,396.9126892089844,399.44355846247794,394.6031608879993,397.2495021524552,78161500
2023-04-17,398.3369445800781,398.356180127704,395.59436663010166,396.82611712486937,66436400
2023-04-18,398.5967102050781,400.04980148093387,397.220619845255,399.9150645614992,63560000
2023-04-19,398.5294494628906,399.4339901497687,396.6240728742949,396.6818088890477,55227300
2023-04-20,396.3545837402344,398.10598763661955,394.80525587274064,395.7098258250606,75840400
2023-04-21,396.66253662109375,397.1244246963598,394.7090566567866,396.65290416377644,73457400
2023-04-24,397.0763244628906,397.4997414469219,395.12284448225694,396.46043453439125,64332100
2023-04-25,390.7731628417969,395.661693208056,390.7154268377835,395.103539346267,97766700
2023-04-26,389.1180725097656,392.46690824121293,388.55994790481657,391.3891301301037,80447000
2023-04-27,396.8645935058594,397.1340379925136,391.4083059420538,391.65851488224934,92968400
2023-04-28,400.2519226074219,400.26155506482286,395.92154566069996,395.97928167060974,89433100
2023-05-01,399.84771728515625,401.87816855347415,399.61674390903073,399.80921682792797,62122300
2023-05-02,395.3537902832031,399.1837787040956,392.4476367591756,399.13564578414,103998500
2023-05-03,392.6400451660156,398.2695405891648,392.39946868953274,395.8541433677578,91531800
2023-05-04,389.8589782714844,391.9182975436162,388.5213590280541,391.5911170748567,94901900
2023-05-05,397.0763244628906,398.125234465571,393.2367329689119,393.4965450134205,87891800
2023-05-08,397.18212890625,397.6632818576283,395.77717051105407,397.4034698360924,50046800
2023-05-09,395.4403076171875,396.5565858474395,395.20936362721875,395.6327805203227,49220100
2023-05-10,397.2880554199219,398.91435498071894,393.4580667995226,398.2792294687583,96142900
2023-05-11,396.5950927734375,396.8837727656093,394.5165087280734,396.4218847781344,70157100
2023-05-12,396.075439453125,398.0481839572704,393.6504394169537,397.83647550724606,70481500
2023-05-15,397.4419860839844,397.8461381335402,394.7667767427343,396.68175616777665,54289400
2023-05-16,394.7859802246094,397.25911334021237,394.7763477684629,396.33527856748293,57705500
2023-05-17,399.5782775878906,400.1845056184392,395.16129716185526,396.80683197926186,87287000
2023-05-18,403.42755126953125,403.850968255046,399.03943829896787,399.26074988190857,97177200
2023-05-19,402.84051513671875,404.86136352045077,401.6183971431854,404.3321069908471,103793300
2023-05-22,403.0041809082031,404.5438765457276,401.6184577711563,402.8598408662715,60745400
2023-05-23,398.4813232421875,402.93680511481756,398.08677422323905,401.3586090390237,86383500
2023-05-24,395.5943298339844,397.2591296170941,394.4299479150844,396.8742131296412,89213700
2023-05-25,399.0201416015625,400.4732329300767,396.86458575045214,399.10674560980397,90961600
2023-05-26,404.187744140625,404.90947362025605,399.59755522238083,399.67452677861917,93830000
2023-05-30,404.3417053222656,406.6512337191027,402.955982410714,406.1219771957275,72216000
2023-05-31,402.099609375,403.41796403198254,400.5310457347356,402.513393949465,110811800
2023-06-01,405.9198913574219,406.9784337458306,401.0794937409788,402.3304796935779,88865000
2023-06-02,411.7900085449219,412.5790771690053,407.96965243794403,408.4989090066005,91426200
2023-06-05,411.00091552734375,413.4259161757562,410.29842154598526,412.13642960632063,65460200
2023-06-06,411.8958435058594,412.4251000685976,409.93273100728186,410.5871214183071,64022200
2023-06-07,410.4715881347656,413.4258744271593,410.0481711705742,412.2903604628489,85373300
2023-06-08,412.9543762207031,413.40666121291997,409.7691457275,410.53897877639116,61952800
2023-06-09,413.6953125,415.7065283650919,412.70413856902655,413.75304850629004,85742800
2023-06-12,417.4483337402344,417.5253346663892,413.9551876062376,414.6769171108834,76104300
2023-06-13,420.20050048828125,420.8452289997208,418.2470206735575,418.9110140981565,95899700
2023-06-14,420.7009582519531,422.51009835206776,417.24628300428765,420.53738266663987,100612100
2023-06-15,425.9166259765625,427.1676119841462,419.7867416783568,419.8829487810575,110303100
2023-06-16,424.4658508300781,428.4742491472454,423.99257880127806,427.9043831698667,114165800
2023-06-20,422.2636413574219,423.41304154167295,420.1870041214196,422.52444796434224,76160400
2023-06-21,420.10009765625,422.08014103507514,419.5108951805997,421.2784731312149,76982300
2023-06-22,421.6164855957031,421.722718296799,418.80576994281824,419.1438339963334,70637200
2023-06-23,418.42913818359375,420.2160232388723,417.71439595201736,418.158692787078,92074500
2023-06-26,416.7195129394531,419.7813378209466,416.4780427984246,417.8592449307871,72823600
2023-06-27,421.2881164550781,421.9062646558956,417.1444807996532,417.59844581995696,72813700
2023-06-28,421.5006103515625,422.5147730975973,419.58815632826764,420.2063045276252,75636000
2023-06-29,423.1618957519531,423.32610840810986,420.679605245235,421.0852585523664,67882300
2023-06-30,428.155517578125,429.1407051013052,426.0595438710738,426.3783009507995,104964000
2023-07-03,428.6481018066406,428.9281859198321,427.52767692487674,427.8077905144009,32793400
2023-07-05,428.0106201171875,428.7446987114959,426.8225765200303,426.83224475721846,58418400
2023-07-06,424.6590270996094,425.08401688065084,422.1477318870011,424.42722521043544,80658300
2023-07-07,423.5869445800781,427.53742235269715,423.3454744191098,423.6642315383372,86134200
2023-07-10,424.6590270996094,424.8328785164898,422.6596473764828,423.2295133382579,62443500
2023-07-11,427.3634948730469,427.8561033801802,424.4465462578362,425.4220950342892,64463800
2023-07-12,430.8019714355469,432.21217806227327,429.72985832515656,431.1593719486746,91924500
2023-07-13,434.22119140625,435.01322041064935,432.1831979055365,432.61782640087955,72425200
2023-07-14,433.9508056640625,435.9598242076378,433.18775178790105,435.1098740968055,69815800
2023-07-17,435.45758056640625,436.51038682135163,433.7576213779186,433.8059330908804,52680200
2023-07-18,438.69329833984375,439.3404218148386,434.69453863237396,435.12919667930265,80668200
2023-07-19,439.6688232421875,440.85683741354967,438.61598753921226,439.4853035858035,65891700
2023-07-20,436.7518615722656,439.5722457578469,436.0371193951603,438.6739839174844,70591600
2023-07-21,436.7518615722656,438.6739839174844,436.74222281063936,438.47112777830426,71275600
2023-07-24,438.7029724121094,439.5143085643416,436.86777572408096,437.9012750217946,54023400
2023-07-25,439.9006042480469,441.156237070321,438.3841648336445,438.4324765430136,55191200
2023-07-26,439.96826171875,441.39774607749916,437.91093141721467,438.9637376866275,71052900
2023-07-27,437.0512390136719,443.764119987392,436.1433090250335,443.3584372254405,92194400
2023-07-28,441.33013916015625,442.16078225681895,437.05126606431355,440.3256151682766,80011800
2023-07-31,442.1705017089844,442.5278728257474,440.4898493694529,441.8034623534966,62040400
2023-08-01,440.9051208496094,441.64883818871544,439.94887915495036,440.7022647310359,55291500
2023-08-02,434.77178955078125,438.0461090832154,434.01840394785836,437.78533196247287,93933400
2023-08-03,433.52581787109375,435.4092967139093,432.10597229878186,432.7531252299224,64276100
2023-08-04,431.5650634765625,437.44727217935485,431.0434797536367,435.3416597654818,100128900
2023-08-07,435.3320007324219,435.4865451527169,432.7048045400754,433.40023969323573,58357500
2023-08-08,433.4389343261719,435.322413352219,430.07765910977645,432.791781332074,71361300
2023-08-09,430.5412292480469,433.8735287355085,429.7781754061016,433.70931608230507,78789600
2023-08-10,430.6957702636719,436.2882265207825,429.52706313111736,432.89797658868093,93005500
2023-08-11,430.44464111328125,431.4588333292262,428.22312774254544,428.82196893936987,68690900
2023-08-14,432.8207092285156,432.8207092285156,429.2179937241371,429.5270825673996,47867400
2023-08-15,427.77886962890625,431.40092184966306,427.2089741403311,431.0435212704258,75707500
2023-08-16,424.63970947265625,429.0247856402229,424.53344729188865,427.3634700312785,80107200
2023-08-17,421.404052734375,426.3686636613096,420.8824689600864,426.10788651233355,95711300
2023-08-18,421.6068420410156,422.6403412596287,418.2359284981317,418.58363133261804,98852000
2023-08-21,424.3499450683594,425.09366245894176,420.4671159807588,422.6210106803204,68719000
2023-08-22,423.2005615234375,426.12717844156236,422.64036376815267,426.12717844156236,64994200
2023-08-23,427.9140930175781,428.53227076752444,424.1181892276399,424.2630654264281,68441000
2023-08-24,421.9835510253906,430.0293227205553,421.9545463127507,429.5174072282619,88517300
2023-08-25,424.95843505859375,426.2430431246683,420.15800790417546,423.7124409886771,102325100
2023-08-28,427.6532897949219,428.27143803085545,424.95847475635645,427.15101303461915,61595400
2023-08-29,433.83489990234375,434.1150135078099,427.3634885979469,427.5470082557006,83081900
2023-08-30,435.62176513671875,436.2592497912926,433.4678410527647,434.17294441532357,69053900
2023-08-31,434.9842834472656,437.3796481914474,434.80076379653127,436.23991629050073,66084600
2023-09-01,435.795654296875,438.19104870854676,434.337165211912,437.7081084262502,58944100
2023-09-05,433.9122314453125,435.6701413742272,433.8446421990769,435.3514137163354,55166200
2023-09-06,430.99517822265625,433.2070527201014,428.66740278671307,433.1007905422567,70758500
2023-09-07,429.6719665527344,430.34806524877047,427.6436115119561,427.99131435968866,70355400
2023-09-08,430.31915283203125,431.8548995863842,429.36294038483805,429.72031152262383,61659700
2023-09-11,433.149169921875,433.4582293140434,431.2367157088773,432.94631377147886,60180100
2023-09-12,430.7730407714844,433.2263855290798,430.19353604446763,431.70030728737913,67565400
2023-09-13,431.2752990722656,432.4343379531001,429.8940675950137,430.9951854819559,60199300
2023-09-14,434.9939270019531,435.6893621396805,432.4440178145085,433.747962382289,83430800
2023-09-15,429.7530212402344,433.7368084981918,429.3168595859164,433.4072542770486,111848900
2023-09-18,430.0050354003906,431.3038771522312,428.96789063501143,429.4428320631367,55752200
2023-09-19,429.11328125,429.6754845917088,426.42836539622306,429.08420380682946,66514600
2023-09-20,425.1683654785156,430.7902222343529,424.9647937662987,430.37343562796866,82562600
2023-09-21,418.1409606933594,422.5802845540439,417.98587113932,422.31858757052555,104095800
2023-09-22,417.2007751464844,420.7677463582612,416.78395900410345,419.16842775985725,100829700
2023-09-25,418.95513916015625,418.993889361631,415.55293063128704,415.9891218304828,70874500
2023-09-26,412.8002014160156,416.6191968671865,411.9665987111882,415.91160628125357,96168400
2023-09-27,412.96490478515625,414.53517529607944,409.3204041006066,413.9729720120895,104705800
2023-09-28,415.3591003417969,417.0359784928409,411.8212066146307,412.4124874162186,92258300
2023-09-29,414.35101318359375,418.5867946420908,412.8292247753013,418.41232999892884,115111300
2023-10-02,414.186279296875,415.43666857523283,411.42380373877234,413.51746849079825,83798600
2023-10-03,408.6419677734375,414.2444490832808,407.2752686675357,412.0053970277405,103760600
2023-10-04,411.61767578125,412.3640165843667,407.64359070503724,409.107224446792,87453000
2023-10-05,411.4625549316406,412.3058303467078,408.23484048426144,411.3268404794052,70142700
2023-10-06,416.3477478027344,417.88891132912596,407.6823154616602,409.0102345616155,113273300
2023-10-09,419.01336669921875,419.5852428633519,413.89552908801,414.44800056773454,80374400
2023-10-10,421.1942138671875,423.79189736248946,419.245936455557,419.64334789466267,78607300
2023-10-11,422.9195556640625,423.1715503152822,419.8759785243393,422.2604472219357,62451700
2023-10-12,420.3412170410156,423.9081879098467,417.9858555363506,423.5301811699864,81154200
2023-10-13,418.24761962890625,423.045605313089,416.6773783738098,421.8436685163455,95143100
2023-10-16,422.6481628417969,423.7143850912576,420.25402134631616,420.49634324027045,75433200
2023-10-17,422.6287536621094,424.6836681484373,419.1684195342952,419.5173488593283,75324700
2023-10-18,416.9971618652344,421.8145218630585,415.91156461169203,420.85493671578564,93559800
2023-10-19,413.3332214355469,419.5269821583465,412.65473799953884,417.71441944200046,121323000
2023-10-20,408.25421142578125,413.4399055549237,408.14757441721036,412.8971069121286,123919900
2023-10-23,407.54656982421875,411.41404664492285,404.9682618038507,406.7226696223979,92035100
2023-10-24,410.61932373046875,411.7727783774384,407.81806827916796,409.6694112034611,78564200
2023-10-25,404.7259826660156,408.9617938766799,404.21226147565824,408.93271643497314,94223200
2023-10-26,399.8795166015625,404.51270932433266,398.9587112931171,403.6597612351225,115156800
2023-10-27,398.0670166015625,401.86663693380547,396.6421626745101,401.4692254760225,107367700
2023-10-30,402.8262023925781,403.88272225418063,399.5597081383843,400.85854988329856,86562700
2023-10-31,405.3560485839844,405.67590044700427,401.48857130380884,403.39806888205027,79665200
2023-11-01,409.6790466308594,410.49324455803196,405.79219440086933,406.32532025886866,98068100
2023-11-02,417.5302429199219,417.6853324509695,413.4592240757573,413.4785991745244,94938900
2023-11-03,421.339599609375,422.8904655764815,419.71120365505175,419.8372157670484,100167800
2023-11-06,422.308837890625,422.7547018208165,420.36056071301397,422.09559347526306,67831700
2023-11-07,423.51080322265625,424.1505365569555,421.1651439105342,422.308896123232,64256100
2023-11-08,423.8210144042969,424.63521246037624,421.5141051219166,424.1117888599285,61746000
2023-11-09,420.51568603515625,425.0034918992464,420.0891971681386,424.9647121167065,83174400
2023-11-10,427.0777587890625,427.38793789386506,420.5059906051338,422.58998243152627,89462200
2023-11-13,426.6706848144531,427.7756572288507,424.9550565166978,425.7401770580696,52236100
2023-11-14,434.9483947753906,436.23753414765645,432.3894615518305,432.61240832792026,97176900
2023-11-15,435.8692626953125,437.51706352995177,435.01628483174915,436.2860492849091,77327600
2023-11-16,436.40234375,436.72219562577186,434.3571316402488,435.42335386000235,66665800
2023-11-17,436.94512939453125,437.55578526494025,435.4911981146269,436.41200351038174,83133200
2023-11-20,440.30859375,441.1518692274426,436.6834380187307,436.69314036041027,69936200
2023-11-21,439.34893798828125,440.1825406267048,438.0791737195552,439.2617056622207,49244600
2023-11-22,441.04522705078125,442.3634735504526,439.9499569252717,441.00647684513626,59394900
2023-11-24,441.3165588378906,441.51042815767795,440.76408747907647,441.09364165847086,29737400
2023-11-27,440.5218200683594,441.5007803874619,440.13408138085987,440.68658238826873,50506000
2023-11-28,440.9579772949219,442.25681906014256,439.57190319998205,440.13407696271906,62115000
2023-11-29,440.6478576660156,444.24393625386404,440.25047574819746,443.1098566538022,63146000
2023-11-30,442.3827819824219,442.7317408428034,439.41676478055234,441.4910541020233,79752700
2023-12-01,444.9999084472656,445.53300475365734,441.18091323402564,441.77216442546705,89183400
2023-12-04,442.6639099121094,445.019271433423,440.3860783753154,441.60739008872554,72430900
2023-12-05,442.5766906738281,443.5362758597069,440.8998126034742,441.2778489374918,69793500
2023-12-06,440.793212890625,444.7478930540511,440.35702166378525,444.718815610949,69124700
2023-12-07,444.1566467285156,444.80605282503006,442.27622650644105,442.87718005735604,66995400
2023-12-08,446.066162109375,446.59925845337557,443.167972091833,443.4102939900714,83194400
2023-12-11,447.8011474609375,447.97564170163525,445.358553474564,445.5717979195869,65002200
2023-12-12,449.8464050292969,449.94333971052043,446.45389824865407,447.4522633466022,68327600
2023-12-13,456.0498046875,456.3018289230582,449.8657452173365,450.2243768877482,93278000
2023-12-14,457.513427734375,459.1806035101216,454.83818462019093,457.98836917003774,119026000
2023-12-15,456.7601318359375,458.09346468799856,454.911024624647,456.9158501916579,141553700
2023-12-18,459.32940673828125,460.31236579340026,457.30512766166345,458.36593103885957,70375300
2023-12-19,462.1225280761719,462.2004020971749,459.7965540277921,459.8743983485583,55761800
2023-12-20,455.71881103515625,463.15417688283,455.2905929826461,461.26613266046417,102921000
2023-12-21,460.0398254394531,460.31232509298513,456.2831912512246,458.70649280228554,86667500
2023-12-22,460.96441650390625,462.6480933014032,459.06666039020405,461.1687838422537,67160400
2023-12-26,462.910888671875,463.81597380070593,461.2953440901739,461.3732181207506,55387000
2023-12-27,463.74786376953125,463.893840449239,462.1712562282074,462.70651395388256,68000300
2023-12-28,463.92303466796875,464.75998742977106,463.5045582870676,464.10794836189996,77158100
2023-12-29,462.5799255371094,464.2538605283432,460.6237492048473,463.7283148554509,122283100
2024-01-02,459.9911804199219,460.9838811377681,457.8890273530107,459.51431341639926,123623700
2024-01-03,456.234619140625,458.570335093064,455.6312290704376,457.83068032303305,103585900
2024-01-04,454.76507568359375,458.346508982876,454.5412249647981,455.75774684908487,84232200
2024-01-05,455.3879089355469,457.84040614563645,453.93779478135224,454.96940287212124,86118900
2024-01-08,461.88897705078125,462.0349537185437,455.7576897026201,455.8842127147601,74879100
2024-01-09,461.18829345703125,462.2101599071882,458.72605447786003,459.23211686361327,65931400
2024-01-10,463.7965087890625,464.66268658164086,461.1785514545196,461.4607928330298,67310600
2024-01-11,463.59210205078125,465.3146861106975,459.6116465550996,464.7988820904805,77940700
2024-01-12,463.91326904296875,465.7818595429952,462.502121615046,465.04220480544996,58026400
2024-01-16,462.2100830078125,463.8450809361397,460.39017141732785,462.5312613474479,85014900
2024-01-17,459.6408996582031,460.12750840636863,457.28570024897624,459.183486246918,68843900
2024-01-18,463.7283630371094,464.28310409945385,459.7673906749951,461.314802822399,91856200
2024-01-19,469.5092468261719,469.7914881784232,463.7770119836413,464.85726900395974,110834500
2024-01-22,470.5019836425781,472.22456782073624,469.8499148891261,471.0469830334159,75844900
2024-01-23,471.8741455078125,472.1174498429628,469.9569358590548,471.0469345284904,49945300
2024-01-24,472.3899841308594,475.6794338281553,471.89363377790727,474.745153487513,81765000
2024-01-25,474.95928955078125,475.23178923650255,472.3900110425858,474.52132983790426,72525000
2024-01-26,474.3558654785156,476.02005880762255,473.50917114792156,474.5310374710035,76641600
2024-01-29,478.1125183105469,478.2585246858996,474.12235058965683,474.66734997690736,61322800
2024-01-30,477.7427062988281,478.4531359964777,476.983568210537,477.421527922976,58618400
2024-01-31,469.947265625,475.98119623389044,469.92778226707486,475.533524505223,126011100
2024-02-01,476.0979919433594,476.1271872790658,470.8425939142762,471.65038103588824,91891600
2024-02-02,481.1100158691406,482.7644675885541,476.19525029914104,476.53588232086173,99228200
2024-02-05,479.3581848144531,481.13918916346887,477.10034317724995,480.47740850601684,75757100
2024-02-06,480.74993896484375,481.0808293147646,478.871606822303,480.3022375794468,55918600
2024-02-07,484.7596130371094,485.17808940845316,482.0929770540646,482.9980918458816,70556500
2024-02-08,484.97369384765625,485.3532331832338,483.94208579679537,484.7595848352,52343600
2024-02-09,487.7765808105469,488.2145108276318,485.13914022884614,485.47977226451565,63979400
2024-02-12,487.5624694824219,490.01496666720067,486.84226840178366,487.7473831666172,56502300
2024-02-13,480.84722900390625,483.7766228154562,477.57723287028176,481.2851887040555,113099200
2024-02-14,485.2170104980469,485.703619202311,481.1586808363787,483.48468469887587,68387800
2024-02-15,488.56488037109375,488.74979405458623,485.4408311080291,485.91772783399097,61683000
2024-02-16,486.1318054199219,489.40180144243595,485.39215073377574,488.26315378111764,75532900
2024-02-20,483.4555358886719,485.06133882722617,481.20740583464766,484.3898163747004,71736700
2024-02-21,483.8934020996094,484.0491204434422,480.3411646253707,482.15136438471933,59293400
2024-02-22,493.9078674316406,494.87134322560775,489.5478424615369,490.51134795574427,76402500
2024-02-23,494.24847412109375,496.4674086571224,493.51856105397593,495.6304262293698,61321800
2024-02-26,492.4382629394531,495.12435246871587,492.3117399253592,494.6863927584272,50386700
2024-02-27,493.3531188964844,493.5769696039291,491.2315119659273,493.1292978892794,48854500
2024-02-28,492.7010498046875,493.28495648375826,491.4358493661455,491.7959350516518,56506600
2024-02-29,494.4723205566406,496.0878651256629,491.81545586381117,494.4626085780751,83924800
2024-03-01,499.11456298828125,499.54278105732834,494.93948136543304,495.3482457768837,76844800
2024-03-04,498.5792541503906,500.42839094094944,498.28730081516426,498.31652584892447,49799300
2024-03-05,493.5964050292969,497.0221493633574,491.38721217314117,496.5744479650044,72855600
2024-03-06,496.0975646972656,498.3554361707815,494.8031986362925,496.8761267293977,68382400
2024-03-07,501.0220642089844,502.0731556685532,496.15597704493354,499.39680772832526,58652100
2024-03-08,498.01483154296875,504.3407152276024,497.4406368151398,501.6546849790431,86532500
2024-03-11,497.58660888671875,498.17054528765857,494.88106560592894,496.8080468189585,62557200
2024-03-12,502.9393310546875,503.5232377514132,497.17784111143084,499.6985003866654,73114400
2024-03-13,502.1509704589844,503.43562459877114,500.7106276661075,503.2604525888654,55104100
2024-03-14,501.1583251953125,503.27993205507374,498.1121499011311,503.12418400270946,110171800
2024-03-15,497.7170715332031,499.54266772632866,496.0477073102581,498.08804798108406,107646300
2024-03-18,500.67510986328125,503.232857358906,500.26510519204714,501.78803927024387,88893300
2024-03-19,503.4574279785156,503.7405165081089,498.976454143322,499.9820112945357,60755300
2024-03-20,508.1141052246094,508.2507933211334,502.84243741128154,503.51604636123994,69594600
2024-03-21,509.7931823730469,511.6577769054798,509.5100342818405,510.9549118204902,60256100
2024-03-22,508.82672119140625,510.19342318455074,508.59237324097523,509.7053025616341,79070800
2024-03-25,507.4209899902344,508.57294764309427,507.2647580052451,507.45024624676745,48512100
2024-03-26,506.4836730957031,509.1878801721596,506.08344043810223,508.8461600156402,65463700
2024-03-27,510.7400817871094,510.7791695687557,507.14752139258985,509.31480779780867,82999800
2024-03-28,510.6425476074219,512.1459377696011,510.3594590790039,510.7792356908129,96294900
2024-04-01,509.7540588378906,511.92134520134493,508.592329471925,511.38442447935097,62477500
2024-04-02,506.5130310058594,506.6496594947848,504.20905639561914,505.92725051103764,74230300
2024-04-03,507.0694580078125,508.57290771634445,505.3708077109344,505.4196078580209,59155800
2024-04-04,500.8800964355469,511.42348983220387,500.57746403679687,511.08182923475704,96858100
2024-04-05,506.1127014160156,508.0749556966803,501.79773213862893,502.23705258109646,74546500
2024-04-08,506.3958740234375,507.82120781564623,505.58563662088517,506.8157102301138,48401800
2024-04-09,506.981689453125,508.37770750066494,502.12973872568773,508.1336471514087,68049200
2024-04-10,501.9051513671875,503.89666208515973,499.92341259541246,501.2803426609476,82652800
2024-04-11,505.6929626464844,507.13778061540546,499.9136311857634,503.42807581801776,70099000
2024-04-12,498.71282958984375,503.56474960986543,496.9848635757255,502.14918793409277,92561100
2024-04-15,492.4649353027344,503.0571295651305,491.61558034670605,502.89118522807627,92101400
2024-04-16,491.5667724609375,494.4662102656471,490.2781268160622,492.9432762462562,73484000
2024-04-17,488.6575622558594,494.1928634388067,487.2615443714678,494.0268893119992,75910300
2024-04-18,487.65203857421875,492.15252641432477,486.7148552774961,490.0536135988177,74548100
2024-04-19,483.3956298828125,488.56969668668467,482.1264983587833,487.57394131853926,102212600
2024-04-22,487.8472595214844,490.44406471980994,483.6591763812229,486.0021493308909,67961000
2024-04-23,493.6363525390625,494.0659010467374,487.6617612136965,489.85830389464087,64633600
2024-04-24,493.402099609375,495.31552414024065,491.1762707245871,494.52477110173174,55928100
2024-04-25,491.5276794433594,492.28914639879576,485.6702321576898,487.3200821932215,69122400
2024-04-26,496.1844177246094,497.7659238799117,493.68524235456005,494.31979324751813,64306100
2024-04-29,497.94158935546875,498.61519817399505,495.19835393785416,497.97087540007783,46415400
2024-04-30,490.0536193847656,497.45351534342734,490.0536193847656,496.4772740416634,77483600
2024-05-01,488.4622802734375,496.11600754799895,487.99367378182563,489.46780749693494,80242800
2024-05-02,493.0310974121094,493.8706803453591,487.6812848525579,492.1720003799534,62550200
2024-05-03,499.1424255371094,500.37246932338707,496.4772760472205,499.01550940056416,72756700
2024-05-06,504.2969665527344,504.3359947534281,501.1046384911043,501.54395898532556,47264700
2024-05-07,504.8533935546875,506.2494113345479,504.1797847364997,505.2633981790086,52561300
2024-05-08,504.90216064453125,505.439081357784,502.90087821239047,503.01802238309904,42047200
2024-05-09,507.81146240234375,507.8505501920074,504.43370535896906,505.087770400338,43643700
2024-05-10,508.465576171875,510.2227987029079,507.2452744718461,509.4125016902763,52233200
2024-05-13,508.5338134765625,510.25200764448437,507.3916278750611,510.14463540524883,36716400
2024-05-14,510.8669738769531,511.3844102791641,508.1920827014514,508.72900340853613,57535900
2024-05-15,517.193115234375,517.4859756907869,512.7023697575905,513.3369504006804,59504900
2024-05-16,516.12890625,518.891685229184,515.9824462519231,517.2906355349904,50244800
2024-05-17,516.870849609375,516.9391936348987,514.7914513506761,516.2460410203236,59187600
2024-05-20,517.4664306640625,518.930792527948,516.5975616577482,516.9880819887991,37764200
2024-05-21,518.7355346679688,518.8917666350982,516.4999636631139,516.7049957755823,33437000
2024-05-22,517.2418823242188,518.7550442398426,515.064823969773,518.0424072439434,48390000
2024-05-23,513.4638671875,520.4049281460258,512.2532779910508,520.2975559093766,57211200
2024-05-24,516.8612060546875,517.6715030328614,514.3620306627067,515.3089561408403,41291100
2024-05-28,517.222412109375,517.9057929513657,514.5865486245773,517.6715045678355,36269600
2024-05-29,513.6005249023438,514.7817983278129,512.8878878194378,513.1905202395113,45190300
2024-05-30,510.1934509277344,512.7219421093527,508.9438930493387,512.0581051762924,46377600
2024-05-31,514.8403930664062,514.9673092079909,506.0444490191236,511.15023176853157,90785800
2024-06-03,515.2600708007812,516.7342044816085,510.18360486685094,516.4511159966606,46835700
2024-06-04,515.8360595703125,516.5780123549347,512.4875596797398,513.9519213593795,34632700
2024-06-05,521.9669189453125,521.9864628385163,516.1680432425981,518.1596136281009,47610400
2024-06-06,521.9570922851562,522.6990451286446,520.0241537818829,522.2694966184689,30808500
2024-06-07,521.3225708007812,524.1341502130953,519.8874652579173,520.9808506310355,43224500
2024-06-10,522.9332885742188,523.2554648254413,519.9167369014993,520.5122296802525,35686100
2024-06-11,524.1927490234375,524.2513211148034,519.4091430834137,521.3811694677967,36383400
2024-06-12,528.4979858398438,531.1924214122917,527.4631724257194,528.7615900630306,63251300
2024-06-13,529.5621337890625,530.4212309464041,526.770097820224,530.2455146530901,44760900
2024-06-14,529.8842163085938,529.9134725597781,527.0237772162169,528.0293342324846,40089900
2024-06-17,534.1015014648438,535.49757872361,528.7419471638832,529.2008114818414,55839500
2024-06-18,535.45849609375,535.5854122094039,533.7403021449248,534.1600786870761,41376400
2024-06-20,534.00390625,537.0497738552268,532.2271402161125,536.3859370269113,70328200
2024-06-21,533.2880859375,534.4046057790133,531.8288032321234,533.180367297688,64338600
2024-06-24,531.5545043945312,535.6777608035513,531.4369822915095,533.1117619254674,45528700
2024-06-25,533.6015014648438,533.9638712753774,531.2607431275164,532.7787868983022,37936200
2024-06-26,534.2673950195312,534.9823310545671,531.8385253727439,532.4848968900385,38550600
2024-06-27,535.109619140625,535.6874858769653,533.3858821788883,534.1302285739343,35041500
2024-06-28,533.0040283203125,538.9391939081404,531.76024266257,535.883439640916,76144500
2024-07-01,534.1008911132812,534.6297405125247,531.339002473828,534.3848928648134,40297800
2024-07-02,537.6953125,537.6953125,532.4457925507478,532.4947501316359,40434800
2024-07-03,540.0947875976562,540.457157354787,537.3427022712717,537.3818563773293,32789900
2024-07-05,543.2092895507812,543.6108134486142,539.7618150479054,540.3984429341523,41488400
2024-07-08,543.8360595703125,544.7860397915607,542.7684974779849,543.9927357696513,36110500
2024-07-09,544.3649291992188,545.6968861634513,544.0711239537649,544.795863484972,27289700
2024-07-10,549.7515869140625,550.0943497431794,545.2953712492263,545.5891764995068,38701200
2024-07-11,545.01123046875,550.7407010140586,544.3746624818856,549.8690290838814,53054200
2024-07-12,548.448974609375,552.0531251206323,545.667538567234,546.1376269625789,53084400
2024-07-15,549.957275390625,553.1990561394715,548.0964091939553,550.4469707289841,40584300
2024-07-16,553.2186279296875,553.5124331903285,550.51549997726,551.2696499606263,36475300
2024-07-17,545.4619140625,548.9583463886919,545.1386983611491,547.2835666023501,57119000
2024-07-18,541.27001953125,547.9886849352189,539.0859974733345,546.9994907975359,56270400
2024-07-19,537.6757202148438,542.6608454522978,536.6179614633988,541.0350233261719,65509100
2024-07-22,543.2191772460938,543.8263948114603,539.6639835581032,541.6031583779978,43346700
2024-07-23,542.366943359375,545.2659012148495,541.8772480700306,543.1112299862826,34439600
2024-07-24,530.0756225585938,537.8519873002513,529.1549928867055,537.5483785668235,74515300
2024-07-25,527.3136596679688,536.1771923025162,526.373482961852,530.1930703849662,61158300
2024-07-26,533.2194213867188,535.9127455404142,530.3302071573028,531.1039639898098,53763800
2024-07-29,533.5328369140625,535.775619885458,531.534841817287,534.7668786438925,39515800
2024-07-30,530.8296508789062,536.0596224497041,527.4213910684044,535.0018639723148,46853600
2024-07-31,539.4581909179688,542.0927543010554,536.2947780748914,537.6658891932146,65663400
2024-08-01,531.8189697265625,543.4345294348678,528.3127341764186,541.1819427118934,76428700
2024-08-02,521.9172973632812,525.9229716163323,517.705869778205,524.7085367838448,82789100
2024-08-05,506.7171630859375,512.7893973566776,499.75367969518885,501.0954700551791,146267400
2024-08-06,511.3888854980469,518.8322310175004,507.19706454680966,508.51921810050686,84826300
2024-08-07,507.9707946777344,520.6343700428232,507.3733806496258,517.5786158200011,70698300
2024-08-08,519.713623046875,520.3403875727178,511.08519462973396,513.1124804789883,63276600
2024-08-09,522.0054321289062,523.4941251002426,517.6667385635127,518.8909769209239,45619600
2024-08-12,522.2797241210938,524.6889871074426,520.0075304089534,523.2003538167259,42542100
2024-08-13,530.8688354492188,531.1039393955512,525.2275960596088,525.4724436986064,52333100
2024-08-14,532.5436401367188,533.7287242856177,528.9884474672805,531.6621646835201,42446900
2024-08-15,541.6716918945312,541.9556937145602,537.5680419380651,538.1752594686596,60846800
2024-08-16,542.8861694335938,543.5815584950337,539.8990391327931,540.0557153753817,44430700
2024-08-19,548.0767822265625,548.0767822265625,542.4452860411917,543.2973511166235,39121800
2024-08-20,547.1856079101562,549.2815184001456,545.8438474042439,547.6263456901657,33732300
2024-08-21,549.0661010742188,550.5253838963663,543.2974745420673,548.2336427512126,41514600
2024-08-22,544.7566528320312,551.5732334533072,543.5422179587766,550.9660160166799,56121500
2024-08-23,550.544921875,551.4851585059275,545.8046443878154,547.9985298599797,50639400
2024-08-26,549.2324829101562,552.2881770773529,547.528352675827,551.5732410031779,35788600
2024-08-27,549.9866333007812,550.476328645617,546.8134170306081,547.9592873998898,32693900
2024-08-28,546.7938232421875,550.0748179978751,543.6009999526875,549.6438836929623,41066000
2024-08-29,546.8427124023438,552.0628809883677,545.6968421488655,548.7623394799141,38715200
2024-08-30,552.06298828125,552.5722906161151,545.6577940930898,549.212987410433,62700100
2024-09-03,540.7020263671875,549.2520879225416,538.18498513228,548.9190687874888,60600100
2024-09-04,539.5953369140625,543.0035975400444,538.1360542845994,538.8607938634791,47224900
2024-09-05,538.2828979492188,542.3865472945482,535.8246177750381,539.5365467142444,44264300
2024-09-06,529.2235107421875,540.231851947678,528.3224880929642,538.60608979078,68493800
2024-09-09,535.1488647460938,536.4221205223048,531.4957564364314,533.4251872668898,40445800
2024-09-10,537.4797973632812,537.8324234437913,532.1813200114981,537.0586665381934,36394600
2024-09-11,542.9937744140625,543.9144040618945,528.8318231688719,537.3916883108078,75248600
2024-09-12,547.5675048828125,547.8711135710835,541.3483388424467,543.5715745845557,51819600
2024-09-13,550.4273681640625,551.4263657909838,547.9201304028155,548.1747815451495,39310500
2024-09-16,551.240234375,551.5046291897925,548.3608236054457,550.1628688432331,36656100
2024-09-17,551.4655151367188,554.9031859740162,549.2324757022386,553.4536471249235,49321000
2024-09-18,549.8299560546875,556.9696926491016,549.2716961893568,552.1216967889254,59044900
2024-09-19,559.2125244140625,561.0733907935877,556.3723270388496,559.2419348303403,75315500
2024-09-20,558.2459106445312,559.2872468563713,555.2201175162944,557.843155111916,77503100
2024-09-23,559.640869140625,560.2892833331648,558.0985019985221,559.3167220049795,44116900
2024-09-24,561.2420654296875,561.3010067117204,557.6071931426925,560.4364946014963,46805700
2024-09-25,560.0043334960938,561.8217999280521,558.8942225290759,561.0850037974096,38428600
2024-09-26,562.2244873046875,564.5920921622151,559.866775948692,564.2678851150425,48336000
2024-09-27,561.4090576171875,564.1106429805404,560.377555197848,563.2952985697877,42100900
2024-09-30,563.6588134765625,564.2678934162012,558.078818569817,560.3775886747461,63557400
2024-10-01,558.6093139648438,563.9535439565005,556.035444442894,563.3051897855821,72668800
2024-10-02,558.8450927734375,559.866821742494,555.3183290115846,557.715374727311,38097800
2024-10-03,557.8234252929688,559.7685478192003,555.5344286086627,557.3715020969081,40846500
2024-10-04,562.8925170898438,563.2658318866675,558.0984259775333,562.2736036088263,42939100
2024-10-07,557.8037719726562,561.8905680396737,556.6543868115797,561.2421538745174,49964700
2024-10-08,563.0791625976562,563.6784689445017,559.5032914013763,560.3775771285751,37398700
2024-10-09,566.9793090820312,567.5392812736217,562.4700908869163,563.0693372819003,37912200
2024-10-10,565.9871215820312,567.4116060358193,564.3759797176003,565.6334738441669,44138100
2024-10-11,569.3764038085938,570.1131999200273,565.7709716649979,565.9085213296812,42268000
2024-10-14,574.032958984375,574.966246072679,570.5061351329805,570.9874990099419,36217200
2024-10-15,569.5728149414062,574.6026708937048,568.3545951743074,574.2981309420833,54203600
2024-10-16,572.0484619140625,572.5691599226542,568.767296964022,569.57286786976,30725400
2024-10-17,572.09765625,575.8013042765577,571.9109988172407,575.5949797580469,34393700
2024-10-18,574.2981567382812,575.0840605235142,572.3235337539761,573.787292295603,37416800
2024-10-21,573.3550415039062,574.5535342943244,570.378356688641,573.5711395635755,36439000
2024-10-22,573.0504760742188,574.2096946097226,570.1622332957213,570.8204209471064,34183800
2024-10-23,567.8143310546875,571.4688706983893,564.3071746074978,571.0267810694698,49314600
2024-10-24,569.0422973632812,569.84786821387,566.419320298971,569.7692598487698,34979900
2024-10-25,568.8458251953125,574.1704478252901,567.9027646254573,571.2723713678375,47268200
2024-10-28,570.6043701171875,572.4512770786239,570.299830137409,572.3235609618828,30174700
2024-10-29,571.52783203125,572.6477165136779,568.2466070737139,569.6415908764491,42899700
2024-10-30,569.7987670898438,573.0504911915006,569.0914117169528,571.0562011429839,41435800
2024-10-31,558.6290283203125,565.4959588071013,558.4325373559277,565.4271839715354,60182500
2024-11-01,560.9866943359375,565.4173043933644,560.5741053167588,561.2617936558026,45667500
2024-11-04,559.7783203125,562.4209644478059,557.892139281839,561.1241962515347,38217000
2024-11-05,566.5470581054688,566.586332309216,560.4758658123077,560.6919638738422,39478300
2024-11-06,580.634521484375,581.5088671271764,575.0840276009245,578.8269488778815,68182000
2024-11-07,585.1242065429688,586.1459356042433,582.5601702684252,582.6387786486675,47233200
2024-11-08,587.6587524414062,589.0832369047557,585.6742957423695,585.6742957423695,46444900
2024-11-11,588.21875,589.6039003558736,586.4897254702406,589.2502526004109,37586800
2024-11-12,586.3914794921875,588.7393574916656,583.9059918696842,588.1401110548398,43006100
2024-11-13,586.6763916015625,588.6804555395651,584.4856702408568,586.8532154819194,47388600
2024-11-14,582.9039306640625,587.2854330583992,582.2163022724781,586.804069200042,38904100
2024-11-15,575.4376831054688,579.8093514182389,573.580942771995,579.3377611991996,75988800
2024-11-18,577.7955322265625,579.1119076957027,575.0350052053479,575.8994574754852,37001700
2024-11-19,579.9075927734375,580.6345552744816,573.7480186357969,574.4160398519082,49412000
2024-11-20,580.1040649414062,580.3889378159292,574.3374129030207,579.9861823753545,50032600
2024-11-21,583.2183227539062,584.6428072515256,577.1078556838472,582.9531169226577,46750300
2024-11-22,585.0260009765625,585.6547481079318,582.7075633853434,583.208534421257,38226400
2024-11-25,587.0103759765625,590.281707390563,584.7213793724078,588.9653319760873,42441400
2024-11-26,590.0753784179688,590.7433995936517,587.540783398016,588.2579123147351,45621300
2024-11-27,588.2874145507812,590.2718110026187,586.7647148108081,589.8887226529953,34000200
2024-11-29,591.9420166015625,592.7279205050064,588.8278416543462,589.1028810382705,30177400
2024-12-02,593.0029296875,593.6807844427898,591.8633182342458,592.354515594293,31746000
2024-12-03,593.2780151367188,593.5236138358292,591.73570807165,592.7672106157903,26906600
2024-12-04,596.9619750976562,597.2075737883222,594.2997236656325,594.9677449089698,42787600
2024-12-05,595.9795532226562,597.7675188046404,595.6259055147337,596.961947940629,28762200
2024-12-06,597.109375,598.3472020292826,596.333304701608,596.7458937244957,31241500
2024-12-09,594.034423828125,597.1584317989794,593.445010988573,596.9914414878755,34742700
2024-12-10,592.1875610351562,595.134745373381,591.529373321926,594.7123228135097,37234500
2024-12-11,596.7655029296875,597.7183970026139,594.8399877419274,595.1150870375847,28677700
2024-12-12,593.690673828125,596.4708079758578,593.690673828125,595.9010621562538,31543800
2024-12-13,593.5728149414062,596.4413911194437,592.197438164754,595.7242620650901,35904700
2024-12-16,596.1072998046875,597.0799209921157,594.5551592425911,595.3312295236393,43695200
2024-12-17,593.6513671875,594.5158794594372,592.2760503625989,593.553151685944,55773500
2024-12-18,575.9583740234375,595.7339235020439,575.5752257128447,593.3467116570313,108248700
2024-12-19,575.7815551757812,582.5601031255708,575.5359564813775,580.948961299734,85919500
2024-12-20,582.697265625,587.231466902458,572.6036351958548,573.4513839180992,125716700
2024-12-23,586.1866455078125,586.7879087972127,579.2571372355378,582.4409930028329,57635800
2024-12-24,592.7020874023438,592.7415539521577,586.9554328723399,587.5370230202848,33160100
2024-12-26,592.7416381835938,593.8652919269226,589.5282423631364,590.9279213446937,41219100
2024-12-27,586.5021362304688,589.2325480652515,582.3129057333863,588.9959292183847,64969300
2024-12-30,579.8091430664062,583.278830614674,576.0536238226567,579.4839049805771,56578800
2024-12-31,577.6997680664062,582.194563069081,576.0634704063194,581.4749602926895,57052700
2025-01-02,576.2803344726562,582.6775253068124,572.1995172748154,580.9624149327,50204000
2025-01-03,583.48583984375,584.1265095290074,578.0447499447286,579.129057366777,37888500
2025-01-06,586.8470458984375,591.1250155334773,585.1122021784661,587.7440676720806,47679400
2025-01-07,580.2133178710938,589.2029082453815,578.3897946667151,588.8776099950986,60393100
2025-01-08,581.0609741210938,582.1354148697908,576.8323377526707,580.282291853868,47304700
2025-01-10,572.189697265625,577.5716476388544,570.2774344732991,577.5026413332764,73105000
2025-01-13,573.076904296875,573.4317423327336,567.1232298261107,567.5372676970464,47910100
2025-01-14,573.8653564453125,576.6351742776535,570.0802375478183,576.0043111010004,48420600
2025-01-15,584.303955078125,585.4473419377294,580.7751281246863,581.8889752343268,56900200
2025-01-16,583.1802368164062,585.8514484014332,582.4803673486446,585.6740294157521,43319700
2025-01-17,589.0353393554688,590.7898562052613,587.0934767089387,588.4242094250709,58070600
2025-01-21,594.4271240234375,594.4369906618805,590.1097477554644,592.0811502463223,42532900
2025-01-22,597.7686157226562,599.1288881406504,596.7040416210903,597.2560318658977,48196000
2025-01-23,601.0313110351562,601.0313110351562,596.8618141810588,597.1377792345874,41152100
2025-01-24,599.2766723632812,602.0465502262632,598.1234189150732,601.0903888692611,34604700
2025-01-27,590.7997436523438,591.1151752666312,586.1373960687419,586.3049484329972,70361100
2025-01-28,595.8760986328125,596.7139205737208,588.7100317776161,592.0318399526346,44433300
2025-01-29,593.204833984375,595.4916679771449,590.6518414168764,595.0874967960807,37177400
2025-01-30,596.3886108398438,597.9263022497843,592.130374590218,595.3240968992558,39281300
2025-01-31,593.2147216796875,601.2383441338676,592.4557124803268,598.8134974486875,66566900
2025-02-03,589.2225952148438,591.7065212004032,582.0466619706364,584.1954832564219,65857200
2025-02-04,593.1753540039062,593.6878777666973,588.7396981777459,589.2818218573458,33457800
2025-02-05,595.580322265625,595.7282015036632,590.021013481686,592.0515554519985,30653100
2025-02-06,597.6503295898438,597.778475552574,594.013089933138,597.3250313642651,35771500
2025-02-07,592.1797485351562,599.4344951653416,591.4700123634921,598.2122352633725,50788500
2025-02-10,596.2012939453125,596.8420237335293,594.1214790365186,595.3930719758379,26048700
2025-02-11,596.6547241210938,597.1968476878733,593.8159001701387,593.9341794878935,30056700
2025-02-12,594.732666015625,595.9056528588447,589.9520392250456,590.6321754646003,45076100
2025-02-13,601.0115966796875,601.2186155981716,594.5749988790903,595.8366651794477,40921300
2025-02-14,600.9819946289062,602.2535274358258,600.360998100256,601.2185532755497,26910400
2025-02-18,602.746337890625,602.746337890625,599.6808220007749,602.1450746766837,26749000
2025-02-19,604.165771484375,604.4614697835945,600.8439635712302,601.3565473981581,31011100
2025-02-20,601.6522216796875,602.9336210334332,598.3402805357981,602.7956084451664,36554000
2025-02-21,591.361572265625,601.5734221193063,590.8982614234848,601.435409514207,76519800
2025-02-24,588.670654296875,594.4074426853949,587.960918125522,593.4118748152965,50737200
2025-02-25,585.7430419921875,589.3408752561445,581.129967827771,588.6114660308307,58266500
2025-02-26,586.0387573242188,591.0067297705009,583.3970853838995,587.4088964020577,43321600
2025-02-27,576.6844482421875,589.4690234968429,576.290203877955,588.3157098294636,74196700
2025-02-28,585.6838989257812,586.2161558854355,574.1117771132394,577.1871598716435,88744100
2025-03-03,575.4227905273438,588.798762606637,571.6081318173137,587.6553155599406,74249200
2025-03-04,568.611572265625,577.0196322682823,564.0675042327628,571.4208567458912,109648200
2025-03-05,574.7229614257812,576.5169448984452,564.8856823224501,568.4440493526719,71230500
2025-03-06,564.52099609375,571.874289065213,561.9680033325571,567.2513477016495,80094900
2025-03-07,567.68505859375,569.1340707451673,557.5422141835529,562.7368791286215,81158800
2025-03-10,552.5643920898438,561.3962362827218,547.6457527585567,559.4741670846696,99326600
2025-03-11,547.9710083007812,555.9552243228402,544.1268096197261,551.4012894751355,88102100
2025-03-12,550.8787841796875,555.0581473332891,545.7728595599632,554.1315858671662,69588200
2025-03-13,543.5353393554688,551.1153839968962,541.8202288918889,550.5042540653316,74079400
2025-03-14,554.762451171875,555.7678855775432,543.6043071486545,548.1582415612112,62660300
2025-03-17,559.0404052734375,561.5637976935186,554.3089918436672,554.742702735982,49008700
2025-03-18,552.9981079101562,556.9409127203818,551.0661118946721,556.7240271713574,66041400
2025-03-19,559.0206909179688,562.7860764826731,553.5993346617712,554.7821880592443,66556000
2025-03-20,557.404052734375,562.4114306946201,554.5553623856155,555.274965031054,62958200
2025-03-21,557.5879516601562,558.4876717065504,551.7054359658114,552.9412687324211,83763000
2025-03-24,567.5736083984375,568.6314886589248,563.7375780431137,564.3307537296456,58766800
2025-03-25,568.93798828125,569.8771730865459,567.1880294433175,568.7797678649376,38355700
2025-03-26,562.1458740234375,569.7981425644431,560.7617168790538,568.6710483477373,51848300
2025-03-27,560.6528930664062,564.4296055114135,558.5371327368356,560.7517355574175,42164200
2025-03-28,549.3623657226562,559.8521624781242,548.7790863172526,559.120558969836,71662700
2025-03-31,553.050048828125,554.3550955683165,540.6719276036363,543.5984015371023,95328200
2025-04-01,554.6121215820312,556.559825628618,547.4047657676659,551.1320571376683,54609600
2025-04-02,558.1219482421875,560.9890444564371,548.52197624234,548.7592465118332,76014500
2025-04-03,530.6172485351562,541.7594774009829,530.6172485351562,538.9319060881811,125986000
2025-04-04,499.5533447265625,519.9099817661254,499.3358369172059,517.7349036725598,217965100
2025-04-07,498.6635437011719,517.2405628900261,476.33944038650816,483.64569927250346,256611400
2025-04-08,490.8531188964844,519.0300819148135,483.6160734043612,515.9454474877983,165816600
2025-04-09,542.4021606445312,542.4021606445312,487.46196103833506,487.84755542038147,241867300
2025-04-10,518.6345825195312,527.4534689848499,503.5475251856576,526.1385259148457,162331200
2025-04-11,527.8885498046875,530.3503195313269,514.1757514102393,517.0824330937988,97866300
2025-04-14,533.0098266601562,538.111379094838,527.8094317224818,537.8839447885014,68034000
2025-04-15,531.5169677734375,537.0732685211545,530.726046664157,533.5536182929557,56892900
2025-04-16,519.7023315429688,531.7937621429162,514.3931980244283,525.6541223320015,83484800
2025-04-17,520.44384765625,525.1499093262158,517.9721816819745,521.6599483491107,79868100
2025-04-21,508.05584716796875,515.7872249375157,502.6972625032136,515.2533065114334,69368100
2025-04-22,521.2742919921875,523.3010457814191,513.3056442523776,514.2448892796023,75948100
2025-04-23,529.3517456054688,539.2483058984949,527.8292210770832,534.3049739114415,90590700
2025-04-24,540.4940185546875,541.2256220112762,529.3814182452572,530.6369834977514,64150400
2025-04-25,544.3992919921875,544.804618673288,537.5280483044934,540.454522631326,61119600
2025-04-28,544.6068725585938,547.2762839575454,538.8429907853031,545.1407910444296,47613800
2025-04-29,548.03759765625,549.1547955800734,542.3329728897722,542.6888783318544,47775100
2025-04-30,548.2550048828125,550.2126052496137,535.382610300473,541.3640295279456,93101500
2025-05-01,552.1404418945312,557.6770094036193,551.5373699314374,554.0189320097116,63186100
2025-05-02,560.3364868164062,561.9381212948161,556.0061238656243,558.3294653880318,60717300
2025-05-05,557.1234130859375,560.2278400664005,555.3339293144951,556.194064255589,38659200
2025-05-06,552.466796875,556.9652171268149,550.64768441023,551.6066618961361,48264700
2025-05-07,554.7901611328125,557.4298834610689,549.738030089525,553.8014947566288,55588000
2025-05-08,558.6558227539062,563.8463212534109,555.333918196641,558.8337754612519,65130800
2025-05-09,557.9439697265625,561.068128702691,556.381860066797,560.0596697605964,37603400
2025-05-12,576.3826293945312,576.3925257137258,570.5000520977247,574.8798371188,78993600
2025-05-13,580.18896484375,582.403567726764,576.2342995973956,576.7977862928067,67947200
2025-05-14,580.9304809570312,582.3046813078995,578.9036666864055,581.1479585868793,66283500
2025-05-15,583.7679443359375,584.2721134769878,578.4686469334371,578.9234551699535,71268100
2025-05-16,587.465576171875,587.7621640177526,582.6013544692614,584.5489982766968,76052100
2025-05-19,588.108154296875,588.7903364922698,581.4346564328234,581.4346564328234,68168500
2025-05-20,586.1307983398438,587.317209981726,582.917632829089,586.3681289429425,60614500
2025-05-21,576.2540893554688,585.8639582409971,575.2258980125081,581.7708648204313,95197700
2025-05-22,576.4815063476562,579.971467292194,574.8204937262445,576.0563267018498,70860400
2025-05-23,572.5465087890625,575.215919785119,569.0762805285291,569.4519785383726,76029000
2025-05-27,584.4501342773438,584.6082943415249,571.8742669840636,579.4276923460704,72588500
2025-05-28,581.0689086914062,586.051826179252,580.3373051792158,584.8555180607121,68445500
2025-05-29,583.3626098632812,586.4769332279744,579.4277368161022,586.3385054465637,69973300
2025-05-30,582.7101440429688,584.4304140423015,576.6298211275496,582.2553357440712,90601200
2025-06-02,585.992431640625,586.0714814983527,578.4291102147669,581.0985213264464,61630500
2025-06-03,589.3341674804688,590.3129375391912,585.1421713516531,585.6266685650614,63606200
2025-06-04,589.1759643554688,591.1730898063917,588.7409487228937,590.1943197189499,57314200
2025-06-05,586.3285522460938,592.2111289512687,584.3512195951713,590.8566609128592,92278700
2025-06-06,592.3495483398438,594.0203968199735,590.0953601848463,591.8749474768216,66588700
2025-06-09,592.8834228515625,594.4356362447949,591.7069074945726,592.9229477814916,53016400
2025-06-10,596.2449340820312,596.6304681071312,592.3001649023746,593.4173023897237,66247000
2025-06-11,594.5443725585938,598.2024500657004,592.4780937113569,597.3423151819753,73658200
2025-06-12,596.9073486328125,596.9073486328125,592.725309003214,593.2097458920864,64129000
2025-06-13,590.2338256835938,595.0288334634262,588.731033484191,591.7168252456129,89506000
2025-06-16,595.8494262695312,597.5993850121447,593.4172853343232,593.5952983788304,79984100
2025-06-17,590.7578735351562,594.9300168530282,589.9965810836336,593.4074922933922,82209400
2025-06-18,590.6688232421875,594.4059506456396,589.7097855095001,591.6574895866379,76605000
2025-06-20,589.2816162109375,594.4180406328666,587.8735160730708,593.3471074282096,94051400
2025-06-23,595.1022338867188,595.4889076465048,586.9116980815279,590.0351674928282,87426000
2025-06-24,601.676513671875,602.7374608387837,598.3348024442159,599.2471080685161,67735300
2025-06-25,602.0136108398438,603.4910690166892,600.4468830082857,602.7969444947229,62114800
2025-06-26,606.7236328125,607.1599344481853,603.2530708764845,603.8678512919777,78548400
2025-06-27,609.7380981445312,611.2056913389495,605.692457719191,607.7252035075089,86258400
2025-06-30,612.6533813476562,614.0118537505704,609.867018033134,612.1873634601734,92502500
2025-07-01,612.455078125,613.625146088841,610.3429883405835,611.1758893553448,70030100
2025-07-02,615.2315063476562,615.2711481262035,611.4237773441516,612.0484833566157,66510400
2025-07-03,620.0803833007812,621.0124795190609,617.194824993195,617.214676143094,51065800
2025-07-07,615.4595336914062,618.7813935886118,612.6731706581298,618.1169852960921,74814500
2025-07-08,615.1224365234375,616.8775081543645,614.3093261623386,616.1238907210633,59024600
2025-07-09,618.8110961914062,619.4655183729625,615.6875662931247,617.5319680301938,66113300
2025-07-10,620.5563354492188,621.5974919629854,617.7699723301522,618.9499658515675,57529000
2025-07-11,618.3748168945312,619.6043777491163,616.3024294765994,617.5022136064131,63670200
2025-07-14,619.5548095703125,619.9018415613931,616.5701165685465,617.9186632768227,51898500
2025-07-15,616.9072875976562,622.5791484786782,616.8279435196437,622.2420420602726,74317300
2025-07-16,618.9697265625,619.4754466932056,612.8516386863737,618.4937831556223,88987500
2025-07-17,622.7576293945312,623.1146474859103,618.9301097920578,619.1482908768893,68885700
2025-07-18,622.3014526367188,624.1755098834977,621.190877778705,624.0069566966004,65621600
2025-07-21,623.4815063476562,626.2281670376054,623.0551302914085,623.4815063476562,63375000
2025-07-22,623.5707397460938,624.4334174667899,620.9232136557434,623.8087114591411,60046300
2025-07-23,628.8757934570312,628.8757934570312,624.4334327911965,626.2381323551606,70511000
2025-07-24,629.0839233398438,630.7994135925716,628.6575473006669,629.2624021105368,71307100
2025-07-25,631.7413940429688,632.2173979677802,629.5004535059064,629.748350781943,56865400
2025-07-28,631.5828247070312,632.6735486135409,630.1945756243812,632.1182610848412,54917100
2025-07-29,629.9169311523438,633.2982235137306,629.0046860832861,632.9809077241022,60556300
2025-07-30,629.1236572265625,632.3165451544952,626.2281734095909,630.5713386132512,80418900
2025-07-31,626.763671875,634.4682782312485,625.4646925404661,634.0816044685715,103385200
2025-08-01,616.4907836914062,621.0719812920488,614.0812292944926,621.0322789916852,140103600
2025-08-04,625.8612670898438,625.9108344398344,620.3183179857707,620.4075271113948,73218000
2025-08-05,622.688232421875,627.2892207726588,621.7660617410078,626.476110377079,68051400
2025-08-06,627.457763671875,628.1121858315174,622.8468502662965,623.7590952688204,64357500
2025-08-07,626.9321899414062,631.6223868787783,623.8185857342208,630.8886206499576,74205800
2025-08-08,631.82080078125,632.2868791777582,628.4097315038053,628.727047311219,64051600
2025-08-11,630.5713500976562,633.5758942477272,629.3219380955197,632.0984361099556,58742300
2025-08-12,637.284423828125,637.4430514601922,631.4340237207567,632.9214074238032,64730800
2025-08-13,639.4658813476562,640.7549350171026,637.2744477443421,639.4856719739724,60092800
2025-08-14,639.5254516601562,640.1897994624859,636.9374184340268,637.3835851461316,59327500
2025-08-15,638.0281372070312,640.6558727131268,637.11589211782,640.5566774831647,68592500
2025-08-18,637.8892822265625,638.5834067295413,636.7787072305159,637.4529805837014,43804900
2025-08-19,634.4286499023438,638.6924711313014,633.1098193903536,637.7108075589789,69750700
2025-08-20,632.7429809570312,634.2799321395609,627.626407225106,634.0221697813646,88890300
2025-08-21,630.2044677734375,632.604096553562,628.4791123479844,630.9283690027011,54805800
2025-08-22,639.88232421875,641.0623176031913,631.8901189367884,632.3958390332336,84083200
2025-08-25,637.0662841796875,639.8625729858918,636.9472983174492,638.6230864860744,51274300
2025-08-26,639.7335815429688,640.0806740325912,636.1738106528877,636.798516612414,51581600
2025-08-27,641.1912841796875,641.9250504526357,638.9998504138363,639.148612992103,48341100
2025-08-28,643.4619750976562,644.0172625669782,639.9121297324674,641.7961126896905,61519500
2025-08-29,639.6245727539062,642.3911452321481,637.7306640961879,642.0242015644989,74522200
2025-09-02,634.884765625,635.1028861742022,629.5797276837342,632.13804448044,81983500
2025-09-03,638.3255615234375,638.7916398746721,635.0731807265284,637.2645539172183,70820900
2025-09-04,643.6602783203125,643.6900550422279,638.09747828346,638.999797688006,65219200
2025-09-05,641.796142578125,646.7243720544352,637.9190556866993,646.0004708304714,85178900
2025-09-08,643.3727416992188,644.3742563254497,641.7861629025881,643.1644862104067,63133100
2025-09-09,644.8601684570312,645.3856792185645,641.7762803015634,643.5115612591451,66133900
2025-09-10,646.724365234375,649.0446498954948,645.1576374702139,648.122479271532,78034500
2025-09-11,652.0988159179688,652.7929404681626,648.092817304151,648.6778210448584,69934400
2025-09-12,651.8805541992188,653.5662677492645,651.3748946038203,652.0689585463732,72780100
2025-09-15,655.3511352539062,655.4800466805781,653.7943936028013,654.0918582328915,63772400
2025-09-16,654.4488525390625,656.213910313041,653.6655188822047,655.9064595692537,61169000
2025-09-17,653.6356811523438,656.1542956225366,648.7967216101163,654.4587170331596,101952200
2025-09-18,656.6898803710938,659.2977648370164,654.7166275252608,656.3229972048737,90459200
2025-09-19,659.9423217773438,660.7874850308027,656.6311583459587,658.5800832029405,97945600
2025-09-22,663.0645751953125,663.5119788762895,658.4209716621773,658.4508309420254,69452200
2025-09-23,659.4551391601562,663.5617612775759,658.2320617574377,662.9452156846509,81708900
2025-09-24,657.3569946289062,660.8471316064555,655.9350982101993,660.7477220570149,68082200
2025-09-25,654.3242797851562,655.6765652531099,650.7048739536411,654.2149171420698,89622100
2025-09-26,658.072998046875,658.619871988132,654.1553026157394,655.7760789419195,69179200
2025-09-29,659.9224243164062,661.5134019828115,658.112721358766,660.5985670660314,73499000
2025-09-30,662.4082641601562,662.8756347075731,657.8641309647478,659.1766647693167,86288000
2025-10-01,664.6654052734375,665.5801794564833,659.3059076216911,659.4152702620313,72545400
2025-10-02,665.4309692382812,666.7733621981591,663.004842335434,666.6540464714482,56896000
2025-10-03,665.421142578125,668.8714672806448,664.377038831869,666.1966948783695,70494400
2025-10-06,667.8074951171875,668.7024238148077,665.669704301124,667.8174482099862,54623300
2025-10-07,665.3316040039062,669.1796881705657,663.8898014056139,668.7322238208072,72020100
2025-10-08,669.2990112304688,669.398481470165,665.6299006256374,666.4552183740389,60702200
2025-10-09,667.3600463867188,670.1243359074817,665.4211353124821,669.7166839203261,66501900
2025-10-10,649.32275390625,670.1342452495495,649.14378031214,668.324542434099,159422600
2025-10-13,659.2860107421875,661.3642043859337,656.0345659370097,656.9095884512618,79560500
2025-10-14,658.4805908203125,662.0602448848334,649.4718888267987,653.4492417720955,88779600
2025-10-15,661.4039306640625,666.4352795829697,655.1992699391986,663.0446129876665,81702600
2025-10-16,656.8995971679688,664.9239136533134,653.3895542222015,663.0445999065358,110563300
2025-10-17,660.62841796875,661.9906565438909,654.4138037793879,655.7660892614911,96500900
2025-10-20,667.499267578125,668.4041493887289,663.4921159142255,663.5418206897375,60493400
2025-10-21,667.4893188476562,669.1797060532549,666.1867381348511,667.638493864759,56249000
2025-10-22,664.0191040039062,668.1953369980629,659.5445816579371,668.1953369980629,80564000
2025-10-23,667.9566650390625,668.9012985038863,664.019063764971,664.3372592841532,65604500
2025-10-24,673.4155883789062,674.628651928334,671.8246714345047,672.6300829996666,74356500
2025-10-27,681.3603515625,681.658640907831,678.2580209918731,678.8645527756448,63339800
2025-10-28,683.1700439453125,685.0095454543999,680.9526890414517,683.1600908523567,61738100
2025-10-29,683.4982299804688,685.795149064121,679.0038013689816,684.8206562449755,85657100
2025-10-30,675.9810180664062,682.0564104652303,675.9810180664062,680.0279821977349,76335800
2025-10-31,678.1983032226562,681.2012239761448,675.3942622450203,681.1614116072222,87164100
2025-11-03,679.4711303710938,681.9171636388411,676.0903560257897,681.7878948104295,57315000
2025-11-04,671.4169921875,676.1103005794487,670.7607556049009,672.2820616639051,78427000
2025-11-05,673.7437133789062,677.0051112074705,670.3529860359731,671.1583975728993,74402400
2025-11-06,666.514892578125,673.5448715272548,664.9338680034818,672.6399897028363,85035300
2025-11-07,667.1710815429688,667.2805048704689,657.4663915648358,664.1284090392404,100592400
2025-11-10,677.5818481445312,678.3176487268574,671.2081667723378,673.4056154266486,75842900
2025-11-11,679.1329956054688,679.6997756663966,674.8871520395073,676.1002762110339,58953400
2025-11-12,679.5109252929688,681.0819968300743,677.0946904605516,680.9129156193362,62312500
2025-11-13,668.235107421875,677.0051787486752,666.7237544337754,676.6472315164618,103457800
2025-11-14,668.1256713867188,671.8345335183507,659.5147291242073,661.612768198211,96846700
2025-11-17,661.901123046875,669.8956413839408,658.4209391867944,665.9083353081996,90456100
2025-11-18,656.3427734375,661.354216097308,652.146634691611,658.3512953245886,114467500
2025-11-19,658.8783569335938,663.5617119214406,655.0203196831769,657.0388554539629,94703000
2025-11-20,648.8355712890625,671.7351497651099,648.1991802397498,669.1001291109939,165293500
2025-11-21,655.2987670898438,660.7874729698119,647.1650267848305,651.3412595795126,123956200
2025-11-24,664.9437866210938,666.2662734630499,657.8442577670318,658.9380055466532,80437900
2025-11-25,671.1982421875,672.3815071629971,660.717877921785,664.8444060411854,81077100
2025-11-26,675.8318481445312,677.8404309302599,672.8885849296569,673.7934667684052,71879600
2025-11-28,679.5208129882812,679.7991961322198,676.6471609574353,677.0051081523229,49212000
2025-12-01,676.41845703125,679.1230277654502,674.8970904760725,674.9667014318244,61201200
2025-12-02,677.67138671875,679.9483994968172,675.4838303983408,678.0591325179204,62953800
2025-12-03,680.0180053710938,681.0321891246488,675.8417725523884,676.7167950740063,57238500
2025-12-04,680.51513671875,681.4895687361658,677.4824173401821,681.4199577792665,61970300
2025-12-05,681.8078002929688,684.4925257185774,680.7040993957534,681.5890143183475,79241000
2025-12-08,679.7594604492188,682.7524282821314,677.7111260885928,682.7027235077143,55231500
2025-12-09,679.1727905273438,681.5095218770947,678.7253868572307,679.2822138612034,58310100
2025-12-10,683.6771850585938,685.0692222502689,677.4526176554032,678.6955405173951,85671300
2025-12-11,685.26806640625,685.3476304583654,678.3076987410943,681.2609148661827,86173700
2025-12-12,677.9000854492188,684.9797692517327,675.3247225627367,684.2737672143002,113160300
2025-12-15,676.8758544921875,681.8774049984522,675.4042533093998,681.8574988128718,90811000
2025-12-16,675.0264282226562,677.2239376857725,671.1584377196804,675.3843754405706,122030600
2025-12-17,667.5986938476562,676.5874893555698,667.3998140691156,676.0406154817738,110625200
2025-12-18,672.6399536132812,676.8857972779194,671.0788959983324,673.7635606688432,108650100
2025-12-19,678.7363891601562,679.2350273728672,674.6275542880097,674.747283458469,103599500
2025-12-22,682.96484375,683.4933686131409,678.7364013691785,682.0772531068674,69556700
2025-12-23,686.0863037109375,686.325640311278,682.0074163952171,682.0572680421344,64840000
2025-12-24,688.4996948242188,688.9484813838191,685.9267046355759,686.0763204450832,39445600
2025-12-26,688.4298706054688,689.7761694005526,687.392725060237,688.758988861415,41613300
2025-12-29,685.9765625,687.322922191004,684.2014421207446,685.6674092439482,62559500
2025-12-30,685.138916015625,686.6846823672308,684.7100944386586,685.5777200962995,47160700
2025-12-31,680.062744140625,685.4879304984822,679.8533550408816,685.2685588951464,74144800
2026-01-02,681.309326171875,684.999261161205,677.9684744567207,683.842447277036,89377200
2026-01-05,685.846923828125,687.5522884526621,684.5106074856512,684.6701449336617,71927200
2026-01-06,689.92578125,690.4344019511112,685.9067890249802,686.0563439630641,69273800
2026-01-07,687.701904296875,692.0699799720542,687.4426026835383,690.3047811958188,75588300
2026-01-08,687.632080078125,688.7390423054183,685.6175622141362,686.9439569075789,64019200
2026-01-09,692.1796264648438,693.4162394407576,687.3029303433501,688.7489932725086,80125500
2026-01-12,693.2666625976562,694.1941832506386,688.7490319805348,688.7988836287034,63976000
2026-01-13,691.8804931640625,694.194181802135,689.467040360938,693.595779418591,78309700
2026-01-14,688.479736328125,689.8360176539858,684.1714948792828,689.1180078469732,94676700
2026-01-15,690.3546142578125,693.5558934557131,689.3673203481677,692.678285342935,77862000
2026-01-16,689.7761840820312,692.359156800422,688.22043529661,691.7707369284135,79289200
2026-01-20,675.7345581054688,682.9049778344743,674.7272992054969,679.6338820353151,111623300
2026-01-21,683.5332641601562,686.8641332264262,676.2830453044572,677.7989248999835,127844500
2026-01-22,687.103515625,689.2476843606095,685.0491285530771,687.9711412752974,77112200
2026-01-23,687.352783203125,689.0781127396581,685.2884137823622,686.2757685331861,63059600
2026-01-26,690.84326171875,692.2394730275811,688.0409174669724,688.609372319757,60473800
2026-01-27,693.5957641601562,694.6329705879123,691.6810104865692,692.2893344912051,55506100
2026-01-28,693.5259399414062,695.9393926651097,692.0499903412962,695.1515053497095,61172200
2026-01-29,692.1497192382812,695.1615135683285,682.9648421722587,694.4933553961189,97486200
2026-01-30,690.0853271484375,692.3192774332931,685.2485609149509,689.9058246991844,101835100
2026-02-02,693.5159912109375,695.0318708971434,687.5423149981101,687.7019133171445,79286500
2026-02-03,687.6520385742188,695.0617950648859,682.1670182684101,694.3138377504575,107904600
2026-02-04,684.3211059570312,689.5667896413613,679.9031787408285,688.4697490630058,105204600
2026-02-05,675.7744750976562,681.8279505601881,673.9494421186707,679.0854402743204,113610800
2026-02-06,688.739013671875,690.4244132010324,678.995603890688,679.6039887472712,89127600
2026-02-09,692.0599975585938,693.9747512796714,686.4652913399738,687.5423060693106,73885200
2026-02-10,690.2349243164062,694.64286887948,689.7761552680904,693.0572335194393,65185700
2026-02-11,690.075439453125,695.2413241987686,687.3029816841566,694.4933668556342,76353900
2026-02-12,679.41455078125,693.4561594586687,678.5169776231163,692.3491972008484,118829000
2026-02-13,679.8931884765625,684.410879804094,675.6747287653898,679.833354327075,96267500
2026-02-17,680.9901733398438,683.074507822494,673.9394826742099,678.287593220413,81354700
2026-02-18,684.4208374023438,687.2730943282486,680.9702998190471,682.157061237011,73570300
2026-02-19,682.61572265625,684.311104689823,679.6937101433548,681.9775120282383,58649400
2026-02-20,687.5523071289062,688.1805961724377,679.8732661615737,680.4616860592505,100034000
2026-02-23,680.531494140625,688.1207533479937,678.5169762252317,685.9566804858357,90558100
2026-02-24,685.4779052734375,686.4751816677359,678.1479481229125,680.0427976196477,73798700
2026-02-25,691.26220703125,691.7907319065998,688.2204651135966,688.3002642742074,56369500
2026-02-26,687.422607421875,691.4117130049051,682.486077089091,691.391808867856,71671000
2026-02-27,684.1216430664062,684.9892686841309,679.7835149777827,681.2295779636313,83308900
2026-03-02,684.5106201171875,686.744509644098,676.1734035367807,676.8515442239554,87477200
2026-03-03,678.4771118164062,680.7508704958498,667.8361281509542,673.221445388408,105003100
2026-03-04,683.2639770507812,685.2186606854194,677.7689744100875,679.7735096903759,79182200
2026-03-05,679.4544067382812,683.6629449535216,673.7699188745959,680.2223290726917,106606500
2026-03-06,670.5487060546875,674.2685275228549,667.9358467743081,671.5758690877306,100687000
2026-03-09,676.4227294921875,678.0681991431876,660.5859743093405,664.5750801817165,102667700
2026-03-10,675.3356323242188,681.4987932365287,672.9222404542279,675.87413967305,81505300
2026-03-11,674.4879760742188,678.2277626375325,671.5061293267642,675.7345715953234,68441700
2026-03-12,664.2459106445312,669.8207124533001,664.0564256954588,669.3319958917509,108882200
2026-03-13,660.4862060546875,670.5088831921612,659.5587462493693,667.4472371497842,97200200
2026-03-16,667.2078857421875,670.239584206393,665.3030536555561,666.5596317087426,82023100
2026-03-17,668.9630126953125,672.60309589337,667.8760155087483,670.5586914524959,87128000
2026-03-18,659.6285400390625,667.8959397089973,659.3892034355257,666.5396583763402,82062600
2026-03-19,658.0029907226562,661.1743225351036,653.3855958813168,655.1806813207687,111272500
2026-03-20,648.5700073242188,656.6900024414062,644.719970703125,656.510009765625,163617500
2026-03-23,655.3800048828125,662.6199951171875,653.9400024414062,658.0700073242188,134802700
2026-03-24,653.1799926757812,657.030029296875,649.8800048828125,651.3200073242188,96457500
2026-03-25,656.8200073242188,660.8900146484375,654.239990234375,658.6699829101562,90653800
2026-03-26,645.0900268554688,654.8499755859375,644.8200073242188,652.0599975585938,96494400
2026-03-27,634.0900268554688,642.6599731445312,633.1099853515625,642.5,103649400
2026-03-30,631.969970703125,640.3699951171875,629.280029296875,640.1099853515625,99275900
2026-03-31,650.3400268554688,651.5399780273438,637.97998046875,638.9400024414062,152534100
2026-04-01,655.239990234375,658.52001953125,653.0,653.9000244140625,97841500
2026-04-02,655.8300170898438,658.2000122070312,645.1099853515625,646.4199829101562,68358700
2026-04-06,658.9299926757812,659.719970703125,655.52001953125,655.8599853515625,39105800
2026-04-07,659.219970703125,659.6099853515625,651.0599975585938,656.6500244140625,69980400
2026-04-08,676.010009765625,677.0800170898438,671.4600219726562,676.3900146484375,93606100
2026-04-09,679.9099731445312,681.1599731445312,673.77001953125,674.8400268554688,57134400
2026-04-10,679.4600219726562,682.030029296875,678.4500122070312,681.3200073242188,42253500
2026-04-13,686.0999755859375,686.2999877929688,676.5800170898438,677.4099731445312,54185800
2026-04-14,694.4600219726562,694.5800170898438,687.6599731445312,687.6900024414062,63480500
2026-04-15,699.9400024414062,700.280029296875,694.2000122070312,695.260009765625,58240400
2026-04-16,701.6599731445312,702.780029296875,698.530029296875,701.0599975585938,49972400
2026-04-17,710.1400146484375,712.3900146484375,705.760009765625,706.1400146484375,70661900
2026-04-20,708.719970703125,709.9099731445312,706.1400146484375,708.780029296875,43546800
2026-04-21,704.0800170898438,711.280029296875,702.6400146484375,710.280029296875,58941400
2026-04-22,711.2100219726562,711.4500122070312,708.219970703125,709.1500244140625,42518500
2026-04-23,708.4500122070312,712.3599853515625,702.280029296875,709.5,56174000
2026-04-24,713.9400024414062,714.469970703125,709.010009765625,710.75,45182000
2026-04-27,715.1699829101562,715.6300048828125,712.2999877929688,713.1699829101562,33135900
2026-04-28,711.6900024414062,712.8800048828125,709.25,711.8200073242188,43117400
2026-04-29,711.5800170898438,712.2000122070312,708.3699951171875,711.0,41859200
2026-04-30,718.6599731445312,719.7899780273438,710.4500122070312,714.6300048828125,67240900
2026-05-01,720.6500244140625,724.8699951171875,720.469970703125,721.25,43049800
2026-05-04,718.010009765625,722.1199951171875,714.989990234375,720.0700073242188,51950600
2026-05-05,723.77001953125,725.0399780273438,721.489990234375,721.77001953125,36933200
2026-05-06,733.8300170898438,734.5900268554688,727.8200073242188,728.1599731445312,53288900
2026-05-07,731.5800170898438,736.1300048828125,729.75,735.0499877929688,51724600
2026-05-08,737.6199951171875,738.0800170898438,734.5700073242188,734.9299926757812,47227100
2026-05-11,739.2999877929688,740.7899780273438,736.4500122070312,736.4500122070312,44024000
2026-05-12,738.1799926757812,738.8400268554688,731.8300170898438,736.8900146484375,54185300
2026-05-13,742.3099975585938,743.9099731445312,735.469970703125,738.469970703125,44200200
2026-05-14,748.1699829101562,749.530029296875,743.5599975585938,743.6500244140625,44783639
