Date,Close,High,Low,Open,Volume
2005-01-03,44.396453857421875,44.44648290575412,44.10628385030618,44.116288133183936,1168000
2005-01-04,43.93122100830078,44.40150293689558,43.93122100830078,44.386494588872445,1935400
2005-01-05,44.16637420654297,44.30145701011989,43.996274459196194,44.02128710717132,1094100
2005-01-06,44.196346282958984,44.29640822475033,44.136312934856974,44.17133366024075,1057400
2005-01-07,44.296409606933594,44.46150895331131,44.20135171350892,44.40647583785208,738700
2005-01-10,44.366455078125,44.38646746892022,44.261392889180016,44.34644268732978,379400
2005-01-11,44.626590728759766,44.66661549438953,44.39645405184624,44.47650358310577,844100
2005-01-12,44.68663787841797,44.74667504029939,44.426484477543646,44.46150520106466,722000
2005-01-13,45.116905212402344,45.11690521240234,44.89177248240669,44.901776769906576,1876700
2005-01-14,45.11190414428711,45.22697445150184,44.93179642158719,44.97682526074904,1043800
2005-01-18,45.26198959350586,45.27199388043152,44.891769905684214,44.92679063538392,1251600
2005-01-19,45.39204406738281,45.44707334164684,45.16190360386926,45.42706477844423,655800
2005-01-20,45.48215103149414,45.53718037007921,45.201981198555075,45.23700195055049,1064200
2005-01-21,45.53218078613281,45.552193189985694,45.28703170166683,45.32705650937259,606300
2005-01-24,45.72727584838867,45.77730492644354,45.527155719195214,45.572180744352394,561400
2005-01-25,45.29703521728515,45.72729231403874,45.28202687016184,45.70727991221586,1942200
2005-01-26,45.382076263427734,45.48713848989643,45.34205146754215,45.4521177477402,709800
2005-01-27,45.29703521728515,45.37708100760133,45.196973208170746,45.28702710788604,463900
2005-01-28,45.75227737426758,45.82732288162237,45.612194462924265,45.63721090436688,1128000
2005-01-31,45.88236618041992,45.90237857462011,45.67224176677878,45.69225416097897,1313900
2005-02-01,45.809532165527344,45.95014401506542,45.724161232791445,45.9200139991317,948200
2005-02-02,45.915000915527344,45.930065926730265,45.74425518199269,45.79949611066099,760300
2005-02-03,45.889915466308594,45.920049336817314,45.72921553868653,45.72921553868653,505800
2005-02-04,46.52766799926758,46.67330281950415,46.4322511577435,46.4372741050306,3483900
2005-02-07,46.874210357666016,46.91438630372328,46.55281045198613,46.57289842501476,1064600
2005-02-08,47.14031982421875,47.26586664014748,46.86913824204652,46.889226192361285,1383800
2005-02-09,47.265869140625,47.32612916337244,46.894247787219264,46.92438162997795,2125800
2005-02-10,46.62815475463867,47.04497171167759,46.57793672121731,46.94955476620376,1240000
2005-02-11,46.59803009033203,46.693447046841655,46.40217705536339,46.43230711262294,1275200
2005-02-14,46.74363327026367,46.808916293688405,46.56786833689847,46.653239328620394,295000
2005-02-15,46.507606506347656,46.633153440263634,46.48751853715449,46.50258355620227,900200
2005-02-16,46.33185195922851,46.48752896616463,46.10084600876585,46.4573989213097,1189700
2005-02-17,46.04059600830078,46.27160202860943,46.000420048753966,46.0807719678476,1146400
2005-02-18,45.62877655029297,45.67397160603115,45.42790069599515,45.473099583121574,2655800
2005-02-22,45.42789077758789,45.57352564437221,45.39776074700748,45.51326175182398,914600
2005-02-23,45.57856750488281,45.78446251825862,45.41284460515343,45.76939749671759,1115000
2005-02-24,45.47809982299805,45.864786352494214,45.478099822998054,45.77941539505774,798500
2005-02-25,45.69906234741211,45.769368290666435,45.50823247734845,45.64382141608563,588800
2005-02-28,45.20693588256836,45.7492995278719,45.14165285969204,45.7492995278719,2797300
2005-03-01,45.19282150268555,45.268387128071325,45.061841341578685,45.1071822541811,1648500
2005-03-02,45.13237762451172,45.19786964040594,45.04673835818807,45.06185071772423,1139300
2005-03-03,45.107177734375,45.238157882357456,45.06183682631582,45.14747990966606,1600600
2005-03-04,45.595829010009766,45.676429513575826,45.27341930889188,45.33386872570973,1567000
2005-03-07,45.7772102355957,45.83765968580708,45.7167569419554,45.76713276494119,889800
2005-03-08,45.34395217895508,45.47492849497512,45.30868873334548,45.40440160375592,680400
2005-03-09,44.60344314575195,45.03668222337207,44.55306731325814,44.9258530858279,2549600
2005-03-10,44.87546157836914,45.00140303732723,44.52786192174775,44.704179195603416,1357700
2005-03-11,44.54801177978515,44.76966997129544,44.532899420078216,44.6588408755403,1017900
2005-03-14,44.81502151489258,44.83517261548185,44.4825379637431,44.517801428916975,805000
2005-03-15,44.53287506103515,44.98626482138457,44.53287506103515,44.98122608976233,963900
2005-03-16,44.80493927001953,45.01652002037437,44.60343214630738,44.60343214630738,2097800
2005-03-17,44.95103454589844,45.1273518484799,44.89561998745442,45.01148399625269,1025300
2005-03-18,44.668922424316406,44.82509247032227,44.668922424316406,44.78479027500276,722700
2005-03-21,44.54298400878906,44.66892549524917,44.52283290974395,44.66892549524917,893100
2005-03-22,44.16515350341797,44.860352873303086,44.09966532305821,44.80493831937228,2544900
2005-03-23,44.376705169677734,44.41197244764034,44.09459769338573,44.09459769338573,1951700
2005-03-24,44.46739196777344,44.563108670596144,44.42205490439018,44.49258178749316,746800
2005-03-28,44.19538497924805,44.33140008385116,44.19034624398753,44.32636134859063,382200
2005-03-29,44.45734024047851,44.4724526023822,44.32636003159864,44.37170096073846,1135000
2005-03-30,44.6789665222168,44.70919122441585,44.41197140365577,44.43211864283779,1095600
2005-03-31,45.00142288208008,45.03164761566148,44.76465221987908,44.93593083474703,2410900
2005-04-01,45.15309524536133,45.33512370327942,44.74858670383683,45.26938884711606,2805300
2005-04-04,45.14296340942383,45.33510663024324,45.08734340946851,45.14296340942383,754800
2005-04-05,45.02667999267578,45.183425196392385,44.96600256332802,45.122747767044615,733300
2005-04-06,45.18341827392578,45.223869887293446,45.102515047190465,45.208701496700115,402800
2005-04-07,44.81937026977539,45.29466717598002,44.80420187620358,45.153090359071136,973000
2005-04-08,44.97613525390625,45.001418492760955,44.667698256745915,44.77893833541759,438600
2005-04-11,45.218849182128906,45.314920877453375,44.97108960004516,44.98625800295296,1460200
2005-04-12,45.63851165771485,45.70930008697833,45.06208938646637,45.11770941769912,1931500
2005-04-13,45.52725601196289,45.72951025106435,45.40590501157351,45.68400121486911,1001700
2005-04-14,45.45647811889648,45.567718169010874,45.33512709044427,45.54749235465556,1461800
2005-04-15,46.05819320678711,46.07336546526239,45.61829415302334,45.7800968576327,2807300
2005-04-18,46.02277755737305,46.20986341465272,45.98232979331387,46.19975243805768,3510800
2005-04-19,46.46771240234375,46.53850077303659,46.17444409080088,46.18455506189547,1733600
2005-04-20,46.351436614990234,46.40199920937665,46.10367720212174,46.12390301141204,1617900
2005-04-21,45.86604309082031,46.22504263807574,45.86098567249845,46.16436904893278,1288500
2005-04-22,46.25033950805664,46.305959552956146,46.05819613197435,46.149210400202534,876300
2005-04-25,46.386817932128906,46.42726953947341,46.27052438311046,46.346370182462,818300
2005-04-26,46.3160285949707,46.543565988342806,46.18456280264533,46.51322535462001,549300
2005-04-27,46.47780227661133,46.61937895373369,46.417128762230384,46.54353706075751,684900
2005-04-28,46.82166290283203,46.84694612175315,46.493000345245335,46.543566783087584,1062000
2005-04-29,46.74077224731445,46.99358905287946,46.62953223563733,46.80650322799717,1445100
2005-05-02,46.730594635009766,46.81686320232158,46.5377669846889,46.76104395879504,1358200
2005-05-03,46.85750961303711,46.95900102294545,46.64438345948172,46.72050104903762,1884900
2005-05-04,46.446441650390625,46.542857442217375,46.20287021098379,46.40584511999008,2211500
2005-05-05,46.55300521850586,46.60374894638903,46.28405997637661,46.32973204152025,1757900
2005-05-06,46.20790100097656,46.27894293058907,46.08103985931213,46.141934601049186,850600
2005-05-09,46.2536506652832,46.29931889462235,46.177533078216655,46.18260861642143,327800
2005-05-10,46.583465576171875,46.583465576171875,46.35003740397281,46.36018847485061,495500
2005-05-11,46.72557830810547,46.948851675123144,46.679906204089455,46.75602379644843,1058700
2005-05-12,46.90823745727539,46.9234601944619,46.542876278799895,46.68496032120708,657000
2005-05-13,47.090919494628906,47.2025541945962,46.974205386776845,47.04524741016509,1698100
2005-05-16,47.03507232666016,47.227900008477775,47.02999679328406,47.21267727984713,824800
2005-05-17,47.16703796386719,47.28882762044899,47.141668022371206,47.17211350076651,856300
2005-05-18,47.481632232666016,47.59834629531236,47.364918170019685,47.547598694119266,1092300
2005-05-19,47.35987091064453,47.547623194409496,47.334497096973394,47.547623194409496,948800
2005-05-20,47.41566467285156,47.45118566996485,47.29895061290885,47.3192488786162,806800
2005-05-23,47.78612518310547,47.816574535134755,47.4816587633166,47.49688150358096,905600
2005-05-24,47.91801834106445,48.02965682983539,47.79115712591512,47.96876205282477,1695400
2005-05-25,47.5831298828125,48.02968409135925,47.562835483786955,47.999234749822456,1923300
2005-05-26,47.56789016723633,47.73534793566309,47.49177264781527,47.49177264781527,978300
2005-05-27,47.61863708496094,47.68968294695296,47.46640590740175,47.56789335910787,650600
2005-05-31,48.20731735229492,48.23269117318621,47.811510524000525,47.811510524000525,1979000
2005-06-01,48.797637939453125,48.81291682065609,48.48186403251568,48.48695440239764,3823200
2005-06-02,48.914695739746094,48.99109389602389,48.75680906633785,48.75680906633785,1703400
2005-06-03,48.51235580444336,49.403658929459375,48.48688844656217,49.35272809947025,5558100
2005-06-06,48.76700592041016,48.833215600066254,48.563278747765665,48.639676923228926,1088700
2005-06-07,49.15409469604492,49.18974666529084,48.91980977160418,49.13372158707966,1503100
2005-06-08,48.9197883605957,49.123511589537216,48.91978836059571,49.05220768225338,1272400
2005-06-09,48.87907028198242,48.89944339375209,48.60403910175251,48.72627388659678,612700
2005-06-10,48.32900619506836,48.665156698599,48.313727333230354,48.665156698599,1464800
2005-06-13,48.038700103759766,48.14565603117374,47.96230190252866,48.12019255461266,1616700
2005-06-14,47.72296142578125,47.95725046928688,47.65675167004614,47.90122533528906,1984500
2005-06-15,47.80951690673828,47.80951690673829,47.5344856705056,47.56504340149549,1996800
2005-06-16,48.04889678955078,48.08964302521475,47.656724957166055,47.77386941325624,1370300
2005-06-17,48.04379653930664,48.11510049416019,47.885905880038834,47.93174635717275,555900
2005-06-20,47.96232986450195,47.97760873650095,47.67201963919242,47.78406988155333,453000
2005-06-21,48.31377410888672,48.31377410888671,48.03874267220619,48.06930042546713,503100
2005-06-22,48.899436950683594,48.9401792830809,48.51744989832446,48.634590418348246,952200
2005-06-23,48.84852981567383,48.88418180242336,48.66008137955481,48.792504709956695,996300
2005-06-24,49.09297561645508,49.1235333371703,48.90452727190696,49.01657742889377,928000
2005-06-27,49.22542572021485,49.30691431514078,49.0726292617876,49.14393323951355,1203600
2005-06-28,48.88924789428711,49.082790485497775,48.84850556235562,49.05732312798905,982400
2005-06-29,48.812870025634766,49.138836017180694,48.6906352074143,49.13374176640385,1682400
2005-06-30,49.25086212158203,49.26105061895441,48.79757113284158,48.82303849049931,2159400
2005-07-01,48.65398788452149,49.195726132706,48.54666337570614,49.08328981894762,2222700
2005-07-05,48.19400405883789,48.41887268099818,48.178668651250774,48.219555273157326,1076100
2005-07-06,48.45976638793945,48.46487819121586,48.260448950957496,48.362661621504955,854100
2005-07-07,48.56192779541016,48.83279849483419,48.53126480644716,48.771468617748866,1678000
2005-07-08,48.362648010253906,48.67951343843349,48.20421724574528,48.67951343843349,1259300
2005-07-11,48.362648010253906,48.37287161392937,48.01511956937261,48.09689280212696,982000
2005-07-12,48.09177017211914,48.311530811713006,48.07132686853349,48.21953789515833,743700
2005-07-13,48.020259857177734,48.0918095287004,47.96915350597078,48.06625830267925,886600
2005-07-14,47.8975830078125,48.11223192904773,47.83625307353259,48.09178861762109,874300
2005-07-15,48.02531433105469,48.05597732534148,47.78511047804809,47.78511047804809,1064700
2005-07-18,47.66758346557617,48.02533545262167,47.58070234411322,47.96400553791514,1204500
2005-07-19,47.83624267578125,47.8975725967304,47.59093079030889,47.64714890972175,1226900
2005-07-20,48.09687805175781,48.1633158586238,47.621582004833584,47.7902363212947,1884500
2005-07-21,47.44270324707031,47.80556304676774,47.366041847323366,47.77490004653326,3824200
2005-07-22,47.8106575012207,47.84643228823572,47.54489859840115,47.58067338541616,1614900
2005-07-25,47.63693618774414,47.89247173465779,47.601161367142744,47.73404094330349,305100
2005-07-26,47.713565826416016,47.73912092373789,47.616461135585375,47.66756743106872,340500
2005-07-27,47.63693618774414,47.667599205641615,47.53472352864388,47.565386546541355,593300
2005-07-28,48.06110382080078,48.12754162845831,47.72379518385977,47.72379518385977,578900
2005-07-29,47.58584213256836,47.93848252600203,47.45296252213242,47.93848252600203,1699500
2005-08-01,47.40888977050781,47.50122492302682,47.20370010783586,47.44992848577566,1760300
2005-08-02,47.25495529174805,47.42936379443316,47.17287793966314,47.33189791724821,1071400
2005-08-03,47.48582077026367,47.53199028817666,47.32166987683106,47.32166987683106,591100
2005-08-04,47.38831329345703,47.59863352044519,47.295978252233894,47.49603685594027,1046800
2005-08-05,47.01897811889648,47.126701683846434,46.96255093054232,47.03949353860467,1041600
2005-08-08,46.9317626953125,47.116432753348185,46.906116467823246,47.029228535293015,836600
2005-08-09,47.10618591308594,47.11644362371582,46.82404994997735,47.03949709617139,1474800
2005-08-10,47.05491256713867,47.24470965917388,46.95744665695958,47.198544068245816,909300
2005-08-11,47.38318634033203,47.42422109242366,47.03949240671877,47.20877396770794,881600
2005-08-12,47.8653564453125,47.93204522698934,47.48575873397555,47.5114088674914,1765100
2005-08-15,47.7422981262207,47.860283394005826,47.73204040947062,47.83976404684036,954300
2005-08-16,48.07570266723633,48.16803771886809,47.9628482803905,48.05518333202227,1311000
2005-08-17,47.75763702392578,48.08081151382681,47.69608296006748,47.96795717853827,1278200
2005-08-18,48.11163330078125,48.12189101641262,47.84488573038711,47.93722082572895,833900
2005-08-19,48.106475830078125,48.13725287358339,47.88076707460566,47.89102869821589,439200
2005-08-22,48.05517578125,48.11673377721975,47.8089477110334,47.98336007611649,599300
2005-08-23,48.2757453918457,48.33730337721117,48.039778985104,48.08081764201431,491800
2005-08-24,48.32190704345703,48.38859583396636,48.142367826050005,48.357814886938435,998200
2005-08-25,48.47583770751953,48.532264921647894,48.25012885100607,48.3629832792628,812400
2005-08-26,48.46042251586914,48.67073881436028,48.32191800697241,48.55275755057952,874600
2005-08-29,48.52195739746094,48.670719556391326,48.47579185520362,48.645073337468624,550100
2005-08-30,48.82978439331055,48.91185784200134,48.58868703347328,48.64511424167622,1392700
2005-08-31,49.2401237487793,49.24525455862096,48.886176142928825,48.89130303910928,1310800
2005-09-01,48.94367599487305,49.28341759522025,48.86646074518891,49.062069307368766,1899000
2005-09-02,48.98481750488281,49.05173523806645,48.79950262971389,48.84068065849671,621400
2005-09-06,48.63995361328125,48.989992602047586,48.63480881108125,48.9076325662184,965300
2005-09-07,48.181785583496094,48.4803488774863,48.058243641176105,48.4803488774863,1090200
2005-09-08,48.2332763671875,48.37741326083603,48.18180086883456,48.33108256318824,373100
2005-09-09,48.38775634765625,48.55248046749113,48.325983329968366,48.36716534176029,426300
2005-09-12,48.0531120300293,48.23842697317735,47.97075201492401,48.21269118666336,917300
2005-09-13,48.305328369140625,48.44946521957911,48.20237740329789,48.26415033920009,450400
2005-09-14,48.120025634765625,48.3259276016182,48.06854621572421,48.29504309205597,346400
2005-09-15,47.723670959472656,48.05311892180104,47.564095707281275,48.05311892180104,2225800
2005-09-16,47.40963363647461,47.60524593368083,47.29638523858193,47.51258851061653,2145500
2005-09-19,47.51261138916016,47.58467787209793,47.40965646544279,47.45083843492973,886100
2005-09-20,47.63614273071289,47.76998213798792,47.29639744932118,47.50745205030594,1848800
2005-09-21,48.07884216308594,48.08399089029432,47.939854019756936,48.01706921856992,993000
2005-09-22,48.03250503540039,48.104571497346434,47.93984759470868,48.06339346718271,761700
2005-09-23,47.67215347290039,47.92438598784547,47.67215347290039,47.89865022030269,656800
2005-09-26,47.45598602294922,47.55378828897033,47.40965532655718,47.41480405445156,680900
2005-09-27,47.52290344238281,47.64644541967917,47.32729498438619,47.49716373042044,827800
2005-09-28,47.84204864501953,47.88322667801515,47.49200983692548,47.55892757695527,712800
2005-09-29,47.625877380371094,47.67220809875846,47.54351733160434,47.66705936841975,657100
2005-09-30,47.461124420166016,47.7133609976865,47.35817344014044,47.656736780474,1391800
2005-10-03,47.09004211425781,47.64817392841909,47.07970407645868,47.43629146721115,1370900
2005-10-04,47.24514389038086,47.307160376303685,47.13661799712473,47.219306645021824,783200
2005-10-05,47.45184326171875,47.5345318777169,47.32264525632933,47.37949269412549,1215800
2005-10-06,47.270965576171875,47.41049768341738,47.25546244679016,47.38982552997173,340000
2005-10-07,47.462181091308594,47.519028533565155,47.0074054960667,47.07458704472875,1337800
2005-10-10,47.43116760253906,47.5293593410779,47.34848293546157,47.467342883662326,159700
2005-10-11,47.33293151855469,47.50347365956193,47.26058102409214,47.462129393352974,679100
2005-10-12,46.87303161621094,47.255460525189214,46.847194382562115,47.255460525189214,1105700
2005-10-13,46.7025032043457,46.76968475751367,46.55263302314566,46.64048673332165,1376600
2005-10-14,46.63013458251953,46.87302346205272,46.41824801228572,46.82134506093522,1042600
2005-10-17,46.619781494140625,46.82649897471986,46.5732721309845,46.728307284312926,1058200
2005-10-18,46.67147064208984,46.75932825299339,46.63013029068637,46.74899020803584,878200
2005-10-19,46.692142486572266,46.960876454402126,46.692142486572266,46.85235063990468,904800
2005-10-20,46.8161735534668,46.82134257614702,46.57844976669477,46.65596933566173,810300
2005-10-21,47.250244140625,47.270916272509574,46.8988257841992,46.94017004796835,1252800
2005-10-24,46.883358001708984,47.23994564552749,46.76449413949982,47.19343232803382,939100
2005-10-25,46.480255126953125,47.053894332642784,46.47508610503643,46.93503048540981,632900
2005-10-26,46.139183044433594,46.35623470953497,46.07717053601009,46.22703672657327,2895800
2005-10-27,46.304534912109375,46.40272659549454,46.14949976986765,46.30453491210938,1197400
2005-10-28,46.30971145629883,46.44924350126492,46.056484589533824,46.36655886719829,750400
2005-10-31,46.397586822509766,46.53195385140054,46.294229995861606,46.3924177983343,547700
2005-11-01,46.34413528442383,46.536199101377896,46.245507383782055,46.421999208071355,647100
2005-11-02,46.126068115234375,46.4011835735612,46.11049613990557,46.240267881404584,781100
2005-11-03,45.81464385986328,46.183195348744235,45.80425989661503,46.14166741639443,962900
2005-11-04,45.7419548034668,46.01187834186592,45.606991054107176,45.89767855089394,1888700
2005-11-07,45.897701263427734,45.975565155832406,45.86136530834849,45.93922920075317,1121600
2005-11-08,46.34413528442383,46.36489926141808,46.14169145913448,46.14169145913448,1396800
2005-11-09,45.86652755737305,46.16240698844773,45.86652755737305,46.084543146518705,1140300
2005-11-10,46.427146911621094,46.44791086881132,46.00668370907877,46.05340360283675,1695200
2005-11-11,46.45310974121094,46.5621175716884,46.427157758899625,46.51020964674496,193700
2005-11-14,46.10531997680664,46.43234345184767,46.00150413212331,46.396007510176446,1230100
2005-11-15,46.40640640258789,46.536178230357805,46.06899885832172,46.06899885832172,839800
2005-11-16,46.89434051513672,46.94625240867181,46.588080936951165,46.61403688371871,1822300
2005-11-17,47.008548736572266,47.1850404933925,46.74381704182515,46.80610498867287,1003100
2005-11-18,46.790531158447266,46.951446961893446,46.74900322197019,46.90992298573837,734200
2005-11-21,46.930641174316406,47.06041287897674,46.889113278348745,46.8943012951061,503300
2005-11-22,46.99298858642578,47.06566051626745,46.89955268229747,46.909936649602365,1026900
2005-11-23,46.811256408691406,47.07599183436533,46.645148760494166,47.024079976544726,768300
2005-11-25,46.9825439453125,46.998115914524256,46.89429618591639,46.93063606116743,421500
2005-11-28,47.216156005859375,47.30959183013186,46.987756444233355,46.987756444233355,883400
2005-11-29,46.769752502441406,47.294031644932225,46.733416559515554,47.27845966372411,889200
2005-11-30,46.71784210205078,46.873569826519166,46.624406259433854,46.873569826519166,1642800
2005-12-01,46.6448974609375,46.92642520196716,46.49370641607563,46.92121062040356,1214800
2005-12-02,46.660499572753906,46.686568481973815,46.478029140885845,46.54058815892227,746200
2005-12-05,46.45191955566406,46.5822560325192,46.321583078808914,46.5822560325192,431100
2005-12-06,46.92636489868164,46.98371328950406,46.5666348067147,46.61355802536722,968800
2005-12-07,46.749149322509766,46.87427537210563,46.67094653590208,46.81692692709727,386600
2005-12-08,47.051490783691406,47.108839179305335,46.81688660349299,46.910729071083466,976200
2005-12-09,46.68135452270508,46.92638795341104,46.64486043584826,46.910748198694854,817400
2005-12-12,46.59273910522461,46.79084934742087,46.472827657607,46.79084934742087,440500
2005-12-13,46.76476287841797,46.82732586815704,46.59793221667051,46.775192032152844,598700
2005-12-14,47.24440383911133,47.3486715096362,46.99415586127229,47.02543536691842,635000
2005-12-15,47.12972259521485,47.15057693172521,46.91596862915208,47.15057693172521,724300
2005-12-16,47.28611373901367,47.40602515315102,47.21312556608037,47.35389131213539,684500
2005-12-19,47.33304977416992,47.494665918269774,47.213138327620946,47.23399266517547,469800
2005-12-20,47.27568817138672,47.33825116662303,47.12971182672572,47.223554330801655,236000
2005-12-21,47.19225311279297,47.22353658743548,47.07234572225601,47.197467688159314,193100
2005-12-22,47.567649841308594,47.60414393436379,47.39560853265282,47.400819133405115,692700
2005-12-23,47.85959243774414,47.98471443735304,47.49464763734626,47.5415708731725,2295800
2005-12-27,48.25063705444336,48.27148742149013,47.85962704258421,47.94825502399133,519500
2005-12-28,48.11606979370117,48.294062252320686,48.03230581734877,48.178888781879245,1295700
2005-12-29,48.22076416015625,48.231232658722206,48.00088974349998,48.17888217772105,740600
2005-12-30,48.110809326171875,48.472030308604566,48.0061044084431,48.445857074735535,1099500
2006-01-03,48.04803466796875,48.29408647932947,47.890983124651505,47.94856589467273,1392700
2006-01-04,48.16318130493164,48.19982704398717,47.85954289899382,47.9223658776973,387600
2006-01-05,48.1055908203125,48.23646902017059,48.00612211031293,48.10035457397418,453400
2006-01-06,48.01659393310547,48.11082639545208,47.89618423351818,48.04276717626053,1193700
2006-01-09,48.04803466796875,48.04803466796875,47.92239263449731,48.00615265878219,413600
2006-01-10,47.660614013671875,47.99566194394729,47.65537776642453,47.96948470179694,698900
2006-01-11,47.582069396972656,47.79147527760944,47.50877793786253,47.77053429013726,394600
2006-01-12,47.90144348144531,47.91191198491705,47.63968695968878,47.70774221747396,626600
2006-01-13,48.17889022827149,48.32024094408815,47.94331102735885,47.94854328047329,491000
2006-01-17,48.39353942871094,48.424948928286334,48.12654670005929,48.1631924475929,454300
2006-01-18,48.37782287597656,48.56628382153624,48.22600367492392,48.56105156894149,622100
2006-01-19,48.2364501953125,48.39350557148372,48.14221776842659,48.199804473417096,490600
2006-01-20,48.36210632324219,48.41446079341962,48.18935015154668,48.330696836403966,842600
2006-01-23,48.3464241027832,48.424951850547465,48.02184860335208,48.05849435309711,720400
2006-01-24,48.110809326171875,48.26262846131544,48.03751788080384,48.16315978799416,300500
2006-01-25,47.587303161621094,47.93805569680399,47.529716447595874,47.9066462142756,1204500
2006-01-26,47.38312911987305,47.43024333927356,47.14231379007353,47.40407010430141,764100
2006-01-27,47.38312911987305,47.53494826141534,47.199900498730415,47.53494826141534,1091400
2006-01-30,47.33601379394531,47.37789576535688,47.24178135531161,47.273194830912594,308500
2006-01-31,47.4669075012207,47.49832098710746,47.22085583121838,47.29938355480639,676100
2006-02-01,47.30453109741211,47.52518654212239,47.20470905935462,47.36232238173242,622300
2006-02-02,47.39387893676758,47.498955899803995,47.209999261799226,47.30456652439385,658500
2006-02-03,47.73014450073242,47.80895126601344,47.18901085849662,47.28357817517812,1524600
2006-02-06,47.82469940185547,47.91926669398678,47.7511475088953,47.79843315909972,755100
2006-02-07,47.59879302978515,47.87198923460123,47.54625653140603,47.87198923460123,280500
2006-02-08,47.48844909667969,47.74588065734154,47.43591261609432,47.74588065734154,261700
2006-02-09,47.70387649536133,47.75641300085547,47.31509753649207,47.35712834419876,1119200
2006-02-10,47.44113540649414,48.00853462496172,47.40961033282595,47.91396742050482,938000
2006-02-13,47.44642639160156,47.47269664050776,47.367623661437406,47.409650448099214,218700
2006-02-14,47.27828598022461,47.38861376116659,47.136437121377895,47.23100436336752,836100
2006-02-15,47.39387893676758,47.53047698457677,47.22050495396472,47.35710300177391,720300
2006-02-16,47.40439224243164,47.44116818022222,47.283554727818846,47.388627690570026,427800
2006-02-17,47.78269577026367,47.84574200362186,47.70389298891572,47.70389298891572,731400
2006-02-21,47.70387649536133,47.80894950634962,47.69336678929543,47.75641300085547,433300
2006-02-22,48.029563903808594,48.045324441066676,47.8561899774197,47.87195452295278,559000
2006-02-23,47.90874099731445,47.97178316023108,47.77214296386865,47.97178316023108,288300
2006-02-24,47.835205078125,48.04010019244556,47.78266458048202,48.04010019244556,485700
2006-02-27,47.75638961791992,47.99280578102648,47.667077201482016,47.99280578102648,446200
2006-02-28,47.9927978515625,48.04008348133707,47.76688741842486,47.808918198607635,744200
2006-03-01,47.702877044677734,47.90849256458999,47.65015181608879,47.85576733600104,713600
2006-03-02,47.37069320678711,47.502498142822894,47.13344593086968,47.48140887037308,1640000
2006-03-03,47.09651947021485,47.21250840519675,47.04379832405005,47.17560320064484,1253300
2006-03-06,46.685306549072266,46.91728048437255,46.65894395484019,46.91201118341984,872700
2006-03-07,46.7169303894043,46.79074081368727,46.55876289601708,46.606214752979824,1692900
2006-03-08,46.70109939575195,46.85926281580673,46.63255829359958,46.69582607504058,1184700
2006-03-09,46.7169303894043,46.74856227913516,46.537673628741025,46.690567799717606,282100
2006-03-10,46.54291915893555,46.64309211308884,46.400571717780274,46.56400841361856,1086900
2006-03-13,46.506065368652344,46.53769727445532,46.40062300106344,46.46916013775938,1740100
2006-03-14,46.817100524902344,46.91726951034684,46.632570453173976,46.632570453173976,904400
2006-03-15,46.56403350830078,46.68002246038507,46.47440714436881,46.62730130644663,971000
2006-03-16,46.9858512878418,47.096567013262856,46.62206817405138,46.664246742507885,1048000
2006-03-17,46.843448638916016,46.92253236310217,46.79072749691368,46.843448638916016,703500
2006-03-20,46.91725158691406,47.0490564321584,46.91198228920684,47.043787134451186,576000
2006-03-21,46.67478942871094,47.001667301081426,46.585162987411984,47.001667301081426,817200
2006-03-22,46.7749137878418,46.91199198147912,46.7274619421204,46.79072972896043,205500
2006-03-23,46.627323150634766,46.85402783890732,46.57459794962917,46.82766523840452,613400
2006-03-24,46.969993591308594,47.07543992777716,46.658935949050814,46.67475189392949,954800
2006-03-27,46.79600143432617,46.94889556380292,46.71164438811885,46.94889556380292,467100
2006-03-28,46.35843276977539,46.62204264472637,46.31098090065312,46.60622669580811,1094900
2006-03-29,46.13701248168945,46.40589172238303,46.063202020828264,46.305722681139095,1071700
2006-03-30,45.81536102294922,46.02097624184138,45.6519202938666,45.94189253710648,1152000
2006-03-31,45.799583435058594,45.94193100487943,45.76267821159632,45.85757793226611,1167700
2006-04-03,45.81438446044922,45.87789204954013,45.55506887081455,45.607989842917966,1549700
2006-04-04,45.76677322387695,45.98904380905753,45.7032656119913,45.88319778924811,749100
2006-04-05,45.83028030395508,45.92553971026406,45.77735930880856,45.8832012991016,638600
2006-04-06,45.480960845947266,45.66618619439307,45.3857015185166,45.66618619439307,2022100
2006-04-07,45.03644561767578,45.31693047818371,44.93060364535249,45.21108850586041,1956500
2006-04-10,45.12111282348633,45.142282020968494,44.96234586117584,45.062898539813254,1527100
2006-04-11,45.2799072265625,45.35399745045148,45.15818930343677,45.290493851469144,1237300
2006-04-12,45.00472259521485,45.3698844970398,44.98355337969883,45.301083537209,1902000
2006-04-13,44.68714141845703,44.792983337582505,44.59717134582893,44.718893186672595,3219400
2006-04-17,44.8511848449707,44.967613345453,44.639497029331,44.740049650221934,1465400
2006-04-18,44.93058776855469,45.12639575192277,44.84591099052773,44.95704623347986,2680300
2006-04-19,44.65542221069336,44.76655752814095,44.486072578733165,44.69246731650922,1830300
2006-04-20,44.61836624145508,44.72421225916799,44.51781757164372,44.676580541794,1378200
2006-04-21,44.87766647338867,44.90941824611143,44.586595098060215,44.734775420914346,1303000
2006-04-24,45.0576286315918,45.18993315635865,44.9041548983486,44.951786626823775,991500
2006-04-25,44.52309036254883,45.03643225499009,44.48604527946602,45.00468048023661,2067400
2006-04-26,44.44904327392578,44.49667501982929,44.31144942490488,44.37495303595602,1544900
2006-04-27,44.507179260253906,44.61302515503698,44.26903306280605,44.32195399139357,1864200
2006-04-28,44.53899765014648,44.56545613282546,44.32730960064612,44.43844491817072,809400
2006-05-01,44.20429229736328,44.45931885351578,44.161791249262535,44.45400470243709,1795500
2006-05-02,44.32111740112305,44.38487496449469,44.23611137013145,44.23611137013145,1097900
2006-05-03,44.225528717041016,44.32647728316751,44.06614072440289,44.32116313402714,1114000
2006-05-04,44.151123046875,44.31051500711339,44.151123046875,44.299886714561,977800
2006-05-05,44.416786193847656,44.67181259177096,44.35834272877163,44.62930751653256,1685900
2006-05-08,44.443336486816406,44.507090022652136,44.37957889747509,44.4911516386932,666400
2006-05-09,44.416786193847656,44.45929126908606,44.27333663180192,44.390223561953974,341300
2006-05-10,44.4964485168457,44.63989797031347,44.283927355019664,44.52301518213796,1320200
2006-05-11,44.278602600097656,44.342360149417466,44.145777412475326,44.342360149417466,1189800
2006-05-12,43.91204452514648,44.103313279399174,43.8642253098301,43.99705060842189,1804700
2006-05-15,44.08735656738281,44.22018181076628,43.912026273275494,43.912026273275494,1433500
2006-05-16,44.416786193847656,44.43803873146686,44.14051131181224,44.14051131181224,1677600
2006-05-17,44.1405029296875,44.14050292968751,43.94923418094305,44.05018270208771,1440800
2006-05-18,44.74088287353515,44.7515111697099,44.37959782023265,44.3902261164074,2177700
2006-05-19,44.85775375366211,45.08621339755473,44.67179917223924,44.69305170347412,2619500
2006-05-22,44.95340347290039,45.24030666231446,44.8843357629239,45.07560050235936,2652000
2006-05-23,44.92686080932617,44.92686080932617,44.645271617343475,44.65589991902739,1394900
2006-05-24,44.948055267333984,45.160576437741845,44.91086436652542,45.059627969759674,1226300
2006-05-25,44.77272033691406,45.01712229221867,44.73021935006016,45.011808148798025,678000
2006-05-26,44.74088287353515,44.894960740010504,44.74088287353515,44.75682126428997,398400
2006-05-30,44.7195930480957,44.78866475511857,44.634587017111166,44.73022133540873,482200
2006-05-31,44.45396423339844,44.857754224083955,44.40614907774792,44.80993501492753,880700
2006-06-01,44.65237808227539,44.72172089165016,44.46034745822716,44.48701996087651,1561100
2006-06-02,45.22848129272461,45.281822241742795,45.0737896918144,45.19114222144653,2041900
2006-06-05,45.16981887817383,45.2444970436283,45.07913883007265,45.23916172619447,1102900
2006-06-06,45.38322067260742,45.43656167778245,45.121842828831475,45.15918600907761,2188000
2006-06-07,45.39382553100586,45.39382553100586,45.15378929922846,45.19646367321404,1324100
2006-06-08,45.48451232910156,45.756556416898874,45.39916763801299,45.46851045387576,3496700
2006-06-09,45.72457504272461,45.777916009465095,45.52720898916443,45.52720898916443,657200
2006-06-12,45.76188659667969,45.761886596679695,45.623196910864344,45.70321034766752,528700
2006-06-13,45.793914794921875,45.84192451049926,45.63389190552471,45.793914794921875,1448300
2006-06-14,45.335166931152344,45.63921484226046,45.2924966102094,45.60721108413978,1439100
2006-06-15,45.07381057739258,45.25517070202085,45.025804921928184,45.17516127624686,1734600
2006-06-16,44.972442626953125,45.21248302116105,44.903099794664016,45.18047519347434,1184600
2006-06-19,44.90843200683594,44.961772956421726,44.7964147918097,44.919098568891656,1233700
2006-06-20,44.833744049072266,44.90842217607553,44.74305997800884,44.87641435760792,611400
2006-06-21,44.84444046020508,44.94045584021668,44.84444046020508,44.94045584021668,476000
2006-06-22,44.5883674621582,44.75372965671223,44.572365588090655,44.72172183892453,745500
2006-06-23,44.497684478759766,44.66304666222498,44.46034541855517,44.60437041481027,675500
2006-06-26,44.41234588623047,44.52436308219608,44.33766775558673,44.49769057711493,526100
2006-06-27,44.63105392456055,44.668392997379634,44.47636231726616,44.47636231726616,429100
2006-06-28,44.39638137817383,44.6097453197936,44.375044170080585,44.6097453197936,381300
2006-06-29,44.54570770263672,44.71106586669378,44.46569424369978,44.58304677418681,1609300
2006-06-30,44.9777717590332,45.02044614364546,44.540369490890825,44.540369490890825,1219000
2006-07-03,44.933345794677734,44.960118068580215,44.836956620531346,44.9279897056977,716800
2006-07-05,44.5745964050293,44.67098565493202,44.41930238654703,44.66027755405485,1289200
2006-07-06,44.84764862060547,44.86906888334067,44.62274199013195,44.62274199013195,451400
2006-07-07,45.1368293762207,45.22786245562053,45.02437602775647,45.08863274945112,1356900
2006-07-10,45.17967987060547,45.1957440545692,45.00832176582651,45.07793459150252,480400
2006-07-11,45.32424545288086,45.4420548739464,45.29211709640772,45.29746909882123,423800
2006-07-12,45.334938049316406,45.42061499140837,45.12609156594418,45.1582239940379,641000
2006-07-13,45.51166915893555,45.54380160195455,45.345667197747,45.356375288421226,1347400
2006-07-14,45.538448333740234,45.602709138259286,45.42063890153784,45.42063890153784,1343900
2006-07-17,45.60807418823242,45.61878636813256,45.43671607932646,45.50097690222854,514100
2006-07-18,45.21712875366211,45.38313063801759,45.19570849672975,45.35635429547807,621000
2006-07-19,45.64557266235352,45.67770512642062,45.11007789691131,45.158274550261545,1267400
2006-07-20,45.77943420410156,45.85440312452706,45.50097879759253,45.50097879759253,1320200
2006-07-21,45.6937370300293,45.87580316059737,45.62412014499025,45.83831871692171,652100
2006-07-24,45.66696548461914,45.790131004234304,45.62948103699685,45.73658237698795,393900
2006-07-25,45.53309631347656,45.72051856986269,45.46348349981851,45.64019766391062,948200
2006-07-26,45.69908905029297,45.71515731372995,45.447410120084925,45.46883038583628,717100
2006-07-27,45.629493713378906,45.77407954115985,45.58130116111827,45.77407954115985,295500
2006-07-28,45.891849517822266,45.993594719217086,45.83830091700786,45.86507726016324,769800
2006-07-31,45.95075607299805,45.95075607299805,45.81153052231813,45.84901495296219,375100
2006-08-01,45.94647979736328,45.96798578000829,45.72067313236085,45.87121090902914,577800
2006-08-02,46.11848449707031,46.11848449707031,45.80665416558955,45.898055539881014,477400
2006-08-03,46.12928771972656,46.258319539262345,45.978745811445954,46.03788624995144,500500
2006-08-04,46.40885543823242,46.49487938228564,46.39272697418429,46.45186741025903,1246000
2006-08-07,46.43571472167969,46.446465658154096,46.33356236686907,46.4142087468856,1127600
2006-08-08,46.333587646484375,46.543265887820674,46.285198151335024,46.44111347727567,844400
2006-08-09,46.18302154541016,46.247535363617075,46.08086919745587,46.10237517080651,372400
2006-08-10,46.11314392089844,46.15615588421602,45.94110016947472,46.15615588421602,539000
2006-08-11,45.91419982910156,45.98409116123296,45.89269385725082,45.9518342543792,450800
2006-08-14,45.83357620239258,45.89809414995813,45.801319279533175,45.88733910777383,662300
2006-08-15,46.2206916809082,46.28520554895503,46.1185392540365,46.1185392540365,1093800
2006-08-16,46.532501220703125,46.580886599733674,46.484111739826275,46.54325215987226,838900
2006-08-17,46.51636505126953,46.650774340613275,46.46260215590124,46.650774340613275,922300
2006-08-18,46.650787353515625,46.72606035024329,46.586273501816386,46.62390794925665,1050700
2006-08-21,46.81746292114258,46.817462921142585,46.70455956625007,46.715310508781336,676400
2006-08-22,46.83358383178711,46.89810178211102,46.75831494066602,46.77444340278526,749300
2006-08-23,46.855125427246094,46.90351085037894,46.69921000517906,46.8067359022632,801700
2006-08-24,46.94110870361328,47.011004173854325,46.9034742588092,46.99487571205927,1206700
2006-08-25,47.01097869873047,47.09162096400592,46.88194287060049,46.90344884195548,569000
2006-08-28,47.05400085449219,47.05400085449219,46.90346311105483,46.99486454258112,582300
2006-08-29,47.11850357055664,47.11850357055664,46.76366530446121,46.90882548108104,1345600
2006-08-30,47.24220657348633,47.24220657348633,47.12930319555527,47.22070058218778,1180500
2006-08-31,47.3551025390625,47.41961640101155,47.172303692562025,47.172303692562025,1272400
2006-09-01,47.37125015258789,47.44681927231,47.21471294224689,47.29568103286577,893400
2006-09-05,47.07439422607422,47.30650068285299,47.047407593273675,47.236330495719095,2271300
2006-09-06,47.00962448120117,47.00962448120117,46.80990772554326,46.90166970074883,1853400
2006-09-07,47.10135269165039,47.13373827609664,46.82066389909101,46.92322374078089,1716100
2006-09-08,47.13917541503906,47.284914781260554,47.13917541503906,47.22553841622675,540300
2006-09-11,47.09601211547851,47.22555873209489,46.93407575604852,47.22555873209489,557600
2006-09-12,47.33349609375,47.34428992429076,46.96104510782598,47.04201325061957,820800
2006-09-13,47.355106353759766,47.5170385843315,47.31732175480512,47.5170385843315,797000
2006-09-14,47.24713897705078,47.4306670807764,47.18776260098176,47.31191432863835,672800
2006-09-15,47.20934295654297,47.473835037960974,47.20394398233138,47.371279237204995,1047200
2006-09-18,47.13376235961914,47.166147960613166,46.94483949013783,46.94483949013783,871400
2006-09-19,47.66275405883789,47.66275405883788,47.41445070537578,47.42524865198369,1229600
2006-09-20,47.73294448852539,47.75993524828538,47.5764071419833,47.70595372876541,827400
2006-09-21,48.17018127441406,48.19177306507093,47.68977525738424,47.68977525738424,1698600
2006-09-22,48.40766906738281,48.41846289963887,48.21334714108206,48.21334714108206,1428600
2006-09-25,48.747711181640625,48.74771118164062,48.47782018120065,48.49401298231347,2607600
2006-09-26,48.54258728027344,48.6343492165073,48.48321094077879,48.58037184920557,2200000
2006-09-27,48.40229415893555,48.73156180231988,48.380702365476,48.71536898677861,1165400
2006-09-28,48.32128143310547,48.35906600728635,48.18633593700091,48.27270303124849,1796800
2006-09-29,48.26189422607422,48.43462424275497,48.08916009118502,48.41303247589382,1398000
2006-10-02,48.3941535949707,48.47543945630002,48.215316430884315,48.28576555556337,1211900
2006-10-03,48.3291130065918,48.47001536789296,48.31285583693787,48.4483377634943,854900
2006-10-04,48.68138122558594,48.69221796369687,48.410417292416135,48.410417292416135,1155500
2006-10-05,48.339935302734375,48.52419281779656,48.20445341664534,48.52419281779656,1241600
2006-10-06,47.83596420288086,48.28576526086896,47.80887029413009,48.28034482528644,2472400
2006-10-09,47.9660530090332,48.01482454908171,47.69508898320929,47.743860523257794,834900
2006-10-10,47.5866584777832,47.74923840220201,47.48911135004776,47.662528006624186,1398700
2006-10-11,47.44580078125,47.70592392083694,47.37534749106719,47.662568686044864,1521600
2006-10-12,47.47288513183594,47.56501188625988,47.40785642733994,47.48914230795994,586400
2006-10-13,47.23444366455078,47.3428276042928,47.20734561232415,47.304892811924866,1414100
2006-10-16,47.44580078125,47.45121708466194,47.34825357025921,47.364510749660546,897600
2006-10-17,47.483673095703125,47.716702007846315,47.4240607599518,47.62457122149961,730800
2006-10-18,47.58129119873047,47.62464230660183,47.44580916699671,47.52167877400094,499600
2006-10-19,47.49456405639648,47.559596897270254,47.342824895606405,47.46746600572024,797300
2006-10-20,47.44580078125,47.527086678256694,47.44580078125,47.47831514005268,280700
2006-10-23,47.25607681274414,47.261497245479696,47.08266017641508,47.228982918223856,1200600
2006-10-24,47.25607681274414,47.28317484184317,47.228982918223856,47.23981964911622,243400
2006-10-25,47.63004684448242,47.67340207246332,47.27237655009529,47.29405002950362,558400
2006-10-26,47.93889617919922,47.97141049936878,47.770900012219386,47.770900012219386,1558300
2006-10-27,48.16112518310547,48.258672352708786,48.068994314616056,48.24241104562407,1601500
2006-10-30,48.296630859375,48.296630859375,48.14488752743994,48.17198558464553,901200
2006-10-31,48.67051315307617,48.703031618398825,48.30742267784356,48.3670350405927,964600
2006-11-01,48.93983840942383,49.02688324544251,48.662388182772055,48.74943301879074,1440100
2006-11-02,48.738529205322266,48.83645252811926,48.67869109466384,48.76029040489097,853300
2006-11-03,48.16191101074219,48.33055525604213,48.03678919988345,48.23807319575041,1534100
2006-11-06,48.30329895019531,48.30329895019531,48.06392999820846,48.06392999820846,528000
2006-11-07,48.52632522583008,48.694973354627024,48.48280701082169,48.56984759135969,525900
2006-11-08,48.700439453125,48.700439453125,48.46651178766122,48.548115233850666,706300
2006-11-09,48.67326354980469,48.738543016484805,48.624299799269,48.67326354980469,729600
2006-11-10,48.88539123535156,48.983314508011624,48.77114810900188,48.77114810900188,738100
2006-11-13,48.87453842163086,48.87453842163086,48.67325456913843,48.87453842163086,462400
2006-11-14,49.06496047973633,49.17376236570973,49.02687940459304,49.14655981895343,916400
2006-11-15,48.87996673583984,48.98877271544945,48.820124484685486,48.98877271544945,1803200
2006-11-16,48.65694046020508,48.988791562266584,48.569895643029774,48.96158901926797,1494400
2006-11-17,48.93439483642578,49.08128195287257,48.69502984935024,48.722228246470216,1752000
2006-11-20,49.01054000854492,49.02686402179238,48.885418293986625,48.96158042037635,857200
2006-11-21,49.13020324707031,49.17372562915546,48.939798013601255,49.03772129803145,605100
2006-11-22,49.21183395385742,49.239036495369646,49.10846927674107,49.15743302135806,770300
2006-11-24,49.298866271972656,49.45119050457585,49.298866271972656,49.36958705124584,533400
2006-11-27,49.478416442871094,49.478416442871094,49.026884830634984,49.08672711970116,784500
2006-11-28,49.58175277709961,49.641595031919735,49.37502762896354,49.636153694975,1466300
2006-11-29,49.467533111572266,49.70146090507144,49.45665458303727,49.668821168940475,1206400
2006-11-30,49.7939567565918,49.84835771543063,49.581790111751374,49.65251094318915,1428600
2006-12-01,49.92060852050781,50.12811317343624,49.77317473150838,49.84416075345761,1156000
2006-12-04,50.00798416137695,50.0298269776047,49.81140298141849,49.855088613873974,460700
2006-12-05,49.77317428588867,49.97521302581642,49.69126477447083,49.88784593543732,1833700
2006-12-06,49.67493438720703,49.78960615375175,49.63124871440094,49.70769655876408,936100
2006-12-07,49.63665771484375,49.74040586988351,49.55474820690347,49.685800919953536,739200
2006-12-08,49.2762451171875,49.67486906670192,49.24894473215392,49.60934064366008,2090300
2006-12-11,49.489234924316406,49.5493016374631,49.42371063076868,49.48923492431641,727700
2006-12-12,49.59296417236328,49.67487366722905,49.390921307173045,49.5438209750978,802800
2006-12-13,49.15064239501953,49.336299966652355,49.04689012493731,49.31445716420934,1217900
2006-12-14,48.9704475402832,49.09058088328698,48.926761930811104,49.04689527381488,687600
2006-12-15,48.99778747558594,49.505621595729345,48.926797267399984,49.46193595470599,1162100
2006-12-18,49.014163970947266,49.05784544179822,48.92133095092132,48.99232115247596,441400
2006-12-19,48.94864654541016,49.04147542026212,48.877660493951474,48.877660493951474,930700
2006-12-20,48.94316864013672,48.97047320188723,48.89948717386359,48.954092131273406,336800
2006-12-21,49.188907623291016,49.24897433900042,48.9267979396416,48.98686465535101,770700
2006-12-22,48.81211471557617,49.06330084639227,48.71382412820543,49.05238152161379,1433200
2006-12-26,48.959564208984375,48.97594528305517,48.79574513609229,48.844888358304665,496200
2006-12-27,48.599613189697266,48.94479914985208,48.599613189697266,48.91740197896884,840700
2006-12-28,48.489990234375,48.742028100068794,48.2489087192689,48.70915486808803,1080200
2006-12-29,48.451622009277344,48.517372633470515,48.331081288364736,48.40778825981523,775500
2007-01-03,48.79682540893555,49.01599007496621,48.577664923123194,48.884492947435135,1870400
2007-01-04,49.09266662597656,49.12006375981621,48.8844626215287,48.8844626215287,1697000
2007-01-05,48.87902069091797,48.98312486489097,48.62698274675824,48.65437990208345,1298400
2007-01-08,48.9666862487793,48.96668624877929,48.791355330410696,48.82970883817198,414200
2007-01-09,48.9666862487793,49.02695664386402,48.88449896637114,49.02695664386402,481500
2007-01-10,48.74748992919922,48.835153241399595,48.698175919660905,48.802280021851466,519600
2007-01-11,48.462623596191406,48.654395384052215,48.35852356931248,48.648915115199536,1293500
2007-01-12,48.23795700073242,48.67628213003097,48.16124999859972,48.298227385296414,846300
2007-01-16,48.34208679199219,48.347562880607434,48.2325023163825,48.34208679199219,702800
2007-01-17,48.19415283203125,48.364003558178666,48.11744578278915,48.331130302852245,724200
2007-01-18,48.34208679199219,48.36947977572937,48.09552485703564,48.18319243752338,918300
2007-01-19,48.21056365966797,48.29823120058378,48.14481718419954,48.29823120058378,882500
2007-01-22,48.32562255859375,48.39685347826439,48.28179296981753,48.298229588135904,432000
2007-01-23,48.00779342651367,48.24339448993663,47.980396301379734,48.22695370672763,1096800
2007-01-24,48.00236511230469,48.051674974650304,47.94209471595854,48.02976226708709,463700
2007-01-25,47.65717315673828,47.92564765821961,47.60237885910625,47.914687126606,1397000
2007-01-26,47.61882781982422,47.71197145341747,47.476370145951826,47.547596892778664,1576800
2007-01-29,47.51471710205078,47.722921227299345,47.44896645081632,47.70100434355453,1015300
2007-01-30,47.56949615478515,47.61881017679317,47.536622926924586,47.60784964736153,1295100
2007-01-31,47.9694938659668,48.00236710889786,47.50376729660823,47.50376729660823,2078000
2007-02-01,47.91170120239258,48.28029827397109,47.86219060609406,48.2197825247822,986200
2007-02-02,47.972225189208984,48.07675317343645,47.90621104947523,47.90621104947523,814700
2007-02-05,48.03824234008789,48.115261632700125,47.9502220902039,48.082254563648206,395500
2007-02-06,48.30231094360352,48.318814477944755,47.9502215535349,47.97222346783216,770500
2007-02-07,48.445369720458984,48.478381003650355,48.32433814231452,48.35734942550588,836200
2007-02-08,48.48383331298828,48.582858673982386,48.362806047093095,48.406814054130066,980200
2007-02-09,48.20878601074219,48.3683271783534,48.16477798300276,48.35182364329651,878300
2007-02-12,48.0987663269043,48.219797863782915,48.04375313666058,48.13177340160306,467600
2007-02-13,47.9942512512207,48.13178636248402,47.97224512974995,48.13178636248402,1310600
2007-02-14,48.45085144042969,48.516869781149985,48.14827262534123,48.14827262534123,2262500
2007-02-15,48.593902587890625,48.731437688028045,48.593902587890625,48.70392898910529,893800
2007-02-16,48.764434814453125,48.808447044849856,48.67641455089697,48.73692612114584,1476700
2007-02-20,48.87445068359375,48.87995326051943,48.68740504048457,48.68740504048457,847400
2007-02-21,48.79192733764648,48.79742571669588,48.676398419070445,48.70390290602517,379800
2007-02-22,48.52790451049805,48.65993708658478,48.46188612383472,48.637935154936926,485200
2007-02-23,48.87445068359375,48.92946805837777,48.681902463558885,48.70390857402521,735700
2007-02-26,49.19903945922851,49.20454203658959,49.02299475880503,49.045000871012554,763400
2007-02-27,49.82072448730469,50.20582537227022,49.29259008817739,49.36960942572268,3243200
2007-02-28,49.59514236450195,49.77118706946902,49.4521047300797,49.60064494200504,1701900
2007-03-01,49.563682556152344,49.93920700477428,49.50845923996919,49.85636992386508,2423900
2007-03-02,49.81217193603515,49.96680306513521,49.51948467202811,49.679635181502576,1619800
2007-03-05,49.89502716064453,49.97786424237408,49.734876592839115,49.96682126433567,1505200
2007-03-06,49.74591827392578,49.90054522894988,49.69621434508602,49.734871083842044,837400
2007-03-07,49.93918991088867,49.9778466403118,49.69068296649247,49.74590626377301,915400
2007-03-08,49.89502716064453,49.93368390368246,49.76249035783863,49.861894013260304,574700
2007-03-09,49.37033462524414,49.64645506026982,49.254364548124975,49.35928744841557,1534700
2007-03-12,49.563682556152344,49.69069997531564,49.52502581349725,49.55263957822329,594400
2007-03-13,49.861873626708984,49.88948316715105,49.690680150859414,49.82874049287159,553800
2007-03-14,49.63544845581055,49.99992975034051,49.61335829736022,49.7845559720335,1698100
2007-03-15,49.629974365234375,49.67967410715017,49.51952347219245,49.56922742737901,394900
2007-03-16,49.618865966796875,49.657522678362646,49.50841942325624,49.51946239230408,623800
2007-03-19,49.51396179199219,49.536047738463694,49.43664412627327,49.46978147251485,693900
2007-03-20,49.541561126708984,49.67409784457275,49.53051815574795,49.652011902650706,768400
2007-03-21,49.563682556152344,49.751442673828834,48.978307820726855,49.35935165167884,1513400
2007-03-22,49.17156982421875,49.4145573640657,49.055599647455544,49.4145573640657,1484300
2007-03-23,49.03353500366211,49.259951881848785,49.02801140762752,49.254432499083485,1679700
2007-03-26,49.09428405761719,49.298610773830426,48.87338655257876,48.93965706807113,763600
2007-03-27,49.011436462402344,49.04456960641267,48.906509222011536,48.95068955620436,619800
2007-03-28,48.91202163696289,49.210232504697565,48.82366520204203,49.09978590772958,816900
2007-03-29,48.84575271606445,48.96724650458302,48.77396284706155,48.89545663558011,823000
2007-03-30,48.751922607421875,49.10535714689148,48.71878943599412,48.95625366219451,2015100
2007-04-02,48.83280944824219,48.89932558171099,48.782925519804394,48.83835351658586,579600
2007-04-03,48.77180480957031,48.87157682869558,48.76626497381165,48.78843277461082,617000
2007-04-04,48.82173156738281,48.96584353102792,48.72195946930548,48.87161550197867,576900
2007-04-05,48.638797760009766,48.84388595102574,48.616625720801224,48.83279781697943,436400
2007-04-09,48.31731414794922,48.39491417814601,48.29514210662378,48.378286204373055,1283900
2007-04-10,48.46141052246094,48.52792661928852,48.39489442563335,48.43923849018507,674400
2007-04-11,48.42815017700195,48.54455016418488,48.37826205170506,48.4835781382011,476200
2007-04-12,48.43925094604492,48.5390230025007,48.3782788988284,48.500222993261445,495100
2007-04-13,48.28961944580078,48.48361959030355,48.22864736768762,48.45036363092764,557800
2007-04-16,48.555686950683594,48.60003105949452,48.44483090754327,48.44483090754327,833600
2007-04-17,48.827247619628906,48.86605185503499,48.68867556363647,48.716391666388375,1254200
2007-04-18,49.07112121582031,49.08774918097903,48.976893260666046,48.98243732534638,450800
2007-04-19,48.98798751831055,49.17090363149364,48.88821547738189,49.14319175999761,1305900
2007-04-20,48.86050796508789,49.026791895548946,48.81061982573108,49.026791895548946,664500
2007-04-23,49.03787612915039,49.104388004492904,48.79953204177886,48.85496001419203,419000
2007-04-24,49.22079086303711,49.23187476565545,49.02678662170968,49.02678662170968,881300
2007-04-25,49.0489616394043,49.215249790976266,48.83833364577873,49.09330571034128,569000
2007-04-26,48.69422149658203,49.01570969374029,48.69422149658204,49.01570969374029,2048400
2007-04-27,48.68312454223633,48.80506860011687,48.65540844585163,48.782896568785624,428700
2007-04-30,49.19309616088867,49.193096160888665,48.915951957165355,48.96029604469347,485700
2007-05-01,49.22871017456055,49.312158946416126,49.01731029765648,49.27878113542624,487200
2007-05-02,49.20087814331055,49.22313142368315,49.11742940300813,49.20087814331055,443900
2007-05-03,49.08962631225586,49.16195055602893,48.96167521760898,49.16195055602893,427000
2007-05-04,49.28987884521485,49.31213212189652,49.234247775699934,49.2453722918515,262000
2007-05-07,49.42338943481445,49.42895381453616,49.32881620143617,49.34550509622314,210200
2007-05-08,49.312164306640625,49.51800406700836,49.312164306640625,49.51800406700836,488400
2007-05-09,49.11743927001953,49.323278971531956,49.10075036748233,49.317714589226185,634900
2007-05-10,49.23423385620117,49.28430053129619,49.128531882941914,49.17860280241427,519500
2007-05-11,49.06180191040039,49.34552170603597,49.02841986521184,49.31214390522697,1238400
2007-05-14,48.933834075927734,49.11185604197889,48.93383407592773,49.08404262988311,315200
2007-05-15,48.91716384887695,49.07293259807306,48.766959481975015,49.0618080778648,382400
2007-05-16,48.883750915527344,48.956070855861405,48.86149764672216,48.87818653723179,599500
2007-05-17,48.68347930908203,48.80030579558966,48.62784825517992,48.73354598428072,397000
2007-05-18,48.36082458496094,48.67792633531299,48.33300692930371,48.59447761271963,856500
2007-05-21,48.50547790527344,48.53329132179945,48.30520263101791,48.36083370844908,821100
2007-05-22,48.25514602661133,48.51105245432647,48.221768219112086,48.49992793328685,920200
2007-05-23,48.11606216430664,48.31077309914501,48.01592450576405,48.31077309914501,914500
2007-05-24,48.160552978515625,48.17167749499,47.82119792693509,48.09935752695988,1598200
2007-05-25,48.049278259277344,48.18279364391533,48.02702498777475,48.06596715180989,754900
2007-05-29,48.04371643066406,48.160542928971125,47.74886799526369,48.12716514213419,1055700
2007-05-30,48.14386749267578,48.282947302542176,48.06041875788016,48.282947302542176,612000
2007-05-31,48.05483627319336,48.16610262579609,47.86568984033477,48.154973868347135,1725900
2007-06-01,47.80238723754883,48.50051770376645,47.774464575530246,47.97552649068494,1694300
2007-06-04,48.02022933959961,48.04256577478407,47.84709000902918,47.93645279397549,877700
2007-06-05,47.71864700317383,47.99789937700129,47.68513382079845,47.96997243519732,1145400
2007-06-06,47.696285247802734,47.774475537075354,47.61809495853012,47.67394455643182,1129200
2007-06-07,46.8417854309082,47.3109272806004,46.76359512262616,47.26624588699575,5010400
2007-06-08,46.80268096923828,46.98140224706283,46.556937614335254,46.69656374579354,5307600
2007-06-11,46.66864013671875,46.85294766601409,46.50109132367435,46.629544987569886,2043800
2007-06-12,45.99285507202149,46.59045485105029,45.90907852595999,46.305620559914225,9043900
2007-06-13,46.54016876220703,46.78032580446001,46.16038563169186,46.18830829271427,8751200
2007-06-14,46.422908782958984,46.75242448641344,46.38381362727706,46.43407700127422,3384700
2007-06-15,46.741268157958984,46.7636088613248,46.467597737517906,46.590469475503134,5827200
2007-06-18,46.64632415771485,46.71893251678452,45.931438616761966,46.70776003336429,17704600
2007-06-19,47.08196640014648,47.16573872919573,46.75803252430814,46.81388216402576,4620100
2007-06-20,46.702144622802734,46.95905616386672,46.68538590966846,46.92554299864906,3031700
2007-06-21,46.47875213623047,46.74683195021139,46.47316589729909,46.65747343256836,850400
2007-06-22,46.780372619628906,46.78595460078949,46.32798074341698,46.38383464345735,2118900
2007-06-25,47.037254333496094,47.10985839171325,46.89204195601018,46.998159185063535,1323500
2007-06-26,47.04841995239258,47.09310133700643,46.89762560563503,47.07634688303908,2187800
2007-06-27,47.09311294555664,47.32768388102455,47.02609085211477,47.2550798089185,6109300
2007-06-28,47.08196640014648,47.238347095777584,47.01494427585271,47.093134623668256,3612500
2007-06-29,47.567832946777344,47.640441267557435,47.27182620804781,47.38911165578678,1962200
2007-07-02,47.81786346435547,47.86271651387133,47.54874944468257,47.54874944468257,2811700
2007-07-03,47.5263557434082,47.84592645642728,47.492718071750986,47.79546994894146,1387500
2007-07-05,46.99374008178711,47.330129636129435,46.9376758689676,47.2684577188004,4586800
2007-07-06,46.80313873291016,46.84238412457732,46.69100598712762,46.83677641793147,1437800
2007-07-09,46.97129821777344,47.05539664827999,46.9152340232437,47.02175898704691,795400
2007-07-10,47.76742172241211,47.76742172241211,47.3357227119469,47.36375694840555,2258000
2007-07-11,47.27408218383789,47.70578148077035,47.27408218383789,47.6272906995099,1191300
2007-07-12,47.111480712890625,47.419840328996,47.02177881929448,47.40302149128583,1941200
2007-07-13,47.240421295166016,47.403010484320625,47.06101327220656,47.34694200173825,725900
2007-07-16,47.69454574584961,47.716972282846655,47.38618620892092,47.38618620892092,952000
2007-07-17,47.59360122680664,47.70572957018813,47.374947963017256,47.576782403041626,734200
2007-07-18,47.773048400878906,47.95806416917771,47.5487872524039,47.61606688017409,1836800
2007-07-19,47.76183319091797,47.80107856774384,47.5431797661131,47.5992439790893,1021000
2007-07-20,48.19351577758789,48.26079537649845,47.834699804912525,47.868337465655905,1459900
2007-07-23,48.11503219604492,48.19913063781589,48.04214916113645,48.04214916113645,777900
2007-07-24,48.29444885253906,48.30566426140884,48.05897659537619,48.22156580458633,1351600
2007-07-25,48.38975143432617,48.434604508460474,48.215951118836465,48.25519648934783,881100
2007-07-26,48.79341506958008,49.0344949692098,48.58036940749356,48.630825902162435,2866400
2007-07-27,48.933597564697266,49.09057909284057,48.69251756721267,48.80465028547634,5367800
2007-07-30,48.79341506958008,48.978430771547465,48.72613974335491,48.88312120777909,1803900
2007-07-31,49.146636962890625,49.19709346712885,48.748571245917255,48.849488531818615,2467600
2007-08-01,49.040245056152344,49.27101150510888,49.017730942049646,49.11341700051817,2154700
2007-08-02,49.16407775878906,49.220360905249635,48.96145499622795,49.0852804949185,2079400
2007-08-03,49.49054718017578,49.490547180175774,49.12470013056758,49.12470013056758,1577600
2007-08-06,49.130313873291016,49.372335293125126,49.06277151398989,49.36107608617697,1298400
2007-08-07,49.09089660644531,49.36668695419847,48.92204291933982,49.209092469768095,1890800
2007-08-08,48.49431228637695,48.90518321574494,48.325458513623374,48.90518321574494,6453000
2007-08-09,48.56185531616211,48.888303686598874,48.24666615526056,48.82639091654603,2637500
2007-08-10,48.44927978515625,48.798237920136344,48.39299663055908,48.68004200724346,1496400
2007-08-13,48.5899543762207,48.62935298511352,48.347933123271574,48.35918802832968,1312600
2007-08-14,48.719425201416016,48.84325067875629,48.4098658021934,48.41549110997936,1314700
2007-08-15,48.54496383666992,48.8263839168825,48.54496383666992,48.770100759665915,1101700
2007-08-16,49.04585647583008,49.30476225083677,48.83197891233584,48.89389162963381,2410200
2007-08-17,48.848876953125,48.91641928910825,48.4323766165478,48.629369728839194,2114400
2007-08-20,48.877010345458984,49.11903165189537,48.871385038749885,48.944552673113535,1048700
2007-08-21,49.113433837890625,49.197860721187446,48.99523791892693,49.0233773506061,1517200
2007-08-22,49.03464889526367,49.1415856331563,48.86016548078385,48.99525024569676,1137800
2007-08-23,49.20351028442383,49.34985000133007,48.984002856130346,49.01777190844264,1618800
2007-08-24,49.44550323486328,49.57495835070645,49.28227908624768,49.40047499508051,1614600
2007-08-27,49.70438766479492,49.80007370646126,49.61433551832519,49.68750315571481,1585400
2007-08-28,49.788856506347656,49.94645111621253,49.68754507227294,49.77197198302371,1298900
2007-08-29,49.653751373291016,49.96331083351085,49.61998234340894,49.80571630188928,2686700
2007-08-30,49.98581314086914,50.070239989754945,49.7944496245807,49.87324687177334,1806800
2007-08-31,50.02521133422851,50.20531993970954,49.83384781958588,49.861987239553855,2763200
2007-09-04,50.04898834228515,50.371119201226165,49.84553681961794,50.20157914013183,931000
2007-09-05,50.45023727416992,50.49544968047497,50.139411682130536,50.16201788528306,1271500
2007-09-06,50.32024383544922,50.57455600894343,50.26937881373562,50.47283027720749,1768400
2007-09-07,51.03230667114258,51.14533330736692,50.68756982546161,50.72147695399095,2852200
2007-09-10,51.427879333496094,51.580465649760576,51.14530856792743,51.14530856792743,2495200
2007-09-11,51.38835906982422,51.580505268386965,51.25837452067982,51.360100246886866,3925400
2007-09-12,51.19618606567383,51.3939891159452,51.10011300860375,51.37138292986592,4458300
2007-09-13,50.73845672607422,51.04928660377809,50.62543003146846,51.032333030756426,2020600
2007-09-14,50.81190490722656,51.19619721922842,50.64801325621338,51.1905489052449,1357200
2007-09-17,51.054908752441406,51.08316756745497,50.72712978140901,50.76103691007344,1285400
2007-09-18,50.67060470581055,50.99838360078736,50.2976091302899,50.74972419546241,3132800
2007-09-19,50.20157241821289,50.30329816592556,49.94160757665648,50.13375381584046,3854700
2007-09-20,49.2520866394043,49.89634765747393,49.2238278374044,49.83418174242442,5903200
2007-09-21,49.6702880859375,49.805920844115064,49.495095593637835,49.495095593637835,2217600
2007-09-24,49.81159210205078,49.89071159989506,49.68161191774486,49.74942616636039,1943600
2007-09-25,49.63641357421875,50.0828761877862,49.63641357421874,50.01505760831212,2513500
2007-09-26,49.681644439697266,49.80597208077455,49.4103743325921,49.517752712109655,2646400
2007-09-27,50.02635192871094,50.17329000894754,49.81725221512915,49.8681129092361,1802900
2007-09-28,50.139373779296875,50.48411057130763,49.85680292103815,50.38803751430506,1254700
2007-10-01,50.425899505615234,50.48263778061145,50.17059458222291,50.31810630587228,1399400
2007-10-02,50.58473587036133,50.70387839822982,50.31240700057584,50.352121176532,887800
2007-10-03,50.437232971191406,50.73792668825576,50.34078485977855,50.68119275969063,1164600
2007-10-04,50.63014602661133,50.67553491596203,50.44292443295448,50.49965838038149,1128700
2007-10-05,50.08549499511719,50.17627277863093,49.762106716264704,50.10251474739528,2184700
2007-10-08,50.0457763671875,50.21030783885051,49.796141813143954,49.796141813143954,280100
2007-10-09,49.983367919921875,50.1308796413777,49.80181669679263,50.017411750117894,901000
2007-10-10,50.01173782348633,50.17059460509377,49.8074921532703,49.91528968158506,855500
2007-10-11,49.960689544677734,49.977709300988465,49.61460673794634,49.654320945512694,1533400
2007-10-12,49.71669006347656,50.028733109411306,49.631591349603944,49.65428145428962,1133900
2007-10-15,49.728084564208984,49.767798776223685,49.58624747436728,49.631636381962494,553300
2007-10-16,49.745079040527344,49.915285193243456,49.66565065686576,49.72805929096018,855500
2007-10-17,50.289756774902344,50.46563337609638,49.7961621582465,49.7961621582465,2377000
2007-10-18,50.56773376464844,50.686876344269976,50.50532512839109,50.55638870738456,1374100
2007-10-19,51.32229232788086,51.40172069040552,50.840047461546526,50.85139251539814,2561800
2007-10-22,51.32794570922851,51.43006846557919,51.10100576972487,51.390354300805,1866500
2007-10-23,51.259864807128906,51.35631287912408,51.118027879423224,51.20880559084423,1046600
2007-10-24,51.64007186889648,51.849992426245144,51.379092011086264,51.46419517371554,2829300
2007-10-25,51.46412658691406,51.73078078780039,51.458451896027725,51.662697482727005,3062200
2007-10-26,51.34500503540039,51.62867909636945,51.254227258199414,51.271251337816594,1366500
2007-10-29,51.54355239868164,51.62298075308259,51.33363645998801,51.34498151267928,881000
2007-10-30,51.51522445678711,51.634367073623395,51.29962934472966,51.475510251175024,1439600
2007-10-31,51.04996109008789,51.4584479032703,50.91946918095256,51.34498006547305,2498500
2007-11-01,51.71327209472656,51.86143254889843,51.263095430266524,51.263095430266524,2563400
2007-11-02,51.87853240966797,52.163454047892714,51.4055614468007,51.542322615832006,1927700
2007-11-05,51.855716705322266,52.07795514339763,51.74174983620165,51.94689367866466,1021500
2007-11-06,51.60501480102539,51.94122465399844,51.559430635036456,51.62780905779983,575800
2007-11-07,51.69618225097656,51.71897650352818,51.468244073019555,51.593610288273865,1456100
2007-11-08,51.60501480102539,51.82155806660259,51.53093672717842,51.656302965657865,2179600
2007-11-09,52.04380798339844,52.191964163396534,51.81586971351406,51.878552846421286,887200
2007-11-12,52.231807708740234,52.419852581067005,52.055153435111734,52.419852581067005,460600
2007-11-13,52.038082122802734,52.1349544257579,51.95260477120048,52.09506557468467,1116600
2007-11-14,52.09505844116211,52.14634658412391,51.81013687320883,51.82723147167673,684400
2007-11-15,52.58514404296875,52.744699486574646,52.13496727133227,52.2033500389747,1312900
2007-11-16,52.65919876098633,52.824449420965266,52.54522754153493,52.57941673359161,1333800
2007-11-19,53.00114822387695,53.234781811685,52.6592429735748,52.733321067745905,1343900
2007-11-20,52.944129943847656,53.16066877895988,52.88144684860706,53.04669753872322,1367800
2007-11-21,53.25186538696289,53.32594781334342,53.132198791533064,53.22337582475211,1297800
2007-11-23,53.41143035888672,53.45131922788643,53.17209279732781,53.24617523087059,437400
2007-11-26,54.46565246582031,54.91012977930729,53.63368132947464,53.69066482010293,4427000
2007-11-27,53.94704818725586,54.27755824676559,53.55955468413778,54.11230321701072,3100300
2007-11-28,53.58234786987305,53.9584464158439,53.47407628587089,53.884364027818016,2088100
2007-11-29,54.0439567565918,54.37446703797759,53.941389097776536,54.03256179924376,1594500
2007-11-30,53.781829833984375,53.7875294864995,53.41713032911466,53.49690807408235,1952100
2007-12-03,54.208621978759766,54.408864036562115,53.93972363044682,54.214344427539686,1272700
2007-12-04,54.20286560058594,54.38594456239599,53.86531553800827,54.294407263964345,1721200
2007-12-05,53.55633544921875,54.04836066953936,53.5277276060827,53.90533018374718,1866000
2007-12-06,53.08723831176758,53.40190301452969,52.94420771098092,53.39046248704367,2270200
2007-12-07,52.49221420288086,52.83548666527831,52.28052740801178,52.73822693450583,2171000
2007-12-10,52.177608489990234,52.457951863189784,51.92015492230649,52.42934397124649,2242500
2007-12-11,53.20167541503906,53.33898797164162,52.39498487850541,52.48080413514482,2892400
2007-12-12,52.652442932128906,53.00716052058026,52.217628527728706,52.32061077179851,2225400
2007-12-13,52.080299377441406,52.53227657991144,52.00592503967318,52.41213140431014,1222100
2007-12-14,51.84001922607422,52.01737580138916,51.77708540290798,51.94300144898733,1354900
2007-12-17,52.30341720581055,52.372073450024466,52.02307851392683,52.10317528303647,2046200
2007-12-18,52.64097213745117,52.80688812223191,52.3777964127824,52.40067746280004,1417100
2007-12-19,53.33897018432617,53.52776724803498,52.56660149708722,52.86410757223265,2252400
2007-12-20,53.22455978393555,53.705144992601184,53.21883733628693,53.35614989016205,1659400
2007-12-21,52.44644927978515,53.161602142327055,52.44073119964643,53.15016161710292,1767600
2007-12-24,52.20047378540039,52.33206392662434,52.10893642342051,52.18903325200908,550300
2007-12-26,51.74277114868164,52.42359409830432,51.65122943430763,52.07459895091447,674700
2007-12-27,52.30681610107422,52.36426175235716,51.990886931457474,52.203420064247965,468600
2007-12-28,53.12249374389648,53.17993500820304,52.55955883572209,52.64572292342571,1967800
2007-12-31,53.44418716430664,53.582047123723214,53.19144025330201,53.29483631848672,1647600
2008-01-02,54.21393203735352,54.41498318866586,53.536114086404815,53.56483693158968,2959600
2008-01-03,54.1392822265625,54.21395552090174,53.806116361062315,53.99567670341512,1256700
2008-01-04,54.15069961547851,54.44940117652146,54.1104902956251,54.28281845641812,2420200
2008-01-07,54.38629913330078,54.44374048214842,54.01292379205018,54.09908800656863,1315500
2008-01-08,54.32310485839844,54.40352361221599,53.95547501737724,54.24843155342311,1604800
2008-01-09,54.42646408081055,54.74239781527844,54.35179082652287,54.44944147808915,2203500
2008-01-10,53.691253662109375,54.54139622109478,53.59934398951938,54.495445767294186,2681800
2008-01-11,54.11049270629883,54.156447468889255,53.6509582278567,53.71988598925496,1872900
2008-01-14,54.31159210205078,54.31159210205078,53.99565830577579,54.11054093215328,906100
2008-01-15,54.920467376708984,54.931953884147134,54.610279085993696,54.66197932569146,1435300
2008-01-16,54.52411651611328,55.081306366499234,54.41497935358253,54.96067831370804,3505100
2008-01-17,55.23065948486328,55.31107818996003,54.52986415545669,54.54709610905018,2940500
2008-01-18,54.85154724121094,55.0123846756404,54.69645525300864,54.88601553608253,2676800
2008-01-22,55.43744659423828,55.5006333399301,54.742396774118674,55.380005293379455,5423500
2008-01-23,55.311065673828125,56.385235823822995,55.07555067470235,56.28183974316846,7636600
2008-01-24,54.20240783691406,55.00085329392395,54.19091695383442,54.88597075805449,5676700
2008-01-25,55.11578369140625,55.14450654155996,54.07033593018884,54.10480422687162,4371100
2008-01-28,54.90895462036133,55.144469562713326,54.77684011622766,54.96065483947049,1633500
2008-01-29,54.53556060791016,54.75383912815145,54.328768585581855,54.73086174983866,3100200
2008-01-30,54.17950820922851,54.437996477149426,53.76017802477435,54.39204602634832,3468000
2008-01-31,54.56432342529297,54.81707040982539,54.357531234764686,54.74239715643643,11441000
2008-02-01,54.892330169677734,54.99032024936943,54.50612647124647,54.75975199301201,4163700
2008-02-04,54.32743835449219,54.56377202747217,54.25826655802211,54.40813658484542,1729600
2008-02-05,54.742435455322266,55.11134274003268,54.62714918027417,54.99606086270632,2594600
2008-02-06,54.57532501220703,54.67331513991897,54.39087119627391,54.54650231689135,1339800
2008-02-07,53.39936065673828,54.488790273683314,53.05927616363868,54.488790273683314,5419700
2008-02-08,54.010379791259766,54.02767603013253,53.6587643621132,53.75099337854842,2832800
2008-02-11,54.235206604003906,54.586822189280134,54.02770002032756,54.34472751022147,2960200
2008-02-12,53.91239547729492,53.98156724695738,53.58383726741175,53.791348178677126,2897700
2008-02-13,53.34169006347656,53.84893601424525,53.260991943984216,53.56649259602205,3697500
2008-02-14,52.557804107666016,53.08810772009202,52.25806862168821,52.91518492354679,7505000
2008-02-15,52.96129608154297,53.07081693326631,52.71920152294315,52.80566512179204,3687800
2008-02-19,52.42523193359375,52.85754557042181,52.24654370430911,52.534752795527815,2911600
2008-02-20,52.78835678100586,52.78835678100586,52.20040801079127,52.23499607815209,2550100
2008-02-21,53.34751892089844,53.520441783599566,53.059309752006975,53.0766015985048,4197200
2008-02-22,53.04197311401367,53.5204010254833,52.95551394736698,53.31289023009212,1959700
2008-02-25,52.50012969970703,53.1111311071375,52.25226989141984,53.00161032742131,3460900
2008-02-26,52.51742935180664,52.6500029912681,52.29839215746388,52.43096579692534,2618900
2008-02-27,52.56352996826172,52.78256710482422,52.22920665636271,52.701868980947616,2494400
2008-02-28,53.49738693237305,53.514678779649856,53.14001036139079,53.226469597774816,3410900
2008-02-29,54.31587600708008,54.44844969883567,53.906615312388965,53.98155247511421,3822000
2008-03-03,54.17586517333984,54.4998544132963,53.95022917922413,54.19322110919146,2036900
2008-03-04,53.64939498901367,54.45358590446845,53.53368136670373,54.34944585140118,3401100
2008-03-05,53.007179260253906,53.840294964749866,52.93775111237018,53.840294964749866,3871200
2008-03-06,53.29069137573242,53.481615549173206,53.0361258111447,53.12290992761993,1342600
2008-03-07,53.360111236572266,54.00808978869545,53.07661620599553,53.97337791312395,3601300
2008-03-10,54.146915435791016,54.45933540643344,53.57993447775233,53.63778904697781,3579000
2008-03-11,53.6840705871582,53.82292242606593,53.34850793027918,53.80556649795501,3309200
2008-03-12,54.719703674316406,54.77755826054875,53.78823026970309,53.88079672487045,4752900
2008-03-13,54.291603088378906,55.072655927245705,53.95604451827078,54.980085001681616,5763500
2008-03-14,54.96266174316406,55.431289341330135,54.74281268523834,54.74281268523834,6174800
2008-03-17,55.38507843017578,55.720637013917,55.142081947709904,55.304076660003915,3329300
2008-03-18,55.17098617553711,55.63383178193832,54.933776588400214,55.13627429996501,4022300
2008-03-19,56.08511734008789,56.39175075228464,55.032147525022765,55.032147525022765,5206400
2008-03-20,56.22395324707031,56.553729292470614,56.044602679192685,56.1198132109427,3905900
2008-03-24,55.13628387451172,55.818978834792546,55.07842485314709,55.818978834792546,5596200
2008-03-25,55.36772918701172,55.43715739794515,55.124737069783315,55.182591705214975,2038200
2008-03-26,55.13628387451172,55.65697975460461,55.09578520797064,55.413987755358114,1652000
2008-03-27,54.74863815307617,55.17098509167174,54.69657034074093,54.75442493689878,2405700
2008-03-28,55.28087615966797,55.28665852572792,54.818030861718334,55.014737244234,1745500
2008-03-31,55.47761154174805,55.72639024698549,55.35032879757696,55.60489428591914,2546300
2008-04-01,54.574703216552734,55.10923560095427,54.48755013734189,55.08599448431206,3821800
2008-04-02,54.69093322753906,55.11507607269871,54.609591492761936,54.609591492761936,3794200
2008-04-03,54.81296157836914,55.004697622343606,54.6851419818462,54.905926120705864,2839100
2008-04-04,55.31260299682617,55.521768663604675,55.19059043000384,55.295173263393096,1745200
2008-04-07,55.02212142944336,55.06860369559671,54.55731206628859,54.975643596082904,2231800
2008-04-08,54.83038330078125,55.335863478346745,54.766471300639715,55.301003999284944,1305200
2008-04-09,55.39979553222656,55.568290463338,54.93498605624454,54.94079301632862,2883600
2008-04-10,55.21384811401367,55.486925840485846,54.94658177802597,55.37653158524166,1846500
2008-04-11,55.585716247558594,55.73097002959953,55.46951499504329,55.54504536589887,1987700
2008-04-14,55.260345458984375,55.60314223368887,55.19062205251193,55.39397644706488,3195300
2008-04-15,54.574703216552734,54.95236360460655,54.55727348726852,54.85939913803772,2821600
2008-04-16,54.04018020629883,54.650243001020534,53.703190605715115,54.49918236582688,4691100
2008-04-17,53.94721603393555,54.13895195600412,53.59279669900534,54.0227507847574,2020000
2008-04-18,53.90073776245117,53.96464974118155,53.34877550918792,53.45335834412938,2199700
2008-04-21,54.11574172973633,54.19708348260494,53.62769121252465,53.69160322303471,2805800
2008-04-22,54.3016357421875,54.423648302672554,53.98208030266682,53.98208030266682,1799700
2008-04-23,54.121524810791016,54.400409408231006,53.76129407024105,54.08666091151796,1221100
2008-04-24,53.66250991821289,53.72061049285416,53.34295010850136,53.60440934357162,3213600
2008-04-25,53.34878921508789,53.59862580536768,53.16286461995819,53.5347138102176,1742000
2008-04-28,53.511470794677734,53.656724518025285,53.11057353253697,53.18029248275701,1883900
2008-04-29,53.714839935302734,53.953058235033154,53.54053807888852,53.67416905886011,1269100
2008-04-30,54.09831619262695,54.150605423767225,53.36623592710924,53.69741435604454,2827500
2008-05-01,54.10177993774414,54.609095067730074,53.86853144870998,54.48664061197724,3226500
2008-05-02,53.4195556640625,53.886052850724106,53.378737493893134,53.51868487035286,2730800
2008-05-05,53.4195556640625,53.57116791705456,53.145488900562334,53.56533547878839,1309300
2008-05-06,53.034664154052734,53.69359138289592,52.941367439971025,53.65277323632686,4037500
2008-05-07,53.26210403442383,53.31458707428864,52.8422619597369,52.90640542576816,3876200
2008-05-08,53.74026107788086,53.76358192806246,53.30874971914105,53.32041459307774,2829500
2008-05-09,53.93852996826172,54.15428568971961,53.76942485395907,54.07264935162133,2064300
2008-05-12,53.85684967041016,54.32334646349875,53.85101723706468,54.090098066954454,1947400
2008-05-13,53.26793670654297,53.67612280570756,53.24461140526102,53.54783587308001,2123300
2008-05-14,53.29124450683594,53.65277988470744,52.90055584857076,53.64694744909076,2600900
2008-05-15,53.7752571105957,53.839400583006,53.11632952108024,53.16298012807805,2164300
2008-05-16,53.55364990234375,54.16592666706996,53.51866418396345,53.57697519754567,1902600
2008-05-19,53.62362289428711,53.79856037443888,53.238766666336126,53.79856037443888,1348200
2008-05-20,53.90349960327149,53.9384853052451,53.588614938979696,53.90349960327149,1466000
2008-05-21,53.91515350341797,54.037607894365735,53.56528317944683,53.676077154094,1762100
2008-05-22,53.27961730957031,53.606162726220035,52.97056031298667,53.606162726220035,2855900
2008-05-23,53.512813568115234,53.82187028791139,53.471995427590265,53.54780372345354,1802000
2008-05-27,53.15134811401367,53.39042481719951,53.05221885778659,53.28546311976815,1985800
2008-05-28,52.678955078125,52.86555738209388,52.56233308698824,52.79558151810555,3250700
2008-05-29,52.29996490478515,52.539041474507584,51.97924755032584,52.48656287951241,3302400
2008-05-30,52.64397430419922,52.73727546492758,52.51568743261981,52.55650557822742,2514600
2008-06-02,52.84708023071289,53.046059335246866,52.44911755662598,52.65980394084958,3076400
2008-06-03,53.22745895385742,53.496672690002995,52.56028718083949,52.70659685851916,2447700
2008-06-04,52.75343322753906,53.4849818405957,52.61297714403733,53.4849818405957,2813000
2008-06-05,52.43738555908203,52.68903837355767,52.349598862866465,52.566138784862616,2632200
2008-06-06,53.116268157958984,53.30939354462042,52.794385071828,52.92899194376018,3864800
2008-06-09,53.116268157958984,53.4849669488768,52.78268226188558,52.95240202866218,1812000
2008-06-10,52.771018981933594,53.08704869405761,52.49595583628746,53.051935769939675,1935300
2008-06-11,52.64811325073242,53.09289625369231,52.50180346364223,52.70078709589548,2265400
2008-06-12,52.12139892578125,52.46083871516812,51.98094277552549,52.41401851007603,4413100
2008-06-13,52.01018524169922,52.402294252630746,51.89898841635317,52.068708241611304,1983600
2008-06-16,52.021873474121094,52.191593251807355,51.86386097214695,52.1506267168498,1756800
2008-06-17,52.12724685668945,52.244292891575775,51.84633012193425,52.17406705665199,1712200
2008-06-18,52.56617736816406,52.65396412881466,52.13895084767525,52.256001350216074,2590000
2008-06-19,52.25601959228515,52.52522914457733,52.10385611837335,52.3906221359204,1700500
2008-06-20,52.56029510498047,52.71245844291268,52.49006930671768,52.63637900645542,4580900
2008-06-23,52.67151641845703,52.92316939772378,52.57202684793803,52.71833661576707,1594100
2008-06-24,53.022666931152344,53.14556661878336,52.75345745371956,52.893913601723526,3118400
2008-06-25,53.04607009887695,53.1163003962083,52.560320588629814,53.05192373990953,3251600
2008-06-26,53.403079986572266,53.514276869597595,53.133870475319185,53.25677017838987,4052300
2008-06-27,54.02923202514648,54.09946227059891,53.52007279190365,53.68394336462598,4144800
2008-06-30,54.04096221923828,54.3218788783882,53.888803307841776,54.08193323194367,3743000
2008-07-01,53.912933349609375,54.48853465492299,53.84832439966767,54.441549994072744,3805100
2008-07-02,54.194847106933594,54.25945604241165,53.95991041188272,54.01276982393011,2413700
2008-07-03,54.07734680175781,54.21243935459471,53.766051831761665,53.86590031626466,1405100
2008-07-07,54.32408142089844,54.7117351511032,53.78959445240797,54.077395127748986,3528400
2008-07-08,54.67649841308594,54.7058677533764,54.28297434753393,54.3299634995458,2176600
2008-07-09,54.91722869873047,54.99945734577866,54.57656460031643,54.5883141105377,1582000
2008-07-10,54.911380767822266,55.06996786540297,54.58834077693514,54.81740704577183,2723600
2008-07-11,54.130245208740234,55.058255952726505,53.95403819800096,54.92903807566843,5466000
2008-07-14,54.60599136352539,54.776323591994526,54.20659273704291,54.25945214529373,4135400
2008-07-15,54.58835983276367,54.87616033848885,54.447392478787755,54.66471378865392,4541400
2008-07-16,53.60163497924805,54.17723625077067,53.572265646950974,54.08326245345575,3435900
2008-07-17,53.3255729675293,53.80720038375088,53.190480328810736,53.601628525814306,5899900
2008-07-18,53.1258659362793,53.56637893568834,53.03776692130145,53.30794768987007,3475200
2008-07-21,53.33148193359375,53.3902161476547,53.00843703455864,53.12590546268052,3657200
2008-07-22,53.06712341308594,53.30793929913387,52.87917140883382,53.237455617115856,2675200
2008-07-23,52.9614143371582,53.07888717203283,52.71472810561715,52.99078366615947,2871900
2008-07-24,53.478294372558594,53.59576274502673,53.067146106657766,53.067146106657766,2613300
2008-07-25,52.94378662109375,53.35493027889377,52.86155788953375,53.18460253575504,3765300
2008-07-28,53.478294372558594,53.72498064342039,53.2727179990426,53.41955570519335,1275900
2008-07-29,53.26093673706055,53.443013934913864,53.04361546652765,53.249191700252766,1349100
2008-07-30,53.31382369995117,53.61924858846604,52.8791854152051,52.914425024983565,1667500
2008-07-31,53.842403411865234,54.06559940409337,53.607462384790686,53.87177272067231,3898700
2008-08-01,53.96150970458984,53.97329743714495,53.54297548890444,53.62550310904421,1804800
2008-08-04,53.83772277832031,54.02046188142906,53.64908755973177,53.69624299131513,2029900
2008-08-05,53.436859130859375,53.9968685323316,53.419175286221744,53.84949716379499,2191200
2008-08-06,53.218753814697266,53.29538981322027,52.94759100607359,53.29538981322027,3139500
2008-08-07,54.08528900146485,54.17371271675445,53.30716840226688,53.4250636910417,2765600
2008-08-08,54.2326774597168,54.27983738906218,53.96151461210842,54.16783368122149,1035400
2008-08-11,53.71390151977539,54.102959474517576,53.407366648847976,54.102959474517576,3939400
2008-08-12,54.21500015258789,54.25036785515548,54.05583649619583,54.120680282515714,1315000
2008-08-13,54.0263557434082,54.4389938614158,53.91435204105549,54.40952228008279,1940300
2008-08-14,54.374141693115234,54.586356834596195,54.27393023669852,54.38593392176278,2605300
2008-08-15,54.845733642578125,54.94004898767484,54.56867472696424,54.6276223798269,1964900
2008-08-18,55.063846588134766,55.140478089456394,54.79857539601942,54.86931528006706,1262200
2008-08-19,54.851619720458984,55.13457020139312,54.75729989520307,55.08151867274928,1944700
2008-08-20,55.00489044189453,55.24068554084675,54.910575100764106,55.04615424690486,2500000
2008-08-21,54.90467834472656,55.19352497642259,54.67477936272521,55.19352497642259,2267000
2008-08-22,54.86935043334961,54.9224020073107,54.60997518975143,54.88703429133664,1990000
2008-08-25,55.41755676269531,55.60619202329523,55.323236883685674,55.4824005551596,2028300
2008-08-26,55.464725494384766,55.52956930238593,55.24072247419377,55.38809394739269,1270900
2008-08-27,55.55901336669922,55.582593328507855,55.08153150797345,55.11100308717086,1555300
2008-08-28,55.564910888671875,55.6533346233391,55.22890429487079,55.35859183939366,1886500
2008-08-29,55.317325592041016,55.50596529831195,55.12279876543084,55.42343317810935,1739100
2008-09-02,55.83205032348633,55.855716033602974,54.92685383817194,55.00968608046655,2916000
2008-09-03,56.0687141418457,56.13971129213247,55.766986409118296,55.77289945297841,2105000
2008-09-04,56.51833724975586,56.536085403707986,56.09236349981424,56.20477449320789,3049800
2008-09-05,56.48875045776367,56.979799197715,56.44733659984556,56.80822621097655,4167800
2008-09-08,56.72541809082031,56.72541809082032,55.94446756189245,56.14562387967802,5426200
2008-09-09,57.287471771240234,57.31705053085159,56.52426935839627,56.695842413727746,3890200
2008-09-10,56.93248748779297,57.18688825824045,56.68991731686187,56.78458016808567,2407900
2008-09-11,56.90290069580078,57.305208761050906,56.796407251653015,57.26379489464749,3592000
2008-09-12,56.16925048828125,56.99161431688877,56.05683955031736,56.92061722231624,4138200
2008-09-15,57.99149703979492,58.080242329959006,56.837821808980735,56.962063409701265,5889900
2008-09-16,57.97965621948242,59.67171593556093,57.92641176303436,59.58297066104198,6684400
2008-09-17,58.26957321166992,58.79612297020676,57.819938157176395,58.52397401182161,4371300
2008-09-18,57.41762924194336,58.269572422020495,57.34071453894237,57.95009203682645,4188300
2008-09-19,55.59538269042969,56.21659048622809,55.43564031881621,55.53030313366442,7169200
2008-09-22,55.58944320678711,55.58944320678712,54.784827653072966,54.98006624634985,4726300
2008-09-23,55.376495361328125,55.67230997812344,55.098428899336874,55.382412917520426,2236000
2008-09-24,55.61909103393555,56.056895603818155,55.37652077025166,55.59542531208042,1014900
2008-09-25,55.50665283203125,55.96220534202421,55.11026234084906,55.96220534202421,1881200
2008-09-26,55.908935546875,56.080508483327414,55.65453491886221,55.65453491886221,1992800
2008-09-29,57.53593444824219,57.93824244807127,56.29943169971837,56.30534474126238,4799800
2008-09-30,56.13377380371094,57.5596022644099,55.9681183589665,57.41169497249203,1358100
2008-10-01,56.83998107910156,57.504639000751325,56.34742220486857,56.99427755740827,1767800
2008-10-02,57.296932220458984,57.47496243110933,57.01207754476235,57.30879909012442,931900
2008-10-03,57.8013801574707,58.03282268959696,56.66790124529212,57.78950875563113,1903100
2008-10-06,58.85175323486328,59.26123043727197,58.52536223481419,58.59657251167713,2906200
2008-10-07,58.67375564575195,59.14850769010837,58.145591336432105,58.34735993657038,1972000
2008-10-08,57.83100891113281,59.308684995006075,57.37405986935535,59.15438857296264,3386300
2008-10-09,57.34442138671875,57.97940550270443,57.101112001070895,57.78357266514835,1785400
2008-10-10,56.94087600708008,57.51058549117483,56.679764065116885,57.33255071144365,2200000
2008-10-13,56.21088790893555,56.94081982487872,55.9379048362764,56.442330177659784,1532100
2008-10-14,55.84894943237305,56.53141013420518,55.724326882447485,55.93203113232342,2100000
2008-10-15,56.383018493652344,56.400821058538696,55.43944180618026,55.85485460650775,1449500
2008-10-16,56.09222412109375,56.5373063215268,55.890455696817035,56.37114302444944,1063200
2008-10-17,55.70647811889648,56.317723487838165,55.20204810908543,56.193101041243104,1691800
2008-10-20,56.15160369873047,56.34150536355718,55.40386391264467,55.45134046075455,1146800
2008-10-21,56.44829559326172,56.96458806720679,56.22278437235658,56.430488501392546,1243700
2008-10-22,57.59364700317383,57.85475885365688,56.88151266135682,57.0417448125003,1069800
2008-10-23,58.02091217041016,58.685569869308246,57.45714320867698,58.127732076882886,1802000
2008-10-24,57.403751373291016,58.780539143848394,57.237583506965834,58.64404524269842,1495400
2008-10-27,57.44529724121094,58.282049706651705,57.14263997482896,58.0209332785879,1534100
2008-10-28,56.60855484008789,57.50465547206597,56.46612971880022,57.07737558058999,1505500
2008-10-29,56.32367706298828,56.97646345468148,56.03882243205467,56.83403387540929,1745800
2008-10-30,55.81337356567383,56.25845627504087,55.66501266255147,56.08042138024787,1326000
2008-10-31,55.08930969238281,56.329603274661785,54.98248978113689,56.16343997441488,2282500
2008-11-03,55.23826599121094,55.47659401301641,55.02377122615891,55.24422544183153,1111600
2008-11-04,56.27495574951172,56.42986955770555,55.166734940368045,55.38718903103902,1608800
2008-11-05,56.942352294921875,57.00193321320733,56.24524600494346,56.53719568655505,1931700
2008-11-06,56.53119659423828,56.63248908460841,55.89367166954501,56.36436832171735,919700
2008-11-07,56.16179656982422,56.31670595101741,55.73876640598776,56.31670595101741,1277100
2008-11-10,56.43582534790039,56.66223432541517,55.81617470100482,55.88767442609025,1352100
2008-11-11,56.60269927978515,57.085310313747705,56.57886601881136,56.72782049060027,696000
2008-11-12,56.96612930297851,57.24020489295904,56.69801316265987,56.94825549972103,1199400
2008-11-13,55.60172653198242,56.75165526672264,55.56001946059723,56.54907936163165,1631900
2008-11-14,56.70399475097656,56.87678250665823,56.47758556028868,56.66824712763909,1059300
2008-11-17,56.954246520996094,57.21640792362979,56.77550382934399,57.007872510503475,490300
2008-11-18,57.68708038330078,57.7943277713035,57.174676701257695,57.424919091354326,924800
2008-11-19,59.16472244262695,59.206429516021345,57.91946060145698,58.07437453652049,2090400
2008-11-20,62.22122573852539,62.22718518671504,60.23715224399063,60.666141599103774,5459800
2008-11-21,61.32161712646485,61.95318760301288,60.4457635155522,61.51823825253356,3249300
2008-11-24,60.36231994628906,60.94622358467825,60.17761782147081,60.86280942858416,1587300
2008-11-25,62.137821197509766,62.245068552772224,61.17855444925325,61.935240839468335,2632700
2008-11-26,62.22122573852539,62.93025006410001,62.01864541162104,62.394013370208576,2577600
2008-11-28,62.989864349365234,63.138818813095014,62.52512714984505,62.70982923023654,986400
2008-12-01,65.402099609375,66.00590453988774,64.04503339849312,64.41568678811352,4031600
2008-12-02,65.65318298339844,65.98198876648738,64.67872925695092,64.89992172826013,3289300
2008-12-03,65.83849334716797,66.24501470088569,64.89990788416387,65.92218851754708,2951000
2008-12-04,67.13578033447266,67.24936403542793,65.9819773690887,66.4363212949996,2825400
2008-12-05,66.0477066040039,67.55422356514661,66.01183400325674,66.92650550406225,4557600
2008-12-08,65.90425109863281,66.50805584905149,65.57544996364621,66.04773243565245,2119500
2008-12-09,67.20750427246094,67.27326540580543,65.91022475292692,66.1075081529604,2055500
2008-12-10,67.04609680175781,67.04609680175781,66.43033757819244,66.57979387754497,2414900
2008-12-11,67.17762756347656,67.21349562031926,66.28088965405011,67.06403930208153,2416900
2008-12-12,67.17762756347656,67.29121126382674,65.96403842810841,67.27925676522746,2547100
2008-12-15,67.94281005859375,68.11617985055108,66.98629100041762,67.16563575823916,1707700
2008-12-16,69.62272644042969,69.88577100381603,68.13414287981387,69.62272644042969,4015100
2008-12-17,71.51183319091797,72.41454572070128,71.29661581083958,72.1993283406229,6407500
2008-12-18,73.0124282836914,73.62221286132947,72.00808123909346,72.18145118524362,4442000
2008-12-19,73.09012603759766,73.526535973803,72.50425520802142,72.59990945001154,2668500
2008-12-22,72.52819061279297,73.16786372536347,72.17547575157452,73.16786372536347,2221400
2008-12-23,72.43253326416016,72.6357917266032,71.67927192471726,71.8227487547386,1746400
2008-12-24,72.27710723876953,72.52819286584828,72.10971682071703,72.17547799367291,717200
2008-12-26,72.51619720458984,72.91673898631775,72.45641103689199,72.68956249557208,454400
2008-12-29,72.4292221069336,73.18500657550707,72.3452465633503,72.83710527990551,1416000
2008-12-30,73.1190414428711,73.13103599049036,72.02135499454884,72.27328168147774,2590500
2008-12-31,71.58946228027344,73.17900720448817,71.28954831632062,72.82511092365932,2738000
2009-01-02,69.79000091552734,72.2492952946864,69.79000091552734,72.00936770751021,3464200
2009-01-05,67.9905014038086,69.6760211589963,67.5406304136074,69.34011437441218,5395200
2009-01-06,67.3067398071289,67.93656141641483,66.58094803981808,66.95284327094171,4109300
2009-01-07,67.57057189941406,67.58856599303073,66.82078748991395,67.15668944094733,2565600
2009-01-08,67.51667785644531,67.73261642933464,67.17477587875838,67.56466522293786,2603600
2009-01-09,67.61859130859375,67.99048162345238,66.74283867528456,66.85680742406926,2727900
2009-01-12,68.32042694091797,68.41040207834153,66.92282625840517,66.92282625840517,2462800
2009-01-13,68.39241790771484,68.42841071611996,67.75660140058544,68.08050921827208,1767400
2009-01-14,69.52007293701172,69.60404849914597,68.7702878634381,68.7702878634381,2494800
2009-01-15,69.63407135009766,70.13192998174196,69.32816218481689,69.70005283507834,2827200
2009-01-16,68.56031036376953,69.63399795755514,67.99647084141772,68.03245904026662,2994800
2009-01-20,68.54837036132812,68.758309329531,67.31872521823907,67.35471344812348,3268300
2009-01-21,66.38297271728516,67.80456691868808,66.22102114877536,67.13875738175602,2838100
2009-01-22,65.10530090332031,66.44291414848271,64.70941241376367,66.34094453498685,4016600
2009-01-23,64.595458984375,64.97334886106593,63.995631168236535,64.73341681934593,2676200
2009-01-26,64.03163146972656,64.67344717119451,63.76171073199967,64.4395146448115,2240900
2009-01-27,65.53720092773438,65.73514066667217,64.55947847276978,64.66145269889863,3420800
2009-01-28,63.899696350097656,65.86713208113507,63.4138369806097,65.56721798612752,4348100
2009-01-29,62.43010711669922,63.76772116061544,62.178180423628675,63.317850104564464,3724400
2009-01-30,62.23215103149414,62.90395999613011,62.04620582777559,62.71201523142329,2630000
2009-02-02,63.38998794555664,63.56441772680669,62.18702773467001,62.565958549084854,2700200
2009-02-03,61.88028335571289,63.05317253758045,61.802092579160345,62.73438875534251,2846400
2009-02-04,61.663726806640625,61.87424847513996,61.12239848457995,61.80206922403205,2305400
2009-02-05,61.71788787841797,62.48176576513959,61.47729486430098,62.09681877812443,2279500
2009-02-06,61.525428771972656,61.86827240585741,61.290851790311045,61.501369006041834,1667500
2009-02-09,61.72388458251953,61.75395583175957,60.78557258101525,61.16450795065436,2257300
2009-02-10,63.06523895263672,63.13140218466069,62.223165208731025,62.6201446008749,3782800
2009-02-11,63.88319396972656,64.05762373055632,63.47418736234992,63.58245395221222,2774200
2009-02-12,63.281761169433594,63.86519797312856,62.99906460773135,63.74490371190424,1818400
2009-02-13,61.59761047363281,62.5238862589965,61.489343817184526,62.5238862589965,2466800
2009-02-17,63.51628494262695,63.55237686188236,62.764434967953505,62.8847337172581,2813900
2009-02-18,62.97501373291016,64.09376795826142,62.73442517647843,63.7930276737892,2768600
2009-02-19,61.90436172485352,62.59004901438364,61.489343368936616,61.76602380252498,3219400
2009-02-20,62.505863189697266,63.25170244177443,62.13294815259151,62.71638048305258,4272000
2009-02-23,63.08321762084961,63.08321762084961,62.05468742250689,62.31332399324299,2688700
2009-02-24,63.01710891723633,64.16593885580664,63.01710891723633,63.576485956485314,4197100
2009-02-25,62.289268493652344,63.450125098867176,61.970484821933425,63.29975509606177,3908100
2009-02-26,61.63371276855469,62.10888295431115,61.33898858359318,61.87430590663716,2611100
2009-02-27,61.27880859375,61.958484239516146,60.87581791196938,61.69383145079798,3267700
2009-03-02,62.29328918457031,62.293289184570305,61.57553969687643,61.65395208897717,3302000
2009-03-03,61.87712860107422,62.46821736129544,61.40667254787122,61.65999893177589,3084900
2009-03-04,61.59368896484375,61.67209682009205,61.0146654295401,61.213701462350414,3178400
2009-03-05,63.306610107421875,63.596124071148125,62.3898243253474,62.73964775436167,4562400
2009-03-06,62.88441848754883,63.91580440581111,62.781879493216714,62.88441848754882,3125900
2009-03-09,62.51647186279297,63.0593075525255,62.196803234858066,63.035181010574355,2070500
2009-03-10,61.31623458862305,61.97366591606016,61.22576116330219,61.780658089488114,2602600
2009-03-11,61.97969055175781,61.97969055175781,60.875925031710885,61.09305938325024,3101500
2009-03-12,62.27523040771485,62.70949909452475,61.708267999749815,61.9193741570432,3558900
2009-03-13,61.96159744262695,62.655216215595026,61.72033653818766,61.97365841709786,2504000
2009-03-16,60.984466552734375,61.18953524199339,60.616544867494824,60.80955258748385,3265600
2009-03-17,60.65273666381836,61.72031428551483,60.550202311941874,61.352392574271114,3076200
2009-03-18,62.95075607299805,65.18240883940805,60.85782520522874,60.99051891813274,8578800
2009-03-19,63.02921295166016,63.728869581744334,62.86033158623903,63.70474301501674,3650900
2009-03-20,62.6793327331543,63.33073569036992,62.59489212036727,63.101540398757734,3479700
2009-03-23,62.1364860534668,62.980896635123145,62.10633132656289,62.90248882317203,2097000
2009-03-24,62.72755813598633,63.42721387784135,61.47903865330786,61.63585883711437,5477100
2009-03-25,61.88317108154297,62.55870054167269,61.7082570802147,62.299345933036705,2549600
2009-03-26,62.60091400146485,62.76376241156401,61.617781551481634,61.78666274763409,2385300
2009-03-27,63.065338134765625,63.28850520504899,62.46218836805465,62.81804912328124,1853900
2009-03-30,63.306610107421875,63.85547870056202,62.69139926179758,63.596124071148125,2300100
2009-03-31,63.75893783569336,63.81322368759763,63.33070221103767,63.35482874503225,1094600
2009-04-01,64.3408203125,64.45574389757385,63.832720820863784,64.18960093990633,2383400
2009-04-02,63.55451202392578,64.1593898407005,63.41538809553293,64.05051164908699,1766300
2009-04-03,62.254024505615234,63.60895415335229,62.096759594151465,63.45773469743221,3316800
2009-04-06,61.98785781860352,62.65926770179374,61.83058835211987,62.6290265910256,1418100
2009-04-07,62.14516067504883,62.48994092963429,61.98789572723976,62.02418692829529,1312600
2009-04-08,62.695560455322266,62.82258419002844,62.272143391452104,62.34473036050545,1007800
2009-04-09,61.909236907958984,62.41128654898361,61.685435093535496,61.981823899444194,1088800
2009-04-13,62.47781753540039,62.61089136638908,62.260061196482624,62.278206788917345,946600
2009-04-14,62.80445098876953,63.034302847165804,62.26006015061997,62.45362082475642,1336000
2009-04-15,62.695560455322266,63.088731795041134,62.22980214655005,62.985899101836495,1152500
2009-04-16,62.19962692260742,62.57464845616977,62.16938116641812,62.21172245617046,1055600
2009-04-17,61.51607894897461,62.127006903894866,61.31647275456773,61.98183750391204,2582800
2009-04-20,62.44757461547851,62.54435726595387,61.96972066217073,62.07859883653011,1714400
2009-04-21,61.83064270019531,63.03434887725966,61.830642700195305,62.93152070353414,909100
2009-04-22,61.455543518066406,62.03622527396369,61.15915488132526,61.969688390125086,2278100
2009-04-23,61.44952774047851,61.54631039455664,61.05636089912623,61.30435837421227,1688300
2009-04-24,60.832542419433594,61.0805444602318,60.54824919797224,60.96561623499848,2830000
2009-04-27,61.092674255371094,61.20760254507958,60.52408749346925,61.135015528181704,2294600
2009-04-28,60.09458541870117,61.44346442499672,59.93731595896569,61.39507311202432,2332500
2009-04-29,59.562286376953125,60.53613949193275,59.36872576735246,60.28813750924339,3752600
2009-04-30,59.32643508911133,59.495800189997034,58.90906779417664,59.26594821234542,2778100
2009-05-01,58.91815185546875,59.027360847825065,58.59052487839982,58.924220307508726,2772200
2009-05-04,59.11225128173828,59.34886979603995,58.72395399524994,59.06978141068077,2246700
2009-05-05,59.03947448730469,59.35496908958089,58.705783792397426,59.1304827236871,1369000
2009-05-06,58.89995193481445,59.45812917944716,58.85141357557525,58.924221114434054,2045900
2009-05-07,57.46197891235352,58.669340504465495,57.23142887145254,58.208240422663565,5755200
2009-05-08,57.601539611816406,57.87455958625095,57.41952320961377,57.65007330738363,2193400
2009-05-11,58.42061233520508,58.51768436878626,58.117254708350046,58.27500197039827,2167400
2009-05-12,58.63296127319336,58.86351140134208,58.12332268606356,58.35387281421228,2304800
2009-05-13,59.27000045776367,59.415610787787095,58.9969758814922,59.06978336093838,1917500
2009-05-14,59.500518798828125,59.60972764531771,59.03335045092993,59.21536210916827,1704600
2009-05-15,59.48237609863281,59.48844454848486,59.13048006914974,59.4581069280956,2306600
2009-05-18,58.56008529663086,59.52476382112902,58.469081818827384,59.46409329297184,2234700
2009-05-19,58.25075149536133,58.52984004615305,58.06873500929774,58.35996046122518,1624300
2009-05-20,58.863494873046875,58.94843924258696,58.141507077340115,58.20217765940986,2825700
2009-05-21,57.38310623168945,59.23965266406477,57.24355974396426,59.185050535521086,4771700
2009-05-22,56.74605178833008,57.328497618280124,56.63684290591019,56.92199968938811,4483400
2009-05-26,55.89057159423828,57.091864360921505,55.890571594238274,57.06153139685651,3633100
2009-05-27,54.90163040161133,56.1696669587846,54.83489139181972,55.96338148428306,7490200
2009-05-28,55.696475982666016,55.805684940626975,54.743932982789765,55.67827063227986,9824300
2009-05-29,57.13435745239258,57.17076350449179,55.599369054589545,55.635770477820074,4746700
2009-06-01,55.44524765014648,56.230453744183585,55.12873273290887,56.20610572841005,6987000
2009-06-02,55.743499755859375,55.859147010120495,55.25654879463733,55.7617596042212,5063600
2009-06-03,56.26702880859375,56.370504485971814,55.59138585456206,55.97485699985842,6727200
2009-06-04,55.104393005371094,55.828731490876486,54.92787334739457,55.652211832899965,5438600
2009-06-05,54.68441009521485,55.32962114559152,54.50789504145079,54.7270226217431,8439600
2009-06-08,54.54439926147461,55.22612983359182,54.46527168592469,55.03135033354542,4084000
2009-06-09,54.53826904296875,54.97043558034225,54.325229854672806,54.89739622658707,6046300
2009-06-10,53.680084228515625,54.43485447375462,53.29660861634269,54.09399139085531,12142000
2009-06-11,54.27659606933594,54.48963550182266,53.375742285131686,53.41835017162903,10692800
2009-06-12,54.7635498046875,55.177456996800856,54.42877022139304,54.42877022139304,6606800
2009-06-15,55.256553649902344,55.48176930194071,55.07395050633056,55.11047020626313,4518700
2009-06-16,56.21830368041992,56.26091156343377,55.2687539195908,55.36614137623205,5376000
2009-06-17,55.90175247192383,56.808698482180795,55.90175247192383,56.273051519042006,7197200
2009-06-18,55.05569839477539,55.7435171909258,54.848747190067826,55.54264950830259,6794000
2009-06-19,55.81047058105469,55.81655410286608,54.90961245462166,54.98265651154643,4750700
2009-06-22,56.35218811035156,56.5530557371884,56.03566858129194,56.26697238573752,3952300
2009-06-23,57.015682220458984,57.10089798716432,56.35221594483735,56.467863260274015,5356900
2009-06-24,56.44350814819336,57.259145929690575,56.40090027369589,57.003498682705775,6550400
2009-06-25,57.47824478149414,57.52085263472651,56.406955643770154,56.74173495053006,7140000
2009-06-26,57.57563018798828,57.7643260834423,57.34433108467623,57.59389467638,4050400
2009-06-29,57.660865783691406,58.050424715396666,57.56956189321794,57.867816934449735,4334900
2009-06-30,57.56349182128906,57.89218314395751,57.100888703024914,57.33219258411211,3743700
2009-07-01,57.44929885864258,57.45540193473726,56.93635627764997,57.04627221223148,3379900
2009-07-02,57.58363342285156,57.77293125104192,57.40043866994496,57.601951966375005,2645100
2009-07-06,57.47370529174805,57.577513455549386,57.02793397243185,57.43096047966308,1886700
2009-07-07,57.8583869934082,57.93776885511097,57.1622547943736,57.16836252491485,2592400
2009-07-08,58.92702865600586,59.11632642821876,57.94389340105898,58.08434329126627,7912900
2009-07-09,58.22482681274414,58.45687420491856,57.67524701395969,58.22482681274414,5241400
2009-07-10,58.76212310791016,58.82318641916362,58.27360730021836,58.38963085278236,3981900
2009-07-13,58.43243789672851,58.988120677700735,58.35305131456321,58.81714136047851,2604300
2009-07-14,57.46153259277344,58.09049443535372,57.217274345279726,57.86455939996385,3629100
2009-07-15,55.98371887207031,56.78976699140137,55.97761114103865,56.58215072466225,4664200
2009-07-16,56.58827590942383,56.89970509006102,56.48446773548994,56.67376554193826,4225200
2009-07-17,55.715049743652344,56.39897138109052,55.715049743652344,56.11807624218778,3845700
2009-07-20,56.008174896240234,56.47836794116408,55.44638447250789,55.47691382621991,4436500
2009-07-21,57.12561798095703,57.21721064531323,55.74556437904512,55.84326477396953,3895300
2009-07-22,56.61267852783203,57.1134053056816,56.39895453585361,57.03402343975635,1986700
2009-07-23,55.57463073730469,56.6676824631025,55.30594627811677,56.643256179645675,3818800
2009-07-24,55.8432502746582,55.8432502746582,55.42801322166774,55.56846303526941,1765300
2009-07-27,55.20214080810547,55.36090932903844,54.921245522662474,55.0983325923882,2755900
2009-07-28,55.69066619873047,56.06926671580934,55.220472915199,55.39756002840499,3324800
2009-07-29,55.995967864990234,56.356249700233526,55.53188248441629,56.28297085437804,2910200
2009-07-30,56.78982162475586,56.88141904301505,55.70898513404449,55.89828304863211,4040700
2009-07-31,57.89510345458984,57.92563749033617,56.960819730365024,57.308886307210344,5697000
2009-08-03,57.017608642578125,57.51389662902573,56.74189673028119,57.47713161274593,4029300
2009-08-04,56.56424331665039,57.422020907803656,56.16598893420297,57.36687569201282,3832200
2009-08-05,55.71877670288086,56.82775896692933,55.67588801516949,55.94547204884821,4458300
2009-08-06,55.90869140625,56.3008177446176,55.40015095431511,55.69424804534815,3228500
2009-08-07,55.443016052246094,55.71260454818838,55.27758972260777,55.40012739830188,3543200
2009-08-10,56.13536071777344,56.14761261406275,55.393997117698866,55.45526594816967,3150100
2009-08-11,56.78483581542969,56.90124990049937,56.36207281134594,56.6071528814599,3677800
2009-08-12,56.17828750610352,57.023809159455965,55.81066492467477,56.95028370826715,4729200
2009-08-13,56.97475814819336,57.072792024534145,56.06183987870419,56.24565105958691,3922300
2009-08-14,57.195350646972656,57.71614295089781,57.10957331100918,57.164718555279535,4410400
2009-08-17,58.04087829589844,58.05313019799297,57.51395769006105,57.56296997295352,3569700
2009-08-18,57.70390701293945,58.06539664671836,57.59974945824202,57.99800415654365,2557900
2009-08-19,58.18180465698242,58.433013094297955,57.84482354351685,58.31047068298,3518200
2009-08-20,58.65971755981445,58.73937130827211,58.0715279169342,58.43914585941989,3282700
2009-08-21,57.45267868041992,58.65357064986208,57.44042677949308,58.598425409406545,6258300
2009-08-24,58.49429702758789,58.4942970275879,57.26277235513136,57.28115255293402,4460200
2009-08-25,58.8251838684082,58.8741961954196,58.15121645818644,58.43305720520578,3359700
2009-08-26,59.09471130371094,59.15598483406715,58.76385854726051,58.929284925485725,3225800
2009-08-27,58.861873626708984,59.19885926457422,58.65355863203808,58.92927075428204,2514000
2009-08-28,59.13150787353515,59.13150787353515,58.39626718800868,58.475920950121065,2072500
2009-08-31,59.1866569519043,59.34595982443962,58.67199260535249,59.039610663534816,2899800
2009-09-01,59.0434455871582,59.36306712314054,58.47796710278416,58.895930480239045,3304200
2009-09-02,59.90391540527344,60.02684847947789,59.15404006558678,59.30155975463212,4345000
2009-09-03,59.53517150878906,59.69498228388293,59.344630958490825,59.52287584717059,2703800
2009-09-04,58.5210075378418,59.37537331393052,58.428808813852115,59.27703144725092,3643000
2009-09-08,58.10911178588867,58.619273291242834,57.99847440749157,58.072234222894785,2468900
2009-09-09,58.0415153503418,58.0415153503418,57.482180484806555,57.709603126191766,3182400
2009-09-10,59.11102294921875,59.4429352619783,58.33656557553109,58.34885653996606,4417300
2009-09-11,59.43679428100586,60.039154774894335,59.375330072915645,59.51055414436521,4826200
2009-09-14,58.84674453735352,59.418370729117306,58.79142814270848,59.01884623991987,2119500
2009-09-15,58.54556655883789,58.86518333654935,58.434929080126295,58.508688962407255,2187900
2009-09-16,58.65003967285156,58.97580418793034,58.146025676246616,58.600866431861235,3732300
2009-09-17,59.38764572143555,59.455257779922384,58.49639799111818,58.816019483859606,2832000
2009-09-18,58.85898971557617,59.33226899172738,58.80366867895734,59.12943300648443,2813300
2009-09-21,58.994239807128906,59.30770862546923,58.61315427437563,59.067994969365344,3050200
2009-09-22,59.1171760559082,59.23396133085129,58.7053607139972,58.791411540981045,2068000
2009-09-23,59.29542541503906,59.36303744887523,58.51481545690083,58.96966090078387,5712000
2009-09-24,59.46751022338867,59.6764894037445,59.11101136222249,59.31384740627398,4658400
2009-09-25,60.22354507446289,60.27271362155741,59.47981276811136,59.84245952561828,3854500
2009-09-28,60.75211715698242,60.80743819874379,60.30342444546167,60.432500623683374,4263300
2009-09-29,60.69677734375,60.95492960041083,60.32798773574678,60.432477264955075,3123200
2009-09-30,60.64149856567383,60.93038073306991,60.45710130277512,60.58002968509613,2744800
2009-10-01,61.47200012207031,61.69396560091546,60.917091129011155,61.015739839579155,5754400
2009-10-02,61.046627044677734,61.848165616504104,60.96646989465443,61.82966926005506,4827700
2009-10-05,61.052772521972656,61.447381734967735,60.89862998866686,61.33023190435715,2910100
2009-10-06,60.44855117797851,60.91714591072321,60.41155846625534,60.89248253488844,3936200
2009-10-07,61.15756607055664,61.24388547484661,60.7937874061449,60.83694710828989,3591000
2009-10-08,60.51636505126953,61.50904343287009,60.22657630950253,61.47821304176657,5871600
2009-10-09,59.129058837890625,60.245048936281265,58.88242991836389,60.18955989901683,8135900
2009-10-12,59.22156524658203,59.394204137266485,58.944105854504635,59.20923120921488,1939700
2009-10-13,59.52983474731445,59.71480292291009,59.35102888473299,59.57299445869234,2886500
2009-10-14,58.64810943603515,59.252345085908736,58.5124633542932,58.88857123401287,5421000
2009-10-15,58.37683868408203,58.83309909579094,58.1857035191881,58.30901561833482,3736900
2009-10-16,58.85161590576172,58.90094264419568,58.407689372026155,58.69131106193639,3716800
2009-10-19,59.31403350830078,59.32020052558092,58.80844628461544,58.93792542316287,3163800
2009-10-20,59.63460540771485,59.961386504396366,59.523622704686005,59.81957344339479,2912400
2009-10-21,59.27703857421875,59.32019828543803,58.888601173245256,59.28937260831324,3355200
2009-10-22,58.987178802490234,59.08583214007295,58.77754751620203,58.80837315615909,2572200
2009-10-23,58.54330825805664,58.83309685447213,58.49398624270997,58.500148554594006,2996200
2009-10-26,57.784915924072266,58.272006575897855,57.68010019880762,58.22884688290337,4127400
2009-10-27,58.574161529541016,58.64198461921555,57.908264669494734,57.9390950571856,4476300
2009-10-28,58.85161590576172,59.06741921039612,58.54949786495293,58.66048067440099,4585400
2009-10-29,58.21038436889648,58.61115116355956,57.926757988345585,58.46317565931386,4645300
2009-10-30,59.055057525634766,59.1968706562248,58.49398142681474,58.635789853350296,5118000
2009-11-02,58.79404067993164,59.12187622743106,58.639400914565414,59.07857728189776,3463800
2009-11-03,58.206398010253906,58.985783632192785,58.14454305723059,58.93629778208197,4470700
2009-11-04,57.67443084716797,58.187835869743445,57.402268138675,57.90329934041039,5349500
2009-11-05,57.67443084716797,57.67443084716797,57.402268138675,57.44556707315546,2852000
2009-11-06,57.73014831542969,57.80437242103832,57.19199995359927,57.76107345302209,3381100
2009-11-09,57.79820251464844,57.959024590484994,57.606445856174744,57.69923072714788,1697800
2009-11-10,57.693016052246094,58.206421334608045,57.470339075977606,58.17549620531934,2549900
2009-11-11,57.93421173095703,58.24349108962523,57.82287097306733,57.915651005285,1771100
2009-11-12,57.8291015625,57.890956542157504,57.18579939175056,57.67446175374001,3431300
2009-11-13,58.09510803222656,58.1817059860664,57.80438430752088,58.039439941572894,1594200
2009-11-16,58.77549362182617,59.041474268922805,58.46621401911997,58.5466297361322,5175700
2009-11-17,59.09093475341797,59.25794830990292,58.64557156176503,58.75691235967827,3174400
2009-11-18,58.74454498291016,59.09093648915728,58.60227434614133,59.03526844818056,2413600
2009-11-19,58.84971618652344,59.27033659038165,58.70745022713077,58.91157115666076,2969800
2009-11-20,58.837310791015625,58.991950480597446,58.50947068494995,58.76308204109397,4136300
2009-11-23,58.76312255859375,58.82497753323007,58.35487123137634,58.47858589988104,3219300
2009-11-24,59.13426208496094,59.19611706478475,58.75694057303351,58.83116938036156,2895200
2009-11-25,59.40641021728515,59.52393794394973,58.74455223938899,59.066200860746086,2789300
2009-11-27,59.62908172607422,59.72804870075876,59.437325248922114,59.62908172607422,2249100
2009-11-30,59.77138137817383,59.83324108140554,59.38169073167104,59.50540069966891,3115800
2009-12-01,59.10554885864258,59.527509921755005,59.06831853180938,59.42202083954528,3979100
2009-12-02,59.155181884765625,59.54611444950939,58.94419902375677,59.13036009321913,2193900
2009-12-03,58.540889739990234,58.85115522659424,58.47883758952456,58.59673998940227,3947300
2009-12-04,57.92032241821289,58.11269011849221,57.65349881208628,57.88929872958713,6108100
2009-12-07,57.994773864746094,58.16852162899602,57.765175899546406,57.87687156717443,2774200
2009-12-08,58.081634521484375,58.55944549864399,57.93891520517883,58.36087599410595,2378600
2009-12-09,57.81483459472656,58.36090455010105,57.510775927748426,58.13751315640653,3494300
2009-12-10,57.15084457397461,57.58521866170956,57.05776407415491,57.516959944126505,4446300
2009-12-11,57.1446647644043,57.25015857198889,56.66065161930631,56.98953210332042,3053400
2009-12-14,57.21292495727539,57.399086048981374,57.11984914569562,57.30600550312838,2380400
2009-12-15,56.95850372314453,57.08881457961571,56.77234265145843,56.82198623514442,2993900
2009-12-16,56.89021301269531,57.24391506273654,56.69164352379971,57.04534557384094,3301600
2009-12-17,57.82729721069336,57.852119023873946,57.2067660840089,57.39912921831251,4428900
2009-12-18,57.57903671264648,58.0196128840813,57.49216280471696,57.83345180464781,3789500
2009-12-21,56.55516815185547,57.212929185082274,56.55516815185547,57.12605526500604,3524000
2009-12-22,56.23867416381836,56.38760488363112,56.108363334685976,56.34416794058699,3078800
2009-12-23,56.251075744628906,56.71026686636187,56.15799524764055,56.443438633272976,2336000
2009-12-24,55.66777038574219,56.071116011227446,55.64294860663706,56.052500860466175,1698900
2009-12-28,55.51264572143555,55.6181347469501,55.413363325148595,55.51264572143554,3170900
2009-12-29,55.87882232666016,55.978458898047315,55.54876400909329,55.58613188062827,2617000
2009-12-30,56.24623107910156,56.34587238759264,55.959769443928344,55.99713255903295,1919100
2009-12-31,55.97848892211914,56.11549343852368,55.45538595166072,55.897533867499334,3242400
2010-01-04,55.928653717041016,56.10925010077404,55.78542521518588,55.94733528239942,2829100
2010-01-05,56.28986358642578,56.439320905862026,56.04699366065594,56.07813277982131,2841600
2010-01-06,55.53634262084961,56.208907674845435,55.498979479348435,56.15285821143122,4099600
2010-01-07,55.62976837158203,55.82281764984065,55.49899259426198,55.561266095200544,2793200
2010-01-08,55.60479736328125,55.77293610751395,55.274743892305594,55.74180176659002,2910700
2010-01-11,55.2996711730957,55.6484063057952,55.28098486142122,55.41798930674169,2181300
2010-01-12,56.24623107910156,56.28982296377664,55.94731190478741,56.14659452176957,4321200
2010-01-13,55.592376708984375,56.22134972730659,55.56124234740422,56.003390191599344,4755000
2010-01-14,56.37080383300781,56.37080383300781,55.76051716748658,55.85392974927571,4188800
2010-01-15,56.71954727172851,56.87523333379332,56.657273797134906,56.688408158850926,4142800
2010-01-19,56.557640075683594,56.7444652758591,56.30854139250365,56.495366592679154,2496000
2010-01-20,57.13054275512695,57.14922431805621,56.837852266140736,56.86899137179647,2800500
2010-01-21,57.3920783996582,57.535306831754454,56.95615483191248,57.01220425185009,4363100
2010-01-22,57.29241943359375,57.48546845696704,57.14918629450055,57.34846408509285,3666900
2010-01-25,57.03089904785156,57.24262973615893,56.97484961490205,57.00598871666954,2419500
2010-01-26,57.049591064453125,57.36096313455661,56.862765921926744,57.3049136913344,3138100
2010-01-27,57.018455505371094,57.34850916003508,56.900137342157855,57.13677841974536,3325700
2010-01-28,56.9873161315918,57.1056342843917,56.707078425026445,56.750670323670754,3058200
2010-01-29,57.48549270629883,57.516631804372054,56.82538563734827,56.925026950255166,4930600
2010-02-01,56.963653564453125,57.326122273371,56.90116011035054,57.31362072178353,3598500
2010-02-02,57.12617874145508,57.15117232553288,56.89494756117633,56.98243940929302,3047500
2010-02-03,56.46372985839844,56.851197132174875,56.41373315830837,56.75120373199473,5343700
2010-02-04,57.35739517211914,57.38239351979472,56.807445827098455,56.86368853340802,6095000
2010-02-05,57.48235321044922,57.75732533777864,57.00114364371987,57.10113697579929,6875800
2010-02-08,57.55739974975586,57.58864888858773,57.276176572065765,57.413665154207294,3386000
2010-02-09,56.98244094848633,57.63238381487218,56.95744259578515,57.332408350406304,4790000
2010-02-10,56.438724517822266,57.24490332711688,56.36998025570006,57.06991966642295,5068000
2010-02-11,56.13252639770508,56.420000354950815,55.857549235144326,56.37000364031265,5087500
2010-02-12,56.36372756958008,56.50746208757836,56.21373750565154,56.43871783359776,2833800
2010-02-16,56.46998977661133,56.51998648479252,56.07627642756858,56.07627642756858,2440900
2010-02-17,55.826271057128906,56.30122525472081,55.67003499446009,56.194985876413114,4368200
2010-02-18,55.601287841796875,55.93250751448616,55.31381407365248,55.90750917361108,5121800
2010-02-19,55.90126037597656,55.93876027259012,55.55754390465109,55.770022657694525,3502500
2010-02-22,55.67008972167969,55.82007515426197,55.57009625465754,55.69508808843523,3382600
2010-02-23,56.53874206542969,56.58248799929643,55.80755798453585,55.83255157421754,5474500
2010-02-24,56.67619323730469,56.7949293977389,56.357470347831715,56.58870142732325,4423200
2010-02-25,56.994930267333984,57.051177745523184,56.80744979858114,56.982433476596185,3707700
2010-02-26,57.28865051269531,57.53237844091625,57.1261684058462,57.157412764264606,4349100
2010-03-01,57.26359558105469,57.3827134199021,57.02536468644043,57.25732974549051,2415200
2010-03-02,57.188385009765625,57.22599916712794,56.86237970235209,56.97522695752107,2260600
2010-03-03,57.04414749145508,57.10057346909184,56.86233789274768,57.056688723409266,2156100
2010-03-04,57.34507369995117,57.476727934293535,56.94384038107584,57.02533925478918,2374700
2010-03-05,56.59275817871094,56.968918603932565,56.498722855484026,56.94384092337922,3823200
2010-03-08,56.29812240600586,56.404698991738975,56.235425795028846,56.36081423390299,2850400
2010-03-09,56.310665130615234,56.42351234663172,56.04735655427025,56.41097589288784,2573700
2010-03-10,56.16645431518555,56.23541674970393,55.91568704393229,56.10376249737223,3216200
2010-03-11,56.373313903808594,56.511238705037094,56.028506683814115,56.041043127981816,2621000
2010-03-12,56.724456787109375,56.83103341653528,56.2542607104967,56.2793336254707,3099100
2010-03-15,56.64918518066406,56.718147607663845,56.45483913170753,56.642914564642645,1936800
2010-03-16,57.10059356689453,57.10685940199848,56.76205193115244,56.77458838444056,3932600
2010-03-17,57.34507369995117,57.34507369995117,57.09430167988448,57.24476297869312,3481200
2010-03-18,57.15703201293945,57.351382970599765,57.05672600715366,57.31376403323363,2750300
2010-03-19,57.21344375610352,57.414060500714875,56.9689422480797,57.21344375610352,2976300
2010-03-22,57.27613830566406,57.35763721783986,57.18836877468067,57.26986768685647,2452300
2010-03-23,57.006492614746094,57.25099384922463,56.993956174831226,57.09426204337556,2910000
2010-03-24,55.965850830078125,56.5802422689668,55.83419654669059,56.32319953729576,8049300
2010-03-25,55.60847854614258,55.94702003835393,55.40159606457859,55.87805761680653,8268400
2010-03-26,55.76521682739258,55.87179817119917,55.47683066026381,55.50817895839729,4110700
2010-03-29,55.552059173583984,55.70252046957569,55.36397896628559,55.658635725616506,3245100
2010-03-30,55.72761154174805,55.76522567901572,55.3389145853572,55.4956465347452,3254600
2010-03-31,56.11003494262695,56.12257139336652,55.7652227587981,55.93449593379745,4263900
2010-04-01,55.972869873046875,56.023212000453974,55.64565564667975,55.85960248682566,2912400
2010-04-05,55.04153060913086,55.46313486441166,55.003776437280806,55.36245547251599,5652000
2010-04-06,55.129634857177734,55.280656367324305,54.96602542066806,55.24919615319103,3584600
2010-04-07,55.83440399169922,55.95396047416114,54.9345593875437,55.02894482083292,6389900
2010-04-08,55.859588623046875,56.08612333926571,55.67710685804289,55.935101795415925,3797600
2010-04-09,55.991729736328125,56.04206704303581,55.6330506212649,55.758901089365544,2311300
2010-04-12,56.28749084472656,56.3567100572399,56.06095611302629,56.111298231379386,2939600
2010-04-13,56.4699592590332,56.60210367653818,56.331520878536445,56.56434950036165,3090900
2010-04-14,56.07356643676758,56.55180715033631,56.073566436767585,56.48258791017937,3570100
2010-04-15,56.136470794677734,56.31895737793076,55.802962653207615,55.909936056907696,3698000
2010-04-16,56.54547119140625,56.62727350498492,56.15532710941958,56.25601131156595,8303900
2010-04-19,56.40706634521485,56.65247823272355,56.331553148716075,56.55179877161504,3211500
2010-04-20,56.60844039916992,56.627317501517155,56.40707663931483,56.53922115663622,2285000
2010-04-21,57.07403564453125,57.155842740068834,56.79716375446386,56.80345291497761,4162200
2010-04-22,56.90415573120117,57.319466102768544,56.84123049925308,57.19990960233341,2841400
2010-04-23,56.70281219482422,56.86012773086559,56.55179062447346,56.76573744906293,4776000
2010-04-26,56.76572036743164,57.04259716383274,56.59582175202315,56.95450087423016,4753900
2010-04-27,57.56488800048828,57.841760006881046,57.074059623703135,57.16844988081135,13199200
2010-04-28,57.07403564453125,57.48305671956152,56.935602099940496,57.34461837408488,8379500
2010-04-29,57.31321334838867,57.40130968925666,56.96082318402623,57.17477486962741,4067200
2010-04-30,57.9738883972168,57.9990594455366,57.33204346816495,57.43901682285916,6924800
2010-05-03,57.89812469482422,58.10650123455109,57.63922576885556,57.72762910513254,4211800
2010-05-04,58.9400520324707,59.02214432792897,58.44751753021297,58.60538139978906,11054800
2010-05-05,59.287391662597656,59.89358872391259,58.94640491230314,59.39473800501649,12219100
2010-05-06,61.11856460571289,63.14553572434988,59.21788263147579,59.457838750506426,19578200
2010-05-07,60.3544807434082,61.93942960537475,60.15872638276416,60.543914386380294,18740600
2010-05-10,59.10419845581055,59.318895702453574,58.782154994656146,58.82636147811169,10240100
2010-05-11,58.95263671875,59.369394496150235,58.718996644182866,59.3441405367119,7729100
2010-05-12,58.50431823730469,58.88950624858594,58.47905945421507,58.813729899317075,5530800
2010-05-13,58.8895263671875,59.072648993932766,58.2201804306926,58.8895263671875,6849700
2010-05-14,59.91245651245117,60.30396039806979,59.413606419001965,59.4325541182838,9796500
2010-05-17,59.69147109985352,60.4365885760387,59.65358532199349,59.81144915323931,6302200
2010-05-18,60.60707473754883,60.72704795455861,59.84300967425055,59.92510193694366,9904100
2010-05-19,60.809139251708984,61.21958128817326,60.575499087353755,60.581814988450105,14121200
2010-05-20,62.0909538269043,62.24250163530842,61.5857880420666,61.8257439577926,17666900
2010-05-21,62.15412521362305,62.987645746587376,61.79419600206164,62.89924241866843,18670600
2010-05-24,61.939422607421875,62.431961585790376,61.819449425713586,62.34986934725247,7721100
2010-05-25,62.24256134033203,63.0760823125212,62.135215073809945,62.924534358747515,12952700
2010-05-26,62.06575012207031,62.135210599552885,61.50375521707292,62.0215484380016,12644800
2010-05-27,60.65763854980469,61.24489259723636,60.54397632070098,61.14386218115812,7653200
2010-05-28,60.93540573120117,61.11221235524983,60.6323052202469,60.92908983245109,5805500
2010-06-01,61.363746643066406,61.64253031639809,60.9835901646744,61.604516118744456,5536200
2010-06-02,60.78082656860352,61.579158384246824,60.711130665351675,61.45243636290218,5656400
2010-06-03,60.337310791015625,60.768155990060656,60.254940269729325,60.32463617207122,8499500
2010-06-04,61.95929336547851,62.06066611356607,61.26867188121353,61.42073825426862,7479600
2010-06-07,62.434513092041016,62.466189972729886,61.667862970476406,61.78824285141566,5288200
2010-06-08,62.1240348815918,62.415488204180626,61.94029162375218,62.048001688501394,5510800
2010-06-09,62.05435562133789,62.16840302455303,61.59182869886789,61.83893060017556,5598000
2010-06-10,60.94557189941406,61.642526202275526,60.88220846228446,61.5855000756492,6075100
2010-06-11,61.71857070922851,61.972005168270975,61.2116921232387,61.51581540767063,6266700
2010-06-14,61.40176010131836,61.48412580007564,60.96457753217647,61.027936133832185,5310400
2010-06-15,61.14835739135742,61.61721712445272,60.8569037824628,61.52851406235238,4920100
2010-06-16,61.49677276611328,61.59815035830357,61.07226497520314,61.57914326825531,4011100
2010-06-17,61.9973258972168,62.238095308863656,61.50312212334255,61.55381092936827,5650900
2010-06-18,61.895965576171875,62.16207461043755,61.819932351831,62.02268278278841,4171700
2010-06-21,61.71857070922851,61.80727373668387,61.084974893717465,61.11665178412155,5740900
2010-06-22,62.453582763671875,62.47258987791989,61.72494610244442,61.88968248252026,5658900
2010-06-23,62.87800216674805,63.08708979567537,62.4534944357373,62.478838830208694,9137800
2010-06-24,62.50417709350586,63.09975338634093,62.314096570590266,62.947691868377554,6184600
2010-06-25,62.75767517089844,62.935081247606774,62.193775212524194,62.29514804180622,5148300
2010-06-28,63.34691619873047,63.35958598898904,62.99209923010424,63.10614667824253,5436000
2010-06-29,64.03750610351562,64.07552029206065,63.46093663012979,63.56230941090006,7334200
2010-06-30,64.46833801269531,64.49368241115265,63.86642425967019,64.25291787673255,7205700
2010-07-01,64.5700454711914,65.24371263867208,64.43022766570063,64.55098028839248,12893400
2010-07-02,64.0552749633789,64.46837175957484,63.65489152328268,64.25864502245196,6297600
2010-07-06,64.58273315429688,64.66535052982697,64.02346215464055,64.08066252902454,6620400
2010-07-07,63.82646942138672,64.51284504256952,63.769269028593,64.48106650782593,5727800
2010-07-08,63.41974258422851,63.65489118357119,63.26721625291891,63.43880776955164,6260600
2010-07-09,63.057491302490234,63.32441360202156,63.03206943843133,63.171887266392915,4286000
2010-07-12,63.032081604003906,63.451530320120014,62.94310748698759,63.12741240044303,4062100
2010-07-13,62.491851806640625,62.8477481128753,62.39652105354962,62.82232625546946,5842500
2010-07-14,63.12104034423828,63.229079624478054,62.529995368769825,62.739722100099655,5417300
2010-07-15,63.75020217895508,63.928150331925664,63.36252733910192,63.387949196486794,6996100
2010-07-16,64.0616226196289,64.27134447849198,63.72478661256907,63.75020847246362,7512400
2010-07-19,63.667598724365234,64.02985178617925,63.540494258324195,63.90909914933306,4305800
2010-07-20,63.762935638427734,64.12518873512558,63.66760485535461,63.97901422125011,5076600
2010-07-21,64.84333038330078,65.00221338623888,63.813771627445554,63.839188641038135,7894200
2010-07-22,64.0933837890625,64.51918894949787,64.07431861004645,64.51283712230789,5759700
2010-07-23,63.41334533691406,64.16962952905541,63.356149817536085,64.06159031552708,6259100
2010-07-26,63.305328369140625,63.43243280045997,62.91765355027641,63.31803687278326,4856400
2010-07-27,62.695186614990234,63.03201755122714,62.64434292872633,62.77780396862846,5328000
2010-07-28,62.89861679077149,63.03843463763246,62.4537413826933,62.59355922955429,5507200
2010-07-29,62.87954330444336,62.93038218399941,62.23129789067447,62.345693854943995,6305500
2010-07-30,63.858211517333984,63.94082887231105,63.4578235424184,63.68025861252657,7683200
2010-08-02,62.96179962158203,63.33160173871637,62.96179962158203,63.27421630323936,5769200
2010-08-03,63.32524490356445,63.54202736996269,63.076585953326706,63.248732586410235,4363500
2010-08-04,62.84065246582031,63.44636379884584,62.84065246582032,63.439986558765234,3820400
2010-08-05,63.13396835327149,63.43363552353843,63.01920230645459,63.33799634045587,3704200
2010-08-06,63.82257843017578,63.892713521969455,63.43364923546971,63.62492764298193,6042400
2010-08-09,63.586666107177734,63.74606313908096,63.510153780676085,63.593038486077674,2578500
2010-08-10,63.7205810546875,64.4028003924598,63.42091375282633,63.797088543221896,11251000
2010-08-11,64.57489013671875,64.645025182276,63.95642920648233,63.95642920648233,6778300
2010-08-12,64.41556549072266,64.99577336166857,64.31355386003746,64.76624111210911,7590100
2010-08-13,65.2188720703125,65.32088361294612,64.70242738678164,64.79168931073981,7843600
2010-08-16,66.85111999511719,66.87662410615914,66.35380199082852,66.44306394726947,7976200
2010-08-17,66.46857452392578,66.8575037424274,66.30917746271733,66.85112649794362,6756800
2010-08-18,66.64705657958984,67.36115671632048,66.62155248209135,66.94672364468582,7721600
2010-08-19,67.68632507324219,67.97323764549145,66.71718886610743,66.8128280116602,13128500
2010-08-20,67.60983276367188,68.11352787231772,67.4823122437809,67.84574207716234,7040300
2010-08-23,67.6225814819336,67.70547103486028,67.10613676038895,67.36117293236039,6360100
2010-08-24,68.7065200805664,68.94242465039574,68.01154626856241,68.24745570280469,9812100
2010-08-25,68.48328399658203,69.71382335065037,68.26650169085934,69.36953033966776,13299800
2010-08-26,69.12726593017578,69.171896880193,68.4067934900668,68.57894005030214,7039900
2010-08-27,67.16989135742188,69.06990563961621,67.07425218948008,68.71285307026088,13514000
2010-08-30,68.45787048339844,68.47699735771373,67.46960648552417,67.71826558045008,5535300
2010-08-31,69.21650695800781,69.27389237038753,68.61717793341951,68.99972951312438,8397000
2010-09-01,67.7853775024414,68.45683838208403,67.20344408956699,68.4376497430214,12480700
2010-09-02,67.06916809082031,67.33775543088201,66.7622181005814,67.27380304394029,8167600
2010-09-03,66.23782348632812,66.46803835852258,65.67507385257242,65.6878662781837,9210700
2010-09-07,67.59349060058594,67.64465051706232,67.02434994670128,67.20340477549041,6018400
2010-09-08,67.056396484375,67.28021525524075,66.73665398917156,67.20347529999393,6698400
2010-09-09,65.73263549804688,66.40409153227284,65.63671181347709,66.31456406104272,8588900
2010-09-10,65.43205261230469,65.67505496133062,65.13149412234556,65.38728889330308,6910300
2010-09-13,65.75180053710938,65.89888412875351,65.08033981519291,65.09952844974815,7054800
2010-09-14,66.38491821289062,66.39131442723634,65.8477533010186,65.88612082932887,5978100
2010-09-15,65.40010070800781,66.03319409883271,65.31696945011825,65.70705552285152,7919100
2010-09-16,64.75421905517578,65.11232890916095,64.49202799859319,64.92687776938125,17116200
2010-09-17,65.01641082763672,65.32976185571891,64.79259214963605,65.11873072551202,9203600
2010-09-20,65.3936767578125,65.51517547737838,65.02917084135721,65.32333308280543,5277800
2010-09-21,66.30177307128906,66.51919552473758,65.3937059794494,65.65589216618912,12664000
2010-09-22,66.8965072631836,67.19066969426991,66.41049743496698,66.85813973531033,8229400
2010-09-23,67.08831787109375,67.44003140112083,66.65985956964072,67.40806010505253,7412200
2010-09-24,66.18663787841797,66.57672376733538,66.18663787841797,66.48080012796768,8942500
2010-09-27,67.3377685546875,67.43368739602994,66.81339108018878,66.84536240100857,7061600
2010-09-28,67.79814910888672,67.98999642335772,67.36329942444833,67.38887939163645,8262900
2010-09-29,67.5168228149414,67.95806411687252,67.36973912837568,67.89411659705904,5507100
2010-09-30,67.47199249267578,67.5231475307252,66.52555354502773,67.40164882661986,10618400
2010-10-01,67.14594268798828,67.48613260722865,66.74156682311128,66.90203413573968,9368400
2010-10-04,67.31922912597656,67.35132453965348,67.01755476394742,67.15234668665983,4422700
2010-10-05,66.9148941040039,67.27433945011232,66.70949606378831,67.22299361286508,8491800
2010-10-06,67.75572204589844,68.10233205710739,67.3064154927058,67.33209085247026,6476100
2010-10-07,67.1908950805664,67.64020174247833,67.18447501480328,67.50540974390475,5780700
2010-10-08,66.8956069946289,67.69152340987866,66.8956069946289,67.31282294273683,6128700
2010-10-11,66.9084243774414,67.03038105667095,66.71586661226374,66.82498316890495,1474200
2010-10-12,66.2473373413086,67.24223682741183,66.22808204366751,67.01758352647471,6122400
2010-10-13,66.14459991455078,66.1895305469736,65.49631087781731,65.69528869325096,8168400
2010-10-14,65.15618133544922,66.52978182166099,65.13050596503413,66.29870838500142,10945000
2010-10-15,64.36021423339844,64.86087625840584,64.11630573178411,64.57203221739317,12694700
2010-10-18,64.88013458251953,65.11762303288702,64.68757187950588,64.95715574606663,5592200
2010-10-19,65.27165985107422,65.52840353213448,64.53992958649447,64.55918487286681,8017500
2010-10-20,65.41290283203125,65.65039133933381,64.96359138297326,65.0662928217548,5515800
2010-10-21,64.63624572753906,65.41291200022714,64.62983055952168,65.27169995064749,6836100
2010-10-22,65.07270050048828,65.13047127742333,64.45009146355137,64.46934675683853,4770700
2010-10-25,65.25890350341797,65.65686455524977,65.18188225905433,65.54774786101589,5632300
2010-10-26,64.25115203857422,64.86734632502359,64.21906149379437,64.73897435175047,8432000
2010-10-27,63.68633270263672,64.29610715302866,63.68633270263672,63.9815922710323,9245200
2010-10-28,63.85957336425781,64.07781146616948,63.647760223407694,63.91734414599801,8052600
2010-10-29,64.45652770996094,64.48220307509861,63.943035098433015,64.0714070270462,6753800
2010-11-01,64.17897033691406,64.91303262603272,64.06306550638593,64.90659701682694,5921000
2010-11-02,65.02251434326172,65.09334044688796,64.66191873860957,64.687675918419,6537400
2010-11-03,63.696083068847656,65.85319775786833,63.38056603273817,65.50548791307646,25541800
2010-11-04,64.19187927246094,64.30778415335048,63.79909078237308,63.85704076647739,13246500
2010-11-05,63.09078598022461,63.61879601775788,63.09078598022461,63.32903135634658,12435000
2010-11-08,63.37408447265625,63.696041827115195,62.987736629841386,63.48354879412925,6795200
2010-11-09,61.976829528808594,63.438514671440224,61.938196194147714,63.41919800410979,15061700
2010-11-10,62.060543060302734,62.29235291729736,61.17194188361191,62.041226391000336,18540400
2010-11-11,62.02827072143555,62.221442079473896,61.90592542247096,62.105537299580234,3368100
2010-11-12,61.693477630615234,62.29231861261963,61.693477630615234,61.95104454239738,11739500
2010-11-15,60.405670166015625,61.63555028787787,60.40567016601562,61.38442380766091,14978700
2010-11-16,61.90595626831055,61.97678727535385,60.521538738844754,61.11394397163229,19901300
2010-11-17,61.564693450927734,62.3051964417955,61.39083370656645,61.687038833057535,9915600
2010-11-18,61.81581497192383,61.81581497192383,61.04311924984661,61.60976245185793,12424800
2010-11-19,62.19573974609375,62.19573974609375,61.68061075785655,61.873782286190135,8359500
2010-11-22,62.45974349975586,62.85897249481418,61.970366814310275,62.69799377445399,10413500
2010-11-23,62.76887130737305,63.071507399209416,62.61432808420228,62.89121188486117,9566900
2010-11-24,61.64842987060547,62.45332374001946,61.54540600991528,62.33741882631655,11467600
2010-11-26,62.504825592041016,62.5370233054336,62.16999197109226,62.27945633633692,4848900
2010-11-29,63.03929138183594,63.07148419030371,62.51771679276003,62.82035768591559,8950000
2010-11-30,63.3676872253418,63.92144969059264,63.1745107306461,63.88281635672643,11947600
2010-12-01,61.95909118652344,62.74739202459159,61.95909118652343,62.45016472871119,15441200
2010-12-02,61.79754638671875,62.379080121542664,61.72646976747837,62.00431338913234,9318700
2010-12-03,61.31291961669922,62.24337334739472,61.28707313198957,62.21106400907944,10194800
2010-12-06,62.17876434326172,62.19168512174565,61.58430500902243,61.71999536681337,7001800
2010-12-07,60.84770965576172,61.33232028684561,60.195104221963014,61.20309275710894,18533100
2010-12-08,60.259674072265625,60.6085940639344,59.516603993510515,60.55690111782554,19275900
2010-12-09,60.55693435668945,60.91231246440095,59.91724981903805,60.47939489496583,17477100
2010-12-10,60.188594818115234,60.647358602511794,60.182131967712344,60.27905500491397,7078500
2010-12-13,60.414764404296875,60.75722163836945,59.80738444668167,60.1240001303856,12399900
2010-12-14,59.53601837158203,60.104626283384555,59.08371718375197,59.704018068367425,23516400
2010-12-15,58.76062774658203,59.600616145911225,58.45693777485623,59.4972351577114,26084000
2010-12-16,59.16769790649414,59.17416075870421,58.52155071741821,58.81877783282771,17939000
2010-12-17,60.24672317504883,60.58918017280707,59.35504241127968,59.36796317754795,16849700
2010-12-20,60.18213653564453,60.886439391704464,59.85906300692422,60.57628663506019,13703500
2010-12-21,60.60215377807617,60.60215377807617,59.76216034502831,60.175694208454566,8985100
2010-12-22,60.16923141479492,60.44707491895551,60.04646186443891,60.395381957783286,6440900
2010-12-23,60.04643249511719,60.240278539844915,59.787972745383456,60.207969222487066,7091800
2010-12-27,60.5827751159668,60.660309640646325,59.63940060456685,59.93662778516851,5285900
2010-12-28,59.3962516784668,60.34285655232235,59.20174172706634,60.25208656076042,13972100
2010-12-29,60.40122985839844,60.634634945726056,59.30549969618343,59.493524720543085,13115400
2010-12-30,60.3558464050293,60.47903642137081,59.91496623411352,60.21969136167079,7029900
2010-12-31,61.02364730834961,61.39969236328117,60.58276229366952,60.62814729753683,8516000
2011-01-03,60.56332778930664,61.14684800367602,60.26507774857229,60.42716779625171,13799400
2011-01-04,60.63460540771485,60.79669535527744,60.23911048652734,60.56329038165253,10466900
2011-01-05,59.29899215698242,60.09647696067788,59.123937171416344,59.966802020820445,17568000
2011-01-06,59.558345794677734,59.72692076783339,59.10449580532851,59.3508708071761,9317500
2011-01-07,59.876014709472656,60.05755462614641,59.020180140445106,59.331394959451366,12694600
2011-01-10,60.2001953125,60.290965271993485,59.76579551398231,60.0251403753602,8295200
2011-01-11,59.863059997558594,60.038114962602336,59.44811013184724,59.96679499069014,9495400
2011-01-12,59.3962516784668,59.759331644714536,59.29251171862827,59.48053668589044,9522900
2011-01-13,59.92790222167969,60.14834220031828,59.29250738063968,59.40273231655217,14502400
2011-01-14,59.54540252685547,60.23266775024568,59.49353746666814,60.154862740070534,8960700
2011-01-18,59.266571044921875,59.461076014841424,58.8256861878745,59.188766088998456,10663600
2011-01-19,59.69450759887695,59.69450759887695,59.23417257244346,59.26659255249144,8886900
2011-01-20,58.871097564697266,59.3962676494599,58.60526755607749,59.32494764454215,14203400
2011-01-21,59.337928771972656,59.337928771972656,58.68308847143758,58.79979351600953,9085600
2011-01-24,59.3638801574707,59.58432527875922,59.24717508069386,59.564875257062674,7700200
2011-01-25,59.92790222167969,60.232632148168605,59.20822237938255,59.61020727445628,13438100
2011-01-26,59.02022171020508,59.817706844820144,58.92945168793607,59.79177184608683,13322900
2011-01-27,59.28605270385742,59.42220773948076,58.786812626643226,59.04615767160947,10868700
2011-01-28,59.59724807739258,59.83065806554011,58.85163311228763,58.877568105036694,11993200
2011-01-31,59.143402099609375,59.63615710221992,59.03318208286323,59.42868209268829,8647600
2011-02-01,58.85063552856445,59.10438580729245,58.64893786188587,58.91570377563137,11508400
2011-02-02,58.863670349121094,59.2085103293247,58.49280405440997,59.143447025061896,13624600
2011-02-03,58.37565994262695,58.92870520791831,58.36915212613848,58.53181279028356,12785800
2011-02-04,57.783592224121094,58.33013482120005,57.75756591340198,58.232537397006176,17172200
2011-02-07,58.08282852172851,58.10235195800178,57.627380955475665,57.71196265663515,8554800
2011-02-08,57.549373626708984,58.258577105874686,57.490818137132955,58.108927025826475,10454200
2011-02-09,58.05033493041992,58.33661926963049,57.34763971454445,57.705495138557666,13078600
2011-02-10,57.38016891479492,57.99827736075957,57.37366109927701,57.84212453639113,10486800
2011-02-11,58.20645904541016,58.25200380744542,57.737995799329305,57.92668266033447,11333400
2011-02-14,58.24550247192383,58.512268224944435,58.108868170623275,58.108868170623275,8033500
2011-02-15,58.505760192871094,58.53829429668144,58.1479098709938,58.27152854465705,7298000
2011-02-16,58.317081451416016,58.76602633382401,58.12839454379538,58.47323921469322,8446300
2011-02-17,58.40815353393555,58.67491924343176,58.336587452175095,58.570814099041094,6732500
2011-02-18,58.22600936889648,58.26505130342985,57.95924846363414,58.18046458194879,6080700
2011-02-22,59.097862243652344,59.16943331913648,58.36914082236325,58.499272306883746,11905700
2011-02-23,59.31258392333984,59.56633414930861,59.03931024890409,59.27354199041515,14522600
2011-02-24,59.689979553222656,59.885174413069066,59.49478965738774,59.618408435546414,12110900
2011-02-25,60.04130172729492,60.04130172729492,59.62489083688009,59.68995410775565,6841700
2011-02-28,60.119361877441406,60.19743579253437,59.91115649718046,60.054298626861325,9682500
2011-03-01,60.293704986572266,60.31328642529805,59.70623692469851,59.738870995901486,8048700
2011-03-02,59.36677551269531,60.0456265622478,59.360251690115895,59.94771444336688,8526400
2011-03-03,58.78581619262695,59.25579021623475,58.73360073001592,59.09260506803846,10607600
2011-03-04,59.2753791809082,59.301489405544395,58.74666082706974,58.81193389865214,9316200
2011-03-07,58.89678192138672,59.30800667440874,58.64873732558266,58.75970202369754,7522300
2011-03-08,58.53778076171875,58.96858699426998,58.51819933933222,58.81845943596268,8498700
2011-03-09,59.105682373046875,59.281920200645295,58.64876081776183,58.80541721785122,8904800
2011-03-10,60.09782409667969,60.11740551698245,59.164404882130874,59.31453740447755,13385800
2011-03-11,59.7584114074707,60.10436317200286,59.61480766068011,60.07825294713037,8407600
2011-03-14,59.732303619384766,59.99992472021709,59.60828129118499,59.71272219493562,6765200
2011-03-15,60.62653350830078,60.73750317383096,60.28711065260179,60.57431805512643,14893800
2011-03-16,61.31191635131836,61.97118566133669,60.75708791338862,60.94638325903803,24294200
2011-03-17,60.84198760986328,61.103085004139565,60.54825615381407,60.861569042930746,10528500
2011-03-18,61.005126953125,61.01818455202334,60.502518955865234,60.54168179253059,7260900
2011-03-21,60.64615249633789,60.82239032804063,60.42421802602697,60.789751294754026,10542900
2011-03-22,60.848487854003906,60.894179503054744,60.535170131929384,60.58086178098022,6904700
2011-03-23,60.7701301574707,61.279266871943534,60.659165484832066,61.25968545677366,8358000
2011-03-24,60.313228607177734,60.626541286479195,60.30669980718784,60.54821560666145,9477600
2011-03-25,60.163108825683594,60.678774573730394,60.06519672516549,60.61350150005709,6447200
2011-03-28,60.2479362487793,60.48944699087724,60.05211215193059,60.1304427866728,3996800
2011-03-29,59.78449630737305,60.37849251604597,59.77144368938677,60.03906966824322,6487200
2011-03-30,60.26101303100586,60.26101303100586,59.76492877205472,59.86936966026154,5048300
2011-03-31,60.13700866699219,60.522128332160435,59.797585639062696,60.48948929985194,9654300
2011-04-01,60.42934036254883,60.48177551507227,59.92461263688538,59.977052790377115,7860400
2011-04-04,60.494869232177734,60.68496097871587,60.38998895782563,60.435872827613,4469100
2011-04-05,60.252342224121094,60.55386553583274,60.088470532910385,60.409662648379715,9951600
2011-04-06,59.34783172607422,60.16719100271931,59.34783172607421,60.15407845374859,9090900
2011-04-07,59.229793548583984,59.49198929489757,59.079029369139114,59.34122511545269,9265100
2011-04-08,58.91516876220703,59.20358463763416,58.89550495269497,58.94794511203969,7605700
2011-04-11,58.96762466430664,59.13805272719223,58.76442524380817,58.88241313334893,5734000
2011-04-12,59.60340118408203,59.80660044493035,59.36086932364295,59.39364565647421,7686500
2011-04-13,59.97706604003906,59.97706604003906,59.28225135616958,59.34779906203039,7959300
2011-04-14,59.93118667602539,60.1540498929922,59.79353498302181,60.003290658213416,7609600
2011-04-15,60.74395751953125,60.77017759033675,60.35066645938306,60.4752105454674,10222900
2011-04-18,60.881614685058594,61.02582258713837,59.9442683225077,60.29823180916688,12036700
2011-04-19,61.143829345703125,61.143829345703125,60.80297829059947,60.86852599339219,5295100
2011-04-20,60.75053405761719,61.13071770969903,60.70465016863964,61.00617358205905,6754100
2011-04-21,60.6981201171875,61.11108029733324,60.67190002630754,60.88821202533902,3365600
2011-04-25,60.9275016784668,60.94061421621781,60.632534591651314,60.717746083161416,3626900
2011-04-26,61.51744842529297,61.53056096465801,61.078273374965185,61.137264799202434,7506300
2011-04-27,60.88821029663086,61.33394182699332,60.79644248164189,61.24873028478095,8869300
2011-04-28,61.353572845458984,61.353572845458984,60.94061789876948,61.10448962378458,8110200
2011-04-29,61.54363632202149,61.563300119818415,61.18967295877923,61.2683331509328,5900000
2011-05-02,61.6424446105957,61.66877688564738,61.333046656698365,61.431791432550185,5285100
2011-05-03,61.991329193115234,61.991329193115234,61.602939494526794,61.853088536548135,6486600
2011-05-04,62.26777267456055,62.35335375927309,62.057119656010194,62.083451911124506,7406300
2011-05-05,62.86023712158203,62.95239750515155,62.41259882037399,62.48501126780207,9600000
2011-05-06,62.58378601074219,62.860267294160224,62.10981522638748,62.215144299518144,9451500
2011-05-09,62.517921447753906,62.66932562426003,62.43234037007646,62.471841260682865,3731200
2011-05-10,62.07032012939453,62.4652941139553,62.07032012939453,62.340217093603826,5458300
2011-05-11,62.42581558227539,62.59696784234874,61.99792488735582,62.09008534197011,6078700
2011-05-12,62.03083419799805,62.61012913354733,61.82018103758308,62.5048000421561,8015800
2011-05-13,62.59033203125,62.86022882684236,62.228269841885606,62.307266598391536,8380000
2011-05-16,62.93925476074219,63.05774743925017,62.37970795426348,62.557444460842504,6053600
2011-05-17,63.584354400634766,63.59093871991164,63.182801327297945,63.21571287895425,9826900
2011-05-18,62.74174880981445,63.45270469412779,62.72200087231095,63.37370792174924,7707600
2011-05-19,62.71541213989258,62.74832871499221,62.18219777535517,62.18219777535517,8052400
2011-05-20,62.74837875366211,62.8076276316166,62.35340464931563,62.55088919030475,5602300
2011-05-23,63.05115509033203,63.32105699904714,62.926078106062576,63.01824353082682,6300000
2011-05-24,63.28814697265625,63.28814697265625,62.84050853362325,62.95900120931922,5549100
2011-05-25,62.991966247558594,63.38035613630739,62.893221438130546,63.294779980066885,5664500
2011-05-26,63.53169631958008,63.55802857490632,63.123553895569415,63.17621840622192,8307900
2011-05-27,63.505401611328125,63.53173388222312,63.11700689358575,63.28157981990417,5390600
2011-05-31,63.65023422241211,63.696314446412096,63.25525513399199,63.3145040062021,7003900
2011-06-01,64.51042938232422,64.56328633137144,64.01490682661768,64.03472692233136,12746400
2011-06-02,63.28155517578125,64.02814598024948,63.28155517578125,63.75064942104577,15738700
2011-06-03,63.64494705200195,63.823333034827094,63.14281589036626,63.81012131194753,10644100
2011-06-06,63.16261672973633,63.4202880934013,62.90494536607137,63.07672795542029,8776900
2011-06-07,63.45326614379883,63.46647785040419,62.84542682570844,62.91810381381839,7399200
2011-06-08,63.948822021484375,63.98185382576536,63.539188330824445,63.59865364367395,7401800
2011-06-09,63.6911506652832,64.30559867999416,63.38062246936161,64.15363625024207,9963000
2011-06-10,64.18004608154297,64.34522017688165,63.95541173142476,64.02808873663085,7710800
2011-06-13,63.85633850097656,64.27918399524037,63.84973012242734,63.91579878577183,5540000
2011-06-14,62.891746520996094,63.36084076729869,62.85210127489763,63.255126831993266,8672400
2011-06-15,64.03472900390625,64.04794576195575,63.0106520465861,63.01725538489458,12979100
2011-06-16,64.32544708251953,64.43776433962783,63.955458451707706,64.15366448647816,10961200
2011-06-17,64.02156829833984,64.18674262055397,63.84978559183548,63.99513980189915,9622900
2011-06-20,64.10077667236328,64.32541611916562,63.81667695596641,64.30559602930077,6613800
2011-06-21,63.81667709350586,64.10738518738908,63.60525439996749,63.88935411697666,7894900
2011-06-22,63.85633850097656,64.12722153290373,63.6977727008066,64.06115286955925,5503700
2011-06-23,64.34522247314453,64.57646520672829,64.18665674736046,64.2461170042619,8586800
2011-06-24,64.07438659667969,64.54348078359526,64.07438659667969,64.32544960016884,7960900
2011-06-27,63.195674896240234,64.00172611721916,63.129606198280335,63.98850935319605,9331300
2011-06-28,62.686920166015625,63.215479703218854,62.581211283005366,63.08334233927671,12634300
2011-06-29,62.27067565917969,62.898335625664565,62.1187131717512,62.73316141967205,11084900
2011-06-30,62.17156982421875,62.31031555168977,61.53730148118692,62.25746363697465,11555600
2011-07-01,62.07209777832031,62.469872408433865,61.89310324110084,62.40357326480525,6637200
2011-07-05,62.21136093139648,62.43013612130423,62.111922261363965,62.343954254636685,4615600
2011-07-06,62.529598236083984,62.61578012809332,62.2113792246533,62.44341634407465,5652700
2011-07-07,62.34392929077149,62.41022339688693,62.019084630264544,62.20471015055423,6823700
2011-07-08,63.22563934326172,63.384746168687386,62.867645192617886,62.87427106098765,12129300
2011-07-11,64.17369079589844,64.17369079589844,63.47758987591988,63.66984636865603,9760800
2011-07-12,64.39247131347656,64.51180277456173,64.01458919635988,64.50517690188671,9083900
2011-07-13,64.57144927978516,64.59133700694612,63.71624160644936,64.11401132341763,13112200
2011-07-14,63.64994430541992,64.90292163290407,63.64994430541993,64.05434493047207,11471500
2011-07-15,63.75602722167969,63.77591495201018,63.13948229184829,63.172631881010574,7086200
2011-07-18,63.13948059082031,63.756025504041496,63.112961931788355,63.68310045618287,8206500
2011-07-19,64.4521484375,64.48529297918786,63.0930957803284,63.19253952122953,15249400
2011-07-20,63.68974304199219,64.20021341251243,63.557154780482975,64.12066247877408,9673300
2011-07-21,63.199161529541016,63.55052498091914,62.9140922100972,63.13949327025749,11099200
2011-07-22,63.67649459838867,63.70300820783682,63.33175698053919,63.4378316500063,4974500
2011-07-25,62.98040771484375,63.676508981175715,62.86770714651793,62.96051997430622,10869400
2011-07-26,63.41130447387695,63.55715459586421,63.13949196327927,63.17927248795085,7682800
2011-07-27,63.41792297363281,63.53724935050431,63.04666681100377,63.20577370474938,11224200
2011-07-28,63.65659713745117,63.848853668326086,63.451083802824115,63.716265399131515,7081600
2011-07-29,64.91619110107422,65.32059180505537,64.16042701184453,64.23335206062258,19582400
2011-08-01,65.57135772705078,65.81081530835388,64.7532101451387,64.77981710692339,14348200
2011-08-02,67.54022979736328,67.56018375077163,65.77755784141046,65.99706147842072,20850600
2011-08-03,67.67327117919922,68.79073843515032,67.42051260127651,67.56019537392538,21179700
2011-08-04,70.08113861083984,70.2075204194527,68.02579507358782,68.09896295491532,34076600
2011-08-05,68.05903625488281,70.1742410702269,68.03242929858665,68.80401580690143,41677700
2011-08-08,70.20751953125,70.36715623632706,68.47810243967083,68.63109120999091,38259500
2011-08-09,70.42034912109375,72.74840442977073,68.5113419410658,69.8483122678382,39881400
2011-08-10,72.51557922363281,72.54883917935487,71.1320533663627,71.59100929183523,46221000
2011-08-11,68.85725402832031,71.71078660561274,68.64440336187884,71.39816107917304,37790100
2011-08-12,70.22081756591797,70.28068449956588,69.22307931969875,69.46918991401279,15590800
2011-08-15,69.50912475585938,70.16098289555563,69.48917079516397,69.80179637875497,10051700
2011-08-16,70.65985870361328,70.93257131610687,69.59560000431283,69.615559041603,15993200
2011-08-17,71.89701080322266,71.90366381202071,70.35384262139732,70.71968198390802,15906600
2011-08-18,73.37367248535156,74.59091442145149,72.6885596690604,73.2273367236662,27274600
2011-08-19,73.96568298339844,74.10537084714466,73.32048297944472,73.5998485574157,15708400
2011-08-22,73.7794418334961,74.00559855312807,73.42690834310243,73.47346927438534,13157700
2011-08-23,72.76173400878906,73.94571607696544,72.73512704296085,73.00784463663017,16017800
2011-08-24,70.69303131103516,72.7749802734533,70.60656254916296,72.69515944150963,14621600
2011-08-25,71.45801544189453,71.77064091328342,70.7462956755502,70.96579931394146,10565900
2011-08-26,72.16310119628906,72.68192442379122,71.39151936621835,72.29613604613617,11504800
2011-08-29,71.16532897949219,71.43804648654329,70.90591748850896,70.9724323445737,6764300
2011-08-30,72.30937194824219,72.60204327987431,72.00339968097046,72.12312840075123,9508700
2011-08-31,71.19193267822266,72.47568913306812,71.19193267822266,72.37591431615886,12186000
2011-09-01,72.70108032226562,72.70775340753075,70.77297097653303,71.70033131555019,10686600
2011-09-02,75.06282043457031,75.10952183376416,73.82856480724362,74.31559295739795,16557100
2011-09-06,75.84341430664062,76.67737162216488,75.64993559863042,76.33711561221097,14016200
2011-09-07,74.39570617675781,74.96946952976522,74.2622698795036,74.90942192348226,11524300
2011-09-08,75.06282043457031,75.14287706743363,74.28223263365773,74.92271623698876,11480900
2011-09-09,75.86341857910156,76.17698730327683,74.86266993091877,75.08283585513598,11492700
2011-09-12,75.9434814453125,76.22368984940006,75.45644818957572,75.770016918466,7602200
2011-09-13,74.86271667480469,75.78340417357978,74.79600107461647,75.65664606024437,9282400
2011-09-14,75.49649047851562,75.62324852952136,74.60248558735822,74.70256148346806,11948500
2011-09-15,74.3423080444336,75.04950237999408,74.3423080444336,74.70925138273725,8884000
2011-09-16,74.88273620605469,75.1162433684652,74.22224306378654,74.26227140874994,10053500
2011-09-19,76.31040954589844,76.85081721431916,76.13695013190339,76.19031951847943,13033500
2011-09-20,76.63070678710938,76.63737987403823,76.09030381757223,76.30379678863034,6360600
2011-09-21,79.16595458984375,79.25268437530876,76.19038845059245,76.47727015953036,18687100
2011-09-22,82.14149475097656,82.641869342342,80.88055118794155,81.0006412934722,25041400
2011-09-23,80.61366271972656,82.30159175378158,80.61366271972656,82.14147335147928,15173800
2011-09-26,79.31936645507812,80.4402055545397,79.1125466209751,80.13998288632094,15110100
2011-09-27,78.10513305664062,78.25858349521243,77.56473015876382,77.89164011389283,13589600
2011-09-28,78.07843017578125,78.13180467330405,77.23113166041394,77.99170043486089,12642600
2011-09-29,78.61884307861328,79.27266803219149,78.11846855263411,78.46539774108716,12341800
2011-09-30,80.5936279296875,80.66701657239237,79.38605441158892,80.07323434776092,13546400
2011-10-03,82.81157684326172,82.81157684326172,81.00565640739292,81.52067649812646,15882000
2011-10-04,81.76146697998047,83.62758749466852,81.72133700213713,83.18614242939724,17301400
2011-10-05,81.17285919189453,81.45377919895775,80.70465918012252,81.37351925579534,14275000
2011-10-06,79.67462921142578,80.93877458674463,79.67462921142578,80.69129447457699,9681600
2011-10-07,79.0860366821289,79.6278169694033,78.15632131758257,78.75829657955474,11564600
2011-10-10,77.96903228759766,78.19644740617507,77.45401218566957,78.13624733540524,3567600
2011-10-11,77.70820617675781,78.49746170062056,77.52092606990905,78.45064167390838,7520200
2011-10-12,76.57782745361328,76.99921278081325,75.90228210889583,76.71828752834661,14033400
2011-10-13,77.34028625488281,77.95564138322216,76.89215124314437,76.93897124283349,11263300
2011-10-14,76.21659088134766,76.65804090716934,75.98918094295216,76.16977088797232,8411000
2011-10-17,77.53427124023438,77.56771629060592,76.39721096957702,76.45072100897221,9664000
2011-10-18,77.05271911621094,78.13627484456705,76.45074881456873,77.68144955028178,12495600
2011-10-19,77.02592468261719,77.41385962767423,76.35706464238466,76.61122962059405,6629300
2011-10-20,76.47747802734375,77.36706337865188,76.29688800636328,76.55774309388991,7832100
2011-10-21,75.668212890625,76.38389367084721,75.668212890625,76.15648347105811,9906300
2011-10-24,75.79524993896484,76.3035852021564,75.61465990102792,76.20325513530292,6344500
2011-10-25,77.72159576416016,77.82192586970707,75.81534417077349,75.83540917128265,11791200
2011-10-26,76.36378479003906,77.72826051381276,76.29689977576574,77.1797952319723,12747000
2011-10-27,73.77534484863281,75.48093674747444,73.45428943424936,75.2602114690235,19471400
2011-10-28,74.55123138427734,74.88566181670438,74.08303082008084,74.17667093292015,10127900
2011-10-31,77.50752258300781,77.50752258300781,75.88888203091862,75.98921208727096,15242100
2011-11-01,80.10205841064453,80.1288826530381,78.57311240761892,79.6058227168663,24400600
2011-11-02,79.10287475585938,79.37111204688455,78.07016451094294,78.21098793758598,13181100
2011-11-03,78.01656341552734,78.69386183560113,77.78185756189897,78.01656341552734,8386700
2011-11-04,78.11036682128906,78.49260311908783,77.47330291415885,77.60071671882457,7583700
2011-11-07,78.60662078857422,79.36438622678058,78.00308830335696,78.21767706296758,9279700
2011-11-08,77.60074615478516,78.82122085950347,77.45321540209387,78.29145366402129,7539400
2011-11-09,79.21013641357422,79.88742900418711,78.50601447799619,79.30401865615815,13004500
2011-11-10,78.02992248535156,78.86816073384821,77.2587422734946,78.31156930895838,11644600
2011-11-11,77.5538101196289,77.90251500840655,77.45322049833898,77.67451664193669,2483900
2011-11-14,78.8011474609375,78.86149819333593,77.9293771408036,78.05008372180363,9252600
2011-11-15,78.69384765625,79.43820402663899,78.27137719584124,78.9285534675882,7587500
2011-11-16,79.41133880615234,79.41804614478826,78.57980788231106,79.10286773950477,7470000
2011-11-17,80.04844665527344,80.57821414031288,79.15655942921198,79.15655942921198,9907900
2011-11-18,80.02828216552734,80.16911069803739,79.34428198399482,79.92099032671067,6792600
2011-11-21,80.5043716430664,80.96037327483369,80.41048940560239,80.72566256497544,7345600
2011-11-22,81.40298461914062,81.41639929491,80.37027458148967,80.705569848927,7866300
2011-11-23,82.20098114013672,82.51615948001067,81.16156386389697,81.24874389947018,10129300
2011-11-25,81.00736999511719,81.72490194034528,80.9671310684434,81.67796078939398,4311900
2011-11-28,80.96712493896484,81.24206959958094,79.51865159340609,79.55217806086083,7661900
2011-11-29,80.30321502685547,81.08780470987712,79.85392060490629,80.4909795544641,8952800
2011-11-30,79.04924011230469,79.50524205201225,78.6334770988254,79.3577112603125,11806800
2011-12-01,78.652587890625,78.81392509638307,77.8458967330173,78.17529502401176,9647200
2011-12-02,79.75505828857422,79.78194867432853,78.35678900224967,78.39712714528947,7764900
2011-12-05,79.59374237060547,79.88280768368287,78.5719279541755,78.65259913299407,7862800
2011-12-06,78.8340835571289,79.51977558702262,78.49796142097385,79.19709607963439,8506300
2011-12-07,79.116455078125,79.48618646757113,78.55176704375904,78.87444665322793,6588300
2011-12-08,80.1046371459961,80.21891745163843,78.9282095637765,79.13660366569103,8800500
2011-12-09,78.45771026611328,80.08454187157164,78.40392943729925,80.04420881437218,9855100
2011-12-12,79.33155059814453,79.65422498723741,79.06265185468916,79.26432719448492,5734600
2011-12-13,80.07108306884766,80.42064812794543,78.76020768620468,78.84087378432358,8901800
2011-12-14,81.5835952758789,81.60376179084774,80.32649617836195,80.52817158568763,11247700
2011-12-15,81.28106689453125,81.55668441129782,80.91805432974178,81.11300580687784,5438700
2011-12-16,82.22893524169922,82.43061061430265,81.5365243266147,81.59702386110506,9321900
2011-12-19,83.27095794677734,83.3717905549107,82.18864350303629,82.22897654628963,7845100
2011-12-20,81.19367980957031,82.464221346533,81.07939948967413,82.45750259511642,13945400
2011-12-21,80.06428527832031,81.2272700312721,80.04411877240598,81.09281811048255,11600100
2011-12-22,80.40042877197266,80.95166897178771,80.23236767289713,80.66932755625706,5247400
2011-12-23,79.50630187988281,79.80209090437994,79.15001335245587,79.70125327068182,5409700
2011-12-27,79.88407135009766,79.88407135009766,79.32431349670945,79.54012505527383,4270300
2011-12-28,81.36095428466797,81.63746530404957,79.88399233655764,80.07957217201937,8302300
2011-12-29,81.50936126708984,81.66447300588842,80.9698300952282,81.25308679039838,4305000
2011-12-30,81.77241516113281,82.1163665542619,81.52962654778906,81.67799793876054,5948800
2012-01-03,80.54493713378906,81.06423154097767,80.20773150317709,80.53819158047894,9076900
2012-01-04,79.5872802734375,80.44378037468628,79.36472330586302,80.4302944124166,8417100
2012-01-05,79.44563293457031,80.32236431373944,79.29051611118079,79.69516175890105,6465800
2012-01-06,80.07284545898438,80.22795715633772,79.38494314139804,79.41192020731802,7348500
2012-01-09,79.93122863769531,80.61913107629422,79.78286246705937,79.89751115837582,5582400
2012-01-10,79.7963638305664,80.1672921921214,79.36474090731211,79.39846353849023,8932500
2012-01-11,80.8349380493164,80.96981824987442,80.2414579633713,80.28192099446875,8634500
2012-01-12,80.72025299072266,81.05745848551842,80.41676495819794,80.89559614336625,7205400
2012-01-13,81.52288818359375,82.03544253980637,81.47567956824214,81.67125958765686,9819000
2012-01-17,81.90052795410156,82.02866263048061,81.4891365588797,81.57006263967678,5449900
2012-01-18,80.90910339355469,82.01513722561515,80.86864037261421,81.96118310079548,5804000
2012-01-19,79.7963638305664,80.6326326012027,79.52659821719469,80.47752084662598,8625700
2012-01-20,78.89263916015625,79.5535593780787,78.88589360619989,79.3849565466199,6548200
2012-01-23,78.39356231689453,78.66332784616262,77.92822205289032,78.31937666771206,7274800
2012-01-24,78.53521728515625,78.7105657162304,78.08336281407229,78.7105657162304,5776500
2012-01-25,78.34635162353516,79.93796254343434,78.15751730174192,78.27216597635218,12867600
2012-01-26,79.38493347167969,79.38493347167969,78.62959115397474,78.67005932059996,7638500
2012-01-27,79.63451385498047,79.80311673569713,78.9128937313272,79.46591097426379,5165300
2012-01-30,80.57189178466797,81.19234873748424,80.48421505207887,80.82142058887226,8388400
2012-01-31,81.50261688232422,81.54308506527259,80.38309663086548,80.4303052231797,7998300
2012-02-01,80.56904602050781,81.05578717957066,80.31891371440992,80.9543819118182,7925200
2012-02-02,80.53523254394531,80.77184652521208,80.20398019093156,80.42030899501806,5596900
2012-02-03,78.80460357666016,78.9600923251538,78.39898770616605,78.73024006533959,12467400
2012-02-06,79.58879089355469,79.63611265449175,78.64910708462979,78.88572104700026,6180600
2012-02-07,78.60173797607422,79.01411528341423,78.26372412793862,78.83835179591475,8794800
2012-02-08,78.66265106201172,78.95334342867703,78.40576217241608,78.55448406153789,7613400
2012-02-09,78.07447814941406,78.44629564045974,77.486337046086,78.32461038499795,11477700
2012-02-10,79.08851623535156,79.31836844304225,78.77078224224987,78.96007441939462,7193100
2012-02-13,79.18991088867188,79.34539958113021,78.70993167983302,78.82485518948096,6422900
2012-02-14,79.60902404785156,79.9605561853492,79.2507301891476,79.39269538838792,8271200
2012-02-15,79.46708679199219,79.95382257867699,79.4265216081722,79.54145027836428,6846100
2012-02-16,78.83160400390625,79.50087009731938,78.50710838297941,79.27777968028737,9036200
2012-02-17,78.81135559082031,78.83163560819312,78.25701276599509,78.32461454313281,6338000
2012-02-21,77.93924713134766,78.36514279650763,77.70939499307512,78.26373759308395,8338300
2012-02-22,78.91948699951172,78.93301044434044,78.29078091473423,78.34486437868311,7736800
2012-02-23,78.91948699951172,79.243982625522,78.37190611065755,78.51387133526111,5163900
2012-02-24,79.43327331542969,79.48735678191396,79.06145593045439,79.25074806314933,5676900
2012-02-27,80.13634490966797,80.34591190042855,79.85241444005362,80.10930317574993,8180700
2012-02-28,79.87269592285156,80.54196208718433,79.73073068542845,80.35943682697848,6615700
2012-02-29,79.38594055175781,80.0552065941263,79.06820667737284,80.02140830052775,14235000
2012-03-01,78.63860321044922,79.05869756684655,78.28626984369879,78.71313616351064,12265600
2012-03-02,79.37714385986328,79.60074268595343,78.97060382934107,79.00447914971303,6669600
2012-03-05,78.74699401855469,79.57362822798734,78.74699401855469,79.24839314727558,6921900
2012-03-06,79.70238494873047,80.02762012023679,79.57365044223722,79.5804224055953,6299700
2012-03-07,79.21453094482422,79.68882679788119,79.14676996344144,79.5871904952441,5567500
2012-03-08,78.42176818847656,78.98415122279799,78.3540123797547,78.81475911627491,7982100
2012-03-09,78.57759857177734,78.59114766356933,77.85260067916016,78.25236350497372,6975600
2012-03-12,78.56405639648438,78.95027018991931,78.50985485154233,78.81475857340898,5280000
2012-03-13,77.18186950683594,78.1982227729079,77.16831523506856,78.10335837885636,14413600
2012-03-14,75.23719787597656,76.39583925228636,75.17621403015143,76.3619587635572,24515300
2012-03-15,75.35242462158203,75.71153525367694,75.12882567990194,75.1423799506072,14154000
2012-03-16,75.50146484375,75.50824197679225,74.66805324043959,74.87132587620442,13427200
2012-03-19,74.60025024414062,75.53529757404722,74.32244999833206,75.4539875372709,14011400
2012-03-20,74.8984146118164,75.12201343360292,74.43089074252401,74.82388167122089,9443800
2012-03-21,75.74541473388672,75.81317057817535,75.08139505320322,75.11527556006732,10242000
2012-03-22,75.98931121826172,76.13837712107893,75.79959285810803,76.08417039833856,8009800
2012-03-23,76.70748901367188,76.82945148645157,76.3348296358812,76.35515585310537,8465300
2012-03-26,76.31453704833984,76.57201638257702,75.75215913129183,76.45005384779029,8118600
2012-03-27,76.86336517333984,77.03952924502447,76.36196080779669,76.41616752343978,6972300
2012-03-28,76.7549819946289,77.20217982078965,76.46362724500753,76.51105684753013,7886000
2012-03-29,77.33091735839844,77.37157499745098,76.95825765825113,77.25638438448114,7692900
2012-03-30,76.023193359375,77.4257601270556,76.01642139550346,77.38510766607409,9467500
2012-04-02,76.44439697265625,76.96747982090271,76.22021860912206,76.76368036626518,8944000
2012-04-03,75.11971282958984,77.06258153084289,75.11291813263855,76.7704717559598,14774300
2012-04-04,76.15225982666016,76.16584921626608,75.68352954192697,75.92808154366445,10095600
2012-04-05,76.70254516601562,76.81123440990599,76.30853564338753,76.7636818939223,6364100
2012-04-09,78.49593353271484,78.6453805414981,78.28533945233022,78.48913883777762,14374600
2012-04-10,79.38581085205078,79.67792040805557,78.65213961610881,78.76762346357246,14421300
2012-04-11,78.43478393554688,78.84237748355059,78.36005784708233,78.60461501245119,8713000
2012-04-12,78.10872650146484,78.63180404055323,78.00003210315163,78.57745684139663,9008500
2012-04-13,79.37220764160156,79.41297060282938,78.88309875234157,78.90347764154026,8607700
2012-04-16,79.2568130493164,79.88858523993896,79.1888816145601,79.27719196145968,7735000
2012-04-17,79.2092056274414,79.36545248364011,78.97144317916744,79.16165313778662,5398600
2012-04-18,79.44017028808594,79.56244884629135,79.29751283398498,79.51489636159103,4074400
2012-04-19,79.51490020751953,79.80021512952138,79.49451612780594,79.65076297528259,5374300
2012-04-20,79.52848052978516,79.56923832155842,79.02578209419714,79.18202375121606,5043300
2012-04-23,80.10587310791016,80.43874555081285,80.01756286665865,80.23494630751856,5170100
2012-04-24,79.54206848144531,79.99721963663642,79.5352789710512,79.89531996956879,4336600
2012-04-25,79.134521484375,79.6983621482617,78.59106491214256,79.08017945513654,8859500
2012-04-26,79.61003112792969,79.79344644247156,79.20243232613164,79.76627284349608,5133000
2012-04-27,79.67797088623047,79.72552339371376,79.3383086376829,79.4945503696274,3112900
2012-04-30,79.6983871459961,79.99049702397035,79.6100767858037,79.86821834986864,4198400
2012-05-01,79.28499603271484,80.09534850715026,79.03984747230356,79.96596310155364,7214300
2012-05-02,79.8433837890625,79.89105127306223,79.53695070554517,79.8229556095435,3565700
2012-05-03,79.82292175292969,79.92506780256595,79.37348121267571,79.42795979853024,3522900
2012-05-04,80.44947052001953,80.48352096067539,79.94555620959318,80.00003483649543,6367300
2012-05-07,80.46305847167969,80.66734544242047,80.36771831756192,80.57201048366832,3228200
2012-05-08,80.89208221435547,81.38237935629228,80.80355836192614,80.82398654361239,6051600
2012-05-09,80.94657135009766,81.42324630262151,80.65375525201377,81.34152836988856,5828900
2012-05-10,80.70816802978516,80.77626885357145,79.97272796930925,80.36768469230732,6300000
2012-05-11,81.37554931640625,81.44364497132179,81.00782654542382,81.36873819230506,5234300
2012-05-14,82.5127944946289,82.60132355579016,82.1246433978908,82.30850745155843,8789400
2012-05-15,82.84647369384766,82.89414119098122,82.27445853287746,82.4583173945733,6766400
2012-05-16,83.08480072021484,83.20056388505645,82.20635250188096,82.3834054098173,6462300
2012-05-17,84.55565643310547,84.63056320570334,83.09157659873581,83.09838772225335,14863400
2012-05-18,84.57614135742188,84.73957725931534,83.83388945228756,83.94284152484805,10137700
2012-05-21,84.39900207519531,84.74629130056977,84.18109297098742,84.37176278774896,9583500
2012-05-22,83.45931243896484,83.67722166744652,83.11882894475188,83.58869782928284,12475500
2012-05-23,84.03812408447266,84.79399253191198,84.00407366276025,84.1334590308295,11744900
2012-05-24,83.71806335449219,84.29688411823511,83.58867799487551,83.91554435772017,10256200
2012-05-25,84.03132629394531,84.12666125542854,83.85427342460541,84.05175447206804,4723600
2012-05-29,83.7725830078125,84.31054772150274,83.75896594971732,84.02454274319678,5874100
2012-05-30,85.8971939086914,86.01976820068539,85.32518400963076,85.33880106635591,17170800
2012-05-31,86.89138793945312,87.8992213828453,86.25808842325267,86.5032369582571,31174500
2012-06-01,88.9542465209961,88.96789691203347,87.70550125211501,87.9375058387624,23526000
2012-06-04,88.2513656616211,88.83137688705186,87.98524041414268,88.23771527625999,11681200
2012-06-05,87.07085418701172,87.7805232242618,87.06402899456897,87.70546172568078,12482800
2012-06-06,85.3307876586914,87.07083653998775,85.3307876586914,87.04354098184527,20806700
2012-06-07,85.46044158935547,85.80162828309174,84.88042525122296,85.05784378967265,18898200
2012-06-08,85.4400405883789,86.62736978885167,85.00332168231766,86.49089708299503,11239600
2012-06-11,85.82892608642578,86.12234685895125,85.13972748935977,85.1533778728796,10693800
2012-06-12,85.04414367675781,85.72651666521124,84.95543706245225,85.27615320000021,10921700
2012-06-13,85.8835220336914,86.17011763055936,84.87360704641395,85.19432339790266,11100000
2012-06-14,85.77435302734375,86.17013093522925,85.42634626574164,85.94494641459471,7688200
2012-06-15,86.25202178955078,86.55908781895324,86.07460320055742,86.37484924253123,6421400
2012-06-18,86.71603393554688,86.8934473141508,86.15648782019468,86.76379987687827,6698400
2012-06-19,85.58329772949219,86.23155578880697,85.52188660293578,86.17013945615302,8227900
2012-06-20,86.00636291503906,86.32707931669472,84.67573136813347,85.00327296300013,13720300
2012-06-21,86.4635238647461,86.83200608701773,85.90397794339184,85.94491867716802,9776600
2012-06-22,85.310302734375,86.12915377060644,85.3034827501585,85.91079453549702,7830400
2012-06-25,86.55223846435547,86.67506588304862,86.16328583950981,86.2247021519043,6113800
2012-06-26,86.21106719970703,86.62731545944447,85.93812195917481,86.05412420701067,5359700
2012-06-27,86.3475341796875,86.51812753663977,85.999522273798,86.3611793575614,5860700
2012-06-28,86.55912780761719,86.98902669470245,86.51818703974229,86.86619918497804,5257800
2012-06-29,85.43312072753906,85.72654140549761,85.04416822011441,85.31711853548654,8881900
2012-07-02,86.31465911865234,86.99166218720757,85.73339364697128,85.7880971185367,7818500
2012-07-03,85.65130615234375,86.16418822511228,85.62395181571935,86.12999400000521,5773100
2012-07-05,86.08897399902344,86.3830266264865,85.65131500242354,85.71969824239726,5974700
2012-07-06,86.8890380859375,86.99161551821732,86.58131100640297,86.62233989239292,5818300
2012-07-09,87.65494537353516,87.7096540373796,86.92323916816355,87.10787438700685,5647000
2012-07-10,87.832763671875,88.03791858191096,87.34039606163356,87.43613362836872,4288000
2012-07-11,87.94216918945312,88.53710895740396,87.70965475755246,87.93532408478468,5960900
2012-07-12,88.56439971923828,88.5985939162184,88.14725555913022,88.24983815007056,6421000
2012-07-13,88.33198547363281,88.37985948488618,87.94220044957662,88.37301437778457,4175300
2012-07-16,88.7422866821289,89.31671215315316,88.63286932537758,89.10472254608088,5283500
2012-07-17,88.04475402832031,88.77647077915015,87.96953090846503,88.39351007422451,5590900
2012-07-18,88.0926513671875,88.44824217833282,88.07212647941466,88.39353349170699,4011000
2012-07-19,87.86695861816406,88.28410311264125,87.60709503434188,87.84644417045308,5246300
2012-07-20,88.94060516357422,89.10473121466826,88.50294612860455,88.62604327557871,6365900
2012-07-23,89.4398193359375,89.88432353655455,89.24834413508013,89.79542060950796,6141100
2012-07-24,90.14418029785156,90.29461614303403,89.09105633926896,89.13893035312046,6748800
2012-07-25,90.3766860961914,90.41088033035714,89.91166746769086,90.01425017018809,5328000
2012-07-26,89.54916381835938,90.11675428549036,89.51496961005367,89.94579367856925,6606200
2012-07-27,87.8601303100586,88.9064090818008,86.8206914279631,88.82435127526863,14685100
2012-07-30,88.51659393310547,88.54394304776784,87.70281951330782,87.7985570665422,6025300
2012-07-31,88.69438934326172,88.81748644587789,87.92848891671026,88.76961245191308,7448600
2012-08-01,88.25101470947266,88.90889300912912,87.81928174855369,88.07969343375825,7972000
2012-08-02,88.7512435913086,89.55988521035522,88.49084243993573,88.80606763807597,7972000
2012-08-03,87.31905364990234,87.73707811063997,86.87361714914613,87.60687222762961,9084800
2012-08-06,87.3532943725586,87.81243414443026,87.28476690677797,87.49034930411982,3673600
2012-08-07,86.22942352294922,86.43500591151694,85.9553084432153,86.31850870183086,6613600
2012-08-08,85.77033996582031,86.61323824498895,85.68810381952744,86.45562549998643,7250700
2012-08-09,85.70861053466797,85.86622841416896,84.80403437711121,85.50302290545983,7553500
2012-08-10,86.14035034179688,86.56522906176568,86.07182286523708,86.48299295290714,4670500
2012-08-13,85.9964599609375,86.60636352440913,85.9964599609375,86.42133877422741,3543700
2012-08-14,84.83145141601562,85.2563301015757,84.80403938194941,84.94794863956389,7994000
2012-08-15,83.63908386230469,84.42715787741476,83.53629000823867,84.30380629819805,11191000
2012-08-16,82.92631530761719,83.94738819810047,82.59052199044294,83.74865497823453,13240000
2012-08-17,83.33064270019531,83.68699377564569,83.1387637649415,83.1935878116737,6341100
2012-08-20,83.50199127197266,83.73499093273762,83.26214252435473,83.29640887186183,4427100
2012-08-21,83.8720474243164,83.91316285944029,82.68650706621838,83.2415863536336,9532700
2012-08-22,85.2563247680664,85.32485223478953,84.43397948245718,84.64641619779204,11384400
2012-08-23,85.61264038085938,85.75654957845283,85.42076145073479,85.48243458042823,7139100
2012-08-24,85.53046417236328,86.0444281927468,85.43452464015668,85.98275501989073,5001400
2012-08-27,86.0306625366211,86.2088380653587,85.8456326953105,85.89360242670425,3906100
2012-08-28,86.23623657226562,86.59258759549772,86.06491537256392,86.1745634499609,3412600
2012-08-29,85.85936737060547,86.09236178569286,85.62636772720789,86.07865838469779,3762700
2012-08-30,86.30482482910156,86.64746744922242,86.16091555604818,86.53096498486461,3886400
2012-08-31,87.52462005615234,87.52462005615234,86.16090407373541,86.19516519419477,9192600
2012-09-04,87.43675231933594,87.64964251581198,87.05217512841888,87.16205208033607,6009300
2012-09-05,87.02465057373047,87.34742276128497,86.90790474743527,87.09332428099422,3466700
2012-09-06,85.57561492919922,86.20742143474138,85.53441175171938,86.20742143474138,6505100
2012-09-07,85.17733001708984,86.6538388561563,85.10178733884901,86.626368315026,7335300
2012-09-10,85.38337707519531,85.38337707519531,84.82024394470714,84.94385878991046,4912100
2012-09-11,84.84770202636719,85.22541021382062,84.66914611186948,85.17046912636434,3523300
2012-09-12,83.79008483886719,84.06478495526952,83.56345684987511,83.9343012210979,7040900
2012-09-13,83.46044921875,84.5317739807689,82.59514562817436,84.05105267459871,12280200
2012-09-14,81.24219512939453,82.30665013619797,81.0705083309296,82.24484540369393,16871600
2012-09-17,82.21746063232422,82.34107546571629,81.5856538125295,81.63372595665582,5573300
2012-09-18,82.62947082519531,83.027785689717,82.38224127062794,82.89730196939857,5366200
2012-09-19,83.17206573486328,83.3574854230157,82.8286916727887,83.33001486931306,5903300
2012-09-20,83.3780517578125,84.00298952263016,83.08274999832486,83.87937471076394,4604200
2012-09-21,83.47412872314453,83.53593345950883,82.86978780154367,82.92472883795567,4144300
2012-09-24,84.12657928466797,84.26392670608013,83.90682026672758,83.95489238816864,3627400
2012-09-25,84.95755004882812,84.97815163974542,83.87248751845489,84.33261241997229,5893500
2012-09-26,85.87095642089844,85.90529067156677,85.4657724430358,85.54131512976493,7193400
2012-09-27,85.25973510742188,85.70612219751227,84.99876760641571,85.53443525820593,5147700
2012-09-28,85.3078384399414,86.008319103127,85.0262692415571,85.6718140460702,7173400
2012-10-01,85.62435913085938,85.65877063483268,84.90864290197293,85.31467659693296,4842600
2012-10-02,85.50733947753906,85.69314788491512,85.20453514652682,85.27335813117983,3540100
2012-10-03,85.53489685058594,85.54178020149475,85.07381209840408,85.23897576700715,3800900
2012-10-04,84.46824645996094,85.19772976634987,84.35125568692743,84.96374296982178,6214800
2012-10-05,83.37405395507812,83.73879309056863,83.21576825925224,83.66309192088616,8340700
2012-10-08,84.0759048461914,84.14472257821218,83.74557763230911,83.94515273048884,1568400
2012-10-09,83.92453002929688,84.08281558992714,83.53226305347015,83.59420270778917,4752700
2012-10-10,84.51641082763672,84.61964013174858,83.44972201970876,83.58735759155091,5429800
2012-10-11,85.10135650634766,85.10135650634766,83.88326043528461,83.93143339993087,5194100
2012-10-12,85.3147201538086,85.87215109965224,85.18396267250264,85.38353794643135,4934900
2012-10-15,85.12196350097656,85.43164595750305,84.943033175861,85.18389789209905,3036100
2012-10-16,83.94520568847656,84.60586578348406,83.91767752821045,84.57833762321795,5398700
2012-10-17,83.16752624511719,83.44968587076565,82.97483442782469,83.3877462149455,6932500
2012-10-18,82.65828704833984,83.6355130550033,82.4931233466194,83.35335861666668,8558600
2012-10-19,83.78004455566406,83.82821752801632,82.775290239131,82.81657985815859,7616700
2012-10-22,83.24331665039062,83.84892090445967,83.22955518458936,83.56676622659091,6910600
2012-10-23,84.43378448486328,84.46131263396774,83.97269455043563,84.02775084864454,5760600
2012-10-24,83.60108947753906,84.15852013691779,83.60108947753906,83.86259905529955,6824500
2012-10-25,83.17444610595703,83.64241440356793,82.80970711305423,82.96798749654084,5292500
2012-10-26,84.39938354492188,84.40626689567354,83.45656400935579,83.57355997030126,5889400
2012-10-31,84.89490509033203,85.12888658103789,84.39252534490504,84.42693685846052,5025600
2012-11-01,84.1998291015625,84.56456802430365,84.01402058919872,84.48886689877706,3659700
2012-11-02,84.13790893554688,84.17231520268655,83.43595388000419,83.46348204399217,3527800
2012-11-05,84.61275482177734,84.81921342522777,84.5026474169414,84.52329222719436,2935700
2012-11-06,83.8144760131836,84.5508374803139,83.80759265822122,84.33750073063342,4484600
2012-11-07,85.33527374267578,85.70001237908372,85.17011016684974,85.30086225791996,10071000
2012-11-08,86.60157012939453,86.61533682881306,84.94303988056716,85.19078796552635,8579500
2012-11-09,86.69793701171875,86.69793701171875,86.14738444510252,86.45706698228764,5036900
2012-11-12,86.84244537353516,86.9731975231838,86.56716912352795,86.60157537324275,2072200
2012-11-13,87.13153839111328,87.27605733276576,86.70485967019088,87.26229587423455,2863800
2012-11-14,87.21410369873047,87.25539331569772,86.43644757611435,86.51903206050878,4694600
2012-11-15,87.04203033447266,87.41364727584275,86.71169774713901,86.78051550478317,5549600
2012-11-16,86.96634674072266,87.53066086778949,86.90440707104759,86.95946338843446,4591100
2012-11-19,86.47772216796875,86.58094618618496,86.22997402333242,86.34008139291595,3621600
2012-11-20,85.610595703125,86.48459222901143,85.59682900167016,86.35384006793977,4659300
2012-11-21,85.56246948242188,85.62440392142204,85.34912749701209,85.46612352144756,2422800
2012-11-23,85.47985076904297,85.64501445740237,85.41103300309814,85.54179043371461,987200
2012-11-26,85.88594055175781,86.38143194012846,85.85152902110347,86.13368887117434,2799000
2012-11-27,86.22309112548828,86.2919088881473,85.81705740002023,85.98222633095236,2544400
2012-11-28,86.09919738769531,86.84931975513254,86.08543068803255,86.69103946221345,3569700
2012-11-29,86.11297607421875,86.32631795803621,85.7895320738051,85.9271675952382,2761000
2012-11-30,85.8790054321289,86.39514657806653,85.82394911645201,86.35385696653847,3702300
2012-12-03,85.95829010009766,86.04792864729204,85.24116594018206,85.31011907346902,5427800
2012-12-04,86.45475769042969,86.47544836557248,86.08240444966381,86.20652219658577,2586300
2012-12-05,86.41342163085938,86.75129580978731,86.3099892566764,86.46858626519551,1978200
2012-12-06,86.59953308105469,86.9374122764724,86.5443737473899,86.78571227212736,2301200
2012-12-07,85.79972076416016,86.1651772228718,85.73765924168332,85.84798849906946,4020900
2012-12-10,86.178955078125,86.24790822084937,85.87555493719269,86.16516129310759,2134300
2012-12-11,85.52387237548828,85.71694324625794,85.38596611373471,85.68246931121288,3777900
2012-12-12,84.53095245361328,85.7376509707263,84.51716392816444,85.38598833350648,7119700
2012-12-13,84.59300231933594,84.93777327674098,84.21375216187545,84.32408139342297,6381500
2012-12-14,85.22742462158203,85.30327469312574,84.86886495129451,84.94471502283824,3832800
2012-12-17,83.95174407958984,85.17223118595899,83.9241617664621,85.15844265978929,6870000
2012-12-18,83.0967025756836,83.97241854490005,82.676081561736,83.71039449555057,12024200
2012-12-19,83.37252044677734,83.88278002132925,83.2415057916513,83.41389128069605,4880500
2012-12-20,83.38628387451172,83.87585788475793,83.17252761588217,83.63451932488812,4567900
2012-12-21,84.2964859008789,84.4206036365632,84.08962125447627,84.33785672584484,6087700
2012-12-24,84.14482116699219,84.17930037612153,84.03449716719794,84.12413574583006,1071100
2012-12-26,84.44751739501953,84.45442947026015,84.17800445668998,84.27475242058425,2247800
2012-12-27,84.73079681396484,85.20071743548402,84.19177130417977,84.22632111213021,4262700
2012-12-28,85.2145767211914,85.2353076702673,84.84831589453727,85.09709782818301,3928200
2012-12-31,83.7426528930664,84.97965095355308,83.55606900871534,84.91054600647378,6423000
2013-01-02,82.62311553955078,82.8580786346206,82.51946077798739,82.76133067558254,7472700
2013-01-03,81.50360870361328,82.57474841687089,81.4759656741115,82.4987314038332,10004300
2013-01-04,81.82147216796875,81.84911518954252,81.10276942415263,81.31008944977224,9574600
2013-01-07,81.85601806640625,82.04951920814598,81.54504331525251,81.80073729827619,4193100
2013-01-08,82.3950424194336,82.43650431028497,82.11170543897161,82.26373940191544,4380900
2013-01-09,82.31902313232422,82.60926690488772,82.1462582287936,82.40885898410822,3870300
2013-01-10,82.09097290039062,82.44341478288719,81.79381705286734,81.98040083044405,5602800
2013-01-11,82.8235092163086,82.83042129000751,81.78691960090457,81.90439849194884,4770700
2013-01-14,82.59546661376953,83.12067354844575,82.49181185960866,82.9548206694204,3064600
2013-01-15,82.9755630493164,83.41092889386326,82.90645811290132,83.34873603280029,5357800
2013-01-16,83.14830017089844,83.39708207654289,82.93407335806951,83.36252698372735,4286100
2013-01-17,82.31902313232422,82.61617897729155,82.06332917704697,82.46414501860598,7019200
2013-01-18,82.95480346679688,83.07228234539583,82.55398759260022,82.63000457813293,4660000
2013-01-22,83.11371612548828,83.13445233737431,82.49867364866319,82.61615775989036,3874100
2013-01-23,82.9893569946289,83.32798004435492,82.89260905824065,83.16212191994609,2848800
2013-01-24,82.69912719726562,82.90644725171956,82.41579541337113,82.83734232435758,4178900
2013-01-25,81.56578063964844,81.95968448234552,81.38610363016824,81.835293517685,8750700
2013-01-28,81.26862335205078,81.35155241786478,80.85398856771545,80.86780744250078,6059900
2013-01-29,80.81939697265625,81.60029749072537,80.7641162261134,81.28241079055293,5553900
2013-01-30,80.68119812011719,80.8263199851226,80.27347553829709,80.62591209372493,9586800
2013-01-31,81.07508850097656,81.08890736911967,80.542975083448,80.87468064253041,6789200
2013-02-01,80.02237701416016,81.62226877520251,80.00160002257424,81.53916080885884,10928600
2013-02-04,81.04743957519531,81.22751569919176,80.63188376019333,80.7496236056961,9291900
2013-02-05,80.32710266113281,80.63876803458001,80.24398942897807,80.52795039170702,6676500
2013-02-06,80.98509979248047,81.01280421501804,80.37561834888889,80.70113342452913,5892000
2013-02-07,80.80503845214844,81.44222443469968,80.77041188070848,80.8742968791076,5951700
2013-02-08,81.11669921875,81.14440364290654,80.50029031248322,80.89506910957631,5603400
2013-02-11,81.05437469482422,81.2967818362404,80.9781888383678,81.0682295509505,3679900
2013-02-12,80.8534927368164,81.04741838083274,80.65956709280006,80.81886617700063,4513700
2013-02-13,80.195556640625,80.52799920259717,80.02933535963892,80.20248406852254,6586400
2013-02-14,80.92277526855469,81.0612974013522,80.3340707353827,80.54185129253943,7096000
2013-02-15,80.68727111816406,80.8534923430718,80.38945522799573,80.79808879082087,5861800
2013-02-19,80.28551483154297,80.9642594424028,80.230106029825,80.93655504154383,7383600
2013-02-20,80.52798461914062,80.59724831741396,80.04317043569708,80.12628370317809,9603900
2013-02-21,80.9989013671875,81.24823573820846,80.85345719810446,80.96427482259163,8297400
2013-02-22,81.05437469482422,81.2690774080672,80.9504844101946,81.01974812266727,5316900
2013-02-25,82.64733123779297,82.661180807539,80.54184260313683,80.58339659645343,15948700
2013-02-26,82.16947174072266,82.88284375710685,82.1348398765158,82.23180803947888,9822100
2013-02-27,81.92699432373047,82.79273734606585,81.72614130845953,82.758105511542,7459600
2013-02-28,82.07937622070312,82.18326645320975,81.71230197871286,82.02396739215602,6023400
2013-03-01,82.5263671875,82.74153095553552,82.27649719442746,82.48471865837027,7786800
2013-03-04,82.08910369873047,82.57496444105065,82.08216668908001,82.45002942678857,4511400
2013-03-05,81.85314178466797,82.04054171215977,81.67962117588976,81.95031290194946,6539300
2013-03-06,81.11044311523438,81.5546552820728,81.10350081078876,81.28396365838772,6514900
2013-03-07,80.48578643798828,80.8675338380704,80.4510854987077,80.79812666408127,8526700
2013-03-08,79.6458969116211,80.06928728833644,79.55566817223529,79.72918864480962,15423600
2013-03-11,79.72229766845703,79.97911003955588,79.63900588164519,79.90276055883535,5815800
2013-03-12,80.29838562011719,80.36779279331235,79.97910838707716,79.99298770354504,9264200
2013-03-13,80.21507263183594,80.33306532462157,79.84026764114056,79.98602425495102,7371500
2013-03-14,79.97213745117188,80.26365065148678,79.80555923605279,79.8819033924368,9352100
2013-03-15,80.3469467163086,80.43023318062237,80.02766958044452,80.04849119652296,9673400
2013-03-18,80.95773315429688,81.12431137029762,80.61763441879611,81.08961044365321,9152200
2013-03-19,81.50606536865234,81.82534251547268,80.99938307984252,81.0549109215747,11986200
2013-03-20,80.5968246459961,81.20067275350829,80.56906072334556,81.0063305903813,8543900
2013-03-21,81.37418365478516,81.38112595848175,80.88138600085017,81.11043436400234,6119400
2013-03-22,81.4366455078125,81.5546381815134,81.04795597176012,81.4158238942683,6323800
2013-03-25,81.36026000976562,81.74894407816312,80.97851294585861,81.04792005872626,5839800
2013-03-26,81.4574966430664,81.83924401448118,81.0549276505613,81.11739780925987,5093200
2013-03-27,82.15154266357422,82.43611351859096,82.02660769674547,82.10989943977303,7742900
2013-03-28,81.73509979248047,82.21401278324986,81.6795719602266,81.98496974219734,5826400
2013-04-01,82.35071563720703,82.3715824414648,81.72468497488079,81.74555177913855,6113800
2013-04-02,82.0168685913086,82.17685102516714,81.90557184869327,82.12816002700313,5438000
2013-04-03,82.75411987304688,82.97670786021261,82.25329557519491,82.29502916437717,9527400
2013-04-04,83.74191284179688,83.75582758595652,83.10197259037218,83.1854398276502,9365700
2013-04-05,85.43215942382812,85.85646873437751,85.29999594145173,85.47389302587631,18626200
2013-04-08,84.77828216552734,85.46691825788278,84.70872441162018,85.327797443152,8020300
2013-04-09,84.56967163085938,85.02875739269317,84.43055071293975,84.88268440906785,7176100
2013-04-10,83.40804290771484,83.92973442860797,83.40108553483184,83.88103812534752,10765200
2013-04-11,83.5679931640625,83.811448052038,83.39409605737735,83.58885996775776,7501800
2013-04-12,84.81310272216797,84.82006009283502,84.09664744411033,84.39575069976651,9253000
2013-04-15,85.55042266845703,85.57824684351134,84.77136699461167,84.95221617208648,12948400
2013-04-16,84.84788513183594,85.22349824097557,84.77832203829554,84.80614621432791,6553500
2013-04-17,85.41129302978516,85.92602691619759,85.07045622862593,85.07045622862593,9020900
2013-04-18,85.61995697021484,85.71038684106941,85.27912020638654,85.4251931051701,7009500
2013-04-19,85.43910217285156,85.5434414670354,85.29998134496746,85.51561730145858,5474300
2013-04-22,85.50174713134766,85.75911681689452,85.32784998603972,85.44609877118839,4519400
2013-04-23,85.20266723632812,86.10693476312098,85.12615204681853,85.73827356289534,8042900
2013-04-24,85.41827392578125,85.4321833613887,85.07047965948234,85.18872843636333,3673600
2013-04-25,85.04959869384766,85.11916178540288,84.93134992927384,85.03568925968789,4297800
2013-04-26,85.82865142822266,85.91212394591263,85.56432974924849,85.69648793527644,4898800
2013-04-29,85.51566314697266,86.06517877115067,85.3904569882116,85.96083942102982,4916000
2013-04-30,85.56439208984375,86.03739275420304,85.32788910420304,85.73828931487404,4477400
2013-05-01,86.44332885742188,86.61759570559607,86.03902849328924,86.0599396641578,10724600
2013-05-02,86.33183288574219,86.4154829236218,86.09483242238997,86.15059379610526,4171800
2013-05-03,84.29637145996094,85.17467798313956,84.22666577486486,85.15376680943102,11283600
2013-05-06,84.08724212646484,84.51942584741273,83.87115292509212,84.44972016808629,5121900
2013-05-07,83.7596206665039,83.9966210278704,83.6829428276613,83.78053183742423,5049200
2013-05-08,83.89205932617188,84.22665401339403,83.76658698323884,83.83629265860117,5732900
2013-05-09,83.67597198486328,84.56821741288918,83.63414964236277,84.00359451632329,7527000
2013-05-10,82.77676391601562,83.50171473923285,82.14940211532735,83.48080356557706,11689000
2013-05-13,82.14237976074219,82.38635748619221,81.99599631639194,82.1702630813136,8050800
2013-05-14,81.25018310546875,82.56067336084907,81.23624409599148,82.4979345226944,9236100
2013-05-15,81.79387664794922,82.05876563278335,81.15257599092207,81.92632114036628,14608600
2013-05-16,82.64431762695312,82.90920666947717,82.20516703495137,82.23305037196457,8458400
2013-05-17,81.59870910644531,82.35851534688926,81.54294775562005,82.21909867432042,7435500
2013-05-20,81.50111389160156,82.02391440798864,81.41049704998048,81.9960310755971,5839800
2013-05-21,82.14237976074219,82.16329623982045,81.152545812355,81.5080515018911,7781800
2013-05-22,80.92257690429688,82.63736791788767,80.72043197588711,82.26791761450178,18361500
2013-05-23,81.30596923828125,81.72420875933045,80.69951847592728,81.66147522436489,9207100
2013-05-24,81.41746520996094,81.84964354527818,81.3547263856139,81.54293754045341,5357600
2013-05-28,79.3541488647461,81.04802282962179,79.34020985700072,80.92255048710498,13567500
2013-05-29,80.24642944335938,80.28825180035727,79.78636224356606,79.8978956198326,11298600
2013-05-30,80.05123901367188,80.42068930149756,79.83514976386357,80.33703927663453,10011800
2013-05-31,79.7793960571289,80.17672443299936,78.88715025294293,80.14187423895727,18158800
2013-06-03,80.20213317871094,80.6982426205583,79.44748557800786,79.50338658495181,15564500
2013-06-04,79.4614486694336,79.9994811005968,79.4195255875543,79.6291463279632,7504300
2013-06-05,80.55846405029297,80.57942558697741,79.74791575841884,79.85971772875101,8056100
2013-06-06,80.50953674316406,81.60656804656675,79.94355403604222,80.2719602667975,8925200
2013-06-07,79.07015228271484,80.23705759605016,79.07015228271484,79.81082182729685,10459300
2013-06-10,78.69284057617188,79.0422138609215,78.52513756116251,78.74873625016174,7892600
2013-06-11,79.629150390625,79.629150390625,78.34345939128157,78.44826710132708,12841200
2013-06-12,78.49024200439453,79.53836237372977,78.44831356453032,78.95840115658713,10193200
2013-06-13,79.71998596191406,79.77588696159259,78.88149229078721,79.00726687455752,12506300
2013-06-14,79.53128814697266,80.1182376966641,79.53128814697266,79.72693621986642,6679100
2013-06-17,79.11205291748047,79.71297513141485,78.95832788633294,79.67104673045857,5982100
2013-06-18,79.15393829345703,79.43343773235087,78.76264227761071,78.85347732957264,5192700
2013-06-19,78.33647155761719,79.51036590608479,77.99408726085954,79.47542644822649,17138200
2013-06-20,77.05073547363281,77.70755855935217,76.35897827908352,77.3861359706625,27898500
2013-06-21,75.74413299560547,77.14861516336397,75.72317145043219,76.96693955350635,19781000
2013-06-24,76.05855560302734,76.43587935346439,75.29692447546917,75.34583651732142,24588900
2013-06-25,75.3807373046875,76.17730753741311,75.36676472648634,76.09346140618538,11078000
2013-06-26,75.86990356445312,76.19831530407903,75.49257977835185,76.16337584330525,13582200
2013-06-27,76.6454849243164,76.84113303936581,76.12840881338721,76.54067191096529,12026000
2013-06-28,77.16954040527344,77.19749089602675,75.9676959579357,76.17033301763902,12017000
2013-07-01,77.32504272460938,77.38807116806227,76.63870272885086,76.84880822677003,5500400
2013-07-02,77.27603149414062,77.59819475758194,77.2059980929079,77.38808921067778,5333900
2013-07-03,77.04485321044922,77.49307299113043,77.04485321044922,77.25495322709283,3839000
2013-07-05,74.41862487792969,75.2870507580176,74.35559108022345,75.13297407829758,14511900
2013-07-08,75.13998413085938,75.32907485042576,74.90186415240629,74.98590744066139,8044200
2013-07-09,75.21697998046875,75.37105658361776,74.98586507574524,75.28000840364624,4700400
2013-07-10,74.62867736816406,75.20996434530299,74.44659172052236,75.20996434530299,10792200
2013-07-11,75.50411987304688,75.54614416587194,74.89482373071657,75.2519954889091,10035500
2013-07-12,75.44108581542969,75.96634401929515,75.17495157248808,75.87529584430871,4730800
2013-07-15,75.84032440185547,75.86133388688917,75.42711827110483,75.4971570121582,4574800
2013-07-16,76.09941864013672,76.1694520055798,75.82627943146308,75.93833709073465,3650200
2013-07-17,76.23945617675781,76.58962821308567,76.09938949950717,76.47057100310249,5932000
2013-07-18,75.28703308105469,76.106434856405,75.27302854218911,76.0644158966038,9066400
2013-07-19,76.47760772705078,76.48461266727462,75.81228267228913,75.85430162722453,8523800
2013-07-22,76.58963775634766,76.82075261148984,76.42855624855714,76.58963775634766,3972600
2013-07-23,76.26751708984375,76.3375504711764,75.86131599762804,76.10643550389459,5015500
2013-07-24,75.3010025024414,75.56013176784471,74.78975425260494,75.39205066382195,8853100
2013-07-25,75.27304077148438,75.35707870474009,74.8038058235836,74.91586352553165,6443400
2013-07-26,75.7352294921875,75.83327726325865,75.38505735458975,75.66519613330851,6795500
2013-07-29,75.18193054199219,75.51109309096114,74.98583506853008,75.39203588824498,6397800
2013-07-30,75.1539535522461,75.46911172851519,74.97186786092998,75.43409237230632,3635400
2013-07-31,75.4271011352539,75.58117778143829,74.1314648682013,74.27853657323061,10483100
2013-08-01,73.97376251220703,74.76713901163328,73.72100435446097,74.76713901163328,13568600
2013-08-02,74.78817749023438,74.85136968787124,74.40904573094451,74.43010801127919,9568400
2013-08-05,74.21244049072266,74.59860009267874,74.10010656073763,74.55647553851335,6611800
2013-08-06,74.43009948730469,74.43009948730469,73.95968540162794,74.0930869706471,4589000
2013-08-07,74.98473358154297,75.08302774478638,74.54240449031745,74.54240449031745,7183400
2013-08-08,75.18836975097656,75.54644455258263,74.97774161098596,75.11114318262264,5510900
2013-08-09,75.30776977539062,75.31478696730586,74.76012883443885,74.84437799050217,3623400
2013-08-12,74.79524230957031,75.56755671260055,74.75311772509247,75.55351696998656,7562800
2013-08-13,73.71395874023438,73.97373936458214,73.58056251184638,73.95267708413314,11485600
2013-08-14,73.82630157470703,73.97374290153265,73.62971313893955,73.67886024788143,6431600
2013-08-15,72.82929992675781,73.4611896722326,72.80121510481617,73.08907515561192,11846300
2013-08-16,72.5765609741211,72.9978227007768,72.08508449582823,72.99080015428638,10175900
2013-08-19,71.94466400146484,72.32380115346332,71.76211529347297,72.26763149613761,9022000
2013-08-20,72.49938201904297,72.56959146535948,72.21151632551666,72.23960117537074,10050100
2013-08-21,71.7059555053711,72.45720736644229,71.69191576742399,72.15530211255569,13248800
2013-08-22,72.43612670898438,72.47825662540832,71.783169249057,71.9376331104684,8751200
2013-08-23,73.22246551513672,73.29267488093036,72.13420159712581,72.32377277706303,17441200
2013-08-26,73.58757019042969,73.64373983545624,73.25056303353476,73.41204406719586,5879100
2013-08-27,74.51437377929688,74.59862827609108,73.74908218746062,73.92460837163965,11573300
2013-08-28,73.91053009033203,74.12116355942314,73.67883970228979,74.00882963743774,7497900
2013-08-29,74.50031280517578,74.64073156983905,73.57353503115372,73.63672186826244,6672400
2013-08-30,74.41605377197266,74.90050758664748,74.24052764858405,74.43711604971813,8987600
2013-09-03,73.36644744873047,73.68322615789,72.86663829588561,73.62690827202233,12084300
2013-09-04,73.20454406738281,73.66915862801406,73.17638512091094,73.52836389565465,4579600
2013-09-05,72.18379211425781,72.92998523623939,72.17675103647439,72.83847270812973,12290600
2013-09-06,72.54285430908203,73.08489945844892,72.37390056809829,72.68364372246329,9478400
2013-09-09,72.57804107666016,73.07785042176099,72.56396428516308,73.07081471139809,6874900
2013-09-10,72.0711669921875,72.74696554840466,72.0570902053113,72.31755641406178,8069000
2013-09-11,72.7117691040039,72.72584589053321,71.93741694642709,72.45130290167207,8962400
2013-09-12,72.61321258544922,73.2115753482765,72.54985362167479,73.10598065583187,6254400
2013-09-13,72.89479064941406,73.09189786136398,72.66952449707577,72.86663170902568,6106200
2013-09-16,72.40911102294922,73.50024793131655,72.40206994003573,73.44393000955392,8231600
2013-09-17,73.0074462890625,73.028564158965,72.48651913864211,72.76810326914008,8795300
2013-09-18,73.90851593017578,74.30273588635788,72.49356484863743,72.95113304780214,19749200
2013-09-19,73.4720458984375,73.97889078485231,73.32421546855366,73.95073721124828,11627800
2013-09-20,73.8592300415039,74.04226052116715,73.52836911045621,73.69732280127009,8421000
2013-09-23,74.40129852294922,74.429457478277,73.99300172685368,74.06339642978735,10242100
2013-09-24,75.20380401611328,75.2108397263112,74.50688201099595,74.61247674244747,11446600
2013-09-25,75.35868072509766,75.52058800305797,74.89406602325361,74.99966076192467,8130900
2013-09-26,74.83072662353516,75.05599293581689,74.75329082517838,74.95743925986692,5117100
2013-09-27,75.01371765136719,75.19674812511715,74.79549252124573,74.82365146880497,6460000
2013-09-30,74.9011001586914,75.25307900777288,74.74622860577219,75.08413066402966,8438800
2013-10-01,74.67378997802734,74.83612128387517,74.4832205852736,74.7443690407802,7592500
2013-10-02,74.78675842285156,75.15377837603582,74.64560021614402,74.76558523032946,5967200
2013-10-03,74.66679382324219,75.10439299942378,74.6032688434672,74.63856109721351,6648900
2013-10-04,74.61032104492188,74.65972696441023,74.35623192045566,74.58208832166548,5545300
2013-10-07,74.913818359375,75.06909564957067,74.80089284776821,74.95616475312235,5761100
2013-10-08,74.93497467041016,75.17495007886603,74.6950046467946,74.80087599214747,5904000
2013-10-09,74.3350601196289,74.77265926105557,74.32094645015646,74.72325334063977,8439000
2013-10-10,74.45500946044922,74.48324217069974,73.76332690624774,73.9680100169348,9944100
2013-10-11,74.4338607788086,74.97733120658224,74.39857391800761,74.92792529358832,6500800
2013-10-14,73.83393096923828,74.56090600341565,73.63630731546276,74.3844555432817,4205600
2013-10-15,73.78453826904297,74.32094927166543,73.777478741618,74.2150778996576,8291000
2013-10-16,74.70909118652344,74.71615070960775,73.59392347209028,73.73508700958467,14460200
2013-10-17,75.38665008544922,75.6054521935452,75.01963570596709,75.18196702166274,11303400
2013-10-18,75.54898834228516,75.85954270543964,75.50664197815964,75.59839422871084,9487800
2013-10-21,75.30905151367188,75.46432877456101,75.13966058581123,75.45727463349552,6161600
2013-10-22,76.14894104003906,76.31127779196444,75.91602519873543,75.9442579114546,9708500
2013-10-23,76.44538879394531,76.74182963295864,76.25482468335981,76.27599787510928,9163100
2013-10-24,76.14894104003906,76.69946547596447,76.13482737609915,76.6571190993054,7631400
2013-10-25,76.43128204345703,76.54420753795215,76.28306430295929,76.31835116412121,4429500
2013-10-28,76.17010498046875,76.49477306006185,76.16305084177492,76.23362992258409,6466400
2013-10-29,76.26892852783203,76.27598805245282,75.88074083112109,75.95837944743118,5270500
2013-10-30,75.81015014648438,76.37478817849345,75.66898659985307,76.17716459804834,10199300
2013-10-31,75.97247314453125,76.23362163846936,75.61957239399558,76.16304256532985,11452100
2013-11-01,75.15017700195312,75.72340855388813,75.11479007188585,75.70217855556277,11349500
2013-11-04,75.22093200683594,75.4898542696634,75.17139355317596,75.34831737328821,4733200
2013-11-05,74.3221664428711,74.89540337227095,74.30093644535393,74.8670949091523,8753400
2013-11-06,74.35751342773438,74.4070518617588,74.08859127149951,74.26551502148453,5643000
2013-11-07,74.98741149902344,75.05110689907697,74.28679449416242,74.34341142770157,7893700
2013-11-08,73.18273162841797,73.67811589483097,73.16857470692985,73.57903904154837,16889900
2013-11-11,72.90678405761719,73.30309718751627,72.86432405770537,73.26771025473117,4927200
2013-11-12,73.24644470214844,73.31013467110208,73.0199824803934,73.04121247004461,4839500
2013-11-13,73.515380859375,73.62861469139148,73.41630395600373,73.50830779433869,5782900
2013-11-14,73.96831512451172,74.39293665117552,73.70647130226097,73.81969974989418,8895500
2013-11-15,74.11690521240234,74.1239782754412,73.81966918694248,74.0673667747065,6344800
2013-11-18,74.56279754638672,74.59818448073867,74.06033439446023,74.06033439446023,5451300
2013-11-19,73.99664306640625,74.40710777061939,73.89049305608252,74.27264389182479,7251100
2013-11-20,72.7369155883789,74.19476604869514,72.64491715132027,73.89753534501077,14190900
2013-11-21,72.85722351074219,73.02707425748919,72.29814901704695,72.54584127361186,8903000
2013-11-22,73.53660583496094,73.69229423299895,73.23229670363372,73.23936976766805,7950700
2013-11-25,73.7489013671875,73.89751668149549,73.4870522519107,73.4870522519107,3755500
2013-11-26,74.02491760253906,74.25845831677296,73.93999763320743,73.94707069779443,6659200
2013-11-27,73.89752960205078,74.09568338910746,73.57199046627397,74.08153186115445,6063000
2013-11-29,73.91876220703125,74.02491756793212,73.56491460355234,73.65691843599986,5084400
2013-12-02,73.34381103515625,73.75549732126,73.2657324148484,73.67741870095213,7527800
2013-12-03,73.61353302001953,73.79098344348367,73.4360825965554,73.60643348678096,5076900
2013-12-04,72.91082763671875,73.14506348502383,72.6694922554889,72.93212082013613,8502700
2013-12-05,72.70502471923828,73.0031402826887,72.55596693751308,72.74051698813663,7445700
2013-12-06,73.05281829833984,73.10250422020061,72.65533092345368,72.79728915295321,7352000
2013-12-09,73.22315216064453,73.27283806723,72.98891628015974,73.03860218674521,5678800
2013-12-10,73.74842071533203,73.78390756218612,73.42900660149189,73.70582891760468,7040400
2013-12-11,73.18058013916016,73.65614614712572,73.12379468333644,73.4999942666492,8190900
2013-12-12,72.90375518798828,73.22316930398414,72.84696973420783,73.13089158775117,6208600
2013-12-13,73.25865936279297,73.32254435493648,72.96054384041437,73.20897344239654,6471300
2013-12-16,72.98888397216797,73.59931364879165,72.91790491065818,73.5212350565243,6376400
2013-12-17,73.31547546386719,73.39355414503436,72.81861063686141,72.8328097145435,6014400
2013-12-18,72.94635009765625,73.62066525556513,72.7263132077346,72.9889419006498,12973200
2013-12-19,72.87535858154297,73.11669403958282,72.7192012996393,73.01022267325226,6708400
2013-12-20,73.9968490600586,74.02524178627962,73.32253941222557,73.62065491450804,12425700
2013-12-23,73.57806396484375,74.11041536388005,73.57806396484375,73.85488625911395,6378600
2013-12-24,72.98888397216797,73.35797834123204,72.96759079525056,73.2728056335624,4897000
2013-12-26,72.70764923095703,72.89280245723387,72.64356086401077,72.88567971655343,4645300
2013-12-27,72.50106811523438,72.8571287667117,72.41561703603462,72.68622117525781,4755000
2013-12-30,72.9996566772461,73.04950501968285,72.69344387854547,72.74329222098223,4491700
2013-12-31,72.53671264648438,73.02807832994945,72.04534696301931,72.84292517728684,7218600
2014-01-02,72.75751495361328,72.9141826877034,72.41569938201714,72.43706217610934,8580800
2014-01-03,72.75751495361328,72.95690827588778,72.46554771258577,72.5011505583859,4083800
2014-01-06,73.0636978149414,73.3485476302141,72.89991283847398,72.90703014488851,7796200
2014-01-07,73.24881744384766,73.3413912823399,73.0351788220276,73.22033193206794,4428100
2014-01-08,73.04942321777344,73.12775701574917,72.7076025145106,72.95684394758987,8513000
2014-01-09,73.47676849365234,73.49813129026961,72.99964792566281,73.3272234842703,6991100
2014-01-10,74.35263061523438,74.44520448196519,73.83990211290903,73.89686772078934,13197400
2014-01-13,74.72295379638672,74.87249874864725,74.39537836290285,74.42386389186568,9667400
2014-01-14,74.3811264038086,74.65173618885768,74.33840083061502,74.52355403621829,10343100
2014-01-15,74.30280303955078,74.42386790243155,74.01083585980166,74.08916971040593,7507500
2014-01-16,74.80128479003906,74.82264757768168,74.57340600008625,74.66597989089058,7137700
2014-01-17,75.11463165283203,75.14311175200578,74.6232657296589,74.67311405280256,7588600
2014-01-21,75.17155456542969,75.29973667110664,75.05761793430386,75.0932207545684,6436000
2014-01-22,74.98638916015625,75.30684163217741,74.94365817964615,75.03623744320521,4646700
2014-01-23,76.04749298095703,76.26112627603058,75.39945948986596,75.39945948986596,12960600
2014-01-24,76.53883361816406,76.5459509225176,76.18989011479701,76.3323176977193,11122200
2014-01-27,76.00476837158203,76.6243109115097,75.98340015205123,76.35370656109774,9218200
2014-01-28,76.18989562988281,76.18989562988281,75.87656579088657,76.13293002564714,5661500
2014-01-29,76.81659698486328,77.01599026230699,76.189926189401,76.46053600855402,11709400
2014-01-30,76.59577941894531,76.6741132110398,76.2753269480536,76.53169109798911,5956900
2014-01-31,77.10858154296875,77.20116089483746,76.80236881699032,77.05161046998194,14690900
2014-02-03,78.04812622070312,78.06240266166904,76.8272862577066,76.955796014177,20780300
2014-02-04,77.21992492675781,77.58403121556637,77.08427428174558,77.47693888776418,9573500
2014-02-05,76.5060043334961,76.94864475437417,76.39891197630368,76.88439260822486,10312200
2014-02-06,76.17755889892578,76.40601997012838,76.04904920594046,76.37032616187454,5708700
2014-02-07,76.24180603027344,76.54880106332062,75.99192761894221,76.00620405090078,7039200
2014-02-10,76.45600128173828,76.4774241045959,76.08475405633597,76.11331237320415,4370500
2014-02-11,76.01338958740234,76.17045766580262,75.79206935708052,76.11334101057633,5904900
2014-02-12,75.62069702148438,75.8277407502245,75.4065177981598,75.7991824310594,6723300
2014-02-13,76.04906463623047,76.19899718091918,75.89200204355086,76.09904033547915,6874600
2014-02-14,76.09185791015625,76.1346926411099,75.87053242403731,76.08471697268419,4989100
2014-02-18,76.26325988769531,76.53455580022872,76.12047371203424,76.14903203655514,4855800
2014-02-19,75.94197082519531,76.52026178481628,75.89199513049897,76.52026178481628,5522500
2014-02-20,75.75637817382812,76.12762557854651,75.45652387229275,75.90630532459582,5103200
2014-02-21,76.15614318847656,76.16328412905999,75.64210440530437,75.64210440530437,5250700
2014-02-24,75.96340942382812,76.20614702389767,75.79920041141234,76.17758869795824,3816700
2014-02-25,76.64160919189453,76.64875013113027,76.31319679727972,76.32747867575118,6225400
2014-02-26,77.04853057861328,77.04853057861328,76.56305035997221,76.61302602452619,7203900
2014-02-27,77.46983337402344,77.50552719914275,77.17711459454654,77.30562434825325,5394700
2014-02-28,77.51262664794922,77.63399539288181,76.94861222233503,77.30558296409531,8462600
2014-03-03,78.03010559082031,78.13745801707144,77.7509925586701,77.92275316456919,11089400
2014-03-04,76.85643768310547,77.54348592065972,76.83496827883408,77.54348592065972,8068100
2014-03-05,77.02095031738281,77.13545548530894,76.72036264872125,76.82055671821935,4798500
2014-03-06,76.26234436035156,76.55577380090308,76.23371669833422,76.40548267043825,7418200
2014-03-07,75.78289031982422,75.9832786180908,75.57534373657053,75.6039714163474,8270300
2014-03-10,75.89020538330078,75.94030243319811,75.70412828646687,75.81863894918587,3744300
2014-03-11,76.09061431884766,76.10492542550308,75.70414891710617,75.8472872845125,3815700
2014-03-12,76.62020111083984,76.76333945673068,76.41981288676227,76.52000699880107,6430500
2014-03-13,77.65077209472656,77.67224148066482,76.32677384689644,76.36255433673709,11815500
2014-03-14,77.66507720947266,77.99429263570308,77.52194434080903,77.98713435421921,9232800
2014-03-17,77.08533477783203,77.50758576404509,77.05670712960017,77.42170281934948,7381900
2014-03-18,77.3644790649414,77.40026500486282,77.00664150639851,77.06389682620565,4819500
2014-03-19,76.7633285522461,77.27861560391568,76.4412714148682,77.235671376164,11557600
2014-03-20,76.62734985351562,77.02812625177644,76.57009452228725,76.64166095623827,5224400
2014-03-21,77.45748138427734,77.52188949155446,76.8420006561923,76.87062830170382,8986200
2014-03-24,78.00862121582031,78.07302938309849,77.25715983655398,77.32873174708995,7536400
2014-03-25,77.71514129638672,77.87974893968305,77.41455912358468,77.58632504532866,5032000
2014-03-26,78.323486328125,78.3521139879434,77.63643887298662,77.68653591262688,7147200
2014-03-27,78.7171401977539,79.00341146608255,78.30920541494095,78.46665488553022,9772200
2014-03-28,78.27340698242188,78.6455557238509,78.02291626742857,78.62408633917583,6027000
2014-03-31,78.0801773071289,79.49005857898105,77.5362625282048,77.82253375185799,7488400
2014-04-01,77.41291046142578,77.75014433500891,77.37703242091764,77.67839372821302,9067300
2014-04-02,76.9680404663086,77.1689498097357,76.89628986648029,77.0541444706345,6887200
2014-04-03,77.30526733398438,77.44877399491615,77.09001555391576,77.1474127440691,4937400
2014-04-04,77.82189178466797,77.98692310040177,77.38420598448289,77.39855938979201,8977500
2014-04-07,78.28822326660156,78.41737645146847,77.92228833044258,77.93664172554796,7562500
2014-04-08,78.47483825683594,78.54658886381696,78.00845110012868,78.23087962403598,4213800
2014-04-09,78.08736419677734,78.46047056969887,77.9510342363736,78.1232367566282,5771500
2014-04-10,78.81204986572266,79.0847097780674,78.13758773473447,78.1519356633856,12706400
2014-04-11,79.45063781738281,79.49368707371123,79.0201233572236,79.31430787338448,10267000
2014-04-14,79.2425537109375,79.42910412941858,79.1421018012266,79.27125503860039,4142600
2014-04-15,79.73763275146484,80.01029261413333,79.17797057430904,79.3645264581004,7752000
2014-04-16,79.8381118774414,79.8381118774414,79.19952220380692,79.23540024245969,5523000
2014-04-17,78.96268463134766,79.96720324532639,78.71154950363709,79.90980609182466,8622500
2014-04-21,78.89812469482422,79.3716882785429,78.81202073208885,79.19230912850713,4316300
2014-04-22,79.1635971069336,79.27839690084588,78.64698434878716,78.68286236363151,5748700
2014-04-23,79.61566162109375,79.6802409781869,79.30712918529426,79.35735514115842,5748600
2014-04-24,79.76638793945312,79.79508928512588,79.24977466578727,79.24977466578727,6337800
2014-04-25,79.88111877441406,80.35467685051957,79.87394207613792,79.99591857574816,5976500
2014-04-28,79.49368286132812,79.84526454255695,79.32148037092072,79.7232880066108,7606000
2014-04-29,79.3860855102539,79.45066489097135,78.95557637761327,79.04885162284887,5235200
2014-04-30,79.71610260009766,79.83090789730991,79.19948971107827,79.44344823054537,7721400
2014-05-01,80.57127380371094,80.61443301256587,79.7225491962668,79.75132017300251,11556500
2014-05-02,81.06759643554688,81.34810671313488,80.05344515984524,80.22606560278287,12702100
2014-05-05,80.57849884033203,81.13951938320334,80.4778031268682,81.10355976411186,8043000
2014-05-06,80.90216064453125,81.06039283099676,80.58568529659163,80.63603314853619,6522600
2014-05-07,80.61447143554688,80.96690646540947,80.51377571272899,80.7798977712454,8199200
2014-05-08,80.26920318603516,81.10354521939992,80.1685074906296,80.80145264567939,10878800
2014-05-09,80.01033020019531,80.42030740868778,79.8233269033447,80.21891586592066,6000600
2014-05-12,79.68661499023438,79.93116013918007,79.50680044394922,79.84485266896604,4563800
2014-05-13,80.37712097167969,80.37712097167969,80.07503378033113,80.15415263818514,5501000
2014-05-14,81.24742126464844,81.44162408906138,80.95971683172539,81.010064695924,8851400
2014-05-15,81.89476013183594,82.29035443847596,81.70775141528739,81.83721814405085,12627900
2014-05-16,81.6645736694336,81.99543177070962,81.57826071312076,81.71492152207334,5019200
2014-05-19,81.06038665771484,81.96665341120281,81.00285017952021,81.94507654594184,7403300
2014-05-20,81.2402572631836,81.62146893345,80.98132372630828,80.9885178488625,6549800
2014-05-21,80.74394226074219,80.84463798868805,80.4634319489636,80.71517126882829,8224600
2014-05-22,80.62882995605469,80.84460957582036,80.4058617064662,80.74391388326403,6495700
2014-05-23,81.06038665771484,81.2114356895494,80.8805721305349,80.93091997864514,3835000
2014-05-27,81.53511047363281,81.56388146030366,80.84462325604613,81.16828725296018,6658300
2014-05-28,82.54210662841797,82.59964313765617,82.06019926506174,82.06739338653158,10361000
2014-05-29,82.10334014892578,82.85136947683935,82.08895190920316,82.62120702882791,10692000
2014-05-30,82.06737518310547,82.28315487928373,81.85878960680132,81.96667945489045,6518900
2014-06-02,81.45732116699219,81.97652593992763,81.16166625565431,81.51501180880332,11728200
2014-06-03,80.45494842529297,81.15443214311682,80.41168320618831,81.06068900116306,12694100
2014-06-04,80.43330383300781,80.63521549432394,80.23859937268143,80.59195028166481,7882000
2014-06-05,80.46935272216797,80.74338039449259,80.05831671536093,80.13763993612018,6915600
2014-06-06,80.46935272216797,81.06067327752956,80.39724220375409,80.85875612361883,7832800
2014-06-09,80.35400390625,80.5054376961433,80.18814470683444,80.36842381409052,5162800
2014-06-10,80.05833435058594,80.23861343717242,79.92132598592336,80.07275975845427,5986000
2014-06-11,80.20259094238281,80.43334803952351,79.93577581375509,80.2314362672358,5569700
2014-06-12,80.9164810180664,81.01743688695025,80.04393072175188,80.2602678703214,9775900
2014-06-13,80.87319946289062,81.2121250264445,80.42610534688833,80.45495066098665,5412500
2014-06-16,81.0750961303711,81.2193171724462,80.8371264594351,80.91644968308043,5184600
2014-06-17,80.43330383300781,80.82991445297017,80.39003862034869,80.81549454931051,6668800
2014-06-18,81.0534896850586,81.31309204592714,80.44774900913805,80.62082091750499,11256500
2014-06-19,80.01504516601562,81.16882987427695,79.8563987370648,81.13277736876596,14215500
2014-06-20,80.6208267211914,80.6208267211914,79.9718207722998,80.02229870712013,7319100
2014-06-23,80.36839294433594,80.89481015606516,80.33955313973236,80.82269964119695,5821700
2014-06-24,81.18327331542969,81.233751235704,80.63522339410797,80.87319309040721,9698300
2014-06-25,81.39241027832031,81.74575577484674,81.26260910588672,81.55826396984676,5699300
2014-06-26,81.78180694580078,82.06304187890451,81.63758037646484,81.63758037646484,6628900
2014-06-27,81.6592025756836,82.07745132091353,81.60872465827173,81.9764954860898,7216500
2014-06-30,81.86116027832031,82.0630775631923,81.55107989651411,81.8900056047306,5593100
2014-07-01,81.17576599121094,81.5083343777739,81.11792657201634,81.33482163606075,8019200
2014-07-02,80.30818939208984,80.73474265877077,80.22866157696797,80.70582295182918,9382500
2014-07-03,80.01901245117188,80.14914839823875,79.77319765521396,79.80211736743672,6173900
2014-07-07,80.60458374023438,80.83593581389596,80.41661397254396,80.4455281553667,5928900
2014-07-08,81.50830841064453,81.59506751179647,81.14682042964805,81.14682042964805,6352100
2014-07-09,81.57341003417969,81.79753090226784,81.24806741844719,81.45050539786496,6395200
2014-07-10,81.5950698852539,82.17345287801997,81.5661501840287,82.08669377434435,7196900
2014-07-11,82.11561584472656,82.18791234194093,81.8987208372143,81.94932893685127,4676500
2014-07-14,81.76133728027344,81.9926948504818,81.64566401103733,81.89870445861764,4743300
2014-07-15,81.5950698852539,82.0360856761675,81.33479809009607,81.57338148830225,7720000
2014-07-16,82.02882385253906,82.1155829239354,81.65287890822218,81.69625568598687,4615800
2014-07-17,83.06273651123047,83.1784153527069,82.37591131654409,82.58557507981706,10901000
2014-07-18,82.79520416259766,83.1133153487324,82.49878688850114,83.05547594836811,6677900
2014-07-21,83.20726776123047,83.59767528750824,83.14943389930782,83.14943389930782,5724100
2014-07-22,83.38085174560547,83.47483667183879,82.88922767786389,83.20733347519949,5753200
2014-07-23,83.27239227294922,83.59772933056658,83.2651609670841,83.51097572366606,3489600
2014-07-24,82.65060424804688,82.83857952553636,82.59999615593837,82.79519722096595,6609000
2014-07-25,83.62663269042969,83.6338639948812,83.25791890143996,83.38804928635223,7041800
2014-07-28,83.51097869873047,83.79293896294236,83.22901843451857,83.56881260010105,5138300
2014-07-29,83.81462860107422,83.91584482480296,83.44590920556497,83.7712517954392,6579300
2014-07-30,82.65060424804688,83.416956933081,82.5421567604234,83.2506755658109,12251200
2014-07-31,82.40483093261719,82.83861555591594,82.03611152067141,82.07948832824007,18254000
2014-08-01,83.04269409179688,83.26741185141286,81.94812343376822,82.33231099867861,14951200
2014-08-04,82.82522583007812,83.22390860805002,82.82522583007812,83.02094202574803,5183800
2014-08-05,83.09347534179688,83.21670986112679,82.40483755164644,82.68754195227052,8032000
2014-08-06,83.14419555664062,83.70235935360942,83.07170826013754,83.70235935360942,7289200
2014-08-07,83.91985321044922,83.91985321044922,83.0499942602071,83.24571058836166,9745500
2014-08-08,83.73860168457031,84.39099842523107,83.63711836162601,84.035806794926,9536700
2014-08-11,83.73136138916016,83.9560736835791,83.5718860071493,83.83284471763494,6668800
2014-08-12,83.18766784667969,83.68058906025246,83.16592221717899,83.65884343075176,8122400
2014-08-13,83.73136138916016,83.7386062480322,83.2021935788902,83.26743602172492,8210500
2014-08-14,84.40548706054688,84.44897832685888,83.64435671753374,84.03579470561831,9028200
2014-08-15,85.32613372802734,85.79730964810159,84.5867541456185,84.6012493988142,17606700
2014-08-18,84.47801971435547,85.02893334867032,84.36928595975762,84.96369088374021,7595300
2014-08-19,84.21708679199219,84.92022568661874,84.07211209493587,84.86948398960601,5936900
2014-08-20,84.07929992675781,84.16628800424493,83.77484995119252,84.11554634165073,7275600
2014-08-21,84.55043029785156,84.63741832866027,84.10100043430843,84.13724682975126,6790700
2014-08-22,85.02165222167969,85.12313554783731,84.23877610809828,84.62296377575586,10149900
2014-08-25,85.34059143066406,85.37683231057275,84.96364867271863,85.13761927538728,5760700
2014-08-26,85.06513977050781,85.52906510703426,84.9636564487943,85.49282422380871,5487600
2014-08-27,85.79003143310547,85.8335282394429,85.10139375586145,85.31885566584164,7265800
2014-08-28,86.23944854736328,86.52940324733767,86.02198113977602,86.35542710909749,9463600
2014-08-29,86.2974624633789,86.57291645642725,86.07999500067994,86.20322398200994,8512900
2014-09-02,84.80875396728516,85.2809990701883,84.78695317863641,85.2083464038219,10506000
2014-09-03,85.28102111816406,85.28102111816406,84.50362574667051,84.56901704343628,6553900
2014-09-04,84.24209594726562,84.91777664585655,84.22756762326252,84.72888071858532,12528900
2014-09-05,84.08218383789062,84.7142678892132,83.8714873064361,84.59802477640027,6886000
2014-09-08,84.11854553222656,84.7361015531415,83.87878672808107,84.57626789342135,9326400
2014-09-09,84.05317687988281,84.19848225209552,83.878803781574,83.90786596462547,5353100
2014-09-10,83.52283477783203,83.6390835560213,83.39932460829107,83.53010171223058,8729400
2014-09-11,83.24669647216797,83.9441720448817,83.23942954263799,83.74074236238725,9274800
2014-09-12,82.37488555908203,82.76721678765793,82.25864234860343,82.60011613327387,11114900
2014-09-15,82.49842071533203,82.87621816735587,82.3603766737046,82.71637886506029,5510700
2014-09-16,82.1641845703125,82.72362196717457,82.15692318087976,82.54198745653929,9304700
2014-09-17,81.9534683227539,82.701801390554,81.90261089706974,82.48383782731118,12917000
2014-09-18,82.2149658203125,82.44745754107137,81.98973548176745,82.22949412777999,7031200
2014-09-19,83.26123809814453,83.31936245758975,82.24408398002915,82.52017191587196,13236900
2014-09-22,83.36292266845703,83.58088616566471,83.14496471429136,83.30480387317138,6617200
2014-09-23,83.87876892089844,83.8933027779061,83.38472310044206,83.48644347036874,6362400
2014-09-24,83.41377258300781,83.95141434966197,83.29026253244191,83.76251303859317,5223300
2014-09-25,84.4018783569336,84.4091452855618,83.77705552792554,83.77705552792554,8947800
2014-09-26,84.27840423583984,84.48910091159482,84.00232180366685,84.29293255625115,7799600
2014-09-29,84.95411682128906,85.12848444723898,84.75795393497627,85.00497427648475,6791800
2014-09-30,84.47459411621094,85.03403163458954,84.37287921160511,84.75794911395182,7277500
2014-10-01,86.11261749267578,86.13446705144675,85.09292881413272,85.13662793167465,17194900
2014-10-02,85.36238861083984,86.09073665549498,85.318689506354,85.82125143535951,8251800
2014-10-03,85.7265625,85.77754664077247,85.09290325852129,85.21672109227522,8561500
2014-10-06,85.7775650024414,86.08347546941448,85.47894513023806,85.66831721801077,4485500
2014-10-07,86.93563079833984,86.98661494373292,86.07617980681738,86.17086306058876,8837700
2014-10-08,86.95751953125,87.05220282768096,86.31657490655161,87.00121865931696,9391300
2014-10-09,86.57874298095703,87.16141814254841,86.5131887606256,86.87007778332514,10291700
2014-10-10,87.43827056884766,87.46012014247711,86.89928848730771,87.0522410595739,8774400
2014-10-13,87.96984100341797,88.25389618346061,87.4381502538417,87.51826895147961,6450700
2014-10-14,88.54532623291016,88.69827874989561,87.89709651750886,88.35595406846521,11285400
2014-10-15,89.24451446533203,92.99550924417504,88.74195237052525,90.73763067221384,37407500
2014-10-16,88.67636108398438,90.40982716877274,88.45057500233334,90.40254769035762,18096600
2014-10-17,88.18110656738281,88.64724891911243,87.75138384435448,88.2685103421528,8524300
2014-10-20,88.50157165527344,88.74920732090878,88.08641349587836,88.69822318052182,7742500
2014-10-21,87.79511260986328,88.3049542427711,87.78782757029116,88.01361378531361,9754700
2014-10-22,87.8897705078125,88.02087339795331,87.56201606088817,87.74410309959178,9260200
2014-10-23,87.1104507446289,87.53289406888042,86.71714201758677,87.43092575707576,10936300
2014-10-24,87.19782257080078,87.70038446393211,87.01573557263485,87.35077498243767,5704900
2014-10-27,87.35809326171875,87.59844396755217,87.15415663526309,87.32167362548468,3391900
2014-10-28,86.81183624267578,87.14687579612031,86.73171748458508,87.02305791792797,5141300
2014-10-29,87.00849914550781,87.27070501390068,86.25101614313476,86.64432494572407,9105100
2014-10-30,87.0813217163086,87.73683630329928,87.04490763511035,87.63486798497368,7024400
2014-10-31,86.85550689697266,87.1905463406122,86.54960204280455,86.92105555564235,6664200
2014-11-03,86.85550689697266,87.00153496612232,86.30791417106423,86.81170126142838,9726600
2014-11-04,87.12564849853516,87.5491215135823,86.94311760278045,87.19135694721444,3664800
2014-11-05,87.00151062011719,87.15483587201773,86.7532657572308,86.81897976255944,4799600
2014-11-06,86.43938446044922,86.8336521096333,86.38097320048024,86.59270984006453,5901900
2014-11-07,87.43231201171875,87.43231201171875,86.65107988503554,86.68028550112858,8550500
2014-11-10,86.62921905517578,87.30823463985641,86.56350499451409,87.30823463985641,4787300
2014-11-11,86.6875991821289,86.74600485124662,86.40284578206898,86.50506823643038,2416500
2014-11-12,86.61459350585938,87.2717061091087,86.48317098520951,87.0307638928501,4040800
2014-11-13,86.81903839111328,87.01616939942157,86.47587925590675,86.66570746526925,4475900
2014-11-14,87.24249267578125,87.31550394285019,86.65109417099943,86.76791108422921,5191200
2014-11-17,87.02342987060547,87.46150289741672,86.79708777660572,87.45420010202298,4726200
2014-11-18,87.26435089111328,87.30816208528135,87.00151157810369,87.11832843161909,4471200
2014-11-19,86.70951080322266,87.30821214305118,86.70951080322266,86.7971221009908,5792500
2014-11-20,87.1621322631836,87.5783023916246,86.92849299055706,87.5417995627015,5683600
2014-11-21,87.6878890991211,87.73170032590328,87.26441585278488,87.30092428003604,3640100
2014-11-24,87.76087951660156,87.81198796035895,87.28630349759838,87.37391478952385,4033900
2014-11-25,88.49101257324219,88.54212102234106,87.84120276166942,87.88501398261357,6770000
2014-11-26,88.7319564819336,88.9802015040011,88.68815083055833,88.81227055639044,4339100
2014-11-28,89.43286895751953,89.56429147352776,89.17002392550307,89.17002392550307,4562200
2014-12-01,88.9111099243164,89.86973821182848,88.88183810705283,89.77460899299304,7728600
2014-12-02,88.04761505126953,88.43545687819385,88.02566258303284,88.42813752777211,5757200
2014-12-03,88.39152526855469,88.39884461676773,87.90854878097706,88.03295536849141,4868600
2014-12-04,89.130615234375,89.130615234375,88.26711646145317,88.36224564770615,4250500
2014-12-05,88.61106872558594,88.98427737791432,88.19395514346398,88.96232491301754,8030700
2014-12-08,89.69409942626953,89.89167718435269,88.64765584406034,88.85255295111767,6021800
2014-12-09,90.15513610839844,90.7186088495295,89.97951077877318,90.44784871312626,6639700
2014-12-10,90.81375885009766,91.03329474962716,90.06734684115104,90.14052361331758,6439200
2014-12-11,91.18695831298828,91.18695831298828,90.2210105033781,90.55030873593844,7863500
2014-12-12,92.42364501953124,92.4602306019339,91.48696366496992,91.80162870537828,9317400
2014-12-15,92.23336791992188,92.71633885350568,91.78698256354886,91.9406553870995,9387400
2014-12-16,93.37492370605467,93.46273912486824,92.46752004375266,93.19929845145376,7426400
2014-12-17,92.53338623046876,93.0749063235032,91.9845523724398,92.87000924312332,11558800
2014-12-18,90.88689422607422,91.54549604166,90.88689422607422,91.42109502733472,12758200
2014-12-19,92.10897827148438,92.16751631884895,91.06253460608748,91.16498316776034,7894500
2014-12-22,92.23336791992188,92.34313581760868,91.70648647744704,91.80161567782774,4118800
2014-12-23,90.40393829345705,91.9114005792888,90.3673471264496,91.80163266129476,7406100
2014-12-24,90.89596557617188,90.97663207022632,90.14797378884904,90.24330437507416,4871400
2014-12-26,91.23332214355467,91.36531578787312,90.94731912965533,91.33598759681186,2921300
2014-12-29,91.91534423828124,92.15001460866362,91.5266812283222,91.60001851649147,4070700
2014-12-30,92.16461944580078,92.55328220584236,92.05461917912868,92.38461997914496,4372600
2014-12-31,92.34066009521484,92.5239920945755,92.14266399763872,92.17932704060168,4993300
2015-01-02,93.3673095703125,93.61664396981564,92.50931725568437,92.6119827158186,9432000
2015-01-05,94.8339614868164,95.0612913264984,93.83662958359064,93.87329261862304,9789500
2015-01-06,96.54261779785156,97.15862176506614,95.47196528307389,95.8459585002037,18331300
2015-01-07,96.35192108154295,96.77725246834969,95.45726043855164,95.84592320431273,9762900
2015-01-08,95.0759506225586,95.6039475661019,94.90728835133348,95.59661831594252,8055300
2015-01-09,96.1173095703125,96.1466377678341,94.62864338562134,94.745978555103,9398800
2015-01-12,96.66731262207033,97.02663621891696,96.00731063798942,96.06597822699874,6658100
2015-01-13,96.66731262207033,97.24663688027726,96.1686437103404,96.3519757298576,8260800
2015-01-14,97.40060424804688,98.35392144099929,97.3125973026202,98.06059479542844,12324500
2015-01-15,98.93328094482422,99.0212767221459,97.29795148494956,97.42262708908464,11454200
2015-01-16,97.67194366455078,98.76459506154004,97.55460851637746,98.50793701331844,9390500
2015-01-20,98.9699935913086,99.07998836187248,98.3173318433248,98.36132975155036,7758700
2015-01-21,97.82595825195312,99.43194848588767,97.50330330647012,99.1459509914677,9803900
2015-01-22,97.47390747070312,98.39789625843105,97.00457823396476,98.26590265576634,10200000
2015-01-23,98.8306121826172,99.08727025448836,98.37594123897414,98.48594714665887,7334600
2015-01-26,98.5299301147461,99.13859357141052,98.3026002721945,98.8819243487068,5966500
2015-01-27,98.6839370727539,99.82792676233618,98.3759295196861,99.53458889981808,8079600
2015-01-28,100.29729461669922,100.7666241870208,98.77929996896712,98.8159686145562,12230300
2015-01-29,99.63724517822266,100.22390965953488,99.33658928266144,99.82057712927684,8881400
2015-01-30,101.40457153320312,101.5659045511314,100.59790644356175,100.98658048834874,14871200
2015-02-02,101.021728515625,101.3450468787565,100.41918983077537,100.44857731273429,13689900
2015-02-03,98.88343048095705,99.77988875907856,98.73645944660412,99.67701576242098,14008700
2015-02-04,99.05242919921876,99.19204494809856,97.81794208330038,98.0898295146035,11360400
2015-02-05,97.96495819091795,98.633627340243,97.81064302579966,98.46462403545276,8334600
2015-02-06,96.23078155517578,97.25216763313574,95.95889406404618,97.0317222554666,13685600
2015-02-09,96.07642364501952,96.98023695745248,96.07642364501952,96.97289289265024,8025500
2015-02-10,95.31222534179688,95.87067699505955,95.11382347048394,95.62818831063544,8290700
2015-02-11,95.48863220214844,95.72377696861189,94.76117690708134,95.30492955796872,6506400
2015-02-12,95.17263793945312,95.9221364099458,95.12119583397757,95.27551093808836,12548300
2015-02-13,94.19538116455078,95.18002476703766,94.12189561294748,95.16532541425282,8325200
2015-02-17,92.77717590332033,94.00430810082564,92.5273374164921,93.9087847534215,14968800
2015-02-18,93.32831573486328,93.864724447555,92.93151725369016,93.18869989718353,14009200
2015-02-19,92.71105194091795,93.65160861075957,92.71105194091795,93.15928685485186,8584800
2015-02-20,92.98292541503906,94.06309218817252,92.58612705492168,93.35768035617647,12502500
2015-02-23,94.04840850830078,94.18067464249364,93.4385199620072,93.46056338334598,7500500
2015-02-24,95.2828598022461,95.3710334591396,93.45318354164856,93.7985453142368,11958300
2015-02-25,95.69438934326172,95.81196174010245,94.849361567151,95.12859320656749,8019800
2015-02-26,94.3863525390625,95.74575567206688,94.34960979259796,95.30486513911626,11020500
2015-02-27,95.18000793457033,95.24613819192564,94.25415069463858,94.80525859723772,9225100
2015-03-02,93.4071273803711,95.02686493355128,93.3334986056594,94.97532254441836,11324000
2015-03-03,93.0684585571289,93.7752509977568,93.04636655394212,93.42185196889936,8599000
2015-03-04,93.097900390625,93.5322865662045,92.88439492033709,93.4586634091652,6478900
2015-03-05,92.98011779785156,93.41449841864248,92.69298351225711,93.15681452350483,6045000
2015-03-06,90.92596435546876,91.90516839662816,90.5357566622316,91.78736688020952,20022900
2015-03-09,91.76527404785156,91.93461231152529,91.38978876202552,91.79472442488547,8889100
2015-03-10,92.97272491455078,93.09052643978372,92.58988119171548,92.74449148076933,9277900
2015-03-11,93.65010833740234,93.84153309219889,92.85497015803276,92.95804372974898,6663100
2015-03-12,93.58381652832033,94.3863184307032,93.29668230479923,94.3863184307032,10295900
2015-03-13,93.29666137695312,93.93718883170337,93.1273231106914,93.32611175443712,7247200
2015-03-16,94.19490051269533,94.3495052011598,93.70161359450525,94.19490051269533,6374600
2015-03-17,94.9752960205078,95.05628315640377,94.44520044631086,94.64398909517736,6314000
2015-03-18,96.80859375,96.83803852624315,94.68821036684844,95.6453284903086,13981900
2015-03-19,96.3153305053711,96.90431601497352,95.91039454188557,96.5950952521787,9543800
2015-03-20,96.8232650756836,96.9631529740771,96.5508588951306,96.60975965414738,5953800
2015-03-23,96.70549774169922,96.9999903725003,96.44044988030876,96.96317598510672,5555500
2015-03-24,97.64053344726562,97.65526145138436,96.80121695930714,97.05890647759485,6713000
2015-03-25,96.81591033935548,97.74357205191752,96.78646557582384,97.71412728838588,5635800
2015-03-26,95.30663299560548,96.5508851875092,95.10784428406174,96.48462602838602,9536300
2015-03-27,96.49198150634766,96.543523895785,95.6968379182947,95.733652305868,7907900
2015-03-30,96.01345825195312,96.4478389525598,95.7778550850074,96.37421015434494,7010600
2015-03-31,96.21956634521484,96.41835503235406,95.64529790163294,95.88825935609802,6844300
2015-04-01,97.48342895507812,97.74164666783072,96.87106672439504,96.89319934955404,9273900
2015-04-02,96.45052337646484,97.36537981885796,96.36199287670506,97.33586214714256,6663400
2015-04-06,95.91194915771484,97.00386665750992,95.70537047552912,96.96697519475666,5923800
2015-04-07,96.71609497070312,96.81201048633362,95.80125008077393,96.0816003255798,4764900
2015-04-08,96.74561309814452,96.91530025472326,95.92667246221802,96.66445641322603,5378900
2015-04-09,95.49137115478516,96.59067329201709,95.27004497614554,96.55378184301392,6484200
2015-04-10,95.631591796875,96.24395408115312,95.57995275288228,96.14804978296826,4843000
2015-04-13,95.76437377929688,95.8971695071535,95.461879611146,95.56516892982052,4010600
2015-04-14,96.4431381225586,97.28421154337252,96.26606588639548,96.87842803822284,6075500
2015-04-15,96.36197662353516,96.84891680546936,96.1480241993048,96.68660341149128,4425200
2015-04-16,95.88239288330078,96.54639383680396,95.47660951940972,96.52426122219973,7085500
2015-04-17,96.98167419433594,97.16612013660652,95.69055259844184,95.74220286596731,7268800
2015-04-20,96.1258773803711,96.657082788472,95.86027467632064,96.60544375979912,4949400
2015-04-21,95.69058227539062,96.24392027381155,95.587292965993,96.08160689365953,4563800
2015-04-22,94.2297592163086,95.57990508428196,94.09695789111704,95.54301363828928,9707600
2015-04-23,94.63557434082033,95.06349049091256,94.14863410888508,94.2888148960506,6843400
2015-04-24,95.22575378417967,95.49134512615343,94.87160947950818,94.90850091845562,4773000
2015-04-27,95.22575378417967,95.54299539221718,94.70929615428872,95.22575378417967,4334900
2015-04-28,93.91253662109376,94.98232691898548,93.89040399921424,94.5617845878914,7464300
2015-04-29,92.76155853271484,93.28538434894035,92.42955244941,92.82057695808234,11554800
2015-04-30,92.92388916015624,93.08620253485302,91.86148406650972,92.25250867163646,12876000
2015-05-01,91.67298889160156,92.4418597978628,91.44380822430004,92.21267913056128,12378500
2015-05-04,90.80799865722656,92.0648033327292,90.7266754045343,91.89476790647998,9144700
2015-05-05,90.68231201171876,90.95584871201132,89.96519191778937,90.83016938266624,13935500
2015-05-06,89.12982177734375,90.23876948282988,88.98935890345396,90.18701881552316,14355000
2015-05-07,90.3274917602539,90.61581772659032,89.7138726460918,89.77301788031464,11933700
2015-05-08,90.57144165039062,91.34031260455396,90.42357859743686,91.2146275994436,11716400
2015-05-11,88.36834716796875,89.93566198952179,88.34616911584297,89.91348393739601,13738600
2015-05-12,88.59752655029297,89.18157302248116,87.84344458745238,88.08001987387293,15861700
2015-05-13,87.8877944946289,89.24810652594005,87.71036445242288,89.19635586194664,15760000
2015-05-14,88.1243667602539,88.59012836071625,87.74732863846906,87.91736411133694,9128400
2015-05-15,89.89127349853516,90.12785435855052,88.93018913651446,88.99672327309516,12630600
2015-05-18,88.38310241699219,89.03368280503149,88.32395720706198,88.95235955147686,10208300
2015-05-19,87.59950256347656,88.59755469383803,87.33335457665997,87.43685594482182,8435300
2015-05-20,87.7472915649414,88.30915404878463,87.37024796205961,87.80643112507448,7789700
2015-05-21,88.97454071044922,89.1667598292539,88.30917117643133,88.40528355603261,11760700
2015-05-22,89.01152801513672,89.27028132568205,88.5679501055734,89.19635261415469,5417900
2015-05-26,90.53443145751952,90.6009712098305,89.26283800833795,89.33676667948654,10469700
2015-05-27,90.74148559570312,90.83020343577108,89.90608041989387,90.32748028951792,6490300
2015-05-28,90.51972198486328,90.9559054495239,90.3570753911252,90.56407809573706,6237600
2015-05-29,90.71929931640624,91.35509634488696,90.57144190343811,91.1037376147614,7912000
2015-06-01,89.74430847167969,90.67042411712882,89.4183196082233,90.47038562483878,13108100
2015-06-02,88.49214935302734,89.09968061542345,88.2476536168958,89.03299739077038,10076200
2015-06-03,87.06967163085938,87.8698367727651,86.83258629094958,87.71425004837683,14810900
2015-06-04,88.2032470703125,88.38105967284731,87.52903223800354,87.6179413655513,10859300
2015-06-05,87.12898254394531,87.84764938512598,86.96598524150481,87.30679521362457,11200200
2015-06-08,87.0326156616211,87.54383313556717,86.95852756530297,87.3956512903715,5334000
2015-06-09,86.34361267089844,86.78073653288469,86.02502866963884,86.72887428396155,12393900
2015-06-10,85.5878677368164,86.03981244834077,85.39523982727682,85.88422575868536,12183600
2015-06-11,87.38824462890625,87.40306564035745,86.12131947269216,86.35840478287446,13849300
2015-06-12,87.38824462890625,88.21804604082409,87.09189223059813,87.12152294838121,7863100
2015-06-15,87.52899169921875,88.21061107037956,87.2326337305442,88.08466077077426,8194200
2015-06-16,88.21807861328125,88.22548912174301,87.38087203907857,87.87726870734312,7046400
2015-06-17,87.53643035888672,87.89205551363615,86.86962612803164,87.79574154517483,13626100
2015-06-18,87.10674285888672,87.23269324442077,86.49921115227089,86.95856659973632,10123300
2015-06-19,88.2254409790039,88.30693956992596,87.7883116592803,87.80313266811632,10439200
2015-06-22,86.425048828125,87.52897627300818,86.38059146649627,87.30670642253584,9769000
2015-06-23,85.9064712524414,86.65477415683662,85.71384329888257,85.74347967309787,8945100
2015-06-24,86.6473617553711,86.81035898371069,86.06206174823934,86.3213729512522,8600400
2015-06-25,86.34361267089844,86.74369529940313,86.08430142628276,86.38065390438,8287800
2015-06-26,85.37303924560547,85.84720995998418,85.11372236683144,85.69902807889034,11673000
2015-06-29,87.6327133178711,87.9216607735688,86.28428997376247,86.6547360095347,17132900
2015-06-30,87.02523803710938,87.94394321420073,86.92892404076129,86.98078629303511,13469000
2015-07-01,85.85052490234375,86.39999042320584,85.70944369718926,85.99902725987346,12451500
2015-07-02,86.13268280029297,86.62275078370244,86.04357798558165,86.37028997452128,6682100
2015-07-06,87.7291259765625,88.10038761364909,86.91977266191216,87.65487478214578,10605800
2015-07-07,88.55330657958984,89.46660682109021,88.32312056616155,88.85031695288329,16160100
2015-07-08,89.31810760498047,89.52601317408977,88.73151365499243,89.11762318833802,9951800
2015-07-09,87.55834197998047,88.44937329627783,87.50636557807167,88.13750921982214,11108900
2015-07-10,86.16983795166016,86.66732724186015,85.95450549806532,86.16241113188002,13636600
2015-07-13,85.90251922607422,86.47425965341603,85.67975997827699,85.67975997827699,8006700
2015-07-14,86.18468475341797,86.33318715697806,85.88025312661875,86.14755632002617,4227800
2015-07-15,87.09798431396484,87.28361513674398,86.1624033809572,86.21437978473523,8720400
2015-07-16,87.6994400024414,87.7365684387712,86.77871256450351,86.79356054003303,7306500
2015-07-17,88.15237426757812,88.27860187926599,87.8850654045899,87.89249222439615,7404900
2015-07-20,87.78112030029297,88.10040559997192,87.54351303064847,87.83309671349633,5941000
2015-07-21,88.25631713867188,88.30829354145071,87.36529147246237,87.38013944539789,5627500
2015-07-22,88.80577850341797,89.02853774175122,88.32313726369776,88.36769251036606,6228900
2015-07-23,89.91211700439453,89.99379499636413,88.69437960684978,88.80575920180846,9087700
2015-07-24,90.13493347167967,90.25373995913309,89.78594649604175,90.2166115155526,7307900
2015-07-27,90.61750030517578,90.80313104023269,90.20168927144849,90.72887987921,8172000
2015-07-28,89.95671844482422,90.26857693888364,89.77108757955013,89.96414526563642,9128200
2015-07-29,89.62256622314453,89.9715531046064,89.41466059121072,89.86017346892655,6706400
2015-07-30,90.3131103515625,90.54329643546092,89.95670232649945,90.00125191338148,6146600
2015-07-31,90.98136901855467,91.25610464868632,90.63238219960446,90.91454464811872,9178400
2015-08-03,91.93907928466795,92.08790595263191,91.02377881230656,91.02377881230656,11753700
2015-08-04,91.2098159790039,91.7679245060054,91.12795960752048,91.64886430581264,6448800
2015-08-05,90.52519989013672,90.71867909325138,90.18289402454816,90.61449361667177,7574400
2015-08-06,91.32891845703124,91.4330983029655,90.78569010833765,90.78569010833765,6118100
2015-08-07,92.52699279785156,92.64605873099984,91.70843437827378,91.75308694189248,8317000
2015-08-10,91.38098907470705,91.95397810629488,91.1726237494823,91.83491788354108,7461700
2015-08-11,92.83206176757812,93.11483474153248,92.39301907032996,92.49719888585916,11145700
2015-08-12,92.3260726928711,93.54647007529536,92.27398276840331,92.9660378662614,8455200
2015-08-13,92.02837371826172,92.58648224345475,91.6935108740953,92.1474395954422,7691400
2015-08-14,92.24423217773438,92.54933441459036,91.6786802736702,91.87960264364293,4324700
2015-08-17,92.66092681884766,93.09253225308332,92.56419001905364,92.80231617632582,7880300
2015-08-18,91.9316635131836,92.48977219963272,91.81259760160104,92.12514278081768,5024300
2015-08-19,92.83950805664062,92.96601131173178,91.52236856401709,91.57445847360606,10736000
2015-08-20,93.7771224975586,93.83665544241413,93.15204360869797,93.29343293338628,9078300
2015-08-21,94.0599136352539,94.31292016842036,93.45715242396795,93.88132045434966,10718300
2015-08-24,94.0301513671875,95.93516052175758,93.62831243413754,95.48123167205532,16663400
2015-08-25,92.51953887939452,92.86184485987852,91.94654411405982,92.68325166949016,15354800
2015-08-26,90.7335968017578,91.9093472218853,90.30943439416444,91.52983169591998,16429900
2015-08-27,90.78567504882812,91.43308313606406,90.5252254771958,90.65172874379223,9127000
2015-08-28,91.05354309082033,91.87954413610744,90.95680632670836,91.6414180666698,9946200
2015-08-31,90.35408020019533,91.87957964791764,90.29454724048288,91.79772324765688,8617600
2015-09-01,91.00511169433594,91.04985548337002,90.22206693774676,90.71426568621732,15298200
2015-09-02,90.22208404541016,90.96784434911277,90.132590760674,90.5502147100436,9515200
2015-09-03,90.66210174560548,90.73667665601042,90.02074727466113,90.52040543304538,7042500
2015-09-04,91.48988342285156,91.67632351739684,90.84852904243976,91.31835603240182,7951300
2015-09-08,90.1400375366211,90.65460820627855,90.05800345934114,90.52037114252036,7049500
2015-09-09,90.57257843017578,90.7664776847454,89.16309203862923,89.21529502758655,7441900
2015-09-10,89.9610824584961,90.37871218609996,89.82684534778429,90.25192858342156,6789700
2015-09-11,90.52782440185548,91.04240072747164,90.48308061343612,90.58748657954688,5890900
2015-09-14,90.66952514648438,91.0946082266374,90.44579481389913,90.94545277501432,4221700
2015-09-15,88.931884765625,90.274255113438,88.8349380087209,90.15493077598904,11895000
2015-09-16,88.59630584716797,89.07359187587784,88.40986581440009,88.7156245094963,6949800
2015-09-17,89.67770385742188,89.767197169439,88.5441503537114,88.65600988160617,19843600
2015-09-18,91.05729675292967,91.13187161653885,90.33390862755644,90.39357079432271,14963300
2015-09-21,89.57328033447266,90.31904071978026,89.32717804179309,90.24446581918954,10085600
2015-09-22,90.81867980957033,91.27359400459804,90.34139371801648,90.56512406267564,9968200
2015-09-23,90.8112335205078,91.0349638969642,90.22954136936106,90.69937402197944,6769900
2015-09-24,91.4301986694336,92.23562104468368,91.34816459289708,91.85528175253243,9605800
2015-09-25,90.6396484375,90.93049430965976,90.43829010157658,90.72168247218052,8383700
2015-09-28,92.19087982177734,92.30273930226238,91.13189599236148,91.13189599236148,9833400
2015-09-29,92.4518814086914,92.69052441543008,91.91493322110486,92.13120433497711,9006100
2015-09-30,92.13121795654295,92.32511720621672,91.8180000307077,92.03427117655556,9832600
2015-10-01,92.52430725097656,93.0548958523419,92.41221548425536,92.7260838341029,9069400
2015-10-02,93.08480834960938,94.31786935493535,92.80083297869506,93.85453571674488,13000400
2015-10-05,91.82183074951172,92.5392464855229,91.75456999533164,92.45704206458808,11362700
2015-10-06,92.21788024902344,92.36733968496438,91.4780463485454,91.58266909400643,5687800
2015-10-07,91.91149139404295,92.16557930570946,91.55278642658904,91.77697560586958,6712800
2015-10-08,91.1417465209961,92.19545427214685,90.91755738564233,92.13566822211456,12882300
2015-10-09,91.3808822631836,91.6499137787022,91.09690708636342,91.14921845318584,9038100
2015-10-12,92.07592010498048,92.24032895954568,91.85173087726652,91.94140428774656,4241000
2015-10-13,92.23285675048828,92.36737257133278,91.76952891320148,92.31506117997736,6147200
2015-10-14,93.03997039794922,93.07733812851431,92.14320187953892,92.44212091799888,9738100
2015-10-15,92.58409881591795,93.01006465925188,92.50189438110664,92.8979671843715,6924300
2015-10-16,92.61394500732422,93.01749229185098,92.56910832065844,92.85308350539437,8048300
2015-10-19,92.35985565185548,92.64383653350878,91.85169134049995,92.50932077417602,6238400
2015-10-20,91.7919464111328,91.8965691928688,91.58270084766086,91.76952805811996,6431300
2015-10-21,92.70368194580078,92.83072310499124,92.27024136578208,92.3748641676466,6603800
2015-10-22,92.860595703125,93.24919378141756,92.30011408731922,92.74102355502646,6934100
2015-10-23,92.06843566894533,92.26273754026256,91.80687874689129,91.99370593428893,7058200
2015-10-26,92.6812515258789,92.81576736211736,92.52431733385316,92.56915974694245,5859800
2015-10-27,92.91287994384766,93.3388456193344,92.78583884974913,93.04739572039674,7156800
2015-10-28,92.53923034667967,92.92035364834952,92.14315767934882,92.86804227156075,8468700
2015-10-29,91.06704711914062,92.08338750191284,90.94747497927877,92.05349446694736,12108000
2015-10-30,91.75458526611328,91.77700362073324,91.18662890917815,91.35103777841051,11861400
2015-11-02,91.33292388916016,91.50518202461532,91.13071328261148,91.20560588822434,8751000
2015-11-03,90.5839614868164,91.1756226220978,90.4641344935864,91.10822100976932,8921600
2015-11-04,90.68885803222656,91.02588340582778,90.39677280347,90.69634900869082,5980800
2015-11-05,90.44916534423828,90.66635787125338,90.0971695734953,90.65887261144992,7268400
2015-11-06,89.12358093261719,89.5205169754815,88.9288555424408,89.49055878361277,10604700
2015-11-09,88.62174224853516,89.04863623361746,88.37459159560922,88.4494841745129,9159500
2015-11-10,88.88389587402344,89.28083180418224,88.65921235577467,88.74908690586203,6712500
2015-11-11,88.6966781616211,88.80901994183176,88.57684540567897,88.63676178365003,2857900
2015-11-12,89.12358093261719,89.45311532923247,88.89889735057207,88.9363465188932,6805700
2015-11-13,89.63285827636719,89.79762547377383,89.28834764267184,89.36324026496372,7906600
2015-11-16,89.55044555664062,89.87248887031681,89.220911268989,89.71521270046644,5485300
2015-11-17,89.70025634765625,89.96987434831533,88.86894084522146,89.1235768936547,5122900
2015-11-18,89.88748168945312,90.01480541477217,89.39318588071221,89.55795305493919,5233900
2015-11-19,90.4866180419922,90.73376875971464,90.38176726125036,90.53155245832754,6643000
2015-11-20,90.20954132080078,90.65141752349687,90.08222328647554,90.5690339215356,5971000
2015-11-23,90.4866180419922,90.71130155154697,90.1121493353602,90.26942550647296,5436300
2015-11-24,90.4791259765625,90.77121110709707,90.3068735733954,90.54653331419144,3371500
2015-11-25,90.68885803222656,90.93600883007927,90.5840072174904,90.7487744160589,3280900
2015-11-27,90.59896087646484,90.86108783144329,90.59146990234,90.80866244044758,2570600
2015-11-30,90.95844268798828,91.01835904984723,90.66635756634923,90.69631574727872,5179800
2015-12-01,92.18708038330078,92.20208837902072,91.00875517031584,91.00875517031584,12766600
2015-12-02,92.21710968017578,92.3446976954816,91.70675189289484,92.05949994490548,7345800
2015-12-03,89.71028137207031,91.11376563774132,89.30499705375804,91.08374394089746,16612200
2015-12-04,90.49838256835938,90.76106539576332,89.66529865426678,89.7103283600914,11843800
2015-12-07,91.3765106201172,91.90938321874216,90.663513443689,90.6710145784737,9016700
2015-12-08,91.42153930664062,91.88686733063643,91.15134957994074,91.77428732350198,7257500
2015-12-09,91.323974609375,91.67672263237152,90.44586084535628,91.07629973458292,8993900
2015-12-10,91.4439926147461,91.58659424287282,91.18130992560728,91.40646978832808,5606900
2015-12-11,92.88506317138672,93.14023916345116,92.21709574973951,92.3371768854002,12300000
2015-12-14,91.6841812133789,92.42719972043268,91.37646306563752,92.37466317399564,10661100
2015-12-15,91.1438217163086,91.26390282292842,90.68600068733136,90.82859664356394,8795500
2015-12-16,90.9487075805664,91.691726444988,90.43834985854645,90.86614929273549,10988600
2015-12-17,91.9769058227539,92.1495234877454,91.2939248432035,91.3989979591258,9923000
2015-12-18,92.4872589111328,92.70490626491376,92.17954071086474,92.37467894210656,10171700
2015-12-21,92.46475982666016,92.90006608750386,92.25461355619946,92.63738324942798,7494900
2015-12-22,91.7967758178711,92.16453745063508,91.55660787711471,92.0519574758309,5445800
2015-12-23,91.10630798339844,91.2714245421832,90.71603716577144,90.98622685722717,7287100
2015-12-24,91.62825775146484,91.65834241159082,91.30485482768836,91.35750154839327,3364600
2015-12-28,91.89903259277344,92.2600371113768,91.6433157988713,91.74860926163588,7586600
2015-12-29,90.37223815917967,91.5605504755148,90.25942213714389,91.52294896021034,7787500
2015-12-30,90.2820053100586,90.65805497942502,90.00372648902491,90.19175132370812,5508900
2015-12-31,90.68812561035156,90.89871247452491,90.43993148983508,90.6806030114706,7897700
2016-01-04,91.34247589111328,92.0945753409802,91.2447050283334,91.7034861517973,10591900
2016-01-05,90.9739990234375,91.38013363929124,90.74837250667429,90.913829657074,6242600
2016-01-06,92.19986724853516,92.22243505162348,91.7937386019585,91.98176346125126,8916900
2016-01-07,92.36534118652344,92.45559519557575,91.59820219280276,92.2675703135981,10202200
2016-01-08,92.77896881103516,92.86170019192448,91.92909867960924,92.07951624228316,9577200
2016-01-11,91.7636489868164,92.35028559808067,91.65083292971258,91.78621105062456,10040300
2016-01-12,93.08734130859376,93.5009982786864,91.86894393861743,92.01183892441598,12897700
2016-01-13,94.00491333007812,94.38848567533692,92.71130129356897,92.90684876696456,15577600
2016-01-14,93.12493896484376,93.9898543433844,92.76392876110016,93.61380467776348,12873800
2016-01-15,94.57649993896484,94.73444012504685,94.07259471602757,94.31326629549486,13976300
2016-01-19,94.2831573486328,94.8171470987349,93.97479391851184,94.11017200572518,8926600
2016-01-20,95.27590942382812,96.2085106542484,95.08036206100984,95.50154143770004,17283300
2016-01-21,94.6291275024414,95.73471431916415,94.51631146721344,95.47148072900684,11001600
2016-01-22,94.26812744140624,94.41102815054924,93.65140621919385,93.94473023745114,10164300
2016-01-25,94.77953338623048,94.9675581757698,94.50126037007146,94.72688667468192,5738200
2016-01-26,94.82465362548828,95.1104492109157,94.57645955132044,94.75696172432404,5692600
2016-01-27,94.80213165283205,94.98263390215078,94.15532570987156,94.57649953763632,7957800
2016-01-28,94.9375,95.07287810756692,94.35838030838396,94.41854963131648,10575400
2016-01-29,95.7422332763672,96.1634070045978,95.45643189958638,95.82496464984987,13170700
2016-02-01,95.44913482666016,95.75054636945946,95.16279702292168,95.53956001418403,9948400
2016-02-02,97.2198715209961,97.23493375380232,96.45127222603632,96.52662938161797,10400000
2016-02-03,96.41362762451172,97.91314816507308,96.39102276944878,96.66229252809576,13309000
2016-02-04,96.88082885742188,96.89589109668653,96.0820875075322,96.61709019768732,9953500
2016-02-05,96.99386596679688,97.20485232332608,96.14237792215792,96.36843801783748,9200800
2016-02-08,99.08110809326172,99.18660124163236,97.71721678504652,97.74736425480432,14452200
2016-02-09,99.1866226196289,99.51063325306988,98.68176162233438,99.4955595149421,15232100
2016-02-10,100.06068420410156,100.09836279303256,98.79476640083509,99.2393438557043,12797100
2016-02-11,100.76143646240234,101.9143296225903,100.22642826815974,101.30397577283048,21620200
2016-02-12,99.08861541748048,100.31686581262588,98.65910031075305,99.94763413304727,13888400
2016-02-16,98.04125213623048,98.5235082367086,97.81519207396738,98.50090338027154,11766000
2016-02-17,97.43842315673828,97.83025980742264,96.98631455784869,97.68708806017884,13157300
2016-02-18,98.63652801513672,98.7118851984144,97.47610327874686,97.5137818703857,10196700
2016-02-19,98.71942138671876,99.32978700766904,98.5084350601776,98.6666805540297,8188700
2016-02-22,98.66666412353516,98.79476212203984,98.48581380323355,98.78723100373624,5054300
2016-02-23,99.0660629272461,99.26951816416616,97.7926021631704,97.86795936140572,8320700
2016-02-24,98.87010955810548,100.51279002195444,98.67418552260426,99.7667954593163,9091200
2016-02-25,99.22425079345705,99.88735703623034,98.95299260092844,99.07354796497822,6097200
2016-02-26,98.26731872558594,98.56872449669504,97.9885063145222,98.19196153386208,9245000
2016-02-29,98.69681549072266,98.839987246059,98.27484284208435,98.31252143526116,8016100
2016-03-01,96.95890045166016,98.78590235474152,96.8758664303143,98.7632546180648,13729100
2016-03-02,97.35904693603516,97.36659234243623,96.79283042393432,96.87587597316396,7047700
2016-03-03,97.71387481689452,98.09890945502907,97.21561299295864,97.44210192367798,6394800
2016-03-04,97.08724212646484,97.48736745593727,96.45307677118984,97.2004807971827,8687000
2016-03-07,97.05702209472656,97.14006761333324,96.67199915556849,96.9739765761199,5493300
2016-03-08,98.12905883789062,98.89157084724332,98.10641110689008,98.40840005306455,7175400
2016-03-09,97.53266143798828,97.910139027565,97.24577478360536,97.44961590749332,7194700
2016-03-10,97.1325454711914,98.02338713894856,96.57387443770956,97.76670511803916,10091600
2016-03-11,96.15111541748048,97.2986507938628,96.03787096114831,97.25335531527088,8927000
2016-03-14,96.45309448242188,96.92871426632573,96.3776001014636,96.4983899590264,5177000
2016-03-15,96.54370880126952,97.132578938908,96.33987334736452,97.01178329225802,6413200
2016-03-16,96.8306121826172,97.0269080336792,96.15870784241952,96.44558892968026,9728900
2016-03-17,97.23065185546876,97.64587941997448,97.00417456546508,97.01926537166572,7805500
2016-03-18,97.43453216552734,97.77425975701428,97.16274778839698,97.41942983354676,8198600
2016-03-21,96.6871109008789,97.1023270146586,96.44551972514402,96.8229972974538,5514800
2016-03-22,96.6644515991211,97.40431593465588,96.57386066811736,97.2608726140991,4997900
2016-03-23,97.7591552734375,98.00829187760806,96.85319979656188,96.94380225607088,10628200
2016-03-24,97.79693603515624,98.62739174087936,97.38926511034236,98.58209625142308,6343300
2016-03-28,97.92525482177734,98.26498239516994,97.60061805985757,97.6761181960352,5058700
2016-03-29,98.95198822021484,98.96707903073492,98.15928291920942,98.43106726470548,9396700
2016-03-30,97.91014099121094,98.19702765134753,97.37411773459291,98.1668229925426,8478700
2016-03-31,98.6047592163086,98.75574804437124,97.98569004562984,98.12913346418756,7832300
2016-04-01,98.8618621826172,99.202304846265,98.27177849618192,99.08882011052914,9341400
2016-04-04,98.92243957519533,99.08131367534546,98.55175258078845,98.94513422613588,5145100
2016-04-05,100.00428771972656,100.13289461499134,99.69411203749294,99.86810824360784,6482800
2016-04-06,99.27799987792967,99.61087013432224,98.90731290077343,99.50495792033963,6393700
2016-04-07,100.5035629272461,100.6094751351563,99.86807813621996,100.00425757128446,5963300
2016-04-08,99.8680648803711,100.16310681635647,99.58815655595411,99.9891106857916,5584800
2016-04-11,99.7394561767578,99.99666985079638,99.18720057224836,99.34607463183876,4805500
2016-04-12,99.05109405517578,99.52014400172328,98.7484908681407,99.16457890799266,4276000
2016-04-13,99.39905548095705,99.54279597340388,98.7408874824549,98.86949435896872,5207900
2016-04-14,98.92243957519533,99.33852741504944,98.71818771673009,99.0359243734643,6967000
2016-04-15,99.76972198486328,99.98154636560524,99.29311135641235,99.32336703499136,5831100
2016-04-18,99.33851623535156,99.43686740740289,98.84678346222452,99.35364984879747,4486600
2016-04-19,99.02833557128906,99.33851114141882,98.56685850515294,99.16451499818972,5212200
2016-04-20,97.9389877319336,99.59575520210292,97.79524722665884,99.225068155413,10920700
2016-04-21,97.35647583007812,97.64395687357016,97.05386116756836,97.1673459948479,11154200
2016-04-22,97.10676574707033,97.52285344770338,97.0159871736821,97.47746416100928,5826400
2016-04-25,96.7058563232422,97.22785644845152,96.7058563232422,96.87985251712276,5539500
2016-04-26,96.26707458496094,96.65290101865044,96.16872916028018,96.65290101865044,7840000
2016-04-27,97.2278823852539,97.45484052765865,96.54701372982504,96.77396610044444,8380100
2016-04-28,97.6288070678711,97.6968910268092,96.86471527234188,96.99333369731448,7974600
2016-04-29,97.8784408569336,98.1280935349716,96.985742352716,97.17487211999646,7416300
2016-05-02,96.89295959472656,97.71164082453284,96.87780129451306,97.5297180883574,11035200
2016-05-03,98.11345672607422,98.5607106898732,98.0528234915788,98.20442971144362,10736700
2016-05-04,98.6516571044922,98.67439745567268,97.93151899455027,98.30295244170578,7211200
2016-05-05,99.3111572265625,99.35664949885172,98.31812326760658,98.59101906728098,7870400
2016-05-06,98.88665008544922,99.19745031248831,98.76536049926642,99.18987405090624,7232500
2016-05-09,99.19742584228516,99.22016618823336,98.78808804840888,98.8942135184367,4950800
2016-05-10,99.2050323486328,99.3945430005202,99.03826204962692,99.18987982458664,4331900
2016-05-11,99.76597595214844,100.06161207059368,99.0458378756086,99.17470371525798,9256000
2016-05-12,99.3111572265625,99.43244681904272,98.99278072141108,99.04584925567572,6087400
2016-05-13,100.27385711669922,100.3041852929463,99.47791020896052,99.66742082666924,8707300
2016-05-16,99.4096908569336,99.803876187193,99.28840128349836,99.788712098811,5137000
2016-05-17,99.57649993896484,99.9327809705361,99.46279814881012,99.46279814881012,4449100
2016-05-18,98.15892028808594,99.18985847512845,97.71925428232268,99.1595302999394,12681000
2016-05-19,98.58345794677734,98.79570898281136,98.2802339190045,98.30297427523573,6209400
2016-05-20,98.6592254638672,98.8487360864,98.20440690987466,98.28020421880152,5348900
2016-05-23,98.87908172607422,99.09890899763856,98.48489632288344,98.8184369281362,6979700
2016-05-24,98.43941497802734,98.68957043034536,97.96943225556996,98.52280012880004,5968200
2016-05-25,98.06793975830078,98.73502075924304,98.02245906583816,98.41664434519572,6367400
2016-05-26,98.57585144042967,98.88665167245674,98.39392862504744,98.4015048867511,5419300
2016-05-27,98.4318389892578,98.74262767317144,98.31812565599068,98.59860929126631,5267600
2016-05-31,98.6667938232422,98.87904475325416,97.77229784664188,97.80262601767684,8344300
2016-06-01,99.067138671875,99.71280401239925,98.83166426951098,99.22665994573482,9874900
2016-06-02,99.78113555908205,100.03180514865431,99.40892709142886,99.43171418224586,5835400
2016-06-03,101.20164489746094,101.20164489746094,100.7231041163752,100.92059621725248,11077200
2016-06-06,100.4495849609375,100.94332070214158,100.34324134326654,100.85976417464404,7573700
2016-06-07,100.6926498413086,101.01168069027122,100.6774545845242,100.7534192778612,4680200
2016-06-08,101.23198699951172,101.35351430082314,100.80661246845504,100.92813976976646,5313200
2016-06-09,101.88525390625,102.19668140979331,101.73332448139438,102.02957990551018,6820300
2016-06-10,102.37902069091795,102.7968035542951,101.98402493003492,102.38661252821888,6984600
2016-06-13,102.83474731445312,102.84233914890385,102.37139042004716,102.6144566189262,7283300
2016-06-14,102.75881958007812,103.47284635530664,102.71324537580246,103.4500592531688,9012500
2016-06-15,103.1537628173828,103.48038550879647,102.78155435431088,102.94107557865176,7953200
2016-06-16,103.65512084960938,104.49067469933676,103.44242198159418,103.86780812703724,10372700
2016-06-17,103.00943756103516,103.51077673746845,102.74357271549424,103.45759913212612,8489900
2016-06-20,101.90803527832033,102.20427909521014,101.7940882160783,101.96880472673196,7365900
2016-06-21,101.43708038330078,102.22707166437355,101.37632252222237,102.00678095326012,6005800
2016-06-22,101.60414123535156,101.77885766552733,101.21674921957838,101.4066493119228,5773700
2016-06-23,100.4420394897461,101.27001340924598,100.328103973141,100.7306915859346,9029100
2016-06-24,103.13860321044922,103.76907331124988,102.7739980452523,103.76907331124988,17155000
2016-06-27,105.713623046875,106.03265393497176,105.12872729007113,105.15911780736776,16577100
2016-06-28,105.93392181396484,106.26813639562728,105.49335200423462,105.918726554157,14006400
2016-06-29,105.12109375,106.44280255395348,105.02234199384446,106.10097311820948,12999800
2016-06-30,105.5085678100586,106.29855929246791,104.8932928921881,105.44020650598203,14698500
2016-07-01,106.97348022460938,107.16372969933886,105.92329940829256,107.15611228872956,15430200
2016-07-05,108.3128662109375,108.75424652373826,107.83343366891232,107.9475903565855,8840800
2016-07-06,108.4879150390625,108.8227561466505,108.03132302937088,108.66294139551532,14352800
2016-07-07,108.48020935058594,108.9672473462856,107.8942379518545,108.13014534809786,9676400
2016-07-08,109.27928924560548,109.29450084110644,108.33564778882214,108.76180470094847,10355300
2016-07-11,108.32036590576172,109.18029667385716,108.2442731337604,108.86067916289484,8099000
2016-07-12,106.53971099853516,107.19416968771672,106.26575127720552,106.85932873810192,15810600
2016-07-13,107.79530334472656,107.88663095108257,107.26260735724,107.58222494973194,8181700
2016-07-14,106.22767639160156,106.41792583493284,105.84717750493898,105.99176893977548,10817000
2016-07-15,105.31450653076172,105.8624259873288,105.15469185096828,105.6950055082718,9958600
2016-07-18,105.21551513671876,105.97651267264384,104.81218737163051,105.8319328948148,5955900
2016-07-19,105.80915069580078,106.01462339526026,105.32211246842418,105.73305786734312,8073900
2016-07-20,105.2308120727539,105.40583837732328,104.94924650298024,105.19275984691474,6942500
2016-07-21,105.44387817382812,105.48953619468952,104.24911738429331,104.2871579937394,10398400
2016-07-22,105.6265106201172,105.96135155331764,104.9187765364151,104.964434552414,5811400
2016-07-25,105.55037689208984,105.97653373901665,105.46666668202184,105.73302051730268,4243800
2016-07-26,105.71784973144533,106.17445321492848,105.36779712442932,106.17445321492848,5243400
2016-07-27,107.03434753417967,107.0343475341797,106.08310018100744,106.1972568305318,8508100
2016-07-28,106.83643341064452,107.17887994675738,106.31896070930064,106.38744769414323,7336100
2016-07-29,107.72681427001952,107.81813026271172,106.70708031195204,106.88210650191256,8766700
2016-08-01,106.55887603759766,107.115415508593,106.43689127781302,106.56649572266907,9809300
2016-08-02,105.46102905273438,106.17004360706932,104.82824624307617,105.07983543003228,10051200
2016-08-03,105.5219955444336,105.80407503344678,105.14080201523596,105.66685094682522,4930600
2016-08-04,106.31493377685548,106.8562340164957,106.17770961174412,106.32256509699052,5646000
2016-08-05,105.20943450927734,106.10904582916166,105.072210395982,106.00994340281687,7778600
2016-08-08,105.40768432617188,105.6211518808692,104.69104989717904,104.90451745187634,5185200
2016-08-09,106.44450378417967,106.52074716217992,105.68211653660217,105.75074023004484,5503200
2016-08-10,106.85623931884766,107.12306797528566,106.33019006026429,106.6580111152594,5843500
2016-08-11,105.9031982421875,106.79518978176162,105.621107095649,106.77993878200444,7624600
2016-08-12,106.79515075683594,107.38981156591862,106.63504440065212,107.04673981192478,7989600
2016-08-15,105.78884887695312,106.4521336840236,105.78122919249708,106.23103487063143,5108600
2016-08-16,105.50678253173828,106.08619271680728,105.38479776653192,105.95658826619082,6182700
2016-08-17,106.13954162597656,106.30726773226765,105.59062193867943,105.6897359923346,5002000
2016-08-18,106.30734252929688,106.5513005435732,105.81178354545456,106.12436529375482,3805200
2016-08-19,105.75076293945312,106.00997186734772,105.28570615323814,105.69739023677022,5516300
2016-08-22,106.64273834228516,106.8409548506858,106.25391337739384,106.46738088893512,5549700
2016-08-23,106.75706481933594,107.18399973458712,106.4826049976596,106.94004191148817,6841400
2016-08-24,106.50553894042967,106.87911302971578,106.2692006600468,106.81050094181964,6027800
2016-08-25,106.10144805908205,106.5665048164778,105.94135322717167,106.17006012990076,5855500
2016-08-26,105.48389434814452,107.26025793511872,105.37716060456738,106.5283610983714,12962500
2016-08-29,106.89436340332033,107.00109719489528,106.13197585403888,106.26158034144342,7310400
2016-08-30,106.4826202392578,106.93242590127385,106.4826202392578,106.86381384430985,5161800
2016-08-31,106.63510131835938,106.86381982080307,106.23103700505489,106.47500650982316,7349700
2016-09-01,106.75274658203124,107.004793521756,105.83621967211435,105.87439906706226,9149100
2016-09-02,105.8820343017578,106.20281810731662,105.53069299799104,106.13408121775493,8397000
2016-09-06,106.65345764160156,106.98952024509512,105.79038883301791,105.9431530377132,8542600
2016-09-07,106.57711029052734,107.24923571667232,106.57711029052734,107.21104465304566,5421800
2016-09-08,105.2404556274414,106.3708499820688,104.8356561809434,106.0576997221678,14301500
2016-09-09,103.50669860839844,103.96495620561672,103.4226829674344,103.9267768132186,13347700
2016-09-12,103.56015014648438,103.74346016624509,103.2317328054674,103.35393948530783,9096600
2016-09-13,102.38389587402344,103.87325268087412,101.85689000676894,103.77395834232904,15645400
2016-09-14,102.53673553466795,103.04082954549568,102.38398295224972,102.38398295224972,7037700
2016-09-15,102.09368133544922,102.38391921936643,101.60486638342783,102.04785675467654,9874500
2016-09-16,102.91860961914062,102.96443422256186,102.51381008322168,102.78876935802262,7507900
2016-09-19,102.58255767822266,103.01026956042296,102.53673307002614,102.74295546118512,7105900
2016-09-20,102.94151306152344,103.55253491452582,102.8574974110572,103.22410586114962,6054800
2016-09-21,103.77398681640624,103.78926556212816,102.48320667820926,102.80400206702802,10698100
2016-09-22,104.5988998413086,104.85858033554676,104.25520369843196,104.38504394555105,12426200
2016-09-23,104.49961853027344,104.89677282540428,104.41560288048184,104.66000462715678,5928800
2016-09-26,105.16407775878906,105.27100568702,104.6523504126646,104.69054145580496,8661300
2016-09-27,105.93547058105467,106.01185265654138,105.36263997770985,105.8514549597267,9450400
2016-09-28,105.70632934570312,106.2791599129398,105.56885560361482,105.7827114163751,7958700
2016-09-29,105.97367095947266,106.21808429915826,104.98076216197144,105.06477779070468,8319800
2016-09-30,105.02658081054688,105.88964934288632,104.53776581308666,105.82091246533771,11747100
2016-10-03,104.68001556396484,105.41456361997288,104.64175578522308,105.34569134813958,7588800
2016-10-04,103.45575714111328,104.7029415380667,103.4174973724416,104.534607896105,12048700
2016-10-05,102.97374725341795,103.35632172901757,102.6217735987579,103.31041465998506,8917700
2016-10-06,102.39984893798828,103.05787726782232,102.2850696311875,102.50696928585695,7839900
2016-10-07,102.4687042236328,102.75180548368095,101.83362945291692,102.4763515069276,9953200
2016-10-10,101.86418151855467,101.8871350300664,101.38978170509824,101.64994096095556,6089100
2016-10-11,101.6346206665039,102.18552821703344,101.43568636918113,101.65757417483988,9670400
2016-10-12,101.7341766357422,101.7800836898598,101.18326863584568,101.51227697385026,7582400
2016-10-13,102.11679077148438,102.4764000605893,102.04791848823284,102.254511987493,7080600
2016-10-14,100.6859359741211,101.72653889371549,100.64002891042864,101.20624327154084,11415100
2016-10-17,101.3286361694336,101.565842072309,101.06848841494867,101.07614737406108,10595900
2016-10-18,101.6576690673828,101.6806225971448,100.86956674490388,100.89252027466588,7151000
2016-10-19,101.7418441772461,101.97139116878128,101.24450209162404,101.28275019417572,6941300
2016-10-20,101.84889221191406,102.33858666427008,101.68820592939312,102.25441988299468,6082300
2016-10-21,102.0019302368164,102.31564387949304,101.66526307640616,102.16261653618965,9222700
2016-10-24,101.5582046508789,102.10911276264552,101.22153728532764,102.07851194543406,6507500
2016-10-25,101.82599639892578,102.19326452750562,101.37456144137523,101.40516225407217,5134700
2016-10-26,101.13737487792967,101.61177512984342,100.9920063957458,101.35162730878316,5842500
2016-10-27,100.03556060791016,100.28806111872676,99.51525334085773,100.28806111872676,10044700
2016-10-28,99.81365203857422,100.18092016927103,99.72183792471084,99.76774498164254,7541000
2016-10-31,100.42577362060548,100.45637443355416,100.01259843195922,100.15031960309352,7047500
2016-11-01,100.43338775634766,100.885695717226,99.56712799885813,99.78177746952092,12622400
2016-11-02,100.8703842163086,101.27668593205485,100.4487470497262,100.65573469468876,8666200
2016-11-03,100.09612274169922,100.46409171285764,99.99645984840777,100.23410671931263,6085400
2016-11-04,100.99304962158205,101.03137070436073,100.52541777596451,100.63274254229368,7622600
2016-11-07,100.1344223022461,100.42573734462016,99.99643835429217,100.23408517411514,5386700
2016-11-08,99.72816467285156,100.58677473015815,99.43686119936882,100.44111714465411,7576500
2016-11-09,95.49646759033205,97.64297478580512,95.2281556530883,97.52798228448307,31233500
2016-11-10,94.08590698242188,95.79544144713012,94.07823925624844,95.03650032127906,22961200
2016-11-11,93.55695343017578,94.3312300781176,93.25797641885642,94.2622322338644,10040200
2016-11-14,92.9973373413086,94.03226418615355,92.55270855956502,92.97434000675872,21174400
2016-11-15,93.45735168457033,94.14729544284327,93.3576887226415,93.69499871914144,11963700
2016-11-16,94.30060577392578,94.40026287118106,93.6566509605622,93.7563139065819,9149500
2016-11-17,92.91297149658205,93.61058821645258,92.75198437247964,93.48792801784494,11221600
2016-11-18,92.64470672607422,93.50331100658408,92.25373445518204,93.24266087640156,13577700
2016-11-21,92.87468719482422,93.1276695839856,92.67536720499136,92.9206818660307,6488100
2016-11-22,92.84400939941406,93.34230638128342,92.66768676936351,93.265646656864,9989900
2016-11-23,92.4836883544922,92.69067601293877,91.41810255363374,91.98539144755034,13563500
2016-11-25,92.6217041015625,92.98201128664192,92.299729708039,92.90535155229291,3126300
2016-11-28,93.3039321899414,93.31926763727724,92.82863275144156,93.07395311873914,8555000
2016-11-29,93.69498443603516,93.83297433640728,92.92070744790465,93.09703015067744,8363000
2016-11-30,92.17703247070312,92.7673244707548,91.59441404439924,91.97005068612998,21163500
2016-12-01,91.20382690429688,91.40354469531088,90.366527735203,91.0348304191252,21715700
2016-12-02,91.87207794189452,92.34065674067226,91.5187244947286,91.54176839292998,12487500
2016-12-05,91.77225494384766,92.48664537016715,90.98872693531294,91.3574470323776,12100100
2016-12-06,91.70308685302734,92.1332611332564,91.50336914997636,91.67235970011062,11526600
2016-12-07,92.4866180419922,92.65561445901938,92.04108309903056,92.04108309903056,10392200
2016-12-08,91.39581298828124,91.64930170479836,91.24217724732696,91.5263989726392,12041100
2016-12-09,90.25894927978516,91.30364907646768,90.0899528625857,91.13465265926826,14646400
2016-12-12,90.42797088623048,90.48942521153153,89.78271219178338,90.08229470186728,9496300
2016-12-13,90.75055694580078,91.0194121736725,90.21284649005732,90.9502804839074,12189200
2016-12-14,89.73660278320312,91.57250782036505,89.72124213587787,91.47264896123689,16618400
2016-12-15,90.18977355957033,90.86575303783708,89.89786866847582,90.30499300542073,12400500
2016-12-16,89.9823989868164,90.58156376173208,89.72122700210122,90.34343567442065,14924600
2016-12-19,90.95032501220705,91.08859432003686,90.44333559662856,90.62769858080654,10868300
2016-12-20,90.49706268310548,90.56620023372024,90.1667531560902,90.35879344248038,7030600
2016-12-21,90.89651489257812,90.950285941379,90.43561935134136,90.58156599202673,4624700
2016-12-22,90.73402404785156,90.88035870912792,90.49527244341128,90.51837667920226,5177800
2016-12-23,90.91886138916016,91.18071720549544,90.84183944228548,91.065190161133,4461600
2016-12-27,90.62619018554688,90.64929441874308,90.28731830542009,90.43364707431256,5276600
2016-12-28,91.28852081298828,91.5580799399466,90.64927640052407,90.77250678767548,7578600
2016-12-29,91.61199188232422,91.85844678099345,91.3886470882366,91.49647073915762,8581400
2016-12-30,91.7506332397461,92.15112616668011,91.4348656203836,91.4810740827418,10613900
2017-01-03,92.14344024658205,92.412999454632,91.0189890673236,91.19613133315644,13217300
2017-01-04,92.4977035522461,92.60552721757269,91.99709031983036,92.2358477581527,6699600
2017-01-05,93.94564819335938,93.98415329445268,92.55163191249954,92.76727928166235,13265800
2017-01-06,93.0830535888672,93.60677115073608,92.99833413945088,93.29099758910256,8369300
2017-01-09,93.83009338378906,93.96102126548875,93.54512751542936,93.86859847349275,8839100
2017-01-10,93.76851654052734,93.89174698025668,93.40653446876084,93.61448436681644,8417900
2017-01-11,94.08425903320312,94.49244944695404,93.5066297588125,93.9148201725634,9402500
2017-01-12,93.87630462646484,94.8390200368404,93.83009616707037,94.57716426567356,9977600
2017-01-13,93.42961120605467,93.76848893961036,92.89819625000943,93.44501794446124,9820000
2017-01-17,94.40777587890624,94.68503853538084,93.95337090681387,94.58491231857232,7853300
2017-01-18,93.19856262207033,93.93022404268454,93.12154655820814,93.78388940818208,9064700
2017-01-19,92.5593032836914,92.867373365683,92.0740968708196,92.79805480615954,11795600
2017-01-20,92.3744888305664,92.65944888663024,91.87387554500737,92.29746688205756,16953200
2017-01-23,93.29872131347656,93.86094997535211,92.43612576576176,92.68258079711578,13118400
2017-01-24,92.65943145751952,93.29097253523211,92.266647798565,93.0137100254121,8395000
2017-01-25,91.49652099609376,92.11265564322125,91.31167531359914,91.86620060917996,11115100
2017-01-26,91.80458068847656,91.85079504471342,91.13453422052991,91.58123578312848,7827900
2017-01-27,92.13568115234376,92.28971908946004,91.8430178857425,91.9585448695931,7197800
2017-01-30,91.85846710205078,92.32827277468697,91.80455526466382,91.98940088651877,6569500
2017-01-31,92.4977035522461,92.72875762134538,91.84305819106356,91.9046733929499,13298500
2017-02-01,91.92578125,92.2576713801213,91.5244286196585,91.92578125,10975500
2017-02-02,91.88719177246094,92.72849122616604,91.84859756928329,92.5664061723875,6978600
2017-02-03,91.84860229492188,92.52010259968073,91.43952963024596,92.18821245668252,10275600
2017-02-06,92.40430450439452,92.72075453668891,91.94120359277116,92.43517868365578,8433800
2017-02-07,93.08351135253906,93.39996724822244,92.211337940452,92.45060544981943,8418400
2017-02-08,94.34937286376952,94.37252703640372,93.70875249583996,93.71646662761786,15734200
2017-02-09,93.26106262207033,93.84765448022122,93.12985175027198,93.70872947853977,16890600
2017-02-10,93.20702362060548,93.3536686240644,92.70532846902972,92.70532846902972,7978500
2017-02-13,92.91373443603516,92.9368944921254,92.52781594228226,92.813397747573,11536800
2017-02-14,92.24224853515624,92.85200051817444,91.71739909968802,92.80568629037026,13210500
2017-02-15,91.81776428222656,92.01844362856995,91.57849660416602,91.66339917805549,8481000
2017-02-16,92.31944274902344,92.78254386513804,91.9412441912057,92.01842672911644,10005800
2017-02-17,92.86737823486328,93.16067401902951,92.72072739845724,93.09121155250826,7886400
2017-02-21,92.70535278320312,93.09127132583951,92.31171422089211,92.37346260098984,8703800
2017-02-22,92.85968017578124,93.25331857841076,92.30395675763305,93.2378844339721,8101500
2017-02-23,93.13758087158205,93.19160923270417,92.87515908574596,93.06039833978612,5330800
2017-02-24,94.17184448242188,94.27218118365684,93.59296666810174,93.66242917926832,11336000
2017-02-27,93.6161117553711,94.08693280309528,93.56980341908644,94.01746441001924,11039800
2017-02-28,93.96340942382812,94.22583699524549,93.63923938441324,93.77817024254068,8410500
2017-03-01,92.38894653320312,92.45081382052504,91.98681506559998,92.36574777545472,10717100
2017-03-02,92.0564193725586,92.18788293617284,91.73162495657422,92.03322061427248,8201200
2017-03-03,92.296142578125,92.296142578125,91.677487425144,92.20334755017184,9515200
2017-03-06,91.85537719726562,92.1183102919323,91.65431140722534,92.1183102919323,4489200
2017-03-07,91.5769500732422,91.77801579707833,91.4454865191908,91.62335348642834,7080100
2017-03-08,91.08201599121094,91.21347953428132,90.6566917224558,90.71855310155522,11336300
2017-03-09,90.35509490966795,90.85002726811524,90.30096251264872,90.74175657408796,10575400
2017-03-10,90.6721649169922,90.72629731676398,90.23137083313942,90.58709887449524,9218500
2017-03-13,90.09988403320312,90.54840698703852,90.0844142658368,90.34734721117655,6993100
2017-03-14,90.53292083740234,90.7494503273377,90.2545240932037,90.3009215839081,9869200
2017-03-15,91.63884735107422,91.89404555716364,90.811391328292,90.91192127311923,14600500
2017-03-16,91.1748275756836,91.36815842045816,90.96602695933312,91.24442384780764,8018200
2017-03-17,91.74707794189452,91.83214397884244,91.27535024608834,91.33721752750294,7266800
2017-03-20,92.14147186279295,92.20333914244632,91.6388105405895,91.67747906536997,5497800
2017-03-21,92.9070816040039,93.03081619171871,92.0409571899699,92.06416185015884,12540700
2017-03-22,93.27824401855467,93.70356822721082,93.13131072648,93.35557515649327,11661400
2017-03-23,93.14678955078124,93.5875835977966,92.84519393440172,93.4406561821172,6746500
2017-03-24,93.47935485839844,93.64948699478715,93.10816283354198,93.20869277777584,5819600
2017-03-27,93.90463256835938,94.3222277872652,93.71903665995264,94.21396301569564,6878500
2017-03-28,93.27824401855467,94.2062294737932,93.17770822924564,94.18303072241036,6811200
2017-03-29,93.83509063720705,93.8660242917922,93.47936245946482,93.52576589133822,6291000
2017-03-30,93.07718658447266,93.64170925141735,93.04625294655966,93.62624538245493,7042400
2017-03-31,93.347900390625,93.42523157836644,92.96123855192636,93.01537097334452,5144800
2017-04-03,94.28941345214844,94.4444090516957,93.30521652305296,93.3439609885816,12996500
2017-04-04,93.7779769897461,94.22744961132526,93.73147533666707,94.05696325830128,6976700
2017-04-05,94.06470489501952,94.17319889378992,93.27424777362384,93.42923751115885,8555200
2017-04-06,93.9251937866211,94.08794066610236,93.39822050240664,93.95619291069,6497000
2017-04-07,93.5454559326172,94.73889548917654,93.52995932830142,94.4211589321642,10270000
2017-04-10,93.9794464111328,94.25068728488108,93.77020970171878,93.8787036862266,5314500
2017-04-11,94.87068176269533,95.0489253144546,94.32821167035064,94.39020994161304,11297400
2017-04-12,95.38988494873048,95.4673857285854,94.7699200972468,94.94041235296062,11532500
2017-04-13,95.68436431884766,95.8936010314468,95.25038837421012,95.66886179940842,8396700
2017-04-17,95.38988494873048,95.74637198112084,95.21164734501468,95.67662246174729,8015000
2017-04-18,96.63755798339844,96.85455185844135,95.74635826750598,95.98659409570531,11529700
2017-04-19,96.11062622070312,96.22687151159582,95.86263902595658,96.17262449751004,7344000
2017-04-20,95.73863983154295,96.03312275134506,95.42865438768358,95.72313730748569,7932900
2017-04-21,95.73863983154295,96.28110992393646,95.69988943388032,95.95562786850036,9798500
2017-04-24,95.2658920288086,95.44413554067307,94.90165965726578,94.97140917494468,8066400
2017-04-25,94.1189193725586,94.90163087535508,94.0646723919179,94.70789081414152,8122300
2017-04-26,94.63818359375,94.6536802031114,94.10345892734584,94.17320253819176,5766200
2017-04-27,94.60716247558594,94.8163991719762,94.21968229432532,94.35142413695914,4978300
2017-04-28,94.81642150878906,94.88617103233628,94.19645662020802,94.23520109997447,8166300
2017-05-01,94.02813720703124,94.8513086174318,93.7408009954648,94.50185062146068,8795900
2017-05-02,94.50967407226562,94.57180182220615,93.91947822231566,93.94277464733626,6727800
2017-05-03,94.5718231201172,95.04553695164611,94.39321320485,94.91351989691306,8932900
2017-05-04,94.1058578491211,94.13692172485118,93.7098008395982,93.97384082088962,9707200
2017-05-05,94.19126892089844,94.33105337982067,93.88063613164591,94.26115818794572,5605400
2017-05-08,93.67871856689452,94.0747754986383,93.60106185523408,94.0514790776229,8057800
2017-05-09,93.67101287841795,93.67877440683138,93.2982521454948,93.48462954954095,5536700
2017-05-10,93.56226348876952,94.01267491643956,93.31375838477506,93.89619277771482,6517000
2017-05-11,93.56226348876952,93.63215277200436,93.11961358712846,93.1895028703633,7479800
2017-05-12,94.26893615722656,94.34659288199911,93.95054180821064,93.97383823315955,7463900
2017-05-15,94.01270294189452,94.12919104017372,93.77196521699344,94.01270294189452,5173200
2017-05-16,94.3621597290039,94.657257752979,94.05152679991784,94.05152679991784,6722700
2017-05-17,95.73662567138672,95.93853780179336,95.04547107000587,95.23184830778288,11236400
2017-05-18,95.84538269042967,96.24920710490144,95.66677283100503,96.10165519290278,8350500
2017-05-19,96.07058715820312,96.12494745108506,95.5269842293836,95.79878569379336,11277400
2017-05-22,95.80652618408205,95.95407212334273,95.72110204432934,95.837590046249,4062900
2017-05-23,95.16199493408205,96.00070170744394,95.11540208828232,95.91527754025924,7901300
2017-05-24,95.69783782958984,95.72113425284743,95.1619963953536,95.36390860496591,7355200
2017-05-25,95.7288818359375,95.73664928416812,95.33283084858137,95.53473710396122,6464800
2017-05-26,95.8919906616211,96.09389696340114,95.71337486023128,95.94635096207394,2963800
2017-05-30,96.36571502685548,96.40454635877884,96.0939134778801,96.31912216841094,4819400
2017-05-31,96.60647583007812,96.80062067462217,96.319139327214,96.33467423268256,8000200
2017-06-01,96.6165542602539,96.64768394674611,96.23522599114044,96.26634974025204,9037300
2017-06-02,97.76050567626952,97.87723453192994,97.31691821262532,97.44921487395926,13245000
2017-06-05,97.15352630615234,97.40256380137544,97.10683474448837,97.200223805197,6775500
2017-06-06,97.68273162841795,97.95511493938352,97.58934849312138,97.8150342990572,12841500
2017-06-07,97.21575164794922,97.6826849132733,97.11458465396557,97.46478311861397,12852400
2017-06-08,96.9589614868164,97.1846472435083,96.73328166750466,97.1846472435083,8758600
2017-06-09,96.8111572265625,96.99792949857569,96.48430426619358,96.56212555141713,5130500
2017-06-12,96.77996826171876,97.2702474020494,96.60875797663762,96.66323343667436,4335800
2017-06-13,96.7955551147461,96.90450606293705,96.49204805373114,96.50761586769065,4742600
2017-06-14,98.28975677490234,98.60882573262596,97.84616904717218,97.99402766482774,20212300
2017-06-15,98.13406372070312,98.3130578869079,97.923945813521,98.12627981676926,5863700
2017-06-16,98.32867431640624,98.39871761591748,98.06408080963178,98.11855629263724,6672500
2017-06-19,98.18856811523438,98.42982170926317,98.07961717756233,98.30530295913464,5641300
2017-06-20,99.06797790527344,99.14579916518936,98.67108176110618,98.67108176110618,8405700
2017-06-21,99.27029418945312,99.33255356117226,98.76445312203138,98.92009561394876,5914800
2017-06-22,99.48820495605467,99.5115566755744,99.07574697192128,99.38703792099324,6608100
2017-06-23,99.4415512084961,99.534940309947,99.14582795997644,99.200303451477,4329900
2017-06-26,99.8150634765625,100.05632303036644,99.73724815658036,99.8228533208946,5541600
2017-06-27,98.74891662597656,99.21585018718464,98.53879860151676,99.16915861227852,8354200
2017-06-28,98.4220199584961,98.60879211244507,98.04069174578116,98.57766243055696,7357900
2017-06-29,97.5971221923828,97.83836984984184,97.20022609673984,97.2858312533958,9115800
2017-06-30,97.3714828491211,97.5816009191543,97.16135884170424,97.42595834412109,10189800
2017-07-03,97.05794525146484,97.51024949683163,96.71481707226944,97.47905548511848,11021100
2017-07-05,97.08135986328124,97.20613593659824,96.7928256056243,96.85520769263216,11394500
2017-07-06,96.278076171875,96.41844619634598,95.86476608583465,96.32486419681628,10853100
2017-07-07,95.70108032226562,95.94282658171468,95.59969825244352,95.79465644868358,9401800
2017-07-10,95.84136962890624,95.99733367449738,95.66980560896782,95.81797561703227,3859200
2017-07-11,96.00515747070312,96.176721533189,95.69322335251503,95.81019939054164,4425600
2017-07-12,96.66804504394533,96.73043307770708,96.3015227826578,96.61345700181634,7839900
2017-07-13,96.05977630615234,96.42629856636104,95.77123611309116,96.38730455796212,7449300
2017-07-14,96.1767349243164,96.82399726848952,96.01297082813691,96.77720327697448,6566800
2017-07-17,96.44186401367188,96.69141012436636,96.12992988789162,96.17672387403024,4737300
2017-07-18,97.28410339355467,97.29969742555144,96.87859311549155,97.0345572340582,9163000
2017-07-19,97.32306671142578,97.4868307691798,97.15929670402387,97.30746673469804,5140900
2017-07-20,97.60384368896484,98.048347999356,97.4556736022844,97.86118390576488,12239100
2017-07-21,98.01714324951172,98.28228342858738,97.92356121296471,98.04833726169406,6201500
2017-07-24,97.63499450683594,97.99372257453788,97.60380645278588,97.82995256771191,5378500
2017-07-25,96.3638687133789,96.84736683930848,96.28588668007356,96.80837284783192,9743300
2017-07-26,96.51985931396484,96.76940545893255,95.98177897148253,96.1299430905997,8459500
2017-07-27,96.04415130615234,96.2157094187032,95.77900522375845,96.0051573103258,6390800
2017-07-28,96.61341094970705,96.69139297991288,96.12211880472748,96.12991284299478,5491800
2017-07-31,96.7304229736328,96.73822296445088,96.23133065497248,96.27811870058136,5464600
2017-08-01,97.4095687866211,97.46427546281984,96.25291164339588,96.26853956691818,9676800
2017-08-02,97.46424865722656,97.82375042517036,97.44080379710093,97.51113837747783,5745600
2017-08-03,98.47242736816406,98.48805528865584,97.89409890869864,97.91754377072598,10324500
2017-08-04,97.63619232177734,97.83157411975075,97.25324566727166,97.80812925800664,8485500
2017-08-07,97.74562072753906,97.76906559289922,97.38611887932932,97.5658668221441,4684600
2017-08-08,97.39392852783205,97.67527881624324,97.0266097644852,97.5893103413076,6197400
2017-08-09,97.9253921508789,98.4333802247708,97.84723463558976,98.41775229926172,9221800
2017-08-10,98.76158905029295,98.81629571282062,98.0972861962842,98.17544368210572,10378200
2017-08-11,98.80853271484376,98.831977588358,98.12079058723606,98.29272164720128,5717800
2017-08-14,98.30047607421876,98.6912396178196,98.26140329740576,98.4645960470217,5111000
2017-08-15,97.88629150390624,98.11293512988397,97.46426605855945,97.47989994315374,7473200
2017-08-16,98.2458038330078,98.48807540688514,97.54242801561168,97.55806190187636,5283800
2017-08-17,98.98041534423828,99.00386020486876,98.0894748648059,98.23796096965862,9364700
2017-08-18,98.95700073242188,99.37120929705152,98.67565039369592,99.23835107114785,8382500
2017-08-21,99.19925689697266,99.26959148943098,98.86319993142982,99.07420967138468,7669800
2017-08-22,98.81631469726562,99.105475985074,98.6834505233908,99.08984806245468,6140700
2017-08-23,99.48843383789062,99.4962448183168,99.06640835423843,99.28523505778097,7446400
2017-08-24,99.12105560302734,99.49618516631467,99.03508716923714,99.16012836947397,5569400
2017-08-25,99.5040283203125,99.6056246949329,99.1523435167524,99.26956780955344,7303300
2017-08-28,99.4415054321289,99.55873568834508,99.04293090860384,99.19141700140436,4448500
2017-08-29,99.7619171142578,100.44184771242624,99.49619484870856,100.39495800309652,7659400
2017-08-30,99.73070526123048,99.83230166984568,99.51968953842442,99.61347496662492,4735200
2017-08-31,100.0276870727539,100.05894888326858,99.69944700622068,99.7541536839762,7978400
2017-09-01,99.26256561279295,99.72461334613556,99.01196213584178,99.701120203743,14128600
2017-09-05,100.83666229248048,100.86799444769338,99.9987123611325,99.9987123611325,15215700
2017-09-06,100.2179718017578,101.02460138396276,100.03784779050828,100.8053241353855,9066400
2017-09-07,101.24388885498048,101.4710051387545,100.49991154720992,100.49991154720992,13618900
2017-09-08,101.02458190917967,101.1498865841296,100.6878390386773,101.1107273794938,9808500
2017-09-11,99.81857299804688,100.28062661879544,99.66194809516836,100.13966181626198,17856700
2017-09-12,99.2939224243164,99.5288598955736,99.09030516933882,99.497539679294,7557400
2017-09-13,98.90231323242188,99.3956870960802,98.89448019415052,99.38786003266644,6740000
2017-09-14,99.30953216552734,99.32519824058178,98.93363001221856,98.96495618747046,6674500
2017-09-15,99.3486785888672,99.4661502372251,99.09807519396988,99.45831720070623,9769200
2017-09-18,98.7770004272461,99.1215823846646,98.54989013484364,99.0667630709714,6863000
2017-09-19,98.53424072265624,98.91797596013328,98.46376130091582,98.89448281955316,5554900
2017-09-20,98.60472869873048,98.71436734087774,98.15050805277298,98.65171498111992,8037000
2017-09-21,98.54991149902344,99.11377083345126,98.5342513952264,98.80052095864323,6147800
2017-09-22,98.8318328857422,99.24690028731784,98.72219424377364,99.06677624702216,5660700
2017-09-25,99.4504623413086,99.66973951686968,98.83178403891556,98.925762531951,9679000
2017-09-26,99.27043151855467,99.37223716091464,99.01199491695614,99.27825858537147,7251900
2017-09-27,97.77459716796876,98.12701220072738,97.58664606874544,97.79026324490437,12145700
2017-09-28,97.48482513427734,97.61795689300055,97.0854238832509,97.27337495291054,8883700
2017-09-29,97.7041244506836,97.91556870496169,97.32038321257954,97.7041244506836,11285500
2017-10-02,97.5251693725586,98.09016970798842,97.49377979981818,97.94107073420864,7860700
2017-10-03,97.61936950683594,97.7056893629145,97.24270049967942,97.24270049967942,6219800
2017-10-04,97.62722778320312,97.76847193914358,97.21132026077908,97.72139055383008,7447000
2017-10-05,97.25840759277344,97.54090787844004,97.06222717144668,97.51736119884173,8180300
2017-10-06,96.98371887207033,97.3839284785914,96.54427678613304,96.74830603472508,10375000
2017-10-09,97.2897720336914,97.35254520220896,97.02296361643003,97.132824145023,3590900
2017-10-10,97.4467315673828,97.98819140409816,97.32117323372962,97.41534198396953,6666800
2017-10-11,97.63501739501952,97.82335480737147,97.50946510706628,97.75272678100248,4385900
2017-10-12,98.05093383789062,98.07448050828016,97.49378237765146,97.73705007608471,7141600
2017-10-13,98.75716400146484,98.82779202423586,98.22355333421402,98.54529190704731,7746900
2017-10-16,98.68659210205078,98.79645264933198,98.38839405632967,98.50610349611692,5737300
2017-10-17,98.81211853027344,98.94551973313254,98.39621714080138,98.39621714080138,4969600
2017-10-18,98.16082763671876,98.23145569793824,97.83909487568845,98.12944403945566,5943800
2017-10-19,98.33342742919922,98.8827359494788,98.30203785773053,98.67085783880214,8966500
2017-10-20,97.2897720336914,97.52518488626932,97.02296361643003,97.30546382908337,12326900
2017-10-23,97.46240234375,97.68997228419823,97.32115224233212,97.43101875405677,6871100
2017-10-24,96.85818481445312,97.0622141015057,96.638463730066,96.8111034354989,6842800
2017-10-25,96.39520263671876,96.5050691734621,96.06562098734152,96.15194084602857,9961400
2017-10-26,96.0734405517578,96.56781287490696,96.0734405517578,96.56781287490696,8179400
2017-10-27,96.70907592773438,96.7797039759075,96.32456406930268,96.47366307004044,10480900
2017-10-30,97.63501739501952,97.66640696374483,96.9601566347952,97.19557540676112,9051600
2017-10-31,97.6664581298828,97.82340605573232,97.61937674560356,97.72138840719234,4424300
2017-11-01,98.10130310058594,98.40799206517868,97.7474330644028,97.78674862418558,8940400
2017-11-02,98.53382873535156,98.70682801963667,98.23499924509068,98.29791134826438,7222700
2017-11-03,98.80118560791016,98.84836668043036,98.40799400456775,98.6675019026844,10984100
2017-11-06,99.17076110839844,99.25726371880327,98.86407221682713,99.02921192770198,6246700
2017-11-07,99.58757781982422,99.69767099874508,99.18652066825352,99.2651637957355,6422700
2017-11-08,99.3673858642578,99.71339640687609,99.24942717930814,99.54825064816976,3356200
2017-11-09,99.0842742919922,99.27300456312896,98.73040428365736,98.98204664504875,6280400
2017-11-10,97.59017181396484,98.17209380876886,97.48007862574865,98.0698661338906,11981000
2017-11-13,97.79462432861328,98.14849440167843,97.7553027651046,98.14063488867929,5880800
2017-11-14,98.45519256591795,98.48664861972831,98.11704748699287,98.11704748699287,6195900
2017-11-15,99.52465057373048,99.61115320109556,98.80117950815652,99.1314589946628,9568200
2017-11-16,98.65965270996094,99.34380837280854,98.6517871966973,99.09216594503046,5894900
2017-11-17,99.39098358154295,99.43030514590951,99.05283852672714,99.13934116863084,6938800
2017-11-20,99.35164642333984,99.38310246997018,99.01350742122531,99.01350742122531,4232300
2017-11-21,99.66619873046876,100.09871186273011,99.32805373605368,99.94143163298632,5818400
2017-11-22,99.98865509033205,100.02797066235551,99.48537017124728,99.57187282918022,4140700
2017-11-24,99.7134017944336,99.89426658811774,99.62689915410525,99.81562946044514,3141400
2017-11-27,99.57183074951172,99.90997572408492,99.41455052899688,99.76056101450256,6079900
2017-11-28,99.70553588867188,100.01222488512562,99.45389348133476,99.68980486342242,5983000
2017-11-29,98.72254180908205,98.83263497060044,98.37653130166572,98.7382668323158,14547100
2017-11-30,98.39228057861328,98.70682909866356,97.857539695048,98.54168932574862,9630000
2017-12-01,99.72007751464844,100.61838509869408,98.5774890880058,99.18424439329812,24583100
2017-12-04,99.7673110961914,99.81458852344342,99.136917344056,99.22359663527163,9609200
2017-12-05,100.26373291015624,100.46861176256704,99.64122079035867,99.65698393924866,10958900
2017-12-06,100.61046600341795,101.04385647656534,100.5947088639082,100.7601858822242,11834200
2017-12-07,99.8224868774414,100.94143627615622,99.52305310138048,100.80747352329084,13056800
2017-12-08,99.83039093017578,99.86978679775068,99.47579205070524,99.75158717126052,4786100
2017-12-11,99.62547302246094,100.14554275902228,99.60971588396892,99.96430861290256,3863800
2017-12-12,99.58607482910156,99.60971955553168,99.0266032078678,99.42059781537444,7502400
2017-12-13,100.33466339111328,100.38194081795082,99.75154707134205,99.92490565225346,8532900
2017-12-14,100.7602081298828,100.84688744602708,99.90917812331128,100.1140570534597,6885000
2017-12-15,101.1384506225586,101.32756039517253,100.51593222433164,100.71292958664768,7239400
2017-12-18,100.2165069580078,100.86265812112092,100.00375243376206,100.83901939752506,7239700
2017-12-19,98.91632080078124,99.58611067223788,98.55384635283863,99.53883322612272,11045800
2017-12-20,97.82099151611328,98.27014517799284,97.67127162485968,97.95494825466584,10005800
2017-12-21,98.39109802246094,98.5964101892762,97.91730581215978,97.9409945189856,7026900
2017-12-22,98.52539825439452,98.5806739456328,98.3358824593774,98.47012256315628,3974300
2017-12-26,98.81752014160156,99.12548540234764,98.68328010991128,98.69117835430345,3168400
2017-12-27,100.10464477539062,100.27047776465317,99.25971346517107,99.26761170861084,9059700
2017-12-28,100.01782989501952,100.15206996648988,99.78882893654811,99.9151707612858,5297100
2017-12-29,100.17577362060548,100.38108589409264,99.87570647058416,99.8914969418072,7580500
2018-01-02,99.09392547607422,99.89937793508412,98.7622714162922,99.88358144199152,16238200
2018-01-03,99.56768035888672,99.6545429643976,99.0938881626603,99.49661424052034,8605100
2018-01-04,99.5519027709961,99.6229749231486,98.9991461413452,99.22024879320556,9217900
2018-01-05,99.26764678955078,99.6387860426508,98.99126841743268,99.39399463086,10915400
2018-01-08,99.2044677734375,99.52033133589012,98.84122678522569,99.48874437718524,8850600
2018-01-09,97.87784576416016,98.57274680742196,97.76729442084056,98.5569503157498,16226400
2018-01-10,97.7593994140625,97.86205250862103,96.85919220148402,96.9776357626684,14302600
2018-01-11,98.1620864868164,98.38318909263528,97.37243088055232,97.53036561656164,12511000
2018-01-12,98.32794189453124,98.5411523436924,97.8462573779508,97.99628788983156,9987100
2018-01-16,98.73854064941406,98.9280563136341,98.35950329637964,98.84119371240942,9125900
2018-01-17,98.60436248779295,99.21239505315928,98.39115196028924,98.7701895510747,8327000
2018-01-18,97.68832397460938,98.13052932044842,97.55408392670766,97.862049224645,10843900
2018-01-19,97.175048828125,97.56987676066196,97.11188093761216,97.44353495504012,11374300
2018-01-22,97.26978302001952,97.68829954977566,97.11974651893922,97.48298739428596,8984700
2018-01-23,97.68832397460938,98.07525365221854,97.31718476309618,97.7672883542812,12325700
2018-01-24,97.15923309326172,97.23029921082993,96.76440526340838,97.00919659004718,9038900
2018-01-25,97.95680236816406,98.03576674160718,96.9697326386364,97.254009202708,12173300
2018-01-26,97.5935287475586,97.84622431290344,97.20659920616356,97.82252958520696,6462900
2018-01-29,96.91447448730467,97.10399022273292,96.57492219800592,97.10399022273292,12223000
2018-01-30,96.3459243774414,96.6302010020909,96.10112693562851,96.55912883363013,12064400
2018-01-31,96.91447448730467,97.07240326272878,96.29064558256526,97.02502583502088,18045100
2018-02-01,95.50988006591795,96.95796009759678,95.45448932336328,96.91839873127952,18632800
2018-02-02,94.62367248535156,95.16175682371608,94.3546272975988,95.07471332507323,23944400
2018-02-05,95.51783752441406,96.39618114760772,93.87984650440386,94.29923460541436,28606200
2018-02-06,94.92433166503906,95.6444174444466,94.73442138666935,95.28832888072218,10935400
2018-02-07,94.02227783203124,95.2171426758645,93.8165381152128,95.05887903325772,16271100
2018-02-08,93.91936492919922,94.30710009842392,93.25467003053346,93.38128088252223,15155100
2018-02-09,93.32594299316406,94.23593334931236,93.20724676149308,93.46046257172532,15661600
2018-02-12,93.73737335205078,94.40206832172122,93.52372506291928,93.8165021244277,10944600
2018-02-13,94.1567840576172,94.17261343820503,93.6820052713582,93.85609223498578,8157600
2018-02-14,93.1122817993164,93.80071506324506,92.95402419335475,93.73740960600412,12043300
2018-02-15,93.42877960205078,94.00643118941412,93.3654741606966,93.52373776408206,8222400
2018-02-16,93.9352035522461,94.3308534733846,93.64242043723368,94.1963339491108,8454100
2018-02-20,93.5237274169922,93.77694311725496,93.19929159380068,93.59494150278242,8268800
2018-02-21,92.3763656616211,93.60288314753794,92.19437003187512,93.56331573038956,12054300
2018-02-22,92.65331268310548,93.10435947185158,92.58209858202332,92.7720088887155,9317900
2018-02-23,93.4762725830078,93.61870683326468,93.1518427023418,93.27844757082552,9072900
2018-02-26,93.50788116455078,94.0934472709069,93.40501438014968,93.91144568928004,8771600
2018-02-27,93.3734130859375,93.8956740569576,92.78785269427256,93.7848864872624,12525700
2018-02-28,93.96685791015624,94.0301633475564,93.57120798211348,93.74529491639451,9311600
2018-03-01,94.6082992553711,94.8461703463099,93.68061288947332,93.90262268138255,12287700
2018-03-02,93.8392105102539,94.29909149565648,93.65684787593824,94.23565838401863,10064300
2018-03-05,93.58551788330078,94.19605121682524,93.2683582599792,94.15640399541628,5658200
2018-03-06,93.67271423339844,94.10087871373784,93.6568589782667,93.8471522864236,5452000
2018-03-07,93.56964111328124,94.10087988185953,93.52999390098694,94.01366085426424,4461800
2018-03-08,94.1087875366211,94.34665260431356,93.76784216187946,93.80748331517132,7086700
2018-03-09,93.49034881591795,93.77578574506438,93.23661634678334,93.5537758838866,6570400
2018-03-12,94.02947998046876,94.08498847607876,93.7123266012358,93.8074701952805,5801300
2018-03-13,94.50525665283205,94.6479781453212,93.7123608166289,93.80750444541158,7455300
2018-03-14,95.33777618408205,95.4646423983022,94.64796080453054,94.67174670736831,10175000
2018-03-15,95.33777618408205,95.5360001068155,95.09198045567302,95.28227372768922,6757900
2018-03-16,94.99684143066406,95.15542421619388,94.7906928834474,94.98891682837362,6084300
2018-03-19,94.69551849365234,95.12368282884654,94.51314985022564,94.52108049976066,8491200
2018-03-20,94.3149642944336,94.52904957370922,94.21982065859164,94.28325378203002,5446000
2018-03-21,94.41803741455078,94.68761909458226,93.64892748727311,94.08502261593009,9742400
2018-03-22,95.35363006591795,95.79764968251064,94.88581849902474,95.39327121779168,12136600
2018-03-23,95.28224182128906,95.39324669690336,94.84615296689344,94.893724756639,7250400
2018-03-26,94.91754913330078,95.50429029218525,94.88583257750776,95.14748962581425,8237900
2018-03-27,95.93244171142578,96.03552201610232,94.99682461501752,95.01268591542024,9168500
2018-03-28,96.18622589111328,96.44788306121563,95.90078280542292,96.29723086340204,7412500
2018-03-29,96.65399932861328,96.96322820698404,96.34477045024254,96.36855635637646,9694300
2018-04-02,96.84471130371094,97.22611750304314,96.27261109808144,96.42357920714876,12036500
2018-04-03,96.09776306152344,96.52684259671274,96.0103576342306,96.43148956814504,9855000
2018-04-04,95.89916229248048,96.51099452004166,95.82764597057272,96.42358905006913,6654300
2018-04-05,95.18399810791016,95.56539815860472,95.16810290282191,95.43031922657724,7603700
2018-04-06,96.22490692138672,96.26463887069974,95.52566947408556,95.8752912288583,8831200
2018-04-09,96.38384246826172,96.38384246826172,95.628977758852,95.85940976095104,6307500
2018-04-10,96.208984375,96.44735780138129,95.97060488637648,96.30433132065562,6046000
2018-04-11,96.55072021484376,96.85266250644236,96.36001407696936,96.82087815012996,5901300
2018-04-12,95.84353637695312,96.20109978183037,95.67667305052734,96.17726302980468,6622800
2018-04-13,96.0659637451172,96.24871611024903,95.74812642834225,95.7640155661718,4964000
2018-04-16,96.09776306152344,96.12159980310447,95.49387267174846,95.5336046158792,4491300
2018-04-17,96.36001586914062,96.60634311958157,96.0024524629066,96.08191032404235,5590400
2018-04-18,95.5892333984375,96.41560213026692,95.57333819460769,96.37587624518044,8138400
2018-04-19,94.81053161621094,94.97739488212356,94.40528879199805,94.88998944822973,9875800
2018-04-20,94.127197265625,94.65957148733128,94.10336051871948,94.4688714498422,7579400
2018-04-23,94.15101623535156,94.25431686876392,93.82523731874676,94.0238849217782,7073200
2018-04-24,93.72196197509766,94.11925728836596,93.57099387838257,93.9285572354259,8190800
2018-04-25,93.09423828125,93.48358598064596,92.91942737802258,93.29288593269114,6603800
2018-04-26,93.74576568603516,93.86494938050936,93.43586989367364,93.54711811225432,6528600
2018-04-27,94.46885681152344,94.51653029794728,94.11129353885666,94.1351302820686,5401800
2018-04-30,94.63574981689452,95.001260806247,94.50861845906344,94.61986067050783,8321100
2018-05-01,94.29491424560548,94.63733567314576,94.15157235880706,94.58159194359143,7979200
2018-05-02,94.19135284423828,94.66119789357543,94.1754286737766,94.4780365174182,4644000
2018-05-03,94.61343383789062,95.01160501785058,94.50991151832064,94.6373231365906,6345300
2018-05-04,94.75677490234376,94.94790144154337,94.35860372575952,94.94790144154337,4283500
2018-05-07,94.60549926757812,94.78068952857797,94.55771458220396,94.74087604564636,3647800
2018-05-08,94.51790618896484,94.76477045351346,94.2073330575611,94.40641870977436,6091200
2018-05-09,93.95247650146484,94.30286301663752,93.95247650146484,94.0639639484212,7832500
2018-05-10,94.708984375,94.74880391788642,94.24710441019823,94.40637650613463,7101500
2018-05-11,94.9478759765625,95.05139826749016,94.62137278303868,95.01954385283358,4273400
2018-05-14,94.44618225097656,94.7567552181469,94.4382171279287,94.60545433389002,4996200
2018-05-15,93.37116241455078,93.63395690977045,92.93317158918464,93.61802665669636,12901000
2018-05-16,93.01278686523438,93.59411336561156,93.0048217407387,93.50651522298872,6518000
2018-05-17,92.54296112060548,93.028730531259,92.44739783346326,92.87742351218658,7330300
2018-05-18,93.33928680419922,93.40299565081642,92.78184958532376,92.78184958532376,9606500
2018-05-21,93.3870849609375,93.47468312448076,93.13225559670563,93.27559749381176,4448500
2018-05-22,93.24372863769533,93.45077936272853,93.05260816299332,93.4030007629556,4700700
2018-05-23,93.92062377929688,94.05600052796714,93.6976488813434,93.76931678042403,9634000
2018-05-24,94.66915130615234,94.81249313421038,94.47803089394442,94.51785043114155,8204100
2018-05-25,95.25846862792967,95.43365883136424,95.13901606716232,95.21068395825698,8482800
2018-05-29,97.3448486328125,97.56782343045936,95.90347149401846,96.19015511259516,21668100
2018-05-30,96.69189453125,96.7396792075454,96.15038144624906,96.35743217523454,11616300
2018-05-31,96.5325927734375,97.13781448590149,96.31757699866364,96.80334617798746,10769900
2018-06-01,96.02257537841795,96.34983118853856,95.66338504275218,95.9188064395755,8718800
2018-06-04,95.32815551757812,95.89487161042749,95.28026590373165,95.87092680350425,7156500
2018-06-05,95.5516586303711,95.9108490414754,95.47982420198689,95.75120682885311,5635900
2018-06-06,94.7773666381836,95.0647163977516,94.5219453063148,95.04875522876443,7813300
2018-06-07,95.69532012939452,96.174234520507,94.72950771522846,94.7374913471696,13238300
2018-06-08,95.40796661376952,95.6633880185382,95.3361321982377,95.4319114189468,6790600
2018-06-11,95.23236083984376,95.29621771184736,94.9370334638485,95.04079631355948,6844200
2018-06-12,95.2563247680664,95.35211009530164,94.89714044795774,94.92906889036948,6048200
2018-06-13,95.20848083496094,95.49583086482345,94.68965405383528,95.3441722130264,8834700
2018-06-14,95.99864959716795,96.02260049759232,95.3680826164051,95.6075368130962,10078800
2018-06-15,96.08643341064452,96.65314948730456,96.0225826239156,96.44562377341344,7992800
2018-06-18,95.99864959716795,96.23012625011232,95.81506865534426,96.1662754514982,4893700
2018-06-19,96.55735778808594,96.7648895648929,96.34184238032168,96.55735778808594,6133300
2018-06-20,95.71128845214844,96.41369582756911,95.70330482011896,96.39772856351016,6879100
2018-06-21,96.21411895751952,96.38173864178172,95.95869761630216,96.07044407247696,7235800
2018-06-22,96.20616149902344,96.2780020059502,95.83100996992984,95.85495477566316,4082500
2018-06-25,96.4216537475586,96.66909146694762,96.29394002805114,96.30990728785224,8363700
2018-06-26,96.55735778808594,96.60524739437749,96.30992003594471,96.39771561757054,5450000
2018-06-27,97.46728515625,97.5231583867977,97.02029931186836,97.17993537351168,8173400
2018-06-28,97.4912567138672,97.5790583987866,97.24381892349088,97.48327308167622,7109500
2018-06-29,97.15603637695312,97.77862583649429,97.10016312006428,97.51522072984892,11164700
2018-07-02,97.07999420166016,97.39999540727418,97.0319961570484,97.39199369866712,9662000
2018-07-03,97.5999984741211,97.6239974971834,97.223997503437,97.223997503437,3808800
2018-07-05,97.88001251220705,98.0240127765514,97.60801540373238,97.64801174723463,3860400
2018-07-06,98.1999969482422,98.335995479172,97.9839996405016,98.1999969482422,4679900
2018-07-09,97.56798553466795,97.76798550651752,97.5199874945488,97.65598601056296,5952700
2018-07-10,97.56002044677734,97.70402072470132,97.4480209087828,97.49602507043552,5759700
2018-07-11,97.93601989746094,98.0400238263968,97.67201837503184,97.96001892613324,6869100
2018-07-12,97.9280014038086,97.9759994499357,97.71199798920551,97.73599701226908,4824700
2018-07-13,98.17598724365234,98.29598844756964,97.97598727162844,98.08798676768065,4079000
2018-07-16,97.7679672241211,97.83196866798838,97.31196761771562,97.7679672241211,5517100
2018-07-17,97.58399200439452,97.9119887946652,97.51999054655612,97.83199002412466,3764300
2018-07-18,97.19203186035156,97.63203445373112,97.11203305342376,97.61603103023492,6330000
2018-07-19,97.80803680419922,97.96003270834736,97.41603226900996,97.44003740457654,6166700
2018-07-20,96.60800170898438,97.27199707031252,96.55999755859376,97.26400146484376,10469500
2018-07-23,95.4159927368164,96.30399318249532,95.343995669958,96.30399318249532,11571800
2018-07-24,95.74401092529295,95.85601044950631,95.31201014467732,95.42400966889068,9053500
2018-07-25,95.5920181274414,96.20802167323788,95.40802150722875,96.01601723886353,7357900
2018-07-26,95.4080047607422,95.90400087035732,95.32800597888644,95.76800233085096,6821100
2018-07-27,95.5680160522461,95.89601903954096,95.52001799694116,95.88001561876152,4542000
2018-07-30,95.23999786376952,95.52799833820826,95.17599640200196,95.1919937156862,7111200
2018-07-31,95.75999450683594,95.88799743244414,95.64799499868649,95.8319976783694,6797400
2018-08-01,94.9798583984375,95.28453580516022,94.66716139446513,94.84355583099526,13312600
2018-08-02,95.11613464355467,95.20433183741216,94.85154917914092,95.10812116568304,4451100
2018-08-03,95.58922576904295,95.64535071925104,95.2604895484238,95.27652874400368,6162400
2018-08-06,95.64533996582033,96.08631992011532,95.6293007720437,95.84578706790715,4200200
2018-08-07,95.14822387695312,95.49299311884504,95.06804626382564,95.43686817793984,5346900
2018-08-08,95.2444839477539,95.43691153010192,95.10016173170226,95.1402536150576,5640900
2018-08-09,96.0462417602539,96.07831403318158,95.50904495232643,95.59724217358745,7144100
2018-08-10,96.7437744140625,97.05647134617456,96.43909096019816,96.5112550845404,8457900
2018-08-13,96.54336547851562,96.7758787827092,96.38300409284254,96.41507636997716,7923200
2018-08-14,96.32686614990234,96.66361583867156,96.23866892896366,96.6475827608466,4251200
2018-08-15,96.88809967041016,97.12061902211188,96.67161951105176,96.7437836422776,7649800
2018-08-16,96.88013458251952,96.9603122328058,96.4391483302012,96.8640953821647,5400400
2018-08-17,97.00038146972656,97.32911159429996,96.81596741167722,97.08857258243754,3537600
2018-08-20,97.64982604980467,97.74604287582608,97.44937891679756,97.52955654656822,5603700
2018-08-21,97.3210906982422,97.44136020256964,97.07253820855028,97.31307721720516,4695000
2018-08-22,97.7059097290039,97.858251443228,97.48141001361586,97.81815958669792,5309600
2018-08-23,97.85826873779295,97.92240715555444,97.64178246172438,97.81817687417744,5328700
2018-08-24,98.05070495605467,98.082777226371,97.4092717840488,97.51350819186682,6092200
2018-08-27,97.4894790649414,97.71398502546724,97.43335410410045,97.64182086600772,6407400
2018-08-28,96.90415954589844,97.08856747708964,96.75983736980233,97.016409447622,4929300
2018-08-29,97.0324478149414,97.13668424162384,96.71173728805726,96.96830937986128,5613300
2018-08-30,97.24092864990234,97.38525085478965,97.08057336321068,97.26498133118989,5302900
2018-08-31,97.01639556884766,97.75403942240976,96.92819835623044,97.72998674936144,9677500
2018-09-04,96.45548248291016,96.5117338734508,96.2304769207476,96.39923109236952,18343600
2018-09-05,96.19833374023438,96.35101871567204,96.0697617590304,96.2385159330154,9422600
2018-09-06,96.55188751220705,96.75278615200315,96.18223475069496,96.23848612460029,9566000
2018-09-07,95.73226165771484,95.9492357218118,95.61975885816187,95.8929843220353,11212600
2018-09-10,96.08584594726562,96.10995281431823,95.76440674769744,95.76440674769744,6386400
2018-09-11,95.35456848144533,95.7643974434073,95.30634862108222,95.69207684927596,5440000
2018-09-12,95.57958221435548,95.76440561353186,95.54743768168508,95.66797814646338,3347200
2018-09-13,95.72420501708984,96.08582018782016,95.61170224704304,95.9009907050626,4833000
2018-09-14,95.26619720458984,95.55549191784726,95.06529843876906,95.1536943862057,5579500
2018-09-17,95.26619720458984,95.483165174061,94.92065108214037,94.96886482403532,5433000
2018-09-18,94.2697296142578,94.88046354469644,94.14919526629392,94.872425877851,10182300
2018-09-19,93.70721435546876,94.10901185939206,93.36970592359958,94.10901185939206,13379600
2018-09-20,94.14112091064452,94.26166134257468,93.59467626604342,93.6830721740628,8657300
2018-09-21,94.10094451904295,94.24559182008028,93.89200816622429,93.91612115884836,6173800
2018-09-24,93.85985565185548,94.23753997963732,93.79556660974518,93.81163580480248,5505500
2018-09-25,93.7634735107422,93.81168725329618,93.53846787089836,93.60275694826628,6650900
2018-09-26,94.42237854003906,94.48666758834324,93.7473619256684,93.96432980001865,9512700
2018-09-27,94.48670959472656,94.5429610042654,94.10098126435756,94.21348408343522,5758500
2018-09-28,94.23755645751952,94.75186275339028,94.197380397381,94.70364289790584,12807700
2018-10-01,93.54573822021484,94.09340184227229,93.52157758381222,93.95648747291231,22442400
2018-10-02,94.11756896972656,94.33502085696492,93.90816653209916,93.964543402466,8266900
2018-10-03,92.48261260986328,93.71485402885637,92.00743097201052,93.64236598647148,20829200
2018-10-04,91.83026123046876,92.1282567564727,91.5805931229035,91.91885432888566,16207400
2018-10-05,91.04098510742188,91.58864874113694,90.70272390134964,91.3228694458154,18096500
2018-10-08,90.73494720458984,91.09736907582857,90.71883601564429,91.00072037600972,5855900
2018-10-09,91.6530990600586,91.69336474789276,91.06516348718536,91.12154036584836,11530800
2018-10-10,91.40345764160156,91.475945737171,90.8396886521554,91.12157314687848,15290100
2018-10-11,92.5148468017578,92.740354275876,91.64502699191527,91.81415759750392,16086800
2018-10-12,92.19270324707033,92.627613211493,92.03967766386086,92.1282707757591,6794100
2018-10-15,92.15242004394533,92.47457621612584,92.04772189944926,92.34571743402438,7146300
2018-10-16,92.36183166503906,92.39404789992354,91.94303290077784,92.12826857059044,4762300
2018-10-17,91.81415557861328,92.4504123063806,91.79805053565232,92.34571416559017,5880700
2018-10-18,91.7819595336914,92.12827640738551,91.45175385111928,91.50813073080812,5728800
2018-10-19,91.5805892944336,91.77388052625474,91.33897679081151,91.69334302504738,10892400
2018-10-22,91.45979309082033,91.87859798856682,91.43563245145386,91.77389369182102,3244200
2018-10-23,91.7497329711914,92.63565790001432,91.68530050319234,92.42626159594488,10330700
2018-10-24,92.4423828125,92.47459905213545,92.0074727943507,92.10412151325704,16008000
2018-10-25,92.0557861328125,92.4101524253117,91.99940925823635,92.24907739641374,12613200
2018-10-26,92.61149597167967,92.87727529001288,92.45042094854226,92.5631746936621,18582500
2018-10-29,92.402099609375,92.63565654938422,92.02356654617245,92.49068657080916,7679900
2018-10-30,91.94303894042967,92.2490839750083,91.83027903861765,92.02357646062208,9939500
2018-10-31,91.4759292602539,91.78197435016736,91.17793362258186,91.6047880869364,8706400
2018-11-01,91.56067657470705,91.68177297009296,91.10048563411328,91.10856078031628,6100200
2018-11-02,90.42230987548828,91.43956258625622,90.34157690214852,91.3668985985787,11314800
2018-11-05,90.77758026123048,90.9955599962362,90.70491624320614,90.80987469595976,4760200
2018-11-06,90.72108459472656,91.01172840559762,90.68879015357037,90.90676993195623,3159900
2018-11-07,90.84213256835938,91.55259757556024,90.75333060199084,91.38305646962318,9313100
2018-11-08,90.83409118652344,91.20546793518008,90.75335818195173,91.19739278686288,6905100
2018-11-09,91.5122528076172,91.63335539025988,91.00362935195784,91.02784863657972,6465300
2018-11-12,92.10964965820312,92.28726589112269,91.96433400530265,91.99662226625992,6840000
2018-11-13,92.05313873291016,92.05313873291016,91.61717944202512,91.80286466600744,6525800
2018-11-14,92.10964965820312,92.45680697903748,91.47185487203691,91.6171766844683,8690800
2018-11-15,92.06930541992188,92.47297652076708,91.77866173455074,92.39224353250448,7879600
2018-11-16,92.60215759277344,92.6909657368545,91.9724315962225,92.19848645041692,9236700
2018-11-19,92.86051177978516,92.86051177978516,92.36803862688176,92.36803862688176,7027200
2018-11-20,92.89278411865234,93.21572220468592,92.7878318584924,93.03810594939088,6332600
2018-11-21,92.86051177978516,92.91702549631722,92.4729909120033,92.75555949466364,4951100
2018-11-23,92.95736694335938,93.45792125224796,92.91699737539707,93.38525726182208,3027900
2018-11-26,92.74744415283205,92.89276595515553,92.66671118699244,92.7313000234763,6599000
2018-11-27,92.85243225097656,93.04619266287224,92.65059669205492,92.6909601081198,5967200
2018-11-28,92.40032196044922,92.86050681604982,92.32766411144888,92.7232601060273,7814000
2018-11-29,92.7636489868164,93.04621761317084,92.51336863815898,92.77979312566492,7295600
2018-11-30,93.11074829101562,93.183406109722,92.82817984127377,93.09459800272738,9127800
2018-12-03,93.77186584472656,93.77186584472656,92.7846283741782,92.80080996354144,9763800
2018-12-04,95.3417739868164,96.02960595608054,94.37880552555184,94.52446456865216,18100500
2018-12-06,95.64118194580078,96.45848515586243,95.59262481758748,95.92440613611048,15319400
2018-12-07,95.81922912597656,95.91633105378833,95.09902150969477,95.33369479161571,8608400
2018-12-10,96.21573638916016,96.52323609558792,95.84349795280284,96.19146090889284,8777700
2018-12-11,96.19954681396484,96.60415460769188,95.98106132183524,96.27237942722468,8071900
2018-12-12,95.7706298828125,96.07004176752224,95.68161570556968,95.95675211899916,6182200
2018-12-13,95.54408264160156,95.95678431329922,95.4712562033269,95.85967622177482,5564200
2018-12-14,95.87586212158205,96.11052920066452,95.66546434762644,95.93250696374416,8169200
2018-12-17,96.43418884277344,96.5393907863184,95.95675476423943,95.9648424723406,9726800
2018-12-18,97.01177215576172,97.16588982959036,96.47642612259858,96.58187147452465,10018800
2018-12-19,98.29332733154295,98.68267480608078,97.2712956257908,97.42541323694698,23046300
2018-12-20,97.93644714355467,98.98281213207513,97.87966793588936,98.9665921535148,18543700
2018-12-21,97.92023468017578,98.31768916433684,97.6525585998659,98.26090995231384,9945100
2018-12-24,98.40690612792967,98.48801839697455,98.07434396830487,98.2527884848158,8377500
2018-12-26,97.35240173339844,98.46365870299958,97.31184870407937,98.13920352610816,11700400
2018-12-27,97.36868286132812,98.45560120075088,97.32001672328568,98.35826892466604,12146500
2018-12-28,98.18790435791016,98.18790435791016,97.57143996152269,97.66066531580782,9879100
2018-12-31,98.56101989746094,98.60157293615488,97.7093256347889,97.86344327184572,17409000
2019-01-02,99.08013916015624,99.08825224273696,98.42311561743182,98.68268475226434,19841500
2019-01-03,100.20760345458984,100.46716636771028,99.1450187459512,99.19368485826504,21187000
2019-01-04,99.0477066040039,99.41271492010748,98.67458520420682,99.23426420966764,12970200
2019-01-07,98.75569152832033,99.48571430503256,98.65024620053326,99.46138124388702,8498100
2019-01-08,98.49608612060548,98.90976654723484,98.46363999023586,98.70698287377468,7737100
2019-01-09,98.34202575683594,98.49614341862964,97.98513049208717,98.35825192569328,9349200
2019-01-10,97.70931243896484,98.47989433171134,97.6119740200006,98.3744428307163,8222900
2019-01-11,98.09054565429688,98.36632855531391,97.88776192526612,98.00943340037824,5786900
2019-01-14,97.7255401611328,98.15544068859282,97.53086332010044,98.06621535023676,6730500
2019-01-15,97.36868286132812,97.798583583293,97.2956774657932,97.79047049746217,8997400
2019-01-16,97.46600341796876,97.65256103850176,96.93876432832002,97.003650437631,6048400
2019-01-17,97.49032592773438,97.76610888074124,97.24698293163584,97.51465898965034,8153400
2019-01-18,96.97926330566406,97.43350294841612,96.84137189110838,97.20638003280676,14106400
2019-01-22,97.63629913330078,97.92019507860064,97.39295621534806,97.58762683662977,8881100
2019-01-23,97.59577178955078,97.83911478697254,97.19831733633345,97.23887037692408,5776800
2019-01-24,98.236572265625,98.35824376808306,97.91211698856009,98.07434772132738,7121900
2019-01-25,97.76611328125,97.94456399462518,97.5957756517018,97.8147794072724,6460800
2019-01-28,97.6687469482422,98.0986474140148,97.6687469482422,97.77419224731946,6435800
2019-01-29,98.16354370117188,98.1797698648506,97.65253093771996,97.76608932959816,5750100
2019-01-30,98.09054565429688,98.13110487549034,97.60386594231672,98.01754029384227,10571300
2019-01-31,98.93415832519533,99.10449596939826,98.55292380263482,98.59348303678944,11843400
2019-02-01,98.33660125732422,98.83251219681569,98.2390428716617,98.75934805940864,12024600
2019-02-04,97.89757537841795,98.00326515593186,97.57238703655904,97.91383820685935,8966200
2019-02-05,98.34473419189452,98.55610759620043,98.09271611144152,98.14962362001006,6983300
2019-02-06,98.3935317993164,98.70246365834328,98.14964508174502,98.66181277085408,5184000
2019-02-07,99.0438995361328,99.10893846906065,98.55611994408216,98.74309912318212,8781000
2019-02-08,99.46662139892578,99.5641797798818,99.23899137914792,99.3934572650484,5885400
2019-02-11,99.07640075683594,99.32841882245248,98.9788423754104,99.06826934110391,4352800
2019-02-12,98.82440948486328,98.9788754230812,98.53174044532145,98.9057112644232,7939600
2019-02-13,98.45042419433594,98.6861856601506,98.29596449100842,98.49107507557952,4757700
2019-02-14,99.0113754272461,99.34468908857832,98.84065288815586,99.29591299239648,5868900
2019-02-15,99.1658172607422,99.1983305153344,98.80810943570552,98.82436606300163,5527200
2019-02-19,99.4178237915039,99.62106572266592,99.14141153984878,99.5235073628256,5872800
2019-02-20,99.13331604003906,99.24713105940565,98.8487722891692,99.14144125395568,4455800
2019-02-21,98.2471694946289,98.49919376134844,98.12522306911336,98.426023425058,7382500
2019-02-22,98.83252716064452,99.14145279166928,98.71058071071626,98.75123159484372,6374600
2019-02-25,98.53986358642578,98.61303394139242,98.30410209090684,98.50734411782445,6293500
2019-02-26,99.0276107788086,99.03574219390948,98.66177773114974,98.96257806535868,6028900
2019-02-27,97.90573120117188,98.47480628946028,97.78378476726628,98.46668107566563,7737300
2019-02-28,97.57240295410156,98.06018864769106,97.32038489421234,98.01140635686046,9533400
2019-03-01,96.67057037353516,97.3793426776402,96.65427318519008,97.21640808752682,13541100
2019-03-04,97.4281997680664,97.57484335221228,96.9964176079577,97.18379793819317,9808500
2019-03-05,97.6318817138672,97.65632749351956,97.16751134935956,97.17565994257704,5595200
2019-03-06,97.99034118652344,98.18586390678855,97.67261443525942,97.69705399834815,7766700
2019-03-07,98.62582397460938,98.78876480284264,98.25921798830936,98.2836575586551,8187200
2019-03-08,99.0412826538086,99.1390471185063,98.4547082967324,98.67467678841348,7517600
2019-03-11,98.74803161621094,98.91911483038066,98.56065742640672,98.9028238547462,5157800
2019-03-12,99.44049835205078,99.57899959445444,98.78875375865132,98.82134192065476,6422300
2019-03-13,99.25310516357422,99.35901200811618,99.0820220075194,99.11461016327584,4386300
2019-03-14,98.53622436523438,99.19612395146396,98.51178479084771,99.13909620604248,8188400
2019-03-15,99.18791961669922,99.35085416475532,98.90278104982372,99.17977102463004,4302000
2019-03-18,99.13093566894533,99.28572790882652,99.00058300050696,99.04131976328328,3893300
2019-03-19,98.91096496582033,99.08204816704428,98.48732504469318,98.65025965093788,5220200
2019-03-20,99.9455795288086,100.0840745196124,99.17163108320642,99.17977345992094,10123700
2019-03-21,100.16556549072266,100.27962094725426,99.99448230592525,100.17371408491954,7182600
2019-03-22,101.72164916992188,102.0638156458519,101.06989817386248,101.19210226256835,13077000
2019-03-25,101.88455963134766,102.6014867999795,101.43648636650944,101.68088827036028,9736300
2019-03-26,101.81121826171876,102.07191729712882,101.52607966291951,101.59124976010555,7502000
2019-03-27,102.74810028076172,102.92732580477568,102.08820103820788,102.1778169079923,14207200
2019-03-28,103.1065673828125,103.21248044751208,102.65849420668998,102.8540169341697,9143200
2019-03-29,103.0088119506836,103.03325151534408,102.35706122047712,102.389649378543,10841400
2019-04-01,101.5457000732422,102.35401416769736,101.3987333079546,102.2968607717107,16501500
2019-04-02,101.73351287841795,101.84781969931836,101.447745826167,101.63553916293452,9725000
2019-04-03,100.85167694091795,101.13745012290008,100.72920983921408,100.92516343119269,10407000
2019-04-04,101.13744354248048,101.15377041189456,100.78635667218356,100.91699031525228,7503400
2019-04-05,101.26810455322266,101.38241135776866,100.9006907142182,100.93335069112472,6321800
2019-04-08,100.90882873535156,101.2027622332964,100.85167534570964,101.104788553483,4446400
2019-04-09,101.22725677490234,101.5211840287643,101.05579038537591,101.42321035389428,7020300
2019-04-10,101.47219848632812,101.66815206782088,101.32523174289555,101.46403193690077,7519900
2019-04-11,100.87616729736328,101.2599078961043,100.76186052680184,101.18642764185128,8679300
2019-04-12,100.15766143798828,100.4760883346418,100.12500147047872,100.337288144665,7005500
2019-04-15,100.41075897216795,100.41891929083404,100.1984723310828,100.24745916008288,3070000
2019-04-16,99.78211212158205,100.12503254297565,99.72495871801644,100.02705883929391,8927300
2019-04-17,99.82290649414062,100.07601345278796,99.70043317473808,99.71676004367424,6118500
2019-04-18,100.3454360961914,100.50872967422318,100.24745621182193,100.27194962560162,27589400
2019-04-22,99.86371612548828,100.07600277451796,99.80656274643236,99.99435598004534,6241200
2019-04-23,100.07600402832033,100.18214423953935,99.92903730472791,100.10866399236876,6239700
2019-04-24,100.8925323486328,100.90885922378394,100.50061882321016,100.51695192761544,7302000
2019-04-25,100.74554443359376,100.93333771935798,100.50876430339224,100.82719125074011,5380900
2019-04-26,101.0884246826172,101.2598847993504,100.94962452563084,101.22723106885392,5950700
2019-04-29,100.44342041015624,100.7128604488267,100.304620231175,100.61488678331116,10246000
2019-04-30,100.95780181884766,101.03128206416154,100.3699349393324,100.38626180631849,7957400
2019-05-01,101.374267578125,101.82427066470086,101.12880680920968,101.20244753681494,14371900
2019-05-02,100.89149475097656,101.30059172911508,100.67058512940454,101.19422876203588,6612800
2019-05-03,101.17790222167967,101.35789971004816,100.94062514415673,101.17790222167967,6191700
2019-05-06,101.45609283447266,101.76700442011472,101.39881948337208,101.70973106901415,4482500
2019-05-07,102.2333526611328,102.38881154127034,101.7751659520863,101.88971262934793,8984900
2019-05-08,101.79156494140624,102.51975743399116,101.7015630609899,102.39702702957544,6907600
2019-05-09,102.20882415771484,102.51974196763928,101.709725166093,102.36428306267706,9411900
2019-05-10,102.06976318359376,102.64249683278268,101.9388490681628,102.18430991343152,6037800
2019-05-13,102.87155151367188,103.0351878440175,102.47881558158612,102.60154595050828,10501600
2019-05-14,102.56884002685548,102.80611712774524,102.43792593988432,102.69157042280912,5690400
2019-05-15,103.19886779785156,103.31341452597908,102.90431728485844,103.26432485458972,9566300
2019-05-16,102.85523223876952,102.95341782829205,102.70795697565012,102.93705044220724,7666400
2019-05-17,103.08430480957033,103.33794930383952,102.83885024901218,103.32158192107244,4747100
2019-05-20,102.87155151367188,103.40337270845812,102.80609448460326,103.19064672747398,6043100
2019-05-21,102.70793914794922,102.863398077127,102.51975793693924,102.76521250464718,4021800
2019-05-22,103.29701232910156,103.3624693598248,102.86337042463076,102.90427638708826,5675300
2019-05-23,104.4588623046875,104.80250240437655,103.81248807394266,103.8206717646001,9743700
2019-05-24,104.5488510131836,104.5488510131836,104.22975578331108,104.36884729534243,4981900
2019-05-28,105.3016128540039,105.46524923096707,104.8025137892403,104.94979526776584,8098600
2019-05-29,105.6207046508789,106.28344007059518,105.5470701563893,106.0952588675701,13260600
2019-05-30,106.52889251708984,106.55343734666178,105.45706001026912,105.817067490196,13024800
2019-05-31,107.86255645751952,107.91982356670658,107.02799477279602,107.1016292637455,18933600
2019-06-03,108.58406066894533,108.69884247156516,107.85437367151668,108.14952866543602,17822400
2019-06-04,107.3460464477539,108.0265430496956,107.0345029809251,107.7231938153196,14250000
2019-06-05,106.73934173583984,107.36244114333108,106.6819445811915,107.00990151430096,8815200
2019-06-06,107.08370208740234,107.88717479274128,106.8459442241876,107.37885711328109,9621100
2019-06-07,108.0101089477539,108.28066862772162,107.76414446503117,108.05109260297998,11378500
2019-06-10,106.99346923828124,107.1574414017257,106.84589804426348,107.141040432299,8288700
2019-06-11,107.05907440185548,107.20664561488996,106.84591181293597,106.9278916500854,5115100
2019-06-12,107.14105224609376,107.19844939027892,106.82950885427954,106.9032944594243,5278700
2019-06-13,107.51000213623048,107.60838294020203,107.2312356745191,107.23944241503352,5560400
2019-06-14,107.78059387207033,107.9855622814107,107.4772321192569,107.485438862209,5838800
2019-06-17,107.96917724609376,108.02656190383615,107.51004994303148,107.7232126165159,6046400
2019-06-18,108.51028442382812,108.92841548872642,108.18232745209284,108.83003465234547,10320700
2019-06-19,108.66604614257812,108.81362990231032,107.87897445826928,108.1085380753826,11962500
2019-06-20,108.9529800415039,109.46129756681816,108.7070155094798,108.96938101304572,10721500
2019-06-21,107.75598907470705,108.65785510436544,107.715005399951,108.64145412829548,14495000
2019-06-24,108.55947875976562,108.657859599697,108.28891893967466,108.3545103363888,6378800
2019-06-25,108.89562225341795,109.11697912756432,108.81362988577044,108.87101453490062,9604600
2019-06-26,108.19869995117188,108.797204065433,108.12491434330596,108.78080309359302,12766800
2019-06-27,108.96121978759766,109.11699780662732,108.21514415951614,108.47749726239688,9724200
2019-06-28,108.88736724853516,109.10873653484327,108.59221237021544,108.69879989885888,8149200
2019-07-01,108.63275146484376,109.05170264609131,108.09878080482028,108.90384194735104,14131200
2019-07-02,109.4706039428711,109.5774005331732,108.81342886818112,108.90379232117266,10494300
2019-07-03,110.25104522705078,110.31675272094292,109.67599810957742,109.68422094742428,5380300
2019-07-05,108.788818359375,108.88740468962811,108.16449676358124,108.87918185013083,12180100
2019-07-08,108.93669128417967,109.43779563428284,108.93669128417967,109.29814524619722,6490000
2019-07-09,108.8956069946289,109.01883676468856,108.56701934410064,108.99418078282432,6215700
2019-07-10,108.2959442138672,108.79704859945096,108.03306402839898,108.72311824784444,9470000
2019-07-11,106.8501205444336,107.95090290908604,106.59545071247835,107.86874973299533,14126800
2019-07-12,106.97330474853516,107.16224195343656,106.5296977903012,106.72685783116194,6992000
2019-07-15,107.5894775390625,107.65519759041103,107.16230347270609,107.16230347270609,6055500
2019-07-16,107.26910400390624,107.28553715104243,106.75978925605116,106.93229342911629,6172700
2019-07-17,108.42738342285156,108.4520268731862,107.655188552854,107.66339885802653,9662200
2019-07-18,108.43560028076172,108.69848047997309,107.81127860986145,108.00021591878348,5724900
2019-07-19,108.18094635009766,108.37809397093562,108.03307309965098,108.09879315153636,5804800
2019-07-22,108.38630676269533,108.83812424325596,108.22201291562337,108.82169109810364,5204100
2019-07-23,107.79481506347656,108.22198899931476,107.5894446663178,108.10698207829844,8108900
2019-07-24,108.2630844116211,108.35344791393923,108.00021674521604,108.10701339381512,6389700
2019-07-25,107.74555206298828,107.95092250568162,107.21158139109536,107.81948241400178,8893100
2019-07-26,108.00017547607422,108.25483273943787,107.81944854049748,108.18911271424514,6188400
2019-07-29,108.03306579589844,108.3945197894223,107.94270229751749,108.2877356802938,6231800
2019-07-30,108.2959442138672,108.51774780350384,107.96734398203192,108.43559461184074,5678500
2019-07-31,109.16671752929688,109.5281715322603,108.15629840997104,108.18915216714149,15798700
2019-08-01,111.33478546142578,111.44179467571446,109.68855168968334,109.79556090397202,26664800
2019-08-02,112.36365509033205,112.36365509033205,111.44999505992776,111.6640134380718,15143100
2019-08-05,114.30622863769533,114.3226944908101,113.31026432015426,113.70535687654773,18543000
2019-08-06,115.2199249267578,115.2199249267578,113.66423415355064,113.7547775344154,12747400
2019-08-07,115.26105499267578,117.75509811895418,115.05527577394147,117.2118379671516,32582000
2019-08-08,115.50802612304688,115.5903302985905,113.57369588110048,114.5285147477536,14746000
2019-08-09,115.277587890625,116.51226392109989,115.1294202358855,115.78791663076024,10626000
2019-08-12,117.68096923828124,118.05959580198504,116.479213599229,116.65207359379728,14094300
2019-08-13,117.27766418457033,118.45472759951112,116.84141333729016,118.37241090540522,15974900
2019-08-14,119.91991424560548,119.95283339834812,119.11326312584308,119.48366325309746,15068900
2019-08-15,121.25334930419922,122.31517714545348,119.82936057483528,120.13390981065577,23588700
2019-08-16,120.28204345703124,120.59481925216424,119.22021591528396,120.22441926122872,17150500
2019-08-19,118.56169891357422,119.07203970048192,118.12544815944698,118.1748457012211,13614700
2019-08-20,119.78816223144533,119.86223971384692,119.22020974684033,119.58238307382108,7451500
2019-08-21,118.98976135253906,120.00219148920392,118.76751630213174,119.12146305350382,9372000
2019-08-22,118.19956970214844,119.1049905865268,118.10078715202796,118.5288113765106,13878800
2019-08-23,120.14215087890624,120.39731511392628,118.0596535213572,118.13374358940123,16191800
2019-08-26,119.65648651123048,120.4137524683767,119.59063565933526,120.0680449157512,12174500
2019-08-27,121.50032806396484,121.59087145661906,120.5702016266781,120.69367674017283,11332300
2019-08-28,121.65666198730467,122.56208290491568,121.54142614107182,122.46331291093472,10095900
2019-08-29,121.1957778930664,121.2780820750598,120.28211732247112,121.20400454333432,8884900
2019-08-30,121.2286605834961,121.3932814577298,120.47139451420692,120.67717374694098,13550800
2019-09-03,121.38532257080078,122.58919136804728,120.85759667708083,121.28636531561855,15660800
2019-09-04,121.56671905517578,121.72338984512166,120.78337768742432,120.82460882930135,7962200
2019-09-05,119.36514282226562,120.22270549988174,118.64776857966812,120.10726582196972,19382900
2019-09-06,120.21442413330078,120.41232607087012,119.62898468037298,119.7774016970662,9466400
2019-09-09,118.07875061035156,118.73841096544342,118.07050941687876,118.5982351845573,15862700
2019-09-10,116.00914764404295,118.15302934526522,115.98441146694296,117.78197410678274,13851400
2019-09-11,115.80297088623048,116.3884103505753,115.76173974235216,115.76998093833636,10941700
2019-09-12,115.04439544677734,116.92442034035008,114.6650864396262,116.67704599498906,19163300
2019-09-13,112.5871353149414,114.37646889804464,112.5871353149414,114.02189614356595,18922200
2019-09-16,114.0219497680664,114.26108297629104,113.17264061192732,113.6921256114632,10971600
2019-09-17,114.64035034179688,115.11036285650286,113.80753637989238,114.087888099902,9081200
2019-09-18,115.12680053710938,115.98436292427044,115.05259203686764,115.3824159814822,10984600
2019-09-19,115.47311401367188,116.25646786368782,115.41540048797282,116.06680715159112,13176200
2019-09-20,116.99862670898438,117.07283523662788,115.8029987407956,116.07510925747,11519800
2019-09-23,116.9738998413086,118.04584701539184,116.84196517145594,117.287241536713,15246700
2019-09-24,118.3838882446289,118.6147675544144,117.42738105724402,117.4356222533154,12421600
2019-09-25,116.65225219726562,118.36736420739726,116.38014180997796,118.12823117827676,14147100
2019-09-26,117.4026107788086,117.90560039656344,117.00680700675636,117.31190732046018,9636500
2019-09-27,117.69121551513672,117.89735861581298,117.20472081721508,117.35315039232968,10386900
2019-09-30,117.97987365722656,117.98811485542812,116.95739889104291,116.99038884781316,8006900
2019-10-01,118.33505249023438,118.87197047472269,116.5839025314826,116.68302042227856,16613700
2019-10-02,118.62410736083984,119.16928071185902,118.31848560526782,118.50021005560754,12891500
2019-10-03,119.70623779296876,120.3257497959986,118.88022178892894,118.92978073253067,13470500
2019-10-04,120.5900421142578,120.62307719801407,119.93748262307255,120.06139254615832,11516200
2019-10-07,119.59056854248048,120.21008040297986,119.53275398958108,119.9044585850805,11013900
2019-10-08,119.9126968383789,120.54046422865602,119.45838568567872,120.44961460211522,14529700
2019-10-09,119.23535919189452,119.45011871458046,118.78104808236849,119.4418630958611,8608800
2019-10-10,117.45940399169922,118.2688956692064,117.0711756904057,118.21933675482792,15054200
2019-10-11,116.0056381225586,116.55081146815267,115.40265023643092,116.4516810209548,26294000
2019-10-14,116.84820556640624,116.88949627495568,116.53431551582166,116.86471680822548,5936900
2019-10-15,115.43575286865234,116.4269696926983,115.2705521653123,116.1956861872211,11832300
2019-10-16,115.57613372802734,115.69177544037436,115.10531125775778,115.34485030333327,7729500
2019-10-17,115.29529571533205,115.9561109267921,115.06401228192128,115.24573678017283,6219300
2019-10-18,115.29529571533205,115.83220098489232,115.18790961981924,115.4852758347762,6456100
2019-10-21,114.427978515625,114.80795136508196,114.18017123154456,114.46102620897014,8038000
2019-10-22,115.0970687866211,115.25401384649558,114.51886009550785,115.13011648554424,6683300
2019-10-23,115.21270751953124,115.89830230825476,115.11358963335566,115.66701883784248,5995400
2019-10-24,114.98143005371094,115.84049379210784,114.84100883962778,115.37791422312247,6161700
2019-10-25,114.41973876953124,115.2705342331834,114.24626986540628,115.2540103842182,5669800
2019-10-28,113.37889099121094,113.64322201977716,113.155875865355,113.64322201977716,11402100
2019-10-29,113.45328521728516,113.7754309036494,113.30459580603906,113.67630042815136,5296600
2019-10-30,115.11357879638672,115.18791720402008,113.8002165121866,113.8002165121866,10914100
2019-10-31,116.66643524169922,117.02987147896609,115.9973520908301,116.03865538715483,15834100
2019-11-01,116.307373046875,116.89487316902826,115.67022751670756,116.44803924491306,11425500
2019-11-04,114.77654266357422,115.13234304067778,114.62759386837584,114.99167689442828,11124300
2019-11-05,113.48571014404295,113.72567971847212,113.13817975699877,113.54363818821224,13493000
2019-11-06,114.17247772216795,114.52829068673007,113.64290591234472,114.20558306240012,9351900
2019-11-07,112.1038818359375,112.83204810777778,111.2516020523031,112.82377808232252,19209800
2019-11-08,111.63219451904295,112.49274399398664,111.52462109992943,111.83077606080558,10222900
2019-11-11,111.70667266845705,112.02938032890413,111.40878770296824,112.02111030591443,4577000
2019-11-12,112.21969604492188,112.4927583256219,111.532905331523,111.9383637409242,5772900
2019-11-13,112.94789123535156,113.32852704696624,112.6748288842788,113.20440090957332,6672400
2019-11-14,114.11460876464844,114.55316000632186,113.916014520384,114.02358798094303,10213300
2019-11-15,113.9904556274414,114.3214459561504,113.71739334100276,113.75876871034012,4657600
2019-11-18,114.19731903076172,114.6937982072766,114.13112096549374,114.36282050692664,5943900
2019-11-19,115.14889526367188,115.21509332505872,114.49519729872002,114.49519729872002,7893100
2019-11-20,116.34042358398438,116.34042358398438,115.65363296941432,115.7694764088606,7905500
2019-11-21,115.6123046875,115.91018974252448,115.11582538712815,115.54610660571754,5980900
2019-11-22,115.76123809814452,116.07567582249686,115.57919653415031,115.92673961158856,4664800
2019-11-25,116.10052490234376,116.2825665076978,115.992951419363,116.09225487518972,4157300
2019-11-26,116.77897644042967,116.92791259657848,116.62175763605828,116.67140302144122,4281100
2019-11-27,116.43975067138672,116.5969695223843,116.19151104486376,116.34045987117428,4095700
2019-11-29,116.19149780273438,116.4066320540068,115.66192588530264,116.3569866595586,6251100
2019-12-02,114.64232635498048,114.94072349320926,114.34392921675168,114.50141835188604,17702200
2019-12-03,117.04605865478516,117.5102290674565,115.98508145021398,116.07625868468122,13062400
2019-12-04,115.8774185180664,116.45763194841088,115.38838238732636,116.32500812213094,8586300
2019-12-05,115.3136978149414,115.57894529322408,114.88268963427596,114.93242037452995,7273800
2019-12-06,114.6755142211914,115.31374249869089,114.26935860557288,114.41026664012604,7931100
2019-12-09,114.92412567138672,115.30541576674456,114.85782644825122,115.20595428434518,4016900
2019-12-10,114.93242645263672,115.50435529119578,114.72520659215571,115.3634346560957,4947600
2019-12-11,115.8359603881836,116.15922302754484,115.40493931980096,115.46296698087494,6256700
2019-12-12,113.92951202392578,115.4463633898335,113.23325611266664,115.37176725242011,14857000
2019-12-13,115.24737548828124,115.71984277321646,113.7471059374992,114.4848080289548,11335100
2019-12-16,114.21125793457033,114.76661812139965,113.91286092049916,114.71687474597718,9156600
2019-12-17,114.05382537841795,114.66718811991122,113.73056287615331,114.55944238428806,6179700
2019-12-18,113.1171875,113.92948587671032,112.95969836980464,113.80515900955484,6244700
2019-12-19,113.2981948852539,113.62197466438693,112.708743149942,112.9079971170762,6591100
2019-12-20,113.44760131835938,113.48081663966455,112.8498522141996,113.01590348485884,5455700
2019-12-23,113.28160858154295,113.71331925776964,112.90801840716578,113.58048325463244,5175000
2019-12-24,113.6053466796875,113.78799294990677,112.81665378625006,112.84155894419509,4667400
2019-12-26,113.87936401367188,113.9208768503631,113.3314249724018,113.66351499799238,5290200
2019-12-27,114.00387573242188,114.26123752431162,113.97895790191156,114.10349638271823,7300500
2019-12-30,113.58872985839844,113.65513515486836,112.62568837647645,112.8166321066731,7979700
2019-12-31,112.47622680664062,113.28983723952638,112.39321386535984,113.0822858844303,10707400
2020-01-02,113.74644470214844,114.178155085287,113.46417788806664,113.5637984888179,11034100
2020-01-03,115.49821472167967,115.53143004423772,114.46876774519014,114.79254746649472,12366000
2020-01-06,114.8423843383789,115.98807254081494,114.69294068817835,115.9714648756956,11369800
2020-01-07,114.2778091430664,114.9585838953229,114.26951164655118,114.75103247103986,8381200
2020-01-08,113.52233123779295,114.82574759096347,113.17364636621996,114.51026537328303,10621700
2020-01-09,113.92081451416016,114.10346076130818,112.8332471948265,112.90796265922371,7411500
2020-01-10,114.93370056152344,114.95860572373172,114.26123584602776,114.2944385063268,8776000
2020-01-13,114.58501434326172,114.64312216512025,114.06198060685574,114.46878603160884,5966900
2020-01-14,115.17446899414062,115.2491971579853,114.68465051927744,114.71785318370138,13920300
2020-01-15,115.93817901611328,116.0295021168094,115.41515822842555,115.83026092832992,6290500
2020-01-16,115.57294464111328,115.8386038859944,115.1827469366248,115.61444479304836,6798600
2020-01-17,114.58501434326172,114.68463499098252,114.03707544492552,114.21972174437091,9693100
2020-01-21,115.78881072998048,115.9382417021351,115.2076691694859,115.24087182954162,6794900
2020-01-22,116.19559478759766,116.34502573227152,115.88841006587872,115.99634086009893,6317000
2020-01-23,117.00920104980467,117.37449360860332,116.8763650887989,116.93448557221436,9747400
2020-01-24,117.9556121826172,118.3458098247916,117.3080528334622,117.40767345089156,8585000
2020-01-27,119.79042053222656,119.79042053222656,119.1345633531648,119.50815352695636,10935200
2020-01-28,118.85223388671876,119.62431899559992,118.56996702979004,119.49148306248108,10612900
2020-01-29,120.0145263671875,120.13075465111191,119.07638993184077,119.0847000957922,9566800
2020-01-30,120.03115844726562,120.93607974677684,119.79039166648182,120.2968177211695,14711800
2020-01-31,121.1270523071289,121.20178047598,120.45458746303822,120.5210054642734,14538100
2020-02-03,121.02886962890624,121.21181933542664,119.84802050707974,120.53823754731953,15309000
2020-02-04,119.3989486694336,119.8646341332924,118.96652101486018,119.73990148725063,11388300
2020-02-05,118.09342956542967,118.66722548026765,118.00195467047024,118.33459641986158,10782600
2020-02-06,118.62560272216795,118.81687642040376,118.08507751336816,118.23475673218132,6683100
2020-02-07,120.10580444335938,120.36360642845744,119.6401189163082,119.93117871520464,11374800
2020-02-10,120.4384536743164,120.78771784178376,120.31370831444822,120.66298517089533,6699300
2020-02-11,119.8314437866211,120.34702259915676,119.69838709661693,120.23891245240532,7784100
2020-02-12,119.2243423461914,119.3740342506844,118.90834866156068,119.2243423461914,5595500
2020-02-13,119.68174743652344,119.91459029097516,119.1412221006142,119.28259007017532,7883400
2020-02-14,120.20564270019533,120.6463818392522,120.12247910494632,120.38026848564186,7137400
2020-02-18,121.02886962890624,121.4529860799215,120.51329101361031,120.86255517451848,6909200
2020-02-19,121.02057647705078,121.09541608938984,120.56320214223194,120.67962354664206,5707700
2020-02-20,121.96856689453124,122.19309839094215,121.41140648334688,121.47793480409752,9332900
2020-02-21,123.10784912109376,123.8063902288614,122.78353144887282,122.9082768237155,13860300
2020-02-24,124.94564819335938,125.53607913569395,124.73775194012585,125.42796902353882,15929300
2020-02-25,125.61096954345705,126.2013880355995,124.85422383027432,124.9124408954355,20802900
2020-02-26,124.94564819335938,126.16807917749102,124.38848775737112,124.69617015168306,22589500
2020-02-27,126.3011474609375,127.29904703059812,125.4279805791164,126.98304063609602,30687900
2020-02-28,129.15350341796875,129.71066401395848,128.19718545405786,128.4383395939104,44935200
2020-03-02,128.20333862304688,130.3353395888354,128.0534255541593,129.33596572458805,28152400
2020-03-03,130.19366455078125,133.0002404395159,126.88739575310674,128.0949721240398,38608000
2020-03-04,128.8111572265625,131.0431021901313,128.41141063148865,130.26025610681347,23463700
2020-03-05,132.01747131347656,132.26731766227755,130.5933560207101,130.859862181488,17786200
2020-03-06,138.8882598876953,141.02025963058043,136.67297374234215,139.32964986379008,76288300
2020-03-09,142.65255737304688,149.656518940799,141.86138743040487,149.15683868068197,41552800
2020-03-10,135.34043884277344,144.01834895658266,134.94069215270102,141.27839972154493,37728300
2020-03-11,130.36021423339844,139.10475048922905,129.61068763741426,137.77224464334878,29519300
2020-03-12,131.16806030273438,138.54678471124774,129.6356872830185,136.17326234649155,24361800
2020-03-13,128.20333862304688,131.75112028882984,126.7459146979321,129.08611908159418,19812900
2020-03-16,136.50636291503906,138.37185564292693,131.42619923773847,133.56653445008652,30496700
2020-03-17,127.4037628173828,137.93885767335718,127.1789123975775,136.16496144856563,18570900
2020-03-18,120.2165756225586,128.36981024994571,115.76934402717352,127.28715068241422,47061000
2020-03-19,123.48955535888672,127.7951986037291,120.9661320713652,122.38191214270417,21175300
2020-03-20,132.77545166015625,132.77545166015625,126.67926338137558,127.67031349047092,20863100
2020-03-23,138.24700927734375,138.82165249372014,130.3935858741268,131.16809615169663,19971800
2020-03-24,135.673583984375,137.78892364847962,133.59155125258255,134.2911112006122,11948600
2020-03-25,135.36550903320312,138.81335662718183,134.5993220909552,136.23996580358948,10750600
2020-03-26,136.03164672851562,137.9804257313233,135.1405435944997,136.58130625475846,10576200
2020-03-27,139.66270446777344,140.12075405079003,137.07265614313226,137.84717865763574,12550000
2020-03-30,138.51348876953125,141.66984500664952,138.19701570706192,140.16245524315323,13473200
2020-03-31,137.38919067382812,139.01317382563164,137.04773422178414,137.99714073420162,11464800
2020-04-01,139.3140869140625,140.9154095212142,138.78031695370515,140.51507250638645,11334700
2020-04-02,140.19813537597656,141.13222949470725,139.49755206085064,140.80696366935797,5771200
2020-04-03,140.53170776367188,142.05795869856067,140.2314614694958,140.57341111237764,6570800
2020-04-06,140.16476440429688,140.33991341060488,138.88872060116495,139.2807092440698,9434800
2020-04-07,138.6969451904297,138.79702309714202,136.5368455300104,137.5793661452029,13811400
2020-04-08,137.68772888183594,138.6051517754632,136.887080471104,137.704412768832,10147100
2020-04-09,137.9379425048828,138.27154390339047,136.59517587786146,137.01218398903484,14259100
2020-04-13,136.6786346435547,138.20488643884,136.6786346435547,137.4042249609871,8750300
2020-04-14,136.64515686035156,137.39577877775238,136.34491063860568,136.64515686035156,9019100
2020-04-15,140.26486206054688,140.61516012256612,139.06388921993002,139.11392816419578,10027800
2020-04-16,141.8577880859375,142.0496209418284,140.9653975224747,141.16555323147378,8265400
2020-04-17,139.95628356933594,142.48335212627305,139.50592033365834,141.63266460042868,8612100
2020-04-20,141.08216857910156,141.1905820199445,140.0813517897825,140.48167596029495,6462600
2020-04-21,142.85861206054688,143.57586641504275,142.43326843125865,143.39238185509666,7850700
2020-04-22,141.39910888671875,142.10802778694858,140.70688660080515,141.75774249041274,6230200
2020-04-23,142.14981079101562,142.55847083624062,141.4575753911647,141.67441515544562,5968600
2020-04-24,142.48329162597656,142.48329162597656,141.42410045953037,141.45745550034803,6211800
2020-04-27,139.83119201660156,141.57428323009427,139.64770739138336,141.4992248087087,9039500
2020-04-28,141.44082641601562,141.6576788066069,140.490048308418,140.57345503188836,9905400
2020-04-29,140.70692443847656,141.99963978781386,140.0814120851528,141.39081132721486,8619600
2020-04-30,139.06385803222656,141.14055010999522,139.03883856570476,140.73189033942143,11606100
2020-05-01,140.25473022460938,140.38834898538266,138.99373661910082,139.87893860969763,10209400
2020-05-04,139.5950164794922,140.02925836356997,139.0271430842247,139.92905065841157,8300900
2020-05-05,138.7015380859375,138.85186247598554,138.01676378765896,138.26729594267587,7831800
2020-05-06,136.46340942382812,136.6554784552798,135.32767528302963,136.31308511121384,14721500
2020-05-07,138.7431640625,138.93523301083786,136.40488740297968,136.58860995967945,9164800
2020-05-08,136.9394073486328,138.12524533349657,136.68887532533188,137.36531561102078,8129800
2020-05-11,135.87049865722656,137.1398517139822,135.36944729403135,136.67219867796422,8713500
2020-05-12,137.26510620117188,137.73275921958296,136.22959244400136,136.25464437408843,10057300
2020-05-13,138.22543334960938,138.86844967598668,137.64921365402097,137.86633456054753,13305600
2020-05-14,139.57833862304688,140.42178337473624,139.50318282927637,139.72866295317755,10080000
2020-05-15,139.21925354003906,140.7057276050376,138.9019120848406,140.54705687743834,7225600
2020-05-18,136.1627655029297,137.84130831540423,135.63664955372073,137.73274147062463,10073100
2020-05-19,136.6721954345703,136.70559376095494,135.6867727812695,135.72018385024336,8639100
2020-05-20,137.08132934570312,137.54063578665676,136.02076407782766,136.26293688710285,10927300
2020-05-21,137.42373657226562,138.09181757781272,137.1982565250941,137.67426854216896,8920000
2020-05-22,138.25048828125,138.35904236558378,137.4654940552496,137.55735535281528,4956700
2020-05-26,136.39651489257812,136.78065271569477,136.10422558764049,136.71385611021552,8098900
2020-05-27,136.1460418701172,136.88093227383663,135.77859666825745,135.94561373930668,8047400
2020-05-28,135.6449432373047,135.76186917399178,135.00192704102037,135.2524589548396,10272600
2020-05-29,136.61367797851562,137.03122697612164,135.57816461970657,135.87880040768627,14632700
2020-06-01,135.69386291503906,135.82765337076677,135.18379796666727,135.54335822156548,13341400
2020-06-02,135.20054626464844,135.53500969770337,134.83262883291076,135.18381926530705,11517100
2020-06-03,133.40280151367188,134.06338417349,132.90110624641983,133.93795078745313,12255700
2020-06-04,131.47128295898438,132.95966767906737,131.43784170235077,132.88441528241532,14038600
2020-06-05,130.53468322753906,130.5764943382693,128.0679808019709,129.28042645938987,17778500
2020-06-08,131.0364227294922,131.1534862124728,129.64837517489133,129.66510217502076,10346700
2020-06-09,132.52479553222656,133.48638743526598,132.3659209418722,132.99304942445312,9095300
2020-06-10,134.4898223876953,134.53999063677944,132.99308100117204,133.15195562924822,13135500
2020-06-11,137.03173828125,137.32439054147966,135.98652429694454,136.50494635029293,17086400
2020-06-12,135.71063232421875,136.84782603538136,135.5015894564239,135.80261169640704,9716100
2020-06-15,135.78587341308594,137.31606860928807,135.5768305626588,137.04013051564868,7759800
2020-06-16,133.7037811279297,134.81589044942348,132.7003781545323,133.294065370879,13698900
2020-06-17,134.25567626953125,134.4312778752867,133.23554615352663,134.0131921804967,7113900
2020-06-18,135.6771697998047,135.86112853262867,135.13366348125595,135.4932110669807,7691400
2020-06-19,135.78587341308594,135.8778527776324,134.548343311067,134.62359567506962,8565500
2020-06-22,135.80259704589844,136.6471255474541,135.51830183851882,136.45480970234,9319700
2020-06-23,134.87451171875,135.50999768328242,134.72399416251113,135.02501651601995,9088600
2020-06-24,136.3209686279297,136.3711368507356,135.0583549044677,135.06671202194937,11436500
2020-06-25,136.71400451660156,137.42475520941608,136.63038228487238,137.30769174037195,10968000
2020-06-26,138.17735290527344,138.2358910398848,137.2826431948359,137.34118132944727,12119300
2020-06-29,137.74249267578125,138.19403231624108,137.44984038040892,137.8428419064175,7274400
2020-06-30,137.0735626220703,138.21075616296054,136.6972880681721,138.16058792363572,14841700
2020-07-01,136.8074188232422,136.92461962699468,135.74423189167553,136.29675544104998,13181000
2020-07-02,136.94967651367188,137.07525696326337,135.8195291108939,136.20461183222295,7599800
2020-07-06,136.38882446289062,136.47254478606092,135.40935799665172,135.8949077683982,7972700
2020-07-07,138.3058319091797,138.4146529391386,136.62314889069998,136.8073232785328,12791900
2020-07-08,137.7533721923828,138.06311436279933,137.1506216952996,137.56083079784767,7253900
2020-07-09,139.94668579101562,140.1810873081379,137.7952119858738,137.84543905755362,13373100
2020-07-10,139.2434844970703,140.8173342407877,139.10117019934,140.59966655985022,8478000
2020-07-13,139.7039337158203,139.7709074105458,138.32262521321877,138.54865983617648,8054000
2020-07-14,139.90480041503906,140.7586988014115,139.7875996776093,140.58289130830568,11344600
2020-07-15,139.25184631347656,139.76250949198987,138.8249034359357,138.90024404245622,7840300
2020-07-16,139.9132537841797,140.44903069083622,139.83790037664167,140.13927568500654,9107400
2020-07-17,139.62022399902344,140.1392542051249,139.3607088959727,140.03043312012346,8549900
2020-07-20,139.96348571777344,140.3234550512062,139.6369968535716,140.2313677934093,6907200
2020-07-21,140.0471649169922,140.40714695145482,139.87137013475325,140.05554461305007,8454400
2020-07-22,140.4657745361328,141.0266778011793,140.38206697302988,140.8592371271135,6592100
2020-07-23,142.10650634765625,142.21534016034914,141.0433200725103,141.41166887800478,10471800
2020-07-24,142.0981903076172,142.24887154167766,141.36985935454615,141.4870601279019,7520700
2020-07-27,141.57077026367188,142.56698315254593,141.47031611485275,142.52512299922952,6146400
2020-07-28,142.55023193359375,142.60045900638153,141.8386476719673,141.93073489671983,8520700
2020-07-29,142.3074493408203,142.64230497539393,141.46191778654787,142.357676408614,6733700
2020-07-30,143.24508666992188,143.37065436687251,142.9437114233139,143.19485959114164,9376100
2020-07-31,143.15292358398438,143.53801894046595,142.2655449319108,142.44133961449612,8886000
2020-08-03,142.43218994140625,142.465720419617,141.61087225906985,141.83715822853569,9066200
2020-08-04,143.78990173339844,143.79827795939636,143.07752609150472,143.16971573000706,9878900
2020-08-05,142.53280639648438,142.94345895251797,142.21433070965514,142.52441738064115,6954100
2020-08-06,143.3290252685547,144.3598642599501,142.99378423890005,143.630735801175,9481800
2020-08-07,142.37356567382812,143.73125624704937,142.1221381781599,143.5468769361016,8176900
2020-08-10,141.73660278320312,142.6836407316568,141.69470886077775,142.6584992629485,6408500
2020-08-11,140.0520782470703,140.3705539420469,139.02123953455944,140.10236119088046,19234200
2020-08-12,138.7781982421875,139.1804873978871,138.27535597976572,138.87038790851844,11744800
2020-08-13,137.29478454589844,138.76980625151816,136.75002283831589,138.54352022565666,12744700
2020-08-14,136.75839233398438,137.57133395342012,136.74163987965906,137.28638877229275,6398100
2020-08-17,137.10198974609375,137.8311306246091,136.96789340198387,137.42046536632185,6901500
2020-08-18,138.08258056640625,138.17477022802095,137.5210663686202,137.747352408608,8140600
2020-08-19,137.21932983398438,138.7949300101026,136.85896027224317,138.5937854807688,12497700
2020-08-20,138.45965576171875,138.82840142704794,138.22498082832337,138.61050451733598,10319900
2020-08-21,139.2894287109375,139.39838362182252,138.2921076322872,138.9290590643718,6836000
2020-08-24,139.0631103515625,139.93472385986678,139.00445118957722,139.38997500827568,6490600
2020-08-25,137.99874877929688,138.35911832819986,137.3031383601139,137.7389450974121,10518300
2020-08-26,137.47073364257812,137.72216106394663,136.84217148322176,137.4874988808373,8276600
2020-08-27,135.1325225830078,138.1328615919439,135.0654744009601,138.08256586430826,19860100
2020-08-28,135.031982421875,135.81140657082537,134.62970600300787,135.57674426080817,8415400
2020-08-31,135.9287109375,136.81707704865164,135.40071444994848,135.43424493799247,11388100
2020-09-01,137.4833984375,137.65960029646257,135.234792326724,135.72143105817983,10587000
2020-09-02,138.79229736328125,138.90976101419315,137.1729761183831,137.18974749524355,15167700
2020-09-03,139.18667602539062,140.31937156372126,138.80911511347404,139.06921234607032,16416600
2020-09-04,136.5437469482422,138.18823858047423,136.3004210785481,137.94492551336197,13780300
2020-09-08,137.38278198242188,138.65809841258823,137.38278198242188,137.91136219657128,13790400
2020-09-09,137.01361083984375,137.81068683330983,136.56052743971262,137.55058956410767,9558900
2020-09-10,137.70993041992188,137.89451795354776,135.88083926014946,136.30875254381655,8847700
2020-09-11,138.00363159179688,138.07915401123898,137.66802475957857,137.8609980479751,5458200
2020-09-14,137.99525451660156,138.50706328936243,137.79388272315143,138.26373743862092,4274900
2020-09-15,137.65968322753906,137.99529016741184,137.42474300652717,137.7435785612152,6928500
2020-09-16,137.24850463867188,138.34763169567603,136.74508160676208,138.2553378999119,8815200
2020-09-17,137.6680450439453,138.40639554671202,137.4331176662617,138.3560429921382,7813900
2020-09-18,137.2401580810547,137.80230670551376,137.0471719423338,137.74356845392484,7246300
2020-09-21,137.93650817871094,138.77553806496243,137.71836501721438,138.347637431903,11086900
2020-09-22,137.82742309570312,138.33923176450983,137.49180350812105,137.97005661945866,10524100
2020-09-23,138.01205444335938,138.04561001147175,137.16462591818035,137.8526366890155,6224800
2020-09-24,138.5405731201172,138.5405731201172,138.12105829085075,138.40633810471013,8278100
2020-09-25,138.5405731201172,138.79228457819235,138.19658069007693,138.53218743245944,5140300
2020-09-28,138.14625549316406,138.35601294930467,137.91132816649292,138.3308430787741,4470100
2020-09-29,138.30567932128906,138.6412989474957,138.07075198423425,138.27212375995825,10297600
2020-09-30,136.97999572753906,137.60088236665823,136.38429175990774,137.60088236665823,12971000
2020-10-01,137.20594787597656,137.52511370573285,136.14767938930277,136.49202835652576,11523900
2020-10-02,136.69357299804688,137.46627860090277,136.21482437879945,137.41588670747518,8828800
2020-10-05,134.02279663085938,135.18184946186793,133.98079908414596,135.18184946186793,14726000
2020-10-06,134.7450408935547,135.56815144929587,133.27521709296232,133.82115933697594,22419400
2020-10-07,133.76239013671875,134.7366766352935,133.426435462103,134.01436255060523,9429200
2020-10-08,134.4846649169922,134.5938559214624,134.09831843568242,134.3586851547924,8431500
2020-10-09,134.45945739746094,134.61064591494005,133.38438746635535,133.98072152644016,8441500
2020-10-12,134.88784790039062,134.95502857401328,134.4762925833275,134.7450537253613,3962000
2020-10-13,135.85369873046875,135.92089220591845,135.3749500238315,135.40015879098954,7914300
2020-10-14,136.1645050048828,136.69364579937158,136.0385252042186,136.34088954166222,6954800
2020-10-15,135.9292755126953,137.06314449280498,135.76129824567565,136.93715193065725,9458800
2020-10-16,135.55130004882812,136.3324127885486,135.30773497608882,135.77807636885558,8416300
2020-10-19,135.0389862060547,135.20696347524228,134.42586340639014,134.80381546602322,9286600
2020-10-20,133.75401306152344,134.39233215222373,133.50204061503482,134.26635233690493,11189000
2020-10-21,133.29202270507812,133.85475372501975,133.0148543849552,133.36761056988067,10453700
2020-10-22,131.90618896484375,133.23323141019293,131.83899548226128,132.94765590525589,12664900
2020-10-23,132.7124786376953,132.880468743864,131.65421017439982,131.70460207991212,8783800
2020-10-26,133.94712829589844,134.4006810660597,133.55237462462102,133.72036472666323,7227300
2020-10-27,134.84585571289062,134.9718355007367,134.29991339524517,134.57708174435473,6062300
2020-10-28,134.97178649902344,135.61011803462483,134.5518369375356,135.54292456688555,11765800
2020-10-29,133.6615753173828,135.08100719795925,133.09884431911428,134.99701214084905,11932400
2020-10-30,132.34295654296875,133.83797647154128,132.34295654296875,133.5692025080079,13095400
2020-11-02,133.334228515625,133.84711765571933,133.12402825869464,133.4351205334778,10810500
2020-11-03,132.5607147216797,132.82976442302015,132.0394092753697,132.72046899572916,16228700
2020-11-04,135.4362335205078,136.35270357809998,134.98219377279403,135.9070800517623,21570800
2020-11-05,135.6717071533203,135.9912157736894,135.01588312280202,135.90713050634685,18537500
2020-11-06,134.03207397460938,134.46087781311732,133.63689652693196,134.2086349782759,12408400
2020-11-09,131.21543884277344,131.29110787491044,130.0130992334566,131.13976981063644,23245000
2020-11-10,130.4586944580078,131.00521001059627,130.13918595240514,130.2905368133349,12561000
2020-11-11,130.92953491210938,131.11451216153753,130.29893415167842,130.3409767682949,5888200
2020-11-12,133.15768432617188,133.18290733625548,131.76196405964745,131.95534474682466,15999700
2020-11-13,132.9811248779297,133.2669942154372,132.7709245715962,133.14928255707477,7344600
2020-11-16,132.66160583496094,133.0820064144429,132.51867117748998,132.61956321109125,6310400
2020-11-17,133.52761840820312,133.82190392013086,133.34264114292392,133.49399200979164,7444600
2020-11-18,133.91441345214844,134.16665638322337,133.14087787189814,134.05734811951558,10333300
2020-11-19,134.60382080078125,135.13352950394548,134.39362056360233,134.50292879240874,10637200
2020-11-20,135.79776000976562,135.8229830124905,134.85606702909067,134.97377865167505,7246800
2020-11-23,135.17555236816406,135.3605295762247,134.76355534482855,135.2175949753783,11300000
2020-11-24,133.830322265625,134.5450084003858,133.69579099773463,134.51978539135732,10891700
2020-11-25,133.4183349609375,134.45252972621495,133.3678889391403,133.89759782722834,9145800
2020-11-27,134.713134765625,134.7551773807718,134.17502264871854,134.20024565188564,4708200
2020-11-30,134.54507446289062,134.97387865652803,134.3264578378246,134.55347786015693,13071600
2020-12-01,132.5612030029297,133.6048640816857,131.87103692439223,133.44494692482024,13662800
2020-12-02,131.5091094970703,132.08143097711206,130.86102900951656,132.03935833622216,12114300
2020-12-03,132.5696258544922,132.83055077763257,131.78688961313966,132.08988718717376,9626500
2020-12-04,130.6253662109375,131.1219415280477,130.2634593047107,131.03778340326045,12734500
2020-12-07,131.80374145507812,132.03940483487256,131.45023354269549,131.59332680578373,9316100
2020-12-08,132.42654418945312,133.04096413600098,132.30871251415576,132.62013488955478,7397200
2020-12-09,131.9888916015625,132.40972084986333,131.30713743145603,131.761640211527,7750100
2020-12-10,133.1588134765625,133.22613486335828,131.99732049262303,132.34240360273418,10025100
2020-12-11,133.63011169433594,134.1519358080239,133.25136797173377,133.52910395033723,8135900
2020-12-14,133.259765625,133.56276313908768,132.23294142962993,132.55277570635775,7535900
2020-12-15,132.81370544433594,133.3102808455933,132.4012881821268,132.7968686794508,6847500
2020-12-16,132.4601287841797,132.88936970398404,131.62688281230922,131.78679987341695,9954200
2020-12-17,132.1097412109375,133.50835504985488,131.79799392736447,133.23031642963,9422700
2020-12-18,131.7136688232422,132.5983342911802,131.58728069577646,132.37926667933849,6505000
2020-12-21,132.23614501953125,132.56473384941245,131.8148766296276,132.44677921448306,8988200
2020-12-22,132.91854858398438,132.97753230767486,132.34562995657743,132.75004386157565,7370800
2020-12-23,132.00018310546875,132.01703743404855,130.98072120789388,131.9580537120622,9266600
2020-12-24,132.52255249023438,132.64050707892542,132.15184725155245,132.19396378916028,3117100
2020-12-28,132.5814666748047,132.65729183003234,131.51987593338018,131.75578498703007,7791100
2020-12-29,132.41302490234375,132.52254589319247,131.7389932050545,131.76426826879538,9030900
2020-12-30,132.69944763183594,132.72472268861262,132.0085617970557,132.12652920345585,9097300
2020-12-31,132.89324951171875,133.18814236472733,132.65734037174545,132.66577396279845,7742100
2021-01-04,132.7332305908203,133.27245358297762,131.89069386206887,132.00022775075544,13152900
2021-01-05,131.74737548828125,132.23604800478665,131.14918201289265,132.23604800478665,10458100
2021-01-06,129.04287719726562,129.62422936612973,128.3098617923093,129.59895430279522,22827300
2021-01-07,127.90550231933594,128.20881606443044,127.44210453431788,127.88864798458332,14651900
2021-01-08,127.49259185791016,128.03181454509212,126.93651484598044,127.62738788764344,13622500
2021-01-11,127.2820053100586,127.39995991516028,126.79333255861224,127.22302157946388,8370700
2021-01-12,127.18082427978516,127.35776252101662,126.32143384081108,127.0460154156165,12186300
2021-01-13,128.61318969726562,128.96706633543457,127.70326160396029,127.77908680238798,12533300
2021-01-14,127.4083480834961,128.60474815971924,127.04605076724069,128.5541980356102,14835500
2021-01-15,127.91387176513672,128.36883572656586,127.6189789072639,128.2256060932255,11624700
2021-01-19,128.32669067382812,128.36882005639347,127.65265912103035,127.74533862024109,9575600
2021-01-20,128.453125,128.46996647421454,127.88861421163328,128.05713180247616,5368900
2021-01-21,127.5516128540039,127.85492653828884,127.3072829014826,127.59374225439392,8162700
2021-01-22,127.96438598632812,128.0739069363412,127.57681372666814,127.93911093201125,9507200
2021-01-25,129.47259521484375,129.48944954621464,128.60478356251932,128.7058838385686,8712600
2021-01-26,129.2281951904297,129.41355416673744,128.8406229155823,128.99228610350727,7690300
2021-01-27,129.556884765625,130.17193301771843,129.35467130944352,129.80964837182907,7895200
2021-01-28,128.84066772460938,129.29564459053807,128.20034467399307,129.2450816062573,10667800
2021-01-29,128.06552124023438,128.4783686671596,127.47574838468694,127.57684862961392,14965900
2021-02-01,128.2139892578125,128.51765448405212,127.78380221688482,127.92719789719403,8165500
2021-02-02,127.38739013671876,127.4464293784955,126.96563346034198,127.15120742762714,9177500
2021-02-03,126.25704956054688,127.02464966135724,126.17270596316584,126.8896844603596,9633100
2021-02-04,125.91968536376952,126.09682884950556,125.51480251622188,125.81846786963104,8262600
2021-02-05,124.86522674560548,126.16424395655967,124.85679624926978,125.76779182200752,10258900
2021-02-08,125.41351318359376,125.90275229355326,124.87366535036044,125.09298697919708,11574800
2021-02-09,125.50636291503906,126.24865888367236,125.39671491675936,125.86908039825543,5218300
2021-02-10,126.34137725830078,126.34137725830078,125.80152944823502,125.91962075446855,8079800
2021-02-11,125.64971160888672,126.34981612515963,125.4725682023076,126.25702917333018,11962700
2021-02-12,124.0892105102539,124.9074192327856,124.0217279189021,124.58688014161164,14088400
2021-02-16,122.19974517822266,122.8661277704218,122.02261462555444,122.4949799273219,17789100
2021-02-17,122.97576141357422,123.47344389307143,122.29251790511404,123.11072659008153,11199100
2021-02-18,122.47810363769533,122.81551661156108,121.73582083716842,121.98043398110582,10755300
2021-02-19,120.85009765625,121.73578878181858,120.49582378021964,121.51646718881015,12741700
2021-02-22,119.93071746826172,121.2466090569963,119.54270854943591,120.647708937515,13203900
2021-02-23,119.58489227294922,120.2006534199243,119.053474739112,119.37401393361604,12658500
2021-02-24,118.80038452148438,119.08717589273944,117.38328866046726,117.54355821234178,17363100
2021-02-25,116.86034393310548,118.02439657530358,115.23236920515558,117.68699635457624,52621700
2021-02-26,120.72359466552734,120.87543372136194,117.82190744813532,118.74134653888248,45423300
2021-03-01,119.12911224365234,119.42470218490664,118.30991908969229,118.7913062134823,22048000
2021-03-02,119.13763427734376,119.188303922358,118.4788902327142,118.5717888774008,12482200
2021-03-03,117.84542846679688,118.36059104921496,117.18669767439005,117.71031378393788,19763700
2021-03-04,117.0854034423828,118.18329281385924,116.5111303817061,117.921491101699,22366600
2021-03-05,117.31340026855467,117.67654116234642,116.5364359708476,116.6884448417904,20598000
2021-03-08,116.4012451171875,117.30488298286924,116.4012451171875,117.2457727495666,15236600
2021-03-09,118.01432800292967,118.08189177822511,117.36403794137458,117.61739887711433,14463400
2021-03-10,118.2508316040039,118.36061149738796,117.62587615272491,118.0650343856906,12387600
2021-03-11,117.39783477783205,117.71031890632284,116.9333546785569,117.53296235304562,14150700
2021-03-12,114.90648651123048,115.24430546926038,114.56022691167816,115.1936229606992,20402700
2021-03-15,115.58214569091795,115.77638359512778,115.20211052651464,115.26967433808312,11366500
2021-03-16,115.11760711669922,115.80167271999878,114.64467350881183,115.71722765371852,15567900
2021-03-17,114.25623321533205,114.45892465565105,113.29347142515638,114.13799976343256,27107500
2021-03-18,113.09919738769533,113.5636904026677,112.48269550590048,112.58403475044877,21615100
2021-03-19,113.80015563964844,113.8677194305611,112.9978565630833,113.23432338803984,18685000
2021-03-22,115.07537078857422,115.20205770961256,114.32374144838472,114.59399657075436,17047500
2021-03-23,116.11415100097656,116.15636708875807,114.9824737687165,115.35406812380424,16768400
2021-03-24,116.73908233642578,116.78131130666848,115.65808770786924,115.7509862878142,13863000
2021-03-25,115.8185806274414,117.1022669200444,115.77635164605448,116.8742407297356,20782000
2021-03-26,115.41322326660156,115.90305115353812,115.04162880847886,115.21053186585902,8433300
2021-03-29,114.43354034423828,115.57365826240525,113.98594154945552,115.55676409473207,13968100
2021-03-30,115.03316497802734,115.28651306979025,114.01972106507716,114.26464140241416,15020800
2021-03-31,114.39134979248048,115.35411148965731,113.99442048091402,115.14297942548276,19271300
2021-04-01,116.28990173339844,116.38292740919948,115.26663220368953,115.4780530210462,14885900
2021-04-05,115.7824935913086,115.8332325202222,114.96217982959986,115.47804711372493,8243000
2021-04-06,116.5689468383789,116.68734194751202,115.86702836848283,115.99388856661774,9282400
2021-04-07,115.7571258544922,116.78886043814065,115.7571258544922,116.23915859046772,11052700
2021-04-08,116.71275329589844,116.76350513582727,116.1630642856546,116.18843375356715,7847900
2021-04-09,116.28990173339844,116.864973066742,115.93471630873152,116.28144954618112,8717800
2021-04-12,116.2391586303711,116.30681483798956,115.94317723915528,116.24762372138724,7659000
2021-04-13,117.11021423339844,117.13558369887062,116.02774069291048,116.11231418055274,13232800
2021-04-14,116.73809814453124,116.90724510041468,116.34063892968798,116.72964595837747,7293200
2021-04-15,118.69161987304688,119.22439141367228,117.93896248331022,117.96433194219244,23896700
2021-04-16,117.76984405517578,118.16731621266057,117.49076703582888,117.63454454309124,15238400
2021-04-19,117.43153381347656,117.81208855646368,117.1693741661765,117.3300559897727,13886800
2021-04-20,117.97278594970705,118.19265889811604,117.06789888859824,117.0848161628141,11476500
2021-04-21,118.20960998535156,118.31955294305412,117.60918207198296,118.00664134900136,11902200
2021-04-22,118.72547149658205,118.72547149658205,117.71910635980392,118.39565554373144,14156400
2021-04-23,118.44635772705078,118.79309085055588,117.96432513201792,118.71698247830308,12302200
2021-04-26,118.27726745605467,118.82695644221072,118.26881526848878,118.52250993649731,9103500
2021-04-27,117.24552917480467,118.24344215322536,117.15250349803752,118.0489257082832,14137300
2021-04-28,117.32166290283205,117.45697535354444,116.67049592897648,117.25400667747584,15263700
2021-04-29,116.9748764038086,117.00869804532572,115.96851158937184,116.23912343380373,17178200
2021-04-30,117.24552917480467,117.32163757285888,116.68737511420174,117.13558621932457,15692000
2021-05-03,117.31582641601562,118.27284101675936,117.11256015911064,117.46826641642576,16447700
2021-05-04,118.11189270019533,118.70473624286686,117.8578132039018,118.13729935752266,18639700
2021-05-05,118.30670166015624,118.44221247114392,117.65456718992247,117.74772925709873,11127900
2021-05-06,118.50153350830078,118.73020646970106,117.891747559918,117.93409631914425,21907600
2021-05-07,117.91712188720705,119.07741554121893,117.64611316394274,118.653953911162,18346900
2021-05-10,116.72298431396484,117.93407852230892,116.6128801411972,117.67999892832016,15146200
2021-05-11,116.06234741210938,116.43499568063376,115.83368745707853,116.22326488470146,15158600
2021-05-12,114.84278106689452,115.85908623359722,114.63951486434546,115.7489820918388,20859400
2021-05-13,115.02064514160156,115.49492009650233,114.86820515882202,115.12227179678791,13073900
2021-05-14,116.09622192382812,116.09622192382812,115.36786752945736,115.63041162690128,17566700
2021-05-17,115.8505859375,116.1724207974583,115.66427477559752,115.88447009276864,6113800
2021-05-18,115.55413055419922,115.66423463608425,115.24077330331336,115.52024641068954,11423100
2021-05-19,115.27469635009766,116.2825368428891,114.8596994051188,115.63886705696106,14296000
2021-05-20,116.2232666015625,116.44347490331924,115.7489916793517,115.82521166548791,13310500
2021-05-21,116.59590911865234,116.6213157794433,116.07928547753345,116.58744453939596,10171600
2021-05-24,117.02788543701172,117.36666259780468,116.7822833030857,116.86698082404077,6868700
2021-05-25,118.11189270019533,118.14576393562513,117.40046752596947,117.40894502709192,12346900
2021-05-26,117.90866088867188,118.4930400235862,117.62071007301152,118.22201836906557,9793700
2021-05-27,117.4343719482422,117.45977860995356,116.86693496498424,117.2988611371,10695200
2021-05-28,117.248046875,117.9764013252804,117.16334938795865,117.3666156030446,10258000
2021-06-01,117.22178649902344,117.26418327284802,116.40756396386688,116.89101142509725,11778500
2021-06-02,117.49320220947266,117.71371464312752,117.31509949734412,117.5101686864092,7347900
2021-06-03,117.0521469116211,117.47621818026325,116.91645394129291,117.47621818026325,10994000
2021-06-04,118.65505981445312,118.65505981445312,117.4846326627337,117.4846326627337,15773700
2021-06-07,118.2904281616211,118.49398700796104,118.1632119711753,118.39220111397772,7799800
2021-06-08,119.12158203125,119.29969760644836,118.91803616430822,119.29969760644836,11230900
2021-06-09,120.17332458496094,120.56346292559842,119.80013977800073,120.23268783608891,12768300
2021-06-10,120.89414978027344,120.91111624319646,119.31660521053396,119.4438342700277,19698300
2021-06-11,120.69912719726562,120.77545689736188,120.30049928570826,120.69912719726562,8646700
2021-06-14,119.774658203125,120.52102757817708,119.59654262348772,120.52102757817708,9401300
2021-06-15,119.6304931640625,119.66441316718056,119.14704576365092,119.4184575551016,18207300
2021-06-16,119.52872467041016,120.15635482327966,118.91807393401103,119.92735270861225,19676300
2021-06-17,121.3182373046875,122.9212253165816,120.13084357055152,120.3174358632902,35225800
2021-06-18,123.59979248046876,123.862714562641,122.23428265293173,122.36998854748076,26616900
2021-06-21,121.53031158447266,122.54809275733136,121.30132246804212,122.46327334571808,16485000
2021-06-22,121.82715606689452,121.86107606363662,120.53797618308572,120.5803858852314,14530200
2021-06-23,121.51336669921876,121.7084358298552,121.038409020299,121.3776608076342,12040900
2021-06-24,121.70838165283205,122.04763328915344,121.5641990603144,121.64052873724368,8788400
2021-06-25,120.4447021484375,121.62361961163518,119.90189150944632,121.50488018878168,15562200
2021-06-28,121.68297576904295,121.96286427862898,121.02990258000892,121.04686904951774,11460700
2021-06-29,121.88655090332033,121.8950276683979,121.31828410247007,121.36918351781384,11217900
2021-06-30,122.42938995361328,122.92130127485596,122.19191106003782,122.34457051663816,15708900
2021-07-01,122.43612670898438,122.55502095347268,121.89260831153776,122.27476745750008,10810000
2021-07-02,123.1749267578125,123.1749267578125,122.38513232160707,122.48703793698938,9650200
2021-07-06,124.6186981201172,124.83101019156167,123.75246124024356,123.75246124024356,20037200
2021-07-07,125.72271728515624,126.1643300458872,125.02634039179316,125.32358249119886,20964400
2021-07-08,126.21524810791016,126.91163776796203,125.833089055722,126.43606090670592,17487800
2021-07-09,124.44036102294922,124.83102096987813,124.40639679032572,124.72910235500449,14483600
2021-07-12,124.27899932861328,125.03482983508124,124.1346286654117,124.91593558547396,10610400
2021-07-13,123.3278350830078,125.23015587713948,122.83526953028176,124.68663750145905,23340200
2021-07-14,124.72911834716795,124.7715833622682,123.82891704445764,123.99876414635528,16038600
2021-07-15,126.10491943359376,126.19833729064048,124.8650108726556,125.64631796863549,18462400
2021-07-16,125.86709594726562,125.97748941422428,125.11126548039198,125.12824111623138,12787900
2021-07-19,128.627197265625,129.04332078167798,127.91381860088184,128.1940721908693,40203900
2021-07-20,127.38731384277344,129.68878368127625,127.18348947556224,129.53591216624093,25674800
2021-07-21,125.77368927001952,126.11338343594122,124.55925735777102,125.84161773640244,19988900
2021-07-22,126.962646484375,127.22591143716936,125.73972661210144,125.78219162737548,18136900
2021-07-23,126.1134033203125,126.2492861915066,125.59536121257575,125.63782622963691,12639300
2021-07-26,125.73973846435548,126.58898701587322,125.58687994516444,126.53803417614289,10737700
2021-07-27,127.0815200805664,127.12398508893294,126.52951384730495,126.81825517059552,13036500
2021-07-28,127.09002685546876,127.1070154530496,125.91807279245208,126.25776699305048,14346700
2021-07-29,126.38518524169922,126.7248795046661,126.13889588631856,126.35120804029924,11532000
2021-07-30,126.9795913696289,127.1494384137521,126.5889315054966,126.64838509811408,14342100
2021-08-02,128.11221313476562,128.58836981793667,126.84528605152396,127.07486622887306,21232700
2021-08-03,128.1802215576172,128.58835395365475,127.87411901701526,128.1802215576172,13361900
2021-08-04,128.44374084472656,129.08996419275445,127.30436480117706,128.81786742005045,18267900
2021-08-05,127.78907012939452,128.32475275463966,127.5424936836286,128.18870431421337,15345400
2021-08-06,125.65489196777344,126.48816614756758,125.57836956820276,126.11405231379,21144300
2021-08-09,125.20420837402344,126.31807735395984,125.18719907624708,125.96945810815436,12942400
2021-08-10,124.62603759765624,125.47632095284486,124.61752646055596,125.40829672751444,13716900
2021-08-11,124.5495376586914,125.18725035645645,123.89482863048056,124.49002455353498,17227600
2021-08-12,124.345458984375,124.51551308305191,123.65671847714492,124.21790867964523,14709400
2021-08-13,126.30963134765624,126.3181295129071,124.83013321322755,124.84714251802735,18653800
2021-08-16,126.61570739746094,127.5595225142088,126.5306738656008,126.85378571751488,19170900
2021-08-17,126.56465911865234,127.09183054925003,126.41160139649344,126.59016657663015,14126900
2021-08-18,126.98986053466795,127.09189041463944,126.22459751198768,126.44567955098996,13144000
2021-08-19,127.92517852783205,127.93368966828118,127.38099748536484,127.8061393302392,15474300
2021-08-20,128.01016235351562,128.23123135621532,127.63603559948965,128.04416797920234,12388400
2021-08-23,127.92517852783205,127.96769530717935,127.47452921020916,127.71260760539484,10615000
2021-08-24,126.93031311035156,127.6020443053326,126.93031311035156,127.33844553590336,13835900
2021-08-25,125.8759307861328,127.006809102965,125.48480774379576,126.87077363892652,16743800
2021-08-26,126.22459411621094,126.32663696773524,125.4253254798086,125.81646163300678,16657400
2021-08-27,127.0833740234375,127.10888148977214,126.1225495438448,126.32662224881824,15384700
2021-08-30,127.41500854492188,127.45751234744996,126.6327361793456,126.68376409611692,10596300
2021-08-31,126.5477066040039,127.61905924266564,126.2671114660525,127.26194169644504,15262400
2021-09-01,126.7596664428711,127.1853487148924,126.41912582157086,127.08318912666071,10807100
2021-09-02,127.31301879882812,127.3215407564074,126.6404466803051,127.05761988723016,9765900
2021-09-03,126.15521240234376,126.4361643064308,125.95089319267616,126.2318450967632,12928000
2021-09-07,125.0909652709961,125.59328014085798,124.86110623597044,125.3719170823728,15547800
2021-09-08,125.94234466552734,126.16370775036516,125.4826135499566,125.71248560313768,14533700
2021-09-09,127.46629333496094,127.61102374033442,125.87424588506148,126.14667576847292,20324600
2021-09-10,126.34252166748048,126.99807615183784,126.13820244488228,126.76820403561996,14894600
2021-09-13,127.10872650146484,127.27048784014978,126.8107437206461,126.88736341029949,15036100
2021-09-14,128.6497039794922,129.04133740764755,127.34711719337288,127.47481668581878,19918400
2021-09-15,128.19842529296875,128.7688377591894,127.64503075771326,128.7347889064721,11940300
2021-09-16,127.61103057861328,128.087792643225,127.27899892713071,127.42372934025984,13328900
2021-09-17,126.99811553955078,127.15987696814032,126.59797295013422,127.0066245128664,13782900
2021-09-20,128.57305908203125,128.87102883626338,127.90047391153756,128.18994768899557,14660400
2021-09-21,128.46237182617188,128.52197356883687,127.874928320655,128.30913247210117,10035800
2021-09-22,129.22865295410156,129.22865295410156,128.07931830701767,128.37728818257477,22277800
2021-09-23,126.30847930908205,128.0878285818947,126.2914483760554,128.06228867775255,23853300
2021-09-24,125.07400512695312,125.87429011262506,124.92927467072673,125.8657681505674,20203900
2021-09-27,124.6142349243164,125.03991723312753,124.19707457578907,124.3503139713804,13464300
2021-09-28,122.6730728149414,123.50741914113156,122.28996149700671,122.8774049135408,26613500
2021-09-29,122.88599395751952,123.81397848564843,122.33261202553706,123.27762748734428,23569400
2021-09-30,122.86888885498048,123.03063714239858,122.298463403167,122.6815876897733,22567600
2021-10-01,123.9029312133789,123.94554307312184,122.92261130091104,123.47670855768416,26151800
2021-10-04,123.58758544921876,123.99676878855942,122.83744200834153,123.32332933878436,28027600
2021-10-05,122.39408111572266,123.34881555975448,122.29179185594246,123.26357884569806,22659200
2021-10-06,123.0845718383789,123.36588033794912,122.77769102132798,122.9481774736268,18696500
2021-10-07,121.79740142822266,122.18951902335888,121.55018498115972,122.0616574178328,14856000
2021-10-08,120.94495391845705,121.34560428512786,120.64659283441394,121.2688743158729,17257800
2021-10-11,120.63809204101562,120.96201248938782,120.57841461190542,120.70628924259036,7213400
2021-10-12,122.70096588134766,122.76063028239383,121.45639014877683,121.58426473493012,17968700
2021-10-13,123.8944320678711,124.05639880216776,123.2465781379712,123.27215046367206,23584600
2021-10-14,124.354736328125,124.42293351947116,123.56195536009952,123.91998085920372,12946400
2021-10-15,123.63019561767578,123.7239651625306,123.15282811924725,123.60462328792345,11811500
2021-10-18,124.20982360839844,124.45702704850882,123.19541151224853,123.6045816577656,12115900
2021-10-19,122.4964370727539,123.3744550500166,122.45381218887654,123.31479061841895,12156300
2021-10-20,121.66950225830078,122.47932261351312,121.48196326985811,122.1127774134636,12782500
2021-10-21,121.52462768554688,122.0275674058462,121.24331911132369,121.89970578451111,13660000
2021-10-22,122.86299896240234,123.0931499287719,122.07875050443243,122.28332914120536,13740000
2021-10-25,122.67544555664062,123.00789880988545,122.436761836736,122.47085393645644,8137900
2021-10-26,123.68980407714844,123.68980407714844,122.53047808153698,123.28062101473392,13671000
2021-10-27,125.94034576416016,126.31541098583548,124.39740795731608,124.79805851941228,22092300
2021-10-28,125.51409149169922,126.44325404926224,125.17310545638672,125.98292615341217,17497600
2021-10-29,125.89766693115234,126.16192293180336,124.72982086093911,124.8576824718074,19087300
2021-11-01,124.99117279052734,125.26429613711925,124.35955470175398,124.4449130734846,18035500
2021-11-02,125.54600524902344,125.95570994213328,125.04242454892224,125.04242454892224,9836700
2021-11-03,124.24858856201172,126.30558960960008,124.21444000814174,126.16903446569216,20639400
2021-11-04,125.55455780029295,125.77647142355497,124.48764283946063,124.50470410165168,15922400
2021-11-05,127.43229675292967,127.67128460828458,126.43366613794078,126.76654300960377,21513000
2021-11-08,127.1933822631836,127.41529596433912,126.7580724710936,127.14217241090684,12083800
2021-11-09,128.84910583496094,129.54046418493192,128.57596953559406,128.7125376852775,23430200
2021-11-10,126.4934539794922,128.82359295409876,125.4948229903751,128.73824755884746,28170600
2021-11-11,126.30564880371094,126.88605727679747,126.22883405728966,126.75801967556528,5552500
2021-11-12,125.75086975097656,126.7580312485338,125.2643502648292,126.322734621874,12712000
2021-11-15,124.17186737060548,125.4351044705402,123.94995367547187,125.37535096192627,15232700
2021-11-16,123.85598754882812,124.93997647237072,123.63407399176114,124.35103750584868,12998700
2021-11-17,124.83753967285156,124.863144581516,123.30119305754464,123.3950820639343,14239900
2021-11-18,125.3070297241211,125.38384447771185,124.57299168968086,124.60714026274206,11054600
2021-11-19,126.62996673583984,126.83481903761088,125.96421303490958,125.96421303490958,14022100
2021-11-22,125.14485931396484,126.01546561206725,124.7266369637522,125.81061324078875,15266000
2021-11-23,123.33539581298828,124.7095830969804,123.33539581298828,124.55594053739765,15318500
2021-11-24,125.31554412841795,125.31554412841795,123.58286260627844,123.7109001895747,13769700
2021-11-26,128.48219299316406,128.61021760561462,126.89462267944224,127.03119094863416,20064800
2021-11-29,127.44944763183594,127.7225711918759,126.46787768526534,126.5873716847583,23234200
2021-11-30,129.3868865966797,129.79659125103407,128.24315707363013,128.73820709641177,31481100
2021-12-01,130.18508911132812,130.2449152237146,128.00593470337515,128.604143668467,30826500
2021-12-02,130.3474884033203,130.74059612167815,128.8348966952966,130.68931099691278,17754200
2021-12-03,131.90274047851562,132.56074927038802,129.33903328196286,129.62102959865726,34427100
2021-12-06,130.09107971191406,131.90277547852807,129.83470631629305,131.64640208290706,30924200
2021-12-07,129.03997802734375,130.34746815225986,128.9203388342042,129.65526903197417,22115900
2021-12-08,126.8095245361328,128.5955710553072,126.783888503011,128.58703005749703,33633900
2021-12-09,127.5187759399414,128.04860450036043,126.886390241609,127.6213200381678,17544900
2021-12-10,127.2111587524414,128.39046830172808,127.16842768883004,128.1169999263672,14298700
2021-12-13,129.09120178222656,129.30484404998205,128.4502749789601,128.51864206940454,17860500
2021-12-14,128.78358459472656,128.98013187298645,127.59573384749072,128.50157517477518,14015500
2021-12-15,127.54447174072266,128.86050276359748,127.44192759443692,127.85211721927293,25383900
2021-12-16,127.5940933227539,128.22719195719495,127.24332192849384,127.2604362306105,18677900
2021-12-17,129.0398712158203,129.16819577227812,128.46666643967518,128.62065590742458,18093500
2021-12-20,128.0731964111328,129.2025054341467,127.98765100460614,128.9715080331869,17147300
2021-12-21,127.58552551269533,127.6454059804562,126.2936634918501,126.73854390624363,16598200
2021-12-22,128.17579650878906,128.21001204112437,127.4913683726549,128.09878871586807,12253900
2021-12-23,127.06365966796876,127.9876361098908,126.64444414529332,127.97907243216292,11642500
2021-12-27,127.37165069580078,127.48286101580464,126.892554705175,127.01232870283144,7821800
2021-12-28,126.86687469482422,128.14162247791364,126.62732670334768,127.98763293527291,9174600
2021-12-29,125.48089599609376,126.02843603736063,125.25846234177368,125.68622840696295,11771200
2021-12-30,126.53316497802734,126.59305847816664,125.29264631243512,125.97707445515596,10355000
2021-12-31,126.78130340576172,127.49994723341096,126.1310906579406,126.45619703185116,13402300
2022-01-03,123.45330047607422,125.71190498760718,123.4361861766515,125.25847396079686,33860400
2022-01-04,122.9399871826172,123.30787285476192,122.11868349654102,122.86299240974506,21996400
2022-01-05,122.2726821899414,123.33354700607585,122.09302770646585,123.31643270380609,20911700
2022-01-06,122.58926391601562,122.71760164221618,121.73373129224602,121.99039369025527,18996400
2022-01-07,121.70800018310548,122.5464310976922,121.1091302829612,122.45232203807062,18756800
2022-01-10,122.00748443603516,122.17858831686736,120.93806886284727,121.18616753189556,13775800
2022-01-11,122.82025909423828,122.88015264289577,122.08450052931164,122.23850318700828,24388700
2022-01-12,122.34969329833984,123.2052257645864,122.34114267325756,123.1111166711237,14440600
2022-01-13,123.4361801147461,123.55595409605192,122.36676490509215,122.67475700764788,15166000
2022-01-14,121.57113647460938,122.73466084269532,121.30591051463672,122.70043224265356,22997500
2022-01-18,119.8600845336914,120.89527134148892,119.79164038083404,120.59584285892376,21171700
2022-01-19,120.68994140625,121.2374815269447,120.03972853803452,120.22794667837204,17930500
2022-01-20,121.43424224853516,121.47702146930366,120.70703465862644,120.94658262966772,13959000
2022-01-21,122.88006591796876,123.28216700421912,122.05874945016008,122.68328415788376,28916600
2022-01-24,121.87055206298828,123.51317222320009,121.85343776477374,123.4532917610261,25001600
2022-01-25,121.67384338378906,122.9485916151218,121.31452127022484,122.435266850378,15599000
2022-01-26,120.20232391357422,121.97328256758996,120.19377328760945,121.70805650999276,23655500
2022-01-27,122.40953063964844,122.65762919702811,121.76788158454052,121.8363257169447,21501800
2022-01-28,122.45230102539062,122.73462815580837,121.3572210946457,121.5625404226713,12826500
2022-01-31,121.8192138671875,122.29830974925682,121.45134133430702,121.63954638421964,13998400
2022-02-01,121.41485595703124,121.96315847634708,120.8494153073284,121.8946190273622,20806100
2022-02-02,121.82609558105467,122.99981582432238,121.5947765444158,121.61191467705405,18404600
2022-02-03,120.8751449584961,121.20926668208438,120.09552324593466,120.3182797767044,17234100
2022-02-04,119.09312438964844,120.0612260901566,118.89608165264184,119.81278203676246,23609800
2022-02-07,119.17023468017578,119.3501392803515,118.6990341778263,119.00745513640396,12962400
2022-02-08,118.37347412109376,118.72473386292944,118.0736287657352,118.40775037874516,16269200
2022-02-09,118.59622955322266,119.40155174653307,118.3906242766759,118.8446866924678,14349100
2022-02-10,116.71143341064452,118.08219617702213,116.37731178381736,117.93655475738592,30896200
2022-02-11,118.4420166015625,118.66475999176126,115.9660863615101,117.2597340609454,43210300
2022-02-14,116.96851348876952,118.00515516384392,116.48875019446278,117.48255305985208,23157400
2022-02-15,115.64053344726562,116.37731617429114,115.60627025946673,116.1717109023716,18198500
2022-02-16,116.32589721679688,116.57435431277467,115.23785488514744,116.47153861984268,16473700
2022-02-17,117.19119262695312,117.85944893132948,116.42870929462347,116.8999097972007,24508200
2022-02-18,118.4249038696289,118.54484465508334,117.50821638206264,117.81663741216904,17522600
2022-02-22,118.73333740234376,118.8018768687585,117.77381101767033,117.96229128216925,19534000
2022-02-23,117.09697723388672,118.09935536567184,117.00275018605151,117.9537008475004,17757800
2022-02-24,117.1740951538086,119.40156876002509,116.7285952035392,119.17026279095126,28150400
2022-02-25,117.25977325439452,117.6367337888528,116.66863178650011,117.25121072318112,15025400
2022-02-28,119.82991790771484,119.97555934147704,118.5020068726584,118.59623391283054,25817700
2022-03-01,121.21534729003906,122.09894005043734,120.1001291867584,120.4089586139765,35664400
2022-03-02,117.07192993164062,120.46046779211107,117.02046052508294,119.96290837892076,30397400
2022-03-03,118.26432037353516,118.98491804927195,117.54372269779836,117.94691705943406,20649100
2022-03-04,120.3060302734375,120.80358956545362,119.50821539645216,120.40896906148346,25853100
2022-03-07,119.38812255859376,120.64917514325744,119.04498451904162,119.34522703118046,23710900
2022-03-08,118.18712615966795,118.59889442451151,117.74103623699246,117.96407465339163,28331300
2022-03-09,117.0290069580078,117.81823488323852,116.7802338546789,117.58662260803192,18819200
2022-03-10,115.3476104736328,115.95668241852891,114.7127907420268,115.66501379449764,26868900
2022-03-11,115.73365020751952,116.19688786518223,115.13315209948378,115.23609089232504,15583800
2022-03-14,113.03140258789062,114.00078663586002,112.9970940161378,113.83779146780726,24385000
2022-03-15,112.83407592773438,114.2238018742997,112.54240731250786,113.97502878245965,17518800
2022-03-16,113.94072723388672,114.20666116943214,111.79608183126012,113.09144294209096,25857700
2022-03-17,113.09146881103516,114.38683021817155,112.4395011718589,113.94075329709923,19330600
2022-03-18,114.47259521484376,114.55837317710512,113.72626280277396,113.72626280277396,55891700
2022-03-21,111.82181549072266,112.95418144606046,111.30709536292036,112.61961728995196,26122000
2022-03-22,110.38917541503906,110.95536490973952,110.09750679893617,110.6293877287499,21830900
2022-03-23,112.80838012695312,112.89417120330604,110.5436344639692,110.98113753765595,21266100
2022-03-24,111.92475128173828,112.53382322378076,111.178418897309,111.22130133191315,17141600
2022-03-25,110.37203216552734,111.10979069441234,109.5055936058018,111.0926298663332,25684500
2022-03-28,111.3156509399414,112.00193996760986,110.69799212402724,110.99824766421796,17657800
2022-03-29,112.15638732910156,112.85125038631642,111.29852911725555,112.001966044233,19319700
2022-03-30,113.03140258789062,113.24586715851191,111.51300285260444,111.58163308598868,16310200
2022-03-31,113.30594635009766,113.81207969716786,112.94564736964696,113.22015526861269,19901000
2022-04-01,113.73719787597656,114.23551922809838,111.44321012202042,111.70095124387235,23489700
2022-04-04,112.94680786132812,113.39356806380576,112.30242857051938,113.35060682243248,13609900
2022-04-05,110.39505004882812,112.36254878512136,110.22320510632971,112.34536166888584,25196900
2022-04-06,109.50149536132812,110.23179698259074,108.59936847529907,108.62514259276224,22952000
2022-04-07,108.67666625976562,108.83131748454716,107.74876546603876,108.35018325409898,23458800
2022-04-08,107.49962615966795,108.1096376244943,106.76073755608373,107.7831479989791,26859200
2022-04-11,105.79844665527344,106.70057993779652,105.30012528864236,106.46859981145052,30020700
2022-04-12,105.65242767333984,106.67484489399288,105.39467333965698,106.58033540864017,23124200
2022-04-13,105.86721801757812,106.79512572878532,105.58368956888178,105.7211602912672,17189500
2022-04-14,103.74505615234376,105.61805204528444,103.42716003871496,105.55791024594542,34274500
2022-04-18,103.22952270507812,104.02855297057668,102.8343043502564,103.84812762739476,18784300
2022-04-19,102.45628356933594,102.86009554708264,101.95796212637347,102.3703676614026,26012300
2022-04-20,104.518310546875,104.79324541789042,103.03193959875252,103.2896939081264,31423200
2022-04-21,103.74505615234376,103.88252686795548,102.38756233301808,103.8137915101496,23323200
2022-04-22,103.09204864501952,104.3378520045874,102.93739741952017,103.16078397967756,19773400
2022-04-25,104.12307739257812,104.98224956268284,104.0715226049967,104.28631564752288,25418900
2022-04-26,105.17127227783205,105.70395484731092,104.61280903615192,105.19704639506956,26931300
2022-04-27,103.8223648071289,105.09394253880708,103.76222301572976,104.98225251334114,14560500
2022-04-28,103.97701263427734,104.01997386455822,103.10925346628164,103.4357365295407,16892500
2022-04-29,102.62814331054688,103.93408906435344,102.33602783309551,102.50785969571804,26153400
2022-05-02,100.84920501708984,101.78729397306806,100.63404627678764,101.43443705335676,29233900
2022-05-03,101.52908325195312,102.68233067366404,101.46023089557936,102.44996217855524,21256700
2022-05-04,102.08849334716795,102.38971418740996,100.995483570419,101.5290794632204,25575700
2022-05-05,99.29145050048828,100.2381475746291,98.12958813582304,100.13486902311216,48384500
2022-05-06,97.8283920288086,99.0074645011594,97.5185628618569,98.23289158378022,32790500
2022-05-09,98.6890106201172,98.72343680691696,96.92471286796469,97.1312634226395,26773000
2022-05-10,99.58404541015624,100.65983883983056,99.3861030961245,99.73895992667424,33640800
2022-05-11,101.50328063964844,101.50328063964844,98.49105853616604,98.74924506250495,34173600
2022-05-12,101.3139419555664,102.32088321743753,101.26230596248271,101.57212848710805,26405700
2022-05-13,99.81643676757812,100.82337800631304,99.7475844009664,100.67707165185544,20782700
2022-05-16,99.713134765625,100.6426217979033,99.70452658029237,100.0143555910518,11050600
2022-05-17,98.5082550048828,99.2742194250378,98.422192841091,98.72341369742348,15040800
2022-05-18,100.6082000732422,100.694262232011,98.63734577666392,98.73201612114616,21337300
2022-05-19,100.84920501708984,102.1745836452862,100.56519390402129,102.10573127251982,21937500
2022-05-20,101.99384307861328,102.43276214673872,100.74591854322472,100.77173653945292,22780900
2022-05-23,100.31558227539062,101.77005707384176,100.29837246984177,101.30531353055936,15925200
2022-05-24,102.29505157470705,102.96634565973696,101.43441678546408,101.46884296496847,23388200
2022-05-25,102.69956970214844,102.94915462447211,102.06269511437485,102.94054643649584,14410800
2022-05-26,102.23479461669922,102.4929810815101,101.38276812041674,102.43273691644208,14912900
2022-05-27,102.48438262939452,103.05239812242915,102.19176341422018,102.72535929711356,11190400
2022-05-31,100.31558227539062,100.89221253616738,99.77338475795544,100.84917817311234,28393700
2022-06-01,100.2009048461914,101.16652627956574,99.74395804964064,100.89925700108572,15544800
2022-06-02,100.2526626586914,100.62339430635632,99.54568679312166,100.55441944683618,9832000
2022-06-03,100.037109375,100.06297329982296,99.03700034095624,99.22667131559272,15330400
2022-06-06,98.19210052490234,99.58881203070167,98.12312565547396,99.2784316960796,20815400
2022-06-07,99.25254821777344,99.82157433397994,98.7869778075294,98.81284173402004,14278700
2022-06-08,98.37313079833984,99.26116064928576,98.35589037406108,98.87318861387575,11476100
2022-06-09,98.70075225830078,98.89904672596884,98.0110169272208,98.14896004675462,15527300
2022-06-10,98.0886001586914,98.81282285105245,97.39887146546518,98.59728140108118,21917100
2022-06-13,95.01067352294922,96.27805836801558,94.18299510078012,96.12286825274616,36968300
2022-06-14,93.81226348876952,95.68316837153448,93.62258595042258,95.29518979460568,21865900
2022-06-15,95.5624771118164,95.69180332849945,94.0019587431738,94.91585260620587,25202800
2022-06-16,96.32117462158205,96.32117462158205,93.21737872224053,93.50188846780904,26067300
2022-06-17,96.63159942626952,97.27822414420044,95.6659708128156,96.5712480490416,21614300
2022-06-21,94.9934539794922,95.717670291394,94.67445017859934,94.91585561589994,17663800
2022-06-22,97.60579681396484,97.69201208492768,96.8901975671466,97.15747345827596,23703800
2022-06-23,98.4076156616211,99.29564548943776,97.8472065089997,98.20069768664531,20669200
2022-06-24,97.04537963867188,98.4334670928203,96.99365179594432,97.82133016860004,18161300
2022-06-27,96.2177276611328,96.75227296790196,95.83837908072697,95.89010693764484,12053000
2022-06-28,96.66603088378906,96.71775872636756,95.5883236447173,95.9504316983727,13706600
2022-06-29,98.17484283447266,98.20070676150928,96.70915671695496,96.89021078401568,12925400
2022-06-30,99.03700256347656,99.8129466367946,98.93354028405896,99.02837906240742,25802100
2022-07-01,100.05378723144533,101.58283979570336,99.53546466343388,100.12289866473458,21858800
2022-07-05,100.83990478515624,101.7210524028213,100.3561313917532,100.97812104696544,16689700
2022-07-06,99.146728515625,101.53966107310276,99.146728515625,101.41007876938014,20205400
2022-07-07,98.2742156982422,99.49227346591653,98.0582474012731,99.43180260639836,13088000
2022-07-08,97.18572998046876,98.04960313585067,96.79698969687853,98.04960313585067,15320000
2022-07-11,98.86166381835938,99.16401815903858,98.22239282283157,98.3001448480521,13639900
2022-07-12,99.4490966796875,100.40799657005988,99.31951436650714,99.78600673945832,18547300
2022-07-13,100.58937072753906,100.77078326032472,98.00638580205693,98.28282488880092,20594800
2022-07-14,99.76870727539062,100.34750728927784,98.88755957094602,99.41452271457482,15665000
2022-07-15,100.33021545410156,100.91764939146752,99.86372321641434,100.0710509028881,16022600
2022-07-18,99.2849349975586,99.62184497708976,98.63703017679424,99.56137412411822,15838300
2022-07-19,98.74932098388672,99.47497773451924,98.1878088039166,99.26765005897909,9276800
2022-07-20,99.00850677490234,99.82054968208988,98.52473989785244,99.76007882245864,9117300
2022-07-21,100.71895599365234,100.83126370856988,99.35404158018892,99.50953899322,14754900
2022-07-22,102.41217041015624,103.03415357733611,101.9111223727788,102.187561532913,17715300
2022-07-25,101.4100341796875,101.53961642643318,100.61527273286002,100.822600373157,24868100
2022-07-26,101.48780059814452,103.00821229766508,101.41868917794056,102.67994293793792,13536000
2022-07-27,100.91761779785156,102.36028375725066,100.82259126487786,101.9456285141165,15725600
2022-07-28,101.72106170654295,102.7317916932931,101.34959599463964,101.98022628352815,16637900
2022-07-29,101.44461059570312,103.06868952611568,101.3582246105118,101.67785341480248,16655900
2022-08-01,103.88773345947266,103.93965790405667,102.19146670742728,102.33859036895088,17974600
2022-08-02,101.68952178955078,104.45028623869209,101.50777960677404,103.98294636749296,17896300
2022-08-03,103.29061889648438,103.4117803861098,100.67698398809958,101.40395292585217,16731200
2022-08-04,103.25596618652344,103.46367718806424,102.58957821429038,102.97037511431144,11003000
2022-08-05,100.7981414794922,101.35202443946854,100.29618298363684,101.3174059291193,19492300
2022-08-08,102.42515563964844,102.580935610164,101.7414550247638,101.81069203450508,17476300
2022-08-09,102.02703094482422,102.43379003666448,101.65489035046006,101.88856355772302,8223200
2022-08-10,101.36066436767578,102.909807791188,101.02314219972222,101.88858501043488,14665300
2022-08-11,98.99800872802734,101.3087395912446,98.73837322759178,101.14430993692014,20663800
2022-08-12,100.00192260742188,100.01922855895386,99.032624251509,99.6124693685011,12178400
2022-08-15,99.9153823852539,101.04046082138944,99.9153823852539,100.67697637998153,9031800
2022-08-16,100.33075714111328,100.4086438028637,98.8681570887518,99.7422559309444,11066000
2022-08-17,99.28358459472656,99.61245043376108,98.92874992912304,99.57783193447268,14131300
2022-08-18,99.43073272705078,100.07981489209088,99.17109721991264,99.49996974266163,10738200
2022-08-19,97.82965087890624,98.08927974654048,97.57001540846774,97.9940871170376,16330900
2022-08-22,97.50080108642578,97.76042999688106,97.04211079929124,97.6738870267293,10457200
2022-08-23,96.96422576904295,98.21046568956707,96.70459025133196,97.09404352789848,17813200
2022-08-24,96.25456237792967,96.8171015950828,95.94300239928506,96.48822906051043,13971600
2022-08-25,97.5959930419922,97.8729345062041,96.05550573463805,96.3411034766456,21429700
2022-08-26,98.33161163330078,98.65182123803602,96.93824822087797,97.18922742092728,18764400
2022-08-29,97.51810455322266,97.80370228996732,97.04210832531489,97.743121552125,14278300
2022-08-30,97.76042175292967,98.23641795283258,97.1113396273193,97.46617435866597,14346600
2022-08-31,96.82573699951172,98.08928268098391,96.56610812411044,97.52675014954552,13623500
2022-09-01,95.05303955078124,95.61676785012082,94.48064329280304,95.28720676927048,22490400
2022-09-02,95.59075164794922,95.88562104675675,94.9402974387136,95.12242382328807,13024400
2022-09-06,93.2230987548828,94.50666468513651,93.16238995784964,94.44595588810331,24648500
2022-09-07,94.69745635986328,94.94896609911078,93.84752666803514,93.9429271421208,17050100
2022-09-08,93.72610473632812,94.98364675744476,93.70876220400918,94.39390140717536,14671400
2022-09-09,93.93425750732422,94.359225683969,93.34451209867082,93.95160665812236,12529800
2022-09-12,93.1623992919922,94.43729077418595,92.72876309351884,94.21179809828612,14806900
2022-09-13,93.37921905517578,93.43992785937331,92.13901924077204,92.41654614806976,22158900
2022-09-14,93.7000961303711,93.847530827124,92.90220723607776,93.09300157594264,13077800
2022-09-15,93.63939666748048,93.83019764312036,93.30116098039628,93.53532160346884,10260200
2022-09-16,92.85882568359376,93.7087552731166,92.59864140072156,92.82413400476004,18903800
2022-09-19,93.0756607055664,93.5092968450103,92.6246820319202,92.7634421558258,11084400
2022-09-20,92.14766693115234,92.65935432912453,91.41048691905542,91.66199663927888,20133800
2022-09-21,93.69142150878906,93.70009608411208,91.90484276445724,92.53794781103052,23132900
2022-09-22,91.29776000976562,91.89618006591188,90.82943874999208,91.74874535017712,29030600
2022-09-23,91.670654296875,92.3037658134419,90.68196467564178,91.35843582524758,23042200
2022-09-26,89.91876983642578,91.41915345149594,89.51982547222906,91.37578720063854,25104600
2022-09-27,87.5511474609375,89.3117160177163,87.50778781033797,89.07754876077787,34609500
2022-09-28,90.4825210571289,90.58658949887256,88.87806861820934,89.44179032235434,39283100
2022-09-29,90.01419067382812,90.39579259413186,89.1555929699071,89.24231887449548,19127100
2022-09-30,88.85202026367188,90.94214911286498,88.66122596777059,90.43045515465674,26485700
2022-10-03,90.26385498046876,91.00279495589632,89.67270167361498,90.28123891630628,27192200
2022-10-04,90.01176452636719,90.97673567451892,89.80312408779815,90.54206422517346,13788700
2022-10-05,89.15108489990234,89.40318841334036,88.3078215297758,89.30756683077693,20522100
2022-10-06,88.65556335449219,89.40319190614855,88.26435519574318,89.18585625102949,13965700
2022-10-07,87.79491424560547,88.34260437166576,87.34285897625492,87.6384322999537,14814800
2022-10-10,86.43006134033203,87.37764846051655,85.89107303821838,87.3689531752233,15652600
2022-10-11,86.81256866455078,87.7166859321112,86.05623807458109,86.70824514548495,33246700
2022-10-12,87.238525390625,87.4037026009981,86.23009146046292,86.30832910797179,21447600
2022-10-13,86.40396881103516,87.26461621086845,85.49115634003496,85.50854690794337,30292500
2022-10-14,85.69112396240234,87.09946175895894,85.41293451731754,87.09946175895894,18728200
2022-10-17,85.2738265991211,86.6387010748383,85.14343049353174,86.31704187174739,18969900
2022-10-18,85.47378540039062,85.595492864021,84.21324097026489,85.15212617076216,16931500
2022-10-19,83.91763305664062,84.69134737494196,83.73507192190677,84.49140230799601,25431600
2022-10-20,82.48323822021484,83.74378919470702,82.36153076509959,83.39605076613819,25434900
2022-10-21,80.9966812133789,81.65738371374951,80.20558257630915,80.86627844411939,46280300
2022-10-24,80.3272705078125,81.32701598539022,79.84912934775745,80.6923928668225,31332600
2022-10-25,82.66580200195312,82.78751609345402,82.1007344993914,82.22244195833322,31213100
2022-10-26,83.85680389404297,84.05675565208168,83.25695525248592,83.25695525248592,24843900
2022-10-27,84.7348403930664,85.10865804743923,83.64816193646621,84.30886429519563,20270000
2022-10-28,84.15238189697266,84.8739313476791,83.81333875087137,84.20454034020088,22244100
2022-10-31,83.55250549316406,83.99587201088659,82.61361403183048,83.76984111110849,23956700
2022-11-01,84.3333740234375,84.89983908181651,83.8453458618236,84.8649789775748,17585100
2022-11-02,83.96736145019531,85.08285830394874,83.62748371034499,84.45539631037671,25010500
2022-11-03,83.51419830322266,83.99350985379623,82.86929624415214,82.93901646387103,29097500
2022-11-04,82.11109924316406,83.36603643107323,82.11109924316406,82.87800160861678,23561400
2022-11-07,81.29192352294922,82.66886809517325,81.25706340922227,82.61658124902624,14522800
2022-11-08,82.18082427978516,82.75599942543307,81.71893284680269,81.74508291382423,20360600
2022-11-09,82.45097351074219,82.80827793749201,81.64921107370293,81.76250142386557,15637500
2022-11-10,85.62319946289062,85.7800666591598,84.22011138761829,84.29854831019648,45380900
2022-11-11,85.30945587158203,85.72777056615611,85.0044382030835,85.03058162482814,15943100
2022-11-14,85.10026550292969,85.39656635466955,84.61223079288219,85.32685280942019,13741100
2022-11-15,86.47723388671875,86.53823741162581,85.50117083932015,85.62317788913428,26608200
2022-11-16,88.36835479736328,88.41192494682245,86.92169019804604,87.16570431145233,28507700
2022-11-17,87.43586730957031,87.6450213112464,86.95654912980656,87.32257029496115,24528900
2022-11-18,86.83453369140625,87.92388704125717,86.75610344168187,87.67115626622554,14941300
2022-11-21,87.20055389404297,87.86288258539781,86.97397318688049,87.74959223181658,15534000
2022-11-22,88.43804168701172,88.56004869773615,87.61012937265774,87.71470965994301,18103100
2022-11-23,89.98058319091797,89.98058319091797,88.9609500909276,89.01323692203944,23234600
2022-11-25,89.67557525634766,89.70171867472028,89.2659773048147,89.42284446393613,9486100
2022-11-28,89.92829895019531,90.46861395094122,89.49255761468531,90.29432007629129,14563200
2022-11-29,88.87381744384766,89.72786685077126,88.81281391478169,89.02196792173844,16576400
2022-11-30,89.52741241455078,89.52741241455078,88.34219552028142,88.56006617512675,21581700
2022-12-01,92.38746643066406,92.43114031788018,90.06379969395182,90.10748024588445,53156800
2022-12-02,93.54925537109376,93.55799281089652,91.38283682997474,91.98559354680312,24479500
2022-12-05,92.23892974853516,92.58835406830484,91.63617962826488,92.45731911530189,20159700
2022-12-06,93.42697143554688,93.8113388661016,92.76307253786204,93.03387322863573,21754500
2022-12-07,95.62835693359376,95.81180324017772,94.51893498676074,94.66744485232334,30546700
2022-12-08,95.36626434326172,95.61085936066654,94.75477679974968,94.95569127916892,13377300
2022-12-09,92.88536834716795,94.49271090956124,92.83295036641886,94.29179642161942,25872200
2022-12-12,93.18236541748048,94.44029019483597,92.8242103523642,94.22190084680696,16897100
2022-12-13,94.08216857910156,95.28768255963718,93.8725165817237,95.25273944928806,23854700
2022-12-14,94.4840087890625,94.62377456244828,93.3745867219534,94.04722991706733,19517500
2022-12-15,94.85265350341795,95.55319276194685,94.71254966021468,94.91395018747644,20246200
2022-12-16,93.79308319091795,94.42356712338136,93.09254400355049,93.34648929195026,20838300
2022-12-19,92.21688842773438,92.68099287584305,91.92792214550308,92.6722409781776,26126800
2022-12-20,90.57938385009766,90.90337774947302,90.28165232325703,90.52683906251544,28869000
2022-12-21,90.8070297241211,91.42000309306154,90.15903541371966,91.32367880195427,15894100
2022-12-22,90.7895278930664,91.174825094161,90.52682404125892,90.78076931644976,11322500
2022-12-23,89.4585189819336,90.02769957357795,89.3359189415882,89.82629906045865,15408900
2022-12-27,87.68965148925781,88.50402539721489,87.57581671877386,87.99613485658868,26475700
2022-12-28,87.17300415039062,88.25007516369816,86.99786603545397,88.13624039961631,17302900
2022-12-29,88.1624984741211,88.4339541674431,87.38315233194776,87.44444899433773,16593000
2022-12-30,87.18177795410156,88.04869680901189,87.01540505414756,87.45324043026231,20810200
2023-01-03,88.84552001953125,89.61610758410028,88.30260195398154,89.493514259756,25313200
2023-01-04,90.06270599365234,90.61438266236505,89.50227743049075,90.38670647081956,21678200
2023-01-05,90.43926239013672,90.44802096714776,89.12575643362428,89.20457026505014,14771100
2023-01-06,92.10304260253906,92.20812548948332,89.87883826849713,89.93137637155071,27473700
2023-01-09,92.59341430664062,92.7597938709666,91.30617735932016,91.42877739886984,21472200
2023-01-10,91.0609893798828,91.78779762563322,90.63191263033488,91.53385233443716,20545200
2023-01-11,92.54087829589844,92.57590592501325,91.68271808467895,91.9191529109945,18794000
2023-01-12,94.36226654052734,94.40604606240306,91.56011658785636,92.66346342400716,32029600
2023-01-13,93.47784423828124,94.39730111623852,93.153843684532,93.78432763732133,17750800
2023-01-17,92.87361145019533,93.39901909688956,92.51459001784572,92.53210048834552,13911700
2023-01-18,95.1241226196289,95.24671600492124,93.80186443814203,94.97526017760802,35497200
2023-01-19,94.52864074707033,94.89642748486882,94.082053541118,94.6599926762243,17194700
2023-01-20,92.99620819091795,93.90690634947124,92.91740104953004,93.66171966848304,22754100
2023-01-23,92.55836486816406,92.99620009777853,92.37447487342624,92.44453011356504,12961500
2023-01-24,93.88938903808594,94.09078950529506,92.28691047158571,92.92615285544996,16417200
2023-01-25,94.11705780029295,94.49359634060148,93.38149118815858,94.02073352155116,11906500
2023-01-26,93.6792449951172,94.26594270165488,93.2501615851091,93.81934881897791,15549400
2023-01-27,93.4428253173828,93.66174300578852,92.9174242013767,92.98747946506757,11845500
2023-01-30,93.10131072998048,93.83687760918578,92.98747594142468,93.22390409637512,11459700
2023-01-31,93.8456039428711,93.94192823034804,92.70723632488972,93.67923109427645,13705300
2023-02-01,94.9737319946289,95.3336770234704,93.42858528798456,94.42064279020404,25305800
2023-02-02,95.09667205810548,96.0009321800682,94.8947467085098,95.62342481188692,19548400
2023-02-03,93.6744155883789,94.03436736472077,93.1301074165768,93.73586995287344,20619500
2023-02-06,92.98086547851562,93.33202946109743,92.77894016030982,92.840394527064,15182400
2023-02-07,92.23463439941406,93.26180991400405,92.18196113641817,92.47167747894416,18290300
2023-02-08,92.67359924316406,92.69116146343758,91.64643039197225,92.2170819864203,13530700
2023-02-09,91.79568481445312,93.60421189333664,91.64643941755271,93.47252202041416,20469900
2023-02-10,90.76851654052734,91.69033895984953,90.53148012591534,91.65522121360604,16598300
2023-02-13,91.53230285644533,91.67276712867071,90.93531462893216,91.04944226874184,13134300
2023-02-14,91.32158660888672,92.0327090979822,90.54901644942645,91.47961308446084,15440300
2023-02-15,90.46998596191406,91.26011146186048,89.987125535927,90.9089475498942,15246900
2023-02-16,89.18824005126953,89.74133611138619,88.95998477689616,89.60964625430964,19267300
2023-02-17,89.8818130493164,89.8818130493164,88.64394429357641,88.7580719468495,19560900
2023-02-21,88.13475799560547,88.84587403542739,88.03818585463877,88.67907309032448,22728000
2023-02-22,88.9424057006836,89.27602083512086,88.6263527828078,88.66147051790769,15165400
2023-02-23,89.81156158447266,90.06615346227957,89.08288359482216,89.14433796153826,15829100
2023-02-24,88.6439208984375,89.37259887969996,88.28396911322706,89.05654594079151,21403600
2023-02-27,88.88975524902344,89.28481814869806,88.59126447114036,88.92487299313171,14209200
2023-02-28,89.29361724853516,89.30239836083749,88.0381861103478,88.2927847829062,14955700
2023-03-01,88.33428955078125,88.9151431829506,87.9734508418585,88.73032581296364,19000000
2023-03-02,87.551025390625,87.70063851390053,87.0229680139586,87.18138388405282,23763600
2023-03-03,89.67204284667969,89.68084559468232,88.51032854791694,88.82716033071854,30877300
2023-03-06,88.97673797607422,90.0680432844888,88.87992793025641,89.96243720870696,16631900
2023-03-07,89.52243041992188,90.09448818314468,88.78315401595701,89.29360597172686,23096500
2023-03-08,89.61042022705078,90.6225211925254,89.25838423281681,90.12087208296364,20252400
2023-03-09,89.83045196533203,90.22648830671028,89.17918966735469,89.37280982163877,21550400
2023-03-10,92.92835998535156,93.01637403507738,91.52902522649742,91.55542675560346,43921500
2023-03-13,93.13957977294922,96.01746041099706,92.44431045404734,95.225381015126,51502500
2023-03-14,91.60820770263672,92.94594304704472,91.30898149228588,92.53230128547814,38417800
2023-03-15,93.37718200683594,94.79412189548808,92.7171170915456,93.97564113194696,45164100
2023-03-16,92.64674377441406,95.07578546612406,92.44432755024744,94.50372764583868,43089300
2023-03-17,94.03726959228516,94.81175024356574,93.69403629075096,93.86125492491912,38129000
2023-03-20,93.20996856689452,94.13405540411252,93.04274997583856,94.06364686950712,24242800
2023-03-21,92.4090805053711,92.7787152159061,92.0042415298527,92.47948903533786,18934900
2023-03-22,93.6412353515625,93.6852356621347,91.91626605714656,92.10988622434628,26388500
2023-03-23,93.6412353515625,93.77324971233772,92.25069661851836,92.72594428859152,25475100
2023-03-24,94.03726959228516,94.54772152798752,93.51802162338493,94.24848853603024,23652700
2023-03-27,91.82825469970705,93.07798307522604,91.81945866605224,92.45312224473128,22224500
2023-03-28,91.9954605102539,92.12747485648582,91.54661441887686,91.74023456474652,17794300
2023-03-29,91.81063079833984,91.9250396353152,91.17696739303206,91.26497470720756,16804400
2023-03-30,92.23307037353516,92.4530920044696,91.76661887575116,91.9338374639101,14315800
2023-03-31,93.61481475830078,93.78202664767048,92.47950223007946,92.71712265946162,25396700
2023-04-03,94.05509948730467,94.4962584968432,93.26101192382488,93.41982943652084,18234800
2023-04-04,94.52274322509766,95.11390151558088,93.30514657261566,93.33161504069407,18052400
2023-04-05,95.51091766357422,95.6167982404629,94.76977382000862,95.08740208757123,23047700
2023-04-06,95.7579574584961,96.05794903502988,95.63443349508545,95.66090195416614,16447300
2023-04-10,94.21390533447266,95.07857984798753,94.01979431726208,94.97269927544956,19134400
2023-04-11,94.40801239013672,94.4874177675446,93.9756785172966,94.45213097639744,13971200
2023-04-12,94.31094360351562,94.55799149606035,93.4198007926505,94.45211767442704,20563000
2023-04-13,93.56981658935548,94.75211935181404,93.4198174294118,94.45213449502954,22079400
2023-04-14,92.71395111083984,93.12864153184272,92.4404280299261,92.98746746020336,19801900
2023-04-17,91.61105346679688,92.28161010911984,91.50517291359051,92.13161770740682,19528800
2023-04-18,91.9375,92.2816033583102,91.58457831156367,91.5933966416898,15922600
2023-04-19,91.8493194580078,91.97284346235196,91.30228650492744,91.68168358442836,16093900
2023-04-20,92.63455200195312,92.89042499401558,92.4227975963519,92.49338464206936,16450100
2023-04-21,92.11400604248048,93.04926102418769,91.99930038744296,92.90809363617174,15244700
2023-04-24,93.005126953125,93.07570726450383,92.50219932091365,92.60807988530829,17034300
2023-04-25,94.37274169921876,94.5227341583113,93.7727651312958,93.8168837282302,21899900
2023-04-26,93.36687469482422,94.6197644272864,93.23452567090476,94.222724087079,19610400
2023-04-27,92.44044494628906,92.88160390356772,92.29927758036663,92.81984191881077,20247600
2023-04-28,93.93154907226562,94.19624709612768,93.40215975609183,93.71096962956402,26954100
2023-05-01,91.22309112548828,93.24869926820234,90.9665723564766,93.1160162154666,32487300
2023-05-02,93.49637603759766,93.49637603759766,91.8953522225423,91.99265268353314,30057800
2023-05-03,94.0182647705078,94.292471490717,93.12487265982035,93.7617459764078,23656200
2023-05-04,93.08948516845705,94.15978347817072,93.00987938233636,93.07179724327712,25110500
2023-05-05,92.77989196777344,92.78873930426224,92.08994818953654,92.30223702548471,15096500
2023-05-08,91.47959899902344,91.87764810982196,91.3911458905814,91.56805210746546,20587000
2023-05-09,91.15234375,91.6742219393256,91.1081138108695,91.55038620800964,19182500
2023-05-10,92.03690338134766,92.2049623303453,91.67423671792828,91.70077198626775,22886800
2023-05-11,93.00988006591795,93.33715729820707,92.62952556061762,93.14256312563498,19147200
2023-05-12,92.23147583007812,93.09833263297826,92.21378790487395,92.92142638677367,14198500
2023-05-15,91.27616119384766,91.5238326068578,91.21424334059512,91.4530674178435,20085300
2023-05-16,91.001953125,91.01964779756406,90.32085669916968,90.57737546302636,29251700
2023-05-17,90.73658752441406,91.24962501679478,90.5331392951804,91.17885982849266,21340900
2023-05-18,90.06434631347656,90.4535481636078,90.00242845082305,90.40047088951845,25536600
2023-05-19,89.42745208740234,90.09970783072436,89.27708113450669,89.56898245380248,29038000
2023-05-22,89.1090316772461,89.96704112071947,89.04711381784804,89.5601513663122,20131100
2023-05-23,89.36556243896484,89.56016337990262,88.70215382133593,88.83483689457,21749500
2023-05-24,88.92327117919922,89.65744484674438,88.92327117919922,89.58667965621328,18473400
2023-05-25,88.70214080810547,89.16210782803097,88.48100463467141,89.073647959825,22492800
2023-05-26,89.41863250732422,89.48939771248934,88.4544818939797,88.5606297017274,17030300
2023-05-30,90.31201934814452,90.43585507562364,89.56015764600969,89.69284071074901,23125200
2023-05-31,91.0992660522461,91.26733172191568,90.1085802062978,90.21472126205444,23787000
2023-06-01,91.4566650390625,91.90897686548942,91.02208137864758,91.59856479838987,21040400
2023-06-02,90.45448303222656,91.41233193259028,90.4101423107973,91.350249509408,19136500
2023-06-05,90.28595733642578,90.85356986940144,89.76268551499425,89.88685033367797,14433200
2023-06-06,90.81810760498048,90.88019002414192,89.92234118581437,90.32144148521274,14332100
2023-06-07,89.47002410888672,90.844714971152,89.38133590375135,90.614120224619,25251100
2023-06-08,90.51658630371094,90.5875395941121,89.39910242904458,89.46118486652604,23845100
2023-06-09,90.39239501953124,90.70280711624795,89.87799396412855,90.1085887073222,22147400
2023-06-12,90.65847778320312,90.72943106178532,89.6828938853674,90.67621271961012,19010300
2023-06-13,89.76270294189453,90.7560284506878,89.54984989232328,90.56091033588228,25910800
2023-06-14,90.48109436035156,90.7205599833481,89.98443494447291,90.13520558622508,29094200
2023-06-15,91.35025787353516,91.90899973333468,90.9954982372357,91.3768636621241,25732000
2023-06-16,90.99549102783205,91.19948000164769,90.4899607852626,90.85359124444103,16759100
2023-06-20,91.62518310546876,91.93560198147794,91.44780669044336,91.44780669044336,17162900
2023-06-21,91.84690856933594,91.92673269398831,90.7648948264426,91.1817368519648,19720100
2023-06-22,90.7383041381836,91.57198832794332,90.640745062085,91.1728879377056,23630700
2023-06-23,91.6429443359375,92.19281539957946,91.3325321602561,92.08639223447608,22901900
2023-06-26,91.74047088623048,92.05975380128734,91.49214123373636,91.9001123437589,12894900
2023-06-27,91.5009994506836,92.19277680013263,91.13737584469312,91.8734939055446,18105700
2023-06-28,91.89126586914062,92.09524809502189,91.19948829184358,91.7138894321589,23826800
2023-06-29,90.23275756835938,90.76489358166307,89.97555702919266,90.61412295174772,41091600
2023-06-30,91.29705047607422,91.4034736353022,90.3480722962519,90.51657788718872,32024900
2023-07-03,90.77948760986328,91.82885889867484,90.7616978609268,91.45534880382232,16011800
2023-07-05,89.91687774658203,90.70835204022733,89.58783520351523,90.61052876485074,28170300
2023-07-06,88.64514923095703,89.2676545855735,88.45839762457209,89.10758081084363,41375700
2023-07-07,88.11156463623047,88.57399617619244,88.03152436337616,88.20049299566944,28996500
2023-07-10,88.2271728515625,88.5117476791831,87.90702532238944,87.91592019397733,24665200
2023-07-11,88.68072509765625,88.9030494157772,88.2983269990962,88.54732914982372,20485500
2023-07-12,89.6678466796875,89.92574370595202,88.72518694597586,89.01865667773892,31928000
2023-07-13,90.61051177978516,90.68165720032307,89.84571547100434,90.09471765808634,32441500
2023-07-14,90.07691955566406,90.65496412697848,90.03245197910157,90.45931764578286,18569000
2023-07-17,90.12136840820312,90.2547643354188,89.7478652398382,90.02355196536358,18822000
2023-07-18,90.53044891357422,90.77055614902817,90.3259075920554,90.53044891357422,15407400
2023-07-19,91.55314636230467,91.57983097821692,90.46820944985092,90.70831671466628,27192500
2023-07-20,90.44153594970705,90.98400786500642,90.06803269862228,90.9039743618312,56951200
2023-07-21,90.46820068359376,91.0195605659656,90.37926554210269,90.85059872368971,20657500
2023-07-24,90.13917541503906,90.841721100457,90.0858197478529,90.69943027489388,17546700
2023-07-25,89.97022247314453,90.26369226353587,89.64118675494922,89.66786459320276,17160600
2023-07-26,90.05911254882812,90.43262247988072,89.75675479751702,90.42372760931325,19310700
2023-07-27,88.30720520019531,89.75675703815759,87.96037987218718,89.56111058957896,44794400
2023-07-28,88.76077270507812,88.80524028969087,88.17383994003457,88.39616429349668,27434000
2023-07-31,88.97418975830078,89.2231918948461,88.59179168152066,88.61846951260776,28663800
2023-08-01,87.51618957519531,88.21175225567121,87.30217185893363,88.1404107490838,34943400
2023-08-02,86.5798568725586,86.71362050559101,85.97347443601345,86.53527353054845,38121300
2023-08-03,84.58233642578125,85.00145927248204,84.30589659221286,84.88553442693735,59394800
2023-08-04,86.0804672241211,86.21423083745655,84.83201817215668,84.84985694913473,42071800
2023-08-07,85.23331451416016,85.7861941731697,85.16197300864266,85.70594008208785,35862900
2023-08-08,86.22315979003906,86.82954900805545,86.00022267758452,86.37475539366798,24010500
2023-08-09,86.66905212402344,86.75822562693747,86.35693465857106,86.3926054204371,20151100
2023-08-10,85.2422103881836,86.82060857168989,85.2422103881836,86.53524940906432,37253200
2023-08-11,85.04605102539062,85.49192524462167,84.89444862019157,84.9836289068383,26753500
2023-08-14,84.85879516601562,85.54543855502286,84.62693863835669,84.9033785113529,19072000
2023-08-15,84.34156036376953,84.89443998513937,84.32372158685439,84.53774608883624,24125000
2023-08-16,83.68168640136719,84.5288516640278,83.57468092227464,84.0740579673785,23076700
2023-08-17,83.3249740600586,83.4765696577418,82.95043455516414,83.37847678782903,32244900
2023-08-18,83.6192398071289,83.99377928488371,83.2001237974628,83.31604863373215,24181700
2023-08-21,82.50454711914062,82.71857160290709,82.24594610738008,82.62939813642076,29254100
2023-08-22,83.1377182006836,83.18230154495153,82.45106802464433,82.61158303171183,21308700
2023-08-23,85.19761657714844,85.2065359633673,84.02942871191333,84.09185080844883,38294700
2023-08-24,84.63585662841797,85.20657514590323,84.61801784777703,84.83203559095865,22300800
2023-08-25,84.91230010986328,85.17090801214967,84.27915944019732,84.4129230866905,23865200
2023-08-28,85.00146484375,85.30466286477868,84.61801272519963,85.29574347499816,16037300
2023-08-29,85.88428497314453,86.06263873264115,84.66259403721897,84.68934540026838,28478100
2023-08-30,85.79508209228516,85.96451640486498,85.50080359259321,85.75049877031536,17550100
2023-08-31,86.17855072021484,86.54417077002572,85.99128440329925,86.08937725551682,26959700
2023-09-01,84.83604431152344,85.70363596008055,84.63033078440841,85.68575049751276,32469700
2023-09-05,83.64643096923828,84.33514045955451,83.61959937266333,84.32619431939435,29435900
2023-09-06,83.85216522216797,84.17415808253362,83.59278170554526,84.15626579923182,23636300
2023-09-07,84.08470916748047,84.13837236448587,83.78954793613873,84.07576302667756,18091500
2023-09-08,84.4067153930664,84.88075857226303,84.2278266681479,84.415654711382,17052100
2023-09-11,83.79850769042969,84.05789122460398,83.67328899447067,83.80744700877881,17061500
2023-09-12,84.281494140625,84.29043345866938,83.7001177441152,83.97738672944315,20034300
2023-09-13,84.26358795166016,84.54980303170859,83.91476353609819,84.004204469131,23332300
2023-09-14,83.6553955078125,84.26360351826213,83.5391229557806,84.02211227207064,27800600
2023-09-15,83.14557647705078,83.61068034355368,83.14557647705078,83.592788058892,25642900
2023-09-18,83.6196060180664,83.65538375764484,83.02034423391629,83.0471758326236,17963400
2023-09-19,83.00247192382812,83.56595605765675,83.00247192382812,83.25290931664085,24941800
2023-09-20,83.26183319091797,83.71799082830472,83.21711613558571,83.44072188396468,29451200
2023-09-21,81.1241683959961,81.72343702928869,81.1152290786546,81.65188154711846,59958700
2023-09-22,81.77709197998047,81.9380883866703,81.09732861574494,81.22254728495864,29524500
2023-09-25,79.76463317871094,80.53383740593024,79.73780158397854,80.19395916614465,45587900
2023-09-26,79.48738098144531,80.15819828642594,79.34427001424099,79.98825571884744,38104100
2023-09-27,79.07594299316406,80.15819403560518,78.78972107393388,80.08663855579763,47111200
2023-09-28,79.31745147705078,79.36217536764455,77.90426115074203,78.36936504684985,60238000
2023-09-29,79.32637786865234,80.04191217264008,78.82549634956442,79.84513802127402,49010100
2023-10-02,77.99844360351562,78.89569936481432,77.801046240747,78.79700068343,44704300
2023-10-03,76.3205795288086,77.74721987349842,76.16804767899511,77.44214932835267,71362600
2023-10-04,77.39727783203125,77.44213650927624,76.59872081458334,76.95761761461385,56281600
2023-10-05,77.01146697998047,77.33447961571865,76.84098618736351,77.26269750877273,35758800
2023-10-06,76.07831573486328,76.88584727759658,75.4233160264468,75.54893128359218,62787900
2023-10-09,77.86387634277344,77.8818252966699,76.22189618277503,76.71538973212543,29424900
2023-10-10,77.75619506835938,78.21379062203538,76.73331710383003,77.02941317657488,54743900
2023-10-11,79.38020324707031,79.38020324707031,78.5995884183567,78.82390231615197,58517700
2023-10-12,77.22679901123047,79.12898358883065,77.10118375894268,79.00336833654288,66986700
2023-10-13,78.60858917236328,78.80598656370204,78.21379438968577,78.59961469670628,44183800
2023-10-16,77.34344482421875,77.49598350808425,77.07427219987395,77.33447719527005,38309800
2023-10-17,76.4910659790039,76.83202075886355,75.81812404956986,76.16805330523401,52949100
2023-10-18,75.81812286376953,76.01552025526597,75.2349051649444,75.71044969235716,63724600
2023-10-19,74.2658462524414,75.88090914137979,74.23892967854532,75.26180055970053,87696900
2023-10-20,74.68756866455078,74.95674813479064,74.2658573557502,74.46325472119032,52188800
2023-10-23,75.58483123779297,76.1411323317597,73.95182585704038,74.30175509252172,70890400
2023-10-24,76.58075714111328,76.58075714111328,75.45021327096656,75.76425817888024,46267700
2023-10-25,74.8759994506836,75.48613371477933,74.5888778467279,75.38743502165215,60737200
2023-10-26,76.02447509765625,76.10522482122258,74.83112342671501,74.90290552245224,49704100
2023-10-27,75.70146942138672,76.23982149751482,75.13619392276186,75.53996311399648,32362300
2023-10-30,75.36050415039062,75.8181064730677,74.68756237696103,75.19899785094681,45026900
2023-10-31,74.99263763427734,76.0603673276106,74.96572105691439,75.70147050208038,37269200
2023-11-01,76.61863708496094,76.63664766215618,75.64627198709509,75.66428256429033,72308500
2023-11-02,78.36529541015625,78.60838326023777,77.62701970191605,78.04117369736565,69739400
2023-11-03,78.89649200439453,80.17497516799573,78.85147929682438,79.95888944317629,77692300
2023-11-06,78.13121795654297,78.50935772308839,77.9691570753058,78.39231642459306,41341900
2023-11-07,79.2836685180664,79.67981896865415,78.8605090583978,78.87851964380218,37834200
2023-11-08,80.63414764404297,80.6881725136226,79.63477341961304,79.66178928891459,53893400
2023-11-09,78.77945709228516,80.15697107154078,78.09519931307129,80.07594406994858,88975100
2023-11-10,79.22062683105469,79.61677718975075,79.02255165170666,79.43671259162933,36516400
2023-11-13,79.04054260253906,79.17559445210091,78.2392436625672,78.527351069422,25661500
2023-11-14,80.83222198486328,81.16534901263536,80.39105895707472,81.03029714359135,65666800
2023-11-15,79.6977767944336,80.2559878471099,79.50870697070978,80.13894658547758,56205300
2023-11-16,80.68817138671875,80.99428254429313,80.35504436022012,80.40006393940382,49473900
2023-11-17,81.06629943847656,81.41743012462265,80.7061634639871,81.17434229153012,44091400
2023-11-20,81.56150817871094,81.6245383495649,80.67918195310155,80.68818724451279,40477800
2023-11-21,81.52550506591797,81.7505892799387,80.9312794437712,81.48048547550378,27721000
2023-11-22,81.81359100341797,82.21873973417068,81.3724211146159,82.03867515806354,31197500
2023-11-24,80.8502197265625,81.26437368858626,80.84121443831654,81.12031655274028,20199600
2023-11-27,82.20072174072266,82.2367291544687,81.21935142510178,81.3003852785856,39804400
2023-11-28,82.36278533935547,82.40779804255784,81.74155096157091,81.84959381349675,44989300
2023-11-29,83.39817810058594,83.46120138881908,82.63289335231978,82.93000608357167,61647800
2023-11-30,82.4348373413086,83.09208624467297,82.07470810721699,82.80397873598478,60520900
2023-12-01,83.98738861083984,84.05061144885362,82.30745961130536,82.47003360773684,64172200
2023-12-04,83.65321350097656,83.84288201455311,83.17451842487667,83.53579473725833,33766300
2023-12-05,85.4505386352539,85.45957243636249,84.51122315232762,84.56541217743661,73588600
2023-12-06,86.58859252929688,86.75116656323338,85.68540498315504,85.87507354095193,61606100
2023-12-07,86.09182739257812,86.77825178347011,85.85699672634102,85.96538170093662,47970200
2023-12-08,85.3873291015625,85.54990309296916,84.81832357702537,85.27894414370063,44809200
2023-12-11,85.2066879272461,85.29701217129796,84.47510840767801,84.90864135050096,33909700
2023-12-12,85.45958709716797,85.5318368461175,84.80929112121515,85.03508795226698,36996900
2023-12-13,87.46466827392578,87.59112085488094,85.8208674107884,85.95634690477561,70828500
2023-12-14,89.73988342285156,89.73988342285156,88.27200321001749,88.48947155390167,87798600
2023-12-15,89.83953857421875,90.02075524864956,89.32306344782062,89.42273469264947,59941300
2023-12-18,89.12374114990234,89.25059423333815,88.81566443800494,89.25059423333815,34746000
2023-12-19,89.60397338867188,89.93923192303427,89.3955748531565,89.5767915721242,30018400
2023-12-20,90.21104431152344,90.3288413839592,89.32307283532789,89.8033032947156,51229400
2023-12-21,89.6402359008789,90.46478112264975,89.47713805625732,90.37417274518802,65231200
2023-12-22,89.23246765136719,90.047949713887,89.01499931591952,90.047949713887,29244200
2023-12-26,89.4861831665039,89.58585443577716,89.23247699489006,89.2868406279574,24019700
2023-12-27,91.07185363769533,91.08997254439,90.1566933076829,90.41039947925672,45082800
2023-12-28,90.41039276123048,91.12621049953836,90.21105023752774,90.69128072846202,36213000
2023-12-29,89.59490966796875,90.44664344795277,89.5224271288225,89.82143402111559,41616200
2024-01-02,89.07843780517578,89.38651453191227,88.79754980874905,89.00595526327447,47797400
2024-01-03,89.44994354248047,89.56773372517017,88.02737078795049,88.23576933524575,58159500
2024-01-04,88.0907974243164,88.47135670383292,87.95488142078192,88.27201415371233,52604500
2024-01-05,87.24812316894531,88.50759805522345,87.1756337147628,87.43840280144329,45894800
2024-01-08,88.10888671875,88.23573976928698,87.0668735925053,87.19373355601506,39485800
2024-01-09,87.54713439941406,88.0454838280204,87.51994567016676,87.56525330593763,34374000
2024-01-10,87.13937377929688,87.93674381019044,87.09407306307024,87.81894673945916,48227800
2024-01-11,87.6286849975586,87.73741918201344,86.72258753269337,87.13939153697437,78858900
2024-01-12,87.4565200805664,88.13609314668437,87.22999572519375,87.69210734578688,38883900
2024-01-16,85.91615295410156,86.79506851528927,85.63526497956813,86.64103362041445,61716700
2024-01-17,85.78022766113281,86.07924142202826,85.31812302662925,85.7168011281829,55506800
2024-01-18,84.98287200927734,85.69868975142599,84.72916585519413,85.58995557982993,77339100
2024-01-19,85.25469970703125,85.32718915700515,84.50264413071896,84.91038518911688,47030900
2024-01-22,85.76213836669922,86.15176060732988,85.52655105741705,85.91617329804771,35756400
2024-01-23,85.08252716064453,85.16407258916966,84.65666037708554,85.07346425315077,35786700
2024-01-24,84.58421325683594,85.66247165989276,84.35768884698209,85.63528983678651,54574900
2024-01-25,85.13687896728516,85.3724661386259,84.78350166676003,85.1731236792585,57019400
2024-01-26,84.97381591796875,85.23658500234524,84.71104683359228,85.10973191512552,29276900
2024-01-29,85.95238494873047,86.23327288166297,85.28187492513032,85.45402870032765,38243600
2024-01-30,86.73164367675781,86.84037093975545,85.84366518875497,86.51418223778805,40151400
2024-01-31,87.58338928222656,87.80991366140098,86.98536160297787,87.18470416272744,80646700
2024-02-01,89.3014144897461,89.69229026660093,88.34695522199625,88.55602427983884,84291200
2024-02-02,87.32884216308594,87.82880187838467,86.98341986401694,87.5106419130768,63823300
2024-02-05,85.56538391113281,86.21987432506629,85.46539193482529,86.01989037245126,53827400
2024-02-06,86.40164947509766,86.49254934707716,85.6380752929954,85.66534456106768,33411500
2024-02-07,85.9834976196289,86.56527205803623,85.9198670156928,85.96532041931103,40120200
2024-02-08,85.48356628417969,85.71991155885115,85.1381439098271,85.46538214408788,50087700
2024-02-09,85.31084442138672,85.45628978896261,85.1381367164114,85.2290366035379,27951300
2024-02-12,85.41080474853516,85.57442725885706,84.99265987442679,85.35626622349928,27890300
2024-02-13,83.94731903076172,84.59271719687513,83.92914182878255,84.41091743621817,49768500
2024-02-14,84.37457275390625,84.58364876163132,83.83825849943996,83.90188912175321,44191600
2024-02-15,84.81088256835938,85.19266621487851,84.53817600072222,85.04722086274774,49598500
2024-02-16,84.32001495361328,84.40182276281928,83.93822437167034,84.06549252246207,33116800
2024-02-20,84.39273071289062,84.71089068711508,84.28365363392554,84.34728424172721,24469300
2024-02-21,83.79278564453125,84.44727585662112,83.63825515979228,84.38364524906882,36343100
2024-02-22,84.20183563232422,84.32001171025317,83.8745905376555,83.92913601024418,45190700
2024-02-23,85.32901763916016,85.44718678377913,84.31092100207994,84.31092100207994,38406700
2024-02-26,85.07451629638672,85.47448420253687,84.71091667467012,85.44721492442994,27855000
2024-02-27,84.47455596923828,84.96542369131245,84.40183328406796,84.75634770525204,30242000
2024-02-28,85.0108642578125,85.08358693792682,84.4472808249677,84.61090338761669,34574200
2024-02-29,85.6108169555664,85.71990097699887,85.24721048600809,85.28357182648557,51038600
2024-03-01,86.14427185058594,86.18074744809768,84.8129438479474,85.2050478249375,45832800
2024-03-04,85.79776000976562,85.86159752529359,85.42389729758632,85.44213161844496,23864200
2024-03-05,87.0196533203125,87.2476205555688,86.60019444228188,86.83728231491064,37721900
2024-03-06,87.53030395507812,87.69444065447053,87.0014252188212,87.07436945198906,40571600
2024-03-07,87.44823455810547,87.9041690375982,87.06525126501352,87.86769344439782,39075000
2024-03-08,87.29322814941406,87.58502597024858,87.06526088448058,87.3570587053151,25023200
2024-03-11,87.24764251708984,87.54856101305569,86.96496530046055,87.50296477172401,17787900
2024-03-12,86.51813507080078,86.81905353432626,86.34488467783885,86.66403746172547,29566000
2024-03-13,86.09867858886719,86.39047642203288,85.90718691307181,86.17162978641089,38270100
2024-03-14,84.77644348144531,85.48770003259541,84.67613735684651,85.46946571767147,58365600
2024-03-15,84.74911499023438,84.97708226149538,84.61233323607597,84.85853482795389,34997700
2024-03-18,84.4937744140625,84.7946858594656,84.34787205276979,84.5576049578762,29519500
2024-03-19,84.7308578491211,85.05001057773227,84.52113189475135,84.66702730339885,26953100
2024-03-20,84.70350646972656,85.5241899186549,84.15638648944368,84.89499811497518,43460100
2024-03-21,84.8858642578125,85.19590327112738,84.55759788637162,85.0500009220364,34276600
2024-03-22,85.69743347167969,85.90715940119144,85.51505553622722,85.88892508614963,30262300
2024-03-25,85.26887512207031,85.48772174176683,85.07738346020979,85.4512461456493,24011800
2024-03-26,85.50594329833984,85.59713575352616,85.05912948735862,85.26886239447657,34423000
2024-03-27,86.35397338867188,86.35397338867188,85.66095810320448,85.70654736942879,50157800
2024-03-28,86.2810287475586,86.64577070358926,86.00746532352872,86.16248135054245,34540400
2024-04-01,84.67269134521484,85.35885575812574,84.59034798605235,85.34970494487982,48945400
2024-04-02,84.20606231689453,84.35244036738594,83.56563827843013,83.77606501478816,43086300
2024-04-03,84.18775939941406,84.21521182722876,83.30032634069731,83.49245145526623,45494400
2024-04-04,84.7916030883789,84.8647956162468,84.20607682548307,84.74585601345557,47957400
2024-04-05,83.61140441894531,84.33416496693341,83.6022536074451,83.88587292375944,42495900
2024-04-08,83.6022720336914,83.79439723739678,83.37355055594327,83.46504473106297,37879800
2024-04-09,84.3799057006836,84.49883832114881,84.02309387924093,84.05054631167768,32522000
2024-04-10,82.54100036621094,83.52907873382836,82.38547145094475,83.43758456717772,74368900
2024-04-11,82.16587829589844,82.74226072473908,81.89141678790044,82.6873628391206,65751200
2024-04-12,82.60502624511719,83.2088471450094,82.59587543420294,82.92523482688,47900100
2024-04-15,81.32418823242188,81.66269844972597,80.98567801511778,81.62610218461008,55993100
2024-04-16,80.78440856933594,81.04057544367201,80.31781491678163,80.55568714867533,45103200
2024-04-17,81.68099212646484,81.77247929816087,80.93078615051928,81.30589262850395,57947000
2024-04-18,81.26929473876953,81.67183968218761,81.04971715506115,81.64439422922997,43839500
2024-04-19,81.56204986572266,81.78162044785837,81.34247928358694,81.78162044785837,44826800
2024-04-22,81.42483520507812,81.53462401254552,81.10462657499566,81.13207203185635,24969000
2024-04-23,81.4522476196289,81.918841137054,81.01310652795266,81.1777861823367,27222700
2024-04-24,80.87590026855469,81.08632007852718,80.05250171208272,81.02227835635847,48986800
2024-04-25,80.30867004394531,80.41845884678928,79.90611808020846,80.01590688305242,49282600
2024-04-26,80.72950744628906,81.0680176481077,80.55568391997012,80.7386582571554,31589800
2024-04-29,81.40653991699219,81.44312920583411,80.94909702619773,81.11377674608471,39228600
2024-04-30,80.71121978759766,81.17781346181971,80.6014309877736,80.89419414061359,41054700
2024-05-01,81.30614471435547,81.90290532393765,81.0123558456429,81.34286919850443,59679500
2024-05-02,81.65502166748047,81.7192877619339,80.81955543510678,80.98481210719834,58925400
2024-05-03,82.4813003540039,82.7383717435603,81.95798871167409,82.56393219462396,50066100
2024-05-06,82.80261993408203,82.85770314626443,82.32520874690908,82.50883112831316,23868200
2024-05-07,83.30757904052734,83.76662456070467,83.1882297268936,83.45447696913389,30525800
2024-05-08,82.80261993408203,83.05050139338047,82.77507832799083,82.91278635844682,31171700
2024-05-09,83.2065658569336,83.33509800730033,82.46291455774364,82.508821899079,39606700
2024-05-10,82.73837280273438,82.97707144651655,82.59147486396449,82.885263737025,21913800
2024-05-13,82.94950866699219,83.18821425434052,82.91278419167111,83.13313104359763,23157500
2024-05-14,83.41777038574219,83.47285361854935,83.01380799987565,83.22497206643688,25746400
2024-05-15,84.55619049072266,84.70308843162039,84.12468654493472,84.34503345628133,65142900
2024-05-16,84.47355651855469,84.84997019356625,84.40929042748058,84.82242858374572,37902400
2024-05-17,83.90434265136719,84.28076335367257,83.85843529589809,84.13386541975466,24755000
2024-05-20,83.65645599365234,83.84007139526749,83.55546542142044,83.61973151243359,17922800
2024-05-21,84.08795166015625,84.25320832098846,83.94106074190455,84.2164908447844,15334400
2024-05-22,84.1889419555664,84.26239091669127,83.78498667833654,83.7941625451183,38073700
2024-05-23,83.64727783203125,84.28076291088583,83.38103058156308,84.28076291088583,51294700
2024-05-24,83.8951644897461,83.97779633333411,83.45448467220804,83.51875077078564,19164400
2024-05-28,82.69244384765625,83.87678190285888,82.6557193725557,83.84924029765281,45973700
2024-05-29,81.69175720214844,82.07735382103364,81.41632704324192,82.02226358656439,45508400
2024-05-30,82.4813003540039,82.6006566788463,82.11406952073882,82.26096045314902,29548600
2024-05-31,83.04132080078125,83.23412605766305,82.85770541881877,83.06886941210567,41308800
2024-06-03,84.38448333740234,84.44896901622238,83.47246958597279,83.50010530140825,42272100
2024-06-04,85.37017822265625,85.48994233439483,84.74374303984246,84.93720003371594,42581500
2024-06-05,85.99664306640625,85.99664306640625,85.11226492006533,85.67421463207562,43153900
2024-06-06,85.86766815185547,86.07033945319534,85.54523973082041,85.60051116630858,22891900
2024-06-07,84.29236602783203,84.59637296917757,84.20024462911248,84.59637296917757,35240500
2024-06-10,83.73040008544922,83.88700713567664,83.50930736580987,83.83173571286952,20586500
2024-06-11,84.59635925292969,84.6332092121252,83.7580384951569,83.85937412584177,30329200
2024-06-12,85.23200988769531,86.19930208113098,85.20437417275345,85.69262387915768,42554600
2024-06-13,86.48489379882812,86.58622945479732,85.62815136189674,85.87688689142578,33093800
2024-06-14,87.21265411376953,87.36926118881925,86.8165257879066,86.9823471110216,28776700
2024-06-17,86.34668731689453,86.42038020146224,85.93213057769972,86.15322328822396,31040200
2024-06-18,87.13893127441406,87.1481455200566,86.34668185940828,86.4940746476384,26881000
2024-06-20,86.55857849121094,86.59542845311101,85.98741462437714,86.05190732901096,30246300
2024-06-21,86.55857849121094,87.03762096750033,86.21772161494393,86.81652119609988,22596400
2024-06-24,86.90863037109375,86.90863037109375,86.35589507710618,86.64148048458806,56939100
2024-06-25,87.05604553222656,87.10210974334379,86.63228149791297,86.65991721321858,22890200
2024-06-26,85.81236267089844,86.10715525723246,85.77551271905547,85.93211974308082,38489100
2024-06-27,86.15322875976562,86.32826430710276,86.0611073768975,86.15322875976562,23140800
2024-06-28,84.55029296875,86.38353446609958,84.55029296875,86.34669153622067,55119600
2024-07-01,83.09104919433594,84.17231236254207,83.00787130790762,83.56236469795441,49735400
2024-07-02,83.73796081542969,83.92278960366829,83.24815818090772,83.80265159638984,34204700
2024-07-03,84.83771514892578,84.92088599233095,84.18155670292957,84.25549104202304,35563300
2024-07-05,85.54007720947266,85.69718945557922,84.93013648901581,85.2720704964288,34895500
2024-07-08,85.72490692138672,85.80807776562203,85.2258607036747,85.52159101223367,16095700
2024-07-09,85.34601593017578,85.65098985541167,84.90242390325827,85.45691746228923,30289800
2024-07-10,85.61402130126953,85.65098847804622,85.26284369804316,85.43842897427233,23572500
2024-07-11,86.44575500488281,87.00024848991083,86.38106421580899,86.57513658303044,49761800
2024-07-12,86.8154067993164,86.8154067993164,86.260906345782,86.43649862611898,27796500
2024-07-15,85.81732177734375,86.22395359781315,85.74338743711898,85.94670334735369,37918900
2024-07-16,87.0279769897461,87.06494416425784,86.307134713686,86.43651629909331,36383700
2024-07-17,87.04647827148438,87.24055068118574,86.5843990910234,86.79695156560496,29036800
2024-07-18,86.38104248046875,87.00022659877047,86.29786460072194,86.5751147988574,34553100
2024-07-19,85.87277221679688,86.09457524576148,85.78035781344514,85.98367373127917,32164700
2024-07-22,85.62325286865234,86.42726593596602,85.2997989306085,86.31637147193216,36160400
2024-07-23,85.50310516357422,85.97442777349596,85.47538154842002,85.77111186134279,23498000
2024-07-24,84.57896423339844,85.80809646050993,84.53276054901251,85.56781332909102,50757100
2024-07-25,85.27207946777344,85.81733650706067,84.98559266368827,85.05028345979679,44999100
2024-07-26,85.93748474121094,86.08535346458919,85.67872152606779,85.90051756036637,34423800
2024-07-29,86.39954376220703,86.58437962329397,86.15002416319862,86.56589251180169,25801300
2024-07-30,86.73224639892578,86.91708227096134,86.22396361505501,86.63983198829179,28169800
2024-07-31,87.61943054199219,87.64715415792544,87.09266068695932,87.36066739225913,47445300
2024-08-01,88.37513732910156,88.93148632873189,88.1989667485386,88.2175084138663,77254200
2024-08-02,91.1290283203125,91.21248349110556,89.84016695159244,89.94216378574474,91912900
2024-08-05,91.61119842529295,92.66825011622343,90.77668207080292,92.43644041076902,90686300
2024-08-06,89.56199645996094,91.24957794571402,89.56199645996094,91.0084938657106,61316900
2024-08-07,88.93147277832031,89.43217548286174,88.55130149145072,88.96855610332534,51337100
2024-08-08,88.3843994140625,88.45858021360543,87.93932169107534,88.1989544894756,37815800
2024-08-09,89.25599670410156,89.51562240083389,89.09836075314007,89.48780637250823,32141800
2024-08-12,89.58053588867188,89.77525517657524,88.90364849087143,89.04273571773675,24261400
2024-08-13,90.20178985595705,90.27597065821278,89.92362245890398,90.22033859365632,30366900
2024-08-14,90.76740264892578,91.01776107847118,90.41505446298716,90.4521448627076,31334100
2024-08-15,90.0348892211914,90.0348892211914,89.20964722620536,89.3950992372685,38723700
2024-08-16,90.3501434326172,90.4428658900629,89.95143049875757,90.3501434326172,28541000
2024-08-19,90.76740264892578,91.01776107847118,90.32233200082126,90.33159929504858,25322100
2024-08-20,91.49066162109376,91.6668392778939,90.9806844647708,91.16612941720253,25239300
2024-08-21,91.5462875366211,91.98208381928458,91.0641194111438,91.49064839951498,29230000
2024-08-22,90.63760375976562,91.14758799170308,90.3408875905306,91.0826815507539,33453800
2024-08-23,91.23104095458984,91.4906667322068,90.83232791774329,91.04559599179828,32005100
2024-08-26,90.99920654296876,91.51845795742724,90.94357448406818,91.50919066379043,23198700
2024-08-27,90.84158325195312,90.9435800823962,90.32233180553042,90.39650553054052,21507700
2024-08-28,90.7303237915039,91.05485598750528,90.61905965245846,90.87868540925956,18501400
2024-08-29,90.43360137939452,90.5355982159836,90.06270443491347,90.2852468461646,24988200
2024-08-30,89.46928405761719,90.86014247877608,89.45074239134797,90.57270066883686,42896200
2024-09-03,90.9325714111328,91.22094865035638,90.62558506772427,90.75582040784418,48947900
2024-09-04,92.1046905517578,92.12329255743369,90.98837858428764,91.05349625009306,40885200
2024-09-05,92.6256332397461,92.7279620157007,91.89072980211454,92.41167113621552,47450900
2024-09-06,92.6163330078125,93.75124705057428,92.2721426519968,92.60703555305088,57406400
2024-09-09,93.0163345336914,93.11866330446816,92.24422712322992,92.46748666979148,26961400
2024-09-10,93.6675262451172,93.87218380410532,92.85820056110782,92.90471622353007,31703400
2024-09-11,93.59310150146484,94.1791605068032,93.35123283851692,93.48146817303656,39497100
2024-09-12,93.15589141845705,93.53730001503608,92.7372788050699,93.36054899737316,41618700
2024-09-13,93.40705871582033,93.59310717718982,93.04425215075018,93.45356728251576,25722100
2024-09-16,94.2628936767578,94.3001047887601,93.40705939258704,93.61170986265871,30866300
2024-09-17,93.80706024169922,94.55126826624463,93.71403601295448,94.3931263676492,31699400
2024-09-18,92.64424896240234,93.7047479881556,92.59774039199644,93.24891715603452,48897000
2024-09-19,92.3372573852539,92.38376594946396,91.8814266138584,92.02096650107552,39979800
2024-09-20,91.98375701904295,92.32795446729688,91.83491967472617,92.08608579832674,37067600
2024-09-23,91.78839874267578,92.17910473353167,91.18373065361224,91.6302568555141,35703900
2024-09-24,91.7697982788086,91.9930578348634,91.02559029556812,91.16513017958736,31005400
2024-09-25,91.00699615478516,91.4628198578342,90.96978504267794,91.40700673832036,36738200
2024-09-26,91.22095489501952,91.39770591040792,90.62559127163097,91.23025944774898,33332300
2024-09-27,91.69538116455078,91.87213216729889,91.36048826318265,91.6674746056524,28317600
2024-09-30,91.25814056396484,91.82559746824046,91.05348304474516,91.76047981187894,34175500
2024-10-01,91.9170379638672,92.70098230568296,91.82371312133009,92.20635423203004,45254200
2024-10-02,91.14244079589844,91.20776890159176,90.58247746683637,90.8624591313674,35810800
2024-10-03,90.28382873535156,91.00244497884424,90.28382873535156,90.84378491351174,39677800
2024-10-04,89.1732406616211,89.55587460958431,89.03324985325278,89.07058121016622,56954100
2024-10-07,88.50131225585938,88.91194304249778,88.43598414524213,88.64130309867635,42606600
2024-10-08,88.6506118774414,88.68794323565706,88.04398976683692,88.09065574466362,33709600
2024-10-09,88.14665985107422,88.57596696220818,87.9413480364733,88.35197878590454,35807700
2024-10-10,87.80134582519531,87.81067332449352,87.17606160124883,87.6146890358041,53667400
2024-10-11,87.44670104980469,87.79201076828673,87.18538866618734,87.24138926283993,27406400
2024-10-14,87.51204681396484,87.52138143532963,86.77477549143372,86.8307689791627,28795300
2024-10-15,88.57596588134766,88.65995610626457,88.07200317115822,88.15599339607513,46429100
2024-10-16,88.94927215576172,89.23858845565057,88.79061919402807,89.02393488607045,32281500
2024-10-17,87.54004669189453,88.13733426790553,87.41871798036665,87.99734343472774,43427200
2024-10-18,87.6053695678711,87.98800356080184,87.59603494748865,87.77335713360948,25258600
2024-10-21,86.07482147216797,86.8774208390651,86.07482147216797,86.81209273523989,49504700
2024-10-22,86.15880584716797,86.56944368346257,85.94415230904248,86.46678422438892,32096900
2024-10-23,85.92549896240234,86.20548062850396,85.54286494697496,85.71084540236049,33354200
2024-10-24,86.47611236572266,86.79341821892096,85.82282430054005,86.0748091794712,32507400
2024-10-25,85.99081420898438,86.83075196145141,85.87882013524595,86.78408598400328,28667100
2024-10-28,85.75750732421875,86.13081382125985,85.31887272421264,86.11214458028174,33156500
2024-10-29,85.88815307617188,85.91614981400218,84.90823165096911,85.0855466973039,46545200
2024-10-30,86.1401596069336,87.06408778868902,86.0095033840684,86.64411525499646,41951100
2024-10-31,86.28014373779297,86.737447640206,85.73885672061394,86.04682803583006,52173800
2024-11-01,85.063720703125,86.63689422251922,85.02627048451262,86.39343208023142,80402000
2024-11-04,86.38407897949219,86.68373078340665,85.80350048379307,86.41217021981815,49747600
2024-11-05,86.84290313720703,86.99273258351103,85.77539333720529,86.17805104382077,46986000
2024-11-06,84.46440124511719,84.95133972631824,83.85573886000606,83.94001255237156,98895700
2024-11-07,85.52256774902344,85.79412827073836,84.88580687085845,84.97944670559359,56221400
2024-11-08,86.60881042480469,86.71181639548904,86.00014072828681,86.14997019265026,56756200
2024-11-11,86.18743133544922,86.43090065357754,85.79413969065435,86.38407715784665,22369200
2024-11-12,84.89519500732422,86.00952147481432,84.7547316466746,85.56004729385153,57908400
2024-11-13,84.08985900878906,85.71921502290459,84.01494428200496,85.70048276907778,49009100
2024-11-14,84.5768051147461,85.24165735568928,84.5299816163188,84.80154218981889,53328300
2024-11-15,84.35206604003906,84.88582104584812,83.81831103422999,84.20223656403381,73722400
2024-11-18,84.50187683105469,84.82961983472681,83.73401873205357,83.95876291536732,36010600
2024-11-19,84.93263244628906,85.27910773115045,84.8577248569171,85.04500454674032,29585100
2024-11-20,84.66107940673828,85.05437104363118,84.38015272652207,84.41761009350171,27755400
2024-11-21,84.59552001953125,85.07309249766287,84.2771431302848,84.69852598823144,28365700
2024-11-22,84.64234924316406,84.93263491410329,84.41761217999377,84.75472134688042,21547500
2024-11-25,86.83356475830078,86.88038111318315,86.14061412111788,86.33725995785478,56858000
2024-11-26,86.49645233154297,86.56200094133567,85.97205630893879,86.2998065021649,31122200
2024-11-27,87.09574127197266,87.44220937495427,86.77735726072687,87.12383250796992,39442200
2024-11-29,87.99472045898438,88.01344557331755,87.49842277012624,87.81679972363395,31905700
2024-12-02,88.20613861083984,88.46924301496138,87.38862949598452,87.64233526594246,39406000
2024-12-03,87.44501495361328,88.35648898622328,87.37923884657225,88.26252414317295,32768900
2024-12-04,88.38465881347656,88.50681953545948,86.95637486512365,87.02215095809274,35851100
2024-12-05,88.56319427490234,88.69474645679945,88.00879681820115,88.06517427642669,23695800
2024-12-06,88.69476318359375,89.12700717263701,88.347085397837,89.00485360042616,31761500
2024-12-09,87.87725830078125,88.36588695143196,87.83027946414119,88.31890094573394,30509600
2024-12-10,87.46380615234375,87.67053309413929,87.30406521334083,87.40742151518111,28706500
2024-12-11,86.63687133789062,87.66110709274089,86.55230516213372,87.45438021548367,38748400
2024-12-12,85.58446502685547,86.21403720192548,85.5092903038171,86.11067375001176,45368400
2024-12-13,84.71058654785156,85.36834751361572,84.64481045127515,85.32136868409361,39486000
2024-12-16,84.96428680419922,85.15222361730032,84.61661624581086,85.08644752497904,23482300
2024-12-17,85.1710205078125,85.49990099565235,85.00188094705815,85.0582584109573,23839900
2024-12-18,84.10603332519531,85.24744448650242,84.08716298045394,84.87011675788101,61328400
2024-12-19,82.83253479003906,83.37965952736828,82.54954444781548,83.07779884417394,99083300
2024-12-20,83.30419921875,83.87019434230967,83.28533607319726,83.51172980446495,45542400
2024-12-23,82.54011535644531,83.22873891406692,82.4835187232175,83.16270710965884,32764600
2024-12-24,82.8891372680664,82.90800041180401,82.04958703168117,82.10618365982023,22377600
2024-12-26,82.84197998046875,82.9740435955318,82.25712168738438,82.26655685901096,19981800
2024-12-27,82.16278076171875,82.80423560638972,82.12504727709971,82.52124526713642,27262300
2024-12-30,82.8230972290039,83.04949091596107,82.70046161766939,82.85139554025785,48519600
2024-12-31,82.37975311279297,83.27590005443048,82.31372130863996,83.13440127498065,31917300
2025-01-02,82.60615539550781,83.12498190823868,82.26656116843444,82.82312117272099,27841300
2025-01-03,82.3420181274414,82.89857086704703,82.23825283752736,82.74764411612543,21962200
2025-01-06,81.97411346435547,82.28540928791499,81.75714774574334,82.1156122202394,30231500
2025-01-07,81.04967498779297,81.85149181199927,80.92704655013733,81.6911298865434,41757200
2025-01-08,81.15342712402344,81.31378902348264,80.50253715960865,80.62517277431043,44590800
2025-01-10,80.61576843261719,80.98366102355536,80.3327780071647,80.4459712985743,47115800
2025-01-13,80.58745574951172,80.80442151426547,80.21956322413003,80.68178587452009,33258900
2025-01-14,80.45538330078125,80.52141510072927,80.07805564525269,80.39878667137621,33412900
2025-01-15,81.84207153320312,82.04960213715476,81.50247730799637,81.78546769771694,54120700
2025-01-16,82.1061782836914,82.4457724241424,81.38925652085864,81.72885066130965,34651100
2025-01-17,82.24768829345703,82.52125067718491,82.10618951609065,82.47408201908718,29875600
2025-01-21,82.98348236083984,83.17214261997795,82.66275128399198,82.90801537841357,30548600
2025-01-22,82.54955291748047,82.9929124157389,82.37032064450099,82.88914712053258,25278400
2025-01-23,81.90809631347656,82.05902306898764,81.62509875111873,81.72886404418813,31949000
2025-01-24,82.2759780883789,82.33257471469315,81.69111989440299,81.8043203439575,21110400
2025-01-27,83.24760437011719,83.4174014714404,82.87027667862925,83.16270941791913,42864200
2025-01-28,83.19100952148438,83.20043749620184,82.69105337822249,82.8608432862641,25519100
2025-01-29,83.02120208740234,83.59662513837608,82.66273757877363,83.41739288406173,25342800
2025-01-30,83.33248138427734,83.68151068323435,83.17211948891557,83.39852037322984,25094900
2025-01-31,82.78536987304688,83.63435525810343,82.47407403237179,83.37022087403221,48790100
2025-02-03,83.45942687988281,84.34930239056497,83.11862103405385,83.85703129248155,70657200
2025-02-04,83.71501922607422,83.73394967222353,82.81567497059136,82.88194236602058,33414000
2025-02-05,85.0971450805664,85.37168340685066,84.62380463302844,84.68060317550035,48331200
2025-02-06,85.05929565429688,85.34330287421919,84.77529565697819,85.06876448765526,22509900
2025-02-07,84.51022338867188,84.68062628519327,84.19782409721931,84.48182410968565,31171200
2025-02-10,84.25462341308594,84.75636327330002,84.1126197942734,84.50076253752073,22736100
2025-02-11,83.71501922607422,83.9516895272649,83.66768227679431,83.80968590202961,21513000
2025-02-12,82.57899475097656,82.92926213220193,82.22872014714765,82.63579330520693,48536200
2025-02-13,83.9516830444336,84.15048521536954,83.37420697631323,83.39313742100072,42718100
2025-02-14,84.39664459228516,84.89838455689613,84.36824530713443,84.61437726017775,27460700
2025-02-18,83.40260314941406,84.10314513843026,83.34580459486247,83.81914514306868,29429200
2025-02-19,83.50675201416016,83.73395349133666,83.20381430372323,83.26061286736618,20584300
2025-02-20,83.81914520263672,84.02741619961203,83.73394014814518,83.73394014814518,27913400
2025-02-21,84.83210754394531,85.13504525558977,84.08422848837829,84.13156544000591,46912300
2025-02-24,85.0782470703125,85.25811159756739,84.50077092638854,84.56703832539925,26218000
2025-02-25,86.54560089111328,86.62133712694455,85.9586631199334,86.11959720412112,50125100
2025-02-26,87.05680084228516,87.15146751619514,86.33732111988161,86.54559213604612,32220200
2025-02-27,86.44144439697266,86.89585447909,86.28051035183654,86.44144439697266,53373600
2025-02-28,87.50174713134766,87.54908408229716,86.59293400943373,86.95267027979403,49388600
2025-03-03,87.91008758544922,88.0430394990981,86.7704976840771,86.80848498016762,42904200
2025-03-04,86.82747650146484,88.11901560945053,86.67552731448487,87.78663581960187,56722000
2025-03-05,86.13423919677734,87.17887196443,86.04877319506261,86.95094813584895,50215900
2025-03-06,85.8493423461914,86.22920813551163,85.21307131514898,85.92531695312292,42827500
2025-03-07,85.57392883300781,86.57107549616344,85.45996693725574,86.55207822420324,36903600
2025-03-10,86.46662902832031,87.01742685141338,86.33367708012497,86.49511769645677,41440800
2025-03-11,85.8493423461914,86.88446919561828,85.60242849633266,86.3906487412381,40555700
2025-03-12,85.33650970458984,85.83033007267338,85.26053511093514,85.46946162081757,32734600
2025-03-13,86.08674621582031,86.1437235408428,84.88067303704447,85.07060952934667,38675400
2025-03-14,85.63090515136719,85.8588289401914,85.33651264747292,85.47896320415398,24658000
2025-03-17,86.05826568603516,86.5900734240658,85.83034187373313,86.22920492259315,26700300
2025-03-18,86.14372253417969,86.43811503713744,85.58342619044251,85.60241621678264,23654700
2025-03-19,86.59005737304688,86.62804466805558,85.83032596354403,86.11522705344152,31378700
2025-03-20,86.64704132080078,87.59670203265408,86.57107397030806,87.5587147347396,35645800
2025-03-21,86.13423919677734,86.83699346689596,86.05827183258788,86.73253019013069,29192100
2025-03-24,85.25105285644531,85.7163918979936,85.18457688555804,85.65940731913493,27985600
2025-03-25,85.2415542602539,85.54544542224636,85.00413906353053,85.06111639223637,22333800
2025-03-26,84.68123626708984,85.08959062601359,84.60526167814227,84.89016276402789,25095600
2025-03-27,84.43435668945312,84.54831136393618,84.16844554320426,84.37737210687371,23674500
2025-03-28,85.60243225097656,85.79236153129858,85.28904241764135,85.35551839028783,39869400
2025-03-31,86.44760131835938,86.74199377924417,85.81133046952148,86.63753778129733,38824300
2025-04-01,87.19671630859375,87.59701281423294,86.92985681908478,86.96798064206831,39800100
2025-04-02,87.13953399658203,88.03542565606345,86.40567040222808,88.03542565606345,43488400
2025-04-03,87.53984832763672,88.37855812892964,87.53031555133717,88.17840618352815,57467400
2025-04-04,88.492919921875,89.6747296522482,88.46432886514157,89.25538203452858,92794200
2025-04-07,85.82432556152344,87.86390355257676,85.58605703666788,87.5684456372186,124987600
2025-04-08,84.20407104492188,85.96725616816236,84.08017406527838,85.09042999366321,73861900
2025-04-09,84.69969177246094,84.73781560627518,81.85952796001094,83.17476750540231,131353500
2025-04-10,82.36465454101562,84.04206684156533,82.29793965089375,83.62271194858349,78592000
2025-04-11,82.81258392333984,83.20334768114641,81.01127497904528,81.84045182299683,94814100
2025-04-14,83.40351104736328,83.59412294628872,82.74588763472816,83.29867232154093,37596400
2025-04-15,83.69895935058594,84.05159935233259,82.95556278546702,83.0604015083815,22553900
2025-04-16,84.16596221923828,84.34704860523156,83.36538355324645,83.67989971690504,35607300
2025-04-17,83.42256927490234,84.06112713440638,83.13665142669859,83.90863906963993,31758400
2025-04-21,81.96434783935547,82.98413652743193,81.94528956251925,82.53619067233156,39343200
2025-04-22,82.42183685302734,82.93649037758459,82.34558919332366,82.74587849970243,32552100
2025-04-23,83.22241973876953,84.8807664298973,83.0794571873291,84.70921282244427,44082200
2025-04-24,84.09923553466797,84.20407424118285,83.64176415294533,83.89909089624224,24190800
2025-04-25,84.71874237060547,84.92841980187944,84.44235005405133,84.72827514603897,22513900
2025-04-28,85.25245666503906,85.32870432147062,84.4518780866379,84.49953468975181,20130500
2025-04-29,85.96726989746094,85.97680267322555,85.10950913445852,85.12856741461034,22129500
2025-04-30,85.2715072631836,85.8242917683211,85.13807752351254,85.56695779083016,42630600
2025-05-01,84.83914947509766,85.40352861730291,84.46608356459167,85.38440021338577,29932800
2025-05-02,83.92084503173828,84.24607903255543,83.7390923264975,83.90170932690607,32090400
2025-05-05,83.45210266113281,83.61472693535849,83.05990834831078,83.55732712757744,22862800
2025-05-06,83.72950744628906,83.72950744628906,82.87815120771926,83.0312076227182,21095200
2025-05-07,84.08345031738281,84.37998801777016,84.00692210498221,84.10257872141696,23161600
2025-05-08,83.14599609375,84.23649755250925,83.11729983927715,84.19823344716816,25483700
2025-05-09,83.27035522460938,83.51906095903425,83.14599505926516,83.22252326899518,17007900
2025-05-12,82.49552917480469,83.01208370152995,82.44770451192967,82.62944990786687,32115000
2025-05-13,82.16072082519531,82.54335458850804,81.78765491295171,82.39029816393014,53912200
2025-05-14,81.61548614501953,82.1416085853737,81.50069380399677,82.02681624435094,42119800
2025-05-15,82.33290100097656,82.57204617726592,81.76852188803683,81.91200315530517,59448000
2025-05-16,82.55293273925781,83.1173119545063,82.45726881289515,83.09818354811352,31778200
2025-05-19,82.31378936767578,82.38074973875324,81.14675950192596,81.22328772548109,49361900
2025-05-20,81.720703125,81.88332011957506,81.36676557963126,81.720703125,35493100
2025-05-21,80.32408905029297,81.36675859461153,80.12320796280403,81.00326052650759,77053100
2025-05-22,80.74498748779297,80.76411589229652,79.68318223360707,79.8936238756749,61747900
2025-05-23,80.87890625,81.13717984425422,80.64932161273845,81.08934788695838,47139200
2025-05-27,82.00765991210938,82.29462971974986,81.45284139995441,81.64415460504807,56773400
2025-05-28,81.65373229980469,81.82591712440184,81.28066639619949,81.70156425591072,34806800
2025-05-29,82.40943145751953,82.51465592180848,81.92157324110094,82.04592610883707,38933200
2025-05-30,82.53379821777344,82.71555092270823,82.15116440123688,82.35204551283864,49042100
2025-06-02,81.76567077636719,82.06331235959239,81.41041570987593,81.89048656039391,46213100
2025-06-03,81.62166595458984,82.3225654478752,81.5064462880916,82.03452726958176,33731300
2025-06-04,82.9466552734375,83.19629420984951,82.23615234320451,82.37057161851072,57441500
2025-06-05,83.00426483154297,83.46513616948876,82.78343629536379,83.22510069302356,37664700
2025-06-06,81.94810485839844,82.50498888556973,81.88089522238127,82.37056961353541,38130100
2025-06-09,82.0345230102539,82.22654845247935,81.65046480050194,81.65046480050194,26560800
2025-06-10,82.45697021484375,82.74501566773495,82.11131860149436,82.66820257025728,24857000
2025-06-11,82.70660400390625,82.9562428926194,82.29374278712284,82.38975549038183,36334800
2025-06-12,83.69556427001953,83.72436735380299,83.1482837022307,83.42672572097253,43017800
2025-06-13,82.88904571533203,83.41711932520764,82.36096478015561,83.27310391134208,49374000
2025-06-16,82.05371856689453,82.98505729876656,82.05371856689453,82.6490091288387,36496600
2025-06-17,83.0522689819336,83.20589519214865,82.33216260347753,82.57219806296288,34521600
2025-06-18,83.19629669189453,83.61875414461701,82.90825119318716,83.41712522564238,38589000
2025-06-20,83.04267120361328,83.33071670485661,82.52419369655611,82.70662300236364,26001900
2025-06-23,83.31150817871094,83.9548088092018,83.31150817871094,83.46513439653002,36851800
2025-06-24,83.91638946533203,84.09881141456331,82.98505080632447,83.02345735492582,32959100
2025-06-25,84.02201843261719,84.02201843261719,83.34031857309903,83.63796021344183,26345300
2025-06-26,84.4444808959961,84.4444808959961,83.724374439264,84.09882921074055,30467500
2025-06-27,83.90679168701172,84.6461049784493,83.76276895131474,84.07961750478799,74993500
2025-06-30,84.7325210571289,84.91495035874206,84.118030838886,84.3580663093028,53695200
2025-07-01,84.94261169433594,85.1064429690519,84.48002840659338,84.93297239799124,38960600
2025-07-02,84.40292358398438,84.41255552711176,83.94033297187781,84.02707192842269,39382200
2025-07-03,83.81504821777344,84.12343949608677,83.69939873117042,84.00779000948376,26729100
2025-07-07,83.0151596069336,83.4199217996044,82.80313921478364,83.40065056060367,38314700
2025-07-08,82.90914916992188,82.91878846570842,82.34055571319789,82.46583714790951,31407000
2025-07-09,83.77649688720703,83.77649688720703,83.05370415230739,83.06334344750853,29821900
2025-07-10,83.8343276977539,83.90178806674744,83.35246581847761,83.68013571975246,24525500
2025-07-11,82.6778564453125,83.14043970014791,82.53329642094083,83.10189722276851,40764800
2025-07-14,82.50438690185547,82.76458906682379,82.22490614533194,82.43692653666899,24609500
2025-07-15,81.92613983154297,82.79349248422962,81.82012965440198,82.77421389604376,40455000
2025-07-16,82.04180908203125,82.55258890109636,81.13591365864019,82.18636913072403,65987700
2025-07-17,82.02252960205078,82.38874198301254,81.90688010418607,82.1285398036029,31875500
2025-07-18,82.14781951904297,82.35983994402201,82.01289876726167,82.33092940473024,27534900
2025-07-21,82.88025665283203,83.37175790799802,82.84170681393373,83.09227709045774,40019500
2025-07-22,83.3813705444336,83.62230146728261,82.98624765432788,83.04406872297061,35190300
2025-07-23,82.91877746582031,83.07296941480834,82.67784657151678,82.92841676032813,31008500
2025-07-24,82.77422332763672,83.11152513305183,82.40801098927572,82.44656081741286,25164800
2025-07-25,83.29464721679688,83.30428651340442,82.61040421024147,82.6875038778438,27196200
2025-07-28,82.75495910644531,83.07298234844221,82.71640927503964,82.87060124803381,26812500
2025-07-29,84.15235137939453,84.17162261782346,83.07297821167056,83.1018960982562,47828300
2025-07-30,83.71868133544922,83.80541294008842,83.41992198555904,83.62230308234557,40670900
2025-07-31,83.7668685913086,84.23909853400961,83.68976892483143,83.9692497013395,49814100
2025-08-01,84.95773315429688,85.06414857827242,84.66750792877552,84.70620511756064,63434500
2025-08-04,85.18992614746094,85.27699668503277,84.79329279842537,85.09318684628657,36425200
2025-08-05,85.45112609863281,85.5672103019324,84.91904889772567,84.98676714322883,28586100
2025-08-06,84.95773315429688,85.18024014462779,84.08706485846692,84.97707805832239,42589300
2025-08-07,84.81261444091797,85.37371256684096,84.73522006891476,85.05446631787785,29213100
2025-08-08,84.44500732421875,84.54174660467469,84.30957085543363,84.51272555861131,21596300
2025-08-11,84.54175567626953,84.81262864290528,84.4353402421291,84.68686830289148,20100900
2025-08-12,84.1160888671875,84.13544115262863,83.729131727177,84.06772291505335,41052300
2025-08-13,84.81261444091797,84.94805090155683,84.58043870564187,84.59011484732565,30817500
2025-08-14,84.18382263183594,84.65785776302938,84.0580622762104,84.65785776302938,33397400
2025-08-15,83.58401489257812,83.95162710933617,83.43890228202781,83.83554292548308,36343600
2025-08-18,83.34217834472656,83.71946677317366,83.1873895634481,83.68076957785405,26777500
2025-08-19,83.82587432861328,83.92261361744323,83.63238837021875,83.63238837021875,28780600
2025-08-20,84.00967407226562,84.13544178637729,83.7388011199242,83.76782216757016,25912500
2025-08-21,83.59370422363281,83.854901059246,83.30347895674248,83.73880947634284,28643900
2025-08-22,84.21284484863281,84.45469677826043,83.89359853014791,84.00001396964288,49871900
2025-08-25,83.97099304199219,84.21284497197404,83.82588040785605,83.90327479682668,27011900
2025-08-26,83.92261505126953,83.96131224360958,83.40989016904965,83.69043927796397,30259300
2025-08-27,83.82587432861328,83.83555047171667,83.19705788011663,83.30347331204997,38142800
2025-08-28,84.37728881835938,84.41598600656405,83.83554294496187,83.95162712884192,32205900
2025-08-29,83.77751159667969,84.02903968405856,83.62273019110961,83.93230038298532,41686400
2025-09-02,83.15406799316406,83.35799510642862,83.00841106140089,83.15406799316406,48760600
2025-09-03,84.06687927246094,84.29993773971617,83.40654077457519,83.44538508725026,52499500
2025-09-04,84.70779418945312,84.71749971043792,84.07658711209372,84.5038597080583,40501600
2025-09-05,85.99935150146484,86.04790875239996,85.59149726527653,85.6691859032542,69668000
2025-09-08,87.14521789550781,87.16464375603765,86.54314957739312,86.59169941112769,54538700
2025-09-09,86.64998626708984,86.96073341624185,86.41692034862851,86.81506906940263,37126400
2025-09-10,87.14521789550781,87.465677915095,86.61112527165753,86.81505235445073,40713600
2025-09-11,87.7278823852539,87.86384120524072,87.30060969671057,87.31032262859453,46694400
2025-09-12,87.34916687011719,87.37830566821484,86.90246828031265,87.2326413129141,32968600
2025-09-15,87.55309295654297,87.84441423021045,87.46569138828542,87.54338002478187,24820100
2025-09-16,87.73759460449219,87.88325894638355,87.43656039770057,87.48511023913356,26794200
2025-09-17,87.51425170898438,88.40764883365256,87.27148026801174,88.08718875345753,49121800
2025-09-18,86.61113739013672,86.88304020523849,86.32952164341101,86.67911309391216,55717900
2025-09-19,86.446044921875,86.64997943665205,86.22269936195096,86.49460216992588,32509200
2025-09-22,86.13529968261719,86.33923420185812,85.97992982128602,86.25183263521258,24758200
2025-09-23,86.73736572265625,86.77621003581334,86.18384722555939,86.39748724352576,26689000
2025-09-24,86.4072036743164,86.58199938620655,86.13529347120192,86.50431075674527,28098000
2025-09-25,86.4072036743164,86.4557535111331,85.90223499161354,86.28095779924296,29882500
2025-09-26,86.32952117919922,86.88303973805031,86.12559406896945,86.41691533695654,30955100
2025-09-29,87.03839874267578,87.14521875025257,86.67910181609487,86.70823319838034,32286200
2025-09-30,86.78591918945312,87.43654473673044,86.63054194358668,87.06753489098992,38584000
2025-10-01,87.01005554199219,87.35111709827662,86.81515791369797,87.16596621004321,39408900
2025-10-02,87.26341247558594,87.39983708830383,86.91260420443028,87.0295353384263,23208300
2025-10-03,87.0977554321289,87.42907768876977,86.99056359332607,87.34137189584725,25884500
2025-10-06,86.40589141845703,86.88338507258017,86.3864053712572,86.44487094744167,28371000
2025-10-07,86.90286254882812,87.09775273994497,86.5423075172193,86.69822561778017,29103300
2025-10-08,86.97107696533203,87.33163200567232,86.85413838707952,87.31213852533803,22506200
2025-10-09,86.90286254882812,87.01005438431766,86.73720514292037,86.89311580889701,21578700
2025-10-10,88.30609130859375,88.40353639928914,87.60447476025274,87.6824338066426,59389400
2025-10-13,88.25736999511719,88.26711673510846,87.56550014742326,87.97477401204486,28035500
2025-10-14,88.53996276855469,88.59842833721429,88.12094217913162,88.33532584366212,29800000
2025-10-15,88.34507751464844,88.96873506377612,88.15992662411276,88.6374128088483,31333900
2025-10-16,89.00770568847656,89.16362379048115,88.14043169118288,88.20864400216382,39631200
2025-10-17,88.87128448486328,88.95899027926046,88.57894918423675,88.92001075226,40240400
2025-10-20,89.21235656738281,89.22209587353072,88.94924660969244,89.12465076995774,28429300
2025-10-21,89.6508560180664,89.83600690412719,89.56315766230134,89.64110927811998,24514300
2025-10-22,89.70933532714844,89.82627392066136,89.47546557470794,89.64112300624556,30496200
2025-10-23,89.09541320800781,89.44622150973973,88.95898858339923,89.27081735887377,28275100
2025-10-24,89.13438415527344,89.2610620274791,88.83230214908409,89.25131528820675,28266000
2025-10-27,89.43647766113281,89.4462244016584,88.7640938219768,88.98822424655704,30033600
2025-10-28,89.67034912109375,89.82626723417143,89.46571217361793,89.50469170188734,23564500
2025-10-29,88.76408386230469,89.54365945601664,88.69587155544868,89.53391271658468,39551600
2025-10-30,88.24761962890625,88.64715417170343,88.04298270500426,88.08196222878331,42649200
2025-10-31,87.98452758789062,88.34508264973738,87.89682179032363,88.24763011142187,38247300
2025-11-03,87.76447296142578,87.84271364234402,87.45151769919478,87.64711940149041,40752300
2025-11-04,87.96007537841797,88.07742893930687,87.76447367453304,87.80359401531003,26383800
2025-11-05,87.00164794921875,87.57866366390691,86.92340726562675,87.53954332211092,44643400
2025-11-06,87.78402709960938,87.87204225977243,87.55908703234627,87.58842541906729,33027400
2025-11-07,87.59820556640625,87.89160435046306,87.3928294021429,87.3928294021429,28530100
2025-11-10,87.57865905761719,87.69601261539059,87.42217769866349,87.51997481728861,24093500
2025-11-11,87.9796371459961,88.08721622428712,87.80359933256011,87.96985519484895,18942300
2025-11-12,88.1361083984375,88.33170263026634,87.90138636651291,87.96984509379716,23594900
2025-11-13,87.41239929199219,87.96007660909063,87.41239929199219,87.82315914517658,33825900
2025-11-14,86.91362762451172,87.8622678764262,86.91362762451172,87.81337304816111,38550500
2025-11-17,87.12877655029297,87.33416019378532,87.02120494569263,87.11900206170128,25605800
2025-11-18,87.09943389892578,87.48084785570202,86.84516290203582,87.38305074447963,31967400
2025-11-19,86.92340087890625,87.34393519551155,86.89406249007547,87.26570197911002,25782400
2025-11-20,87.26570129394531,87.45151357556198,87.0309792622585,87.0309792622585,32945000
2025-11-21,87.52974700927734,87.6960028385491,87.23634822466983,87.6764464015811,41938600
2025-11-24,88.02853393554688,88.08721071587543,87.80359384188401,87.96984969377627,30865700
2025-11-25,88.25347900390625,88.59577270646014,88.14589991718316,88.32193774441703,36503300
2025-11-26,88.64466094970703,88.64466094970703,87.85249458347653,88.16544984211195,34099000
2025-11-28,88.22412872314453,88.53708398923541,87.96985023774504,88.46862525794809,40704300
2025-12-01,87.1258544921875,87.34178098839044,87.0669681707095,87.20437457954996,47086600
2025-12-02,87.16510772705078,87.31233100733327,86.821591731783,86.93937185362643,27605700
2025-12-03,87.41046905517578,87.50862289142454,87.09639624820433,87.27306267013117,23278600
2025-12-04,86.93936920166016,87.28288518644943,86.84122284716133,87.26325891078442,25541500
2025-12-05,86.5369644165039,86.90993106848265,86.4191917795315,86.90993106848265,32808100
2025-12-08,86.25233459472656,86.56640743963798,85.93826174981514,86.55659804529724,32255200
2025-12-09,86.34066772460938,86.71362687134521,86.21307072297549,86.70380998935332,25771800
2025-12-10,86.67437744140625,86.8804870599447,86.23271504283642,86.37012145519537,46833500
2025-12-11,86.55660247802734,87.18474820001873,86.5271593173227,87.0473417913386,26778700
2025-12-12,85.72233581542969,85.87937598293755,85.57512001850023,85.76159585730665,47030100
2025-12-15,85.78123474121094,86.25234029567268,85.77141785813404,86.09530760688136,28611800
2025-12-16,86.25233459472656,86.2915946363514,85.55548570408207,85.57511946893814,41018700
2025-12-17,86.17381286621094,86.3602886840557,85.95788640420349,86.00695583496832,24668300
2025-12-18,86.58604431152344,86.74307699557042,86.4388210221692,86.49770734267587,39048900
2025-12-19,86.26286315917969,86.46977488568996,86.12492200817285,86.32197864754578,37858100
2025-12-22,86.07565307617188,86.17418139469817,85.9672696706243,86.13476856384189,25547100
2025-12-23,86.21359252929688,86.29241818945854,85.75050117238291,85.78991400246375,33624100
2025-12-24,86.73580932617188,86.78507724873388,86.36139867328112,86.46978208913389,25942000
2025-12-26,86.45005798339844,86.8737364905833,86.31211684312693,86.80476592044755,26522700
2025-12-29,86.77522277832031,86.77522277832031,86.49934045136065,86.65698427366776,29399800
2025-12-30,86.56829833984375,86.74565231220286,86.38108928090121,86.45005985252817,25106800
2025-12-31,85.87860107421875,86.61757477889361,85.84903581155918,86.39095286854578,36500000
2026-01-02,85.7505111694336,86.12492934023798,85.74065608145727,86.11507425226166,40731300
2026-01-05,86.17418670654297,86.2333021978569,85.82933381182951,85.89830439077221,30178000
2026-01-06,85.996826171875,86.05594165869083,85.62241555999347,85.86874011136445,39015200
2026-01-07,86.49933624267578,86.71610306537703,86.19389618372179,86.548596645962,39930900
2026-01-08,86.06580352783203,86.26286769479533,85.96727520296504,86.04610086975036,28204900
2026-01-09,86.63726806640625,86.70623863736047,85.8391789571891,86.01653292781829,57348800
2026-01-12,86.38109588623047,86.61757287894439,86.12492375330069,86.2135969876466,36103100
2026-01-13,86.52889251708984,86.61757326906425,86.25301020824348,86.58800800692003,30451400
2026-01-14,87.03140258789062,87.1299309166464,86.59786892068969,86.61757909677863,39233500
2026-01-15,87.01168823242188,87.35654864234704,87.01168823242188,87.33683846720483,37988900
2026-01-16,86.5091781616211,87.02152987773617,86.42049742163827,86.83432082894984,46382400
2026-01-20,85.3760986328125,85.75050927812936,85.26771521915221,85.35638845729459,66009500
2026-01-21,86.0263900756836,86.19389649570493,85.34653937693076,85.52389336730744,51220100
2026-01-22,86.40080261230469,86.46977318645276,85.85888558883505,85.98697165018751,42419300
2026-01-23,86.63726806640625,86.73579637959392,86.21358955419365,86.53873975321858,35968800
2026-01-26,87.05110168457031,87.18904284262968,86.90330543886975,87.10036960554694,38882400
2026-01-27,86.5091781616211,86.95255930985091,86.39093968072002,86.81461817408038,35180100
2026-01-28,86.31212615966797,86.41065448232159,86.00668610427303,86.22345292444847,38750300
2026-01-29,86.33182525634766,86.4500562214688,85.79976336161788,85.86873393034794,43855000
2026-01-30,85.84902954101562,86.2727080681056,85.84902954101562,86.09535409124867,45832200
2026-02-02,85.60375213623047,86.1081708747014,85.60375213623047,86.06860728905973,38171400
2026-02-03,85.81145477294922,85.83123279265706,85.48506085290211,85.54440245800801,27438200
2026-02-04,85.59385681152344,85.831230772342,85.51472964258987,85.68286921708709,37872900
2026-02-05,86.5235824584961,86.5235824584961,85.80156024513484,85.97959260281418,50268900
2026-02-06,86.58292388916016,86.58292388916016,86.24663719377995,86.4939039375075,33461800
2026-02-09,86.56314086914062,86.62249002064817,86.07850015005965,86.24663972970251,24708900
2026-02-10,87.56210327148438,87.56210327148438,87.255494905803,87.27527292624134,37253700
2026-02-11,87.09723663330078,87.51265050361145,86.97855342405397,87.07745861375373,37014000
2026-02-12,88.25444793701172,88.30389675729697,87.38406418499254,87.3939569674424,48454900
2026-02-13,88.73909759521484,88.82811000830702,88.54127965614978,88.65007763613987,56785200
2026-02-17,88.88745880126953,89.13472556460745,88.77866082172223,88.94680040975614,32356700
2026-02-18,88.5511703491211,88.87756428138599,88.49182874179388,88.70942469663714,35415400
2026-02-19,88.64019012451172,88.73909531851533,88.39292336651138,88.42259417011421,28658600
2026-02-20,88.43248748779297,88.7588738753793,87.95773198933058,88.71931028834221,49610800
2026-02-23,88.75886535644531,89.01602487451329,88.55116220392262,88.57094776853349,33614600
2026-02-24,88.91712188720703,89.06548344152806,88.77865311543597,88.96657070799263,24933900
2026-02-25,88.92701721191406,89.09515679015952,88.72919928517031,88.72919928517031,23625800
2026-02-26,89.28307342529297,89.33252979294117,89.06548502719471,89.07537026393857,29447100
2026-02-27,89.82706451416016,89.86662809962343,89.56001974476104,89.6984885208913,51272000
2026-03-02,88.92501068115234,89.30210318856048,88.67692171207672,89.2921850809711,55465500
2026-03-03,88.74639129638672,88.98455460015174,88.26013900963628,88.29983415544294,51850400
2026-03-04,88.4685287475586,88.75631286301598,88.41890792483076,88.58760660838608,47069500
2026-03-05,88.11128234863281,88.26013724967078,87.83342390460182,87.95250176857238,45768900
2026-03-06,87.78380584716797,88.26014003128672,87.34716680931537,87.64487662077396,58136900
2026-03-09,88.54792785644531,88.63723626096264,87.53572051213035,87.62503648772301,52478700
2026-03-10,87.60517883300781,88.27005547799942,87.59525315397181,88.12120814783323,48651500
2026-03-11,86.47389221191406,87.13876884548493,86.4143532808703,87.07922991444117,54679900
2026-03-12,86.30519104003906,86.58304947167079,86.11664100239992,86.24565211071067,48977000
2026-03-13,85.87848663330078,86.48382438125755,85.8090220181783,86.26550485627966,43460000
2026-03-16,86.5433578491211,86.67236139160545,86.29526887206099,86.51358838324585,37341500
2026-03-17,86.78152465820312,86.90061009759684,86.65252111049955,86.69221625696413,19578100
2026-03-18,86.2952651977539,86.81129448786915,86.2654957331462,86.69220905836384,37596600
2026-03-19,86.82122039794922,87.05939127836416,86.3051986325337,86.39450703438298,60307400
2026-03-20,85.17391204833984,86.1960374539808,85.10444743546353,86.14641662860842,78948500
2026-03-23,85.72962951660156,86.05710879563844,85.28307236960583,85.52123567659855,69686700
2026-03-24,85.35253143310547,85.63038986837577,84.90596674407148,85.06474731912566,51799400
2026-03-25,86.17618560791016,86.2158807537685,85.8189444373349,86.08687720803508,37861000
2026-03-26,85.45176696777344,85.94794491668813,85.27314260332116,85.68000458447239,39537000
2026-03-27,84.98535919189453,85.44184200016714,84.79680914699344,84.84642997072785,39928900
2026-03-30,86.11664581298828,86.28534450289207,85.828861686701,85.96779091027764,36473200
2026-03-31,86.02733612060547,86.49374460891819,85.90825068601241,86.26549941871684,47112200
2026-04-01,85.9426498413086,86.39099124166421,85.91276142812833,85.96257291632016,31157600
2026-04-02,86.47069549560547,86.53047231972015,85.83305070063045,85.89282752474512,33310600
2026-04-06,86.33121490478516,86.53047606133391,86.07216932021109,86.18176523671066,14660300
2026-04-07,86.32125091552734,86.36110466772507,85.59394084156524,86.20168965893416,22747200
2026-04-08,86.6002197265625,87.04856873855341,86.4109239049595,87.03860340015557,22244900
2026-04-09,86.38102722167969,86.80944555356145,86.07217014566933,86.37106948468487,18909100
2026-04-10,86.17179870605469,86.36110212308456,86.01239130328672,86.28139462103769,13247700
2026-04-13,86.43084716796875,86.48066625874007,85.93268666555971,86.12199008889948,12719700
2026-04-14,86.88915252685547,86.9190409403093,86.3112845289949,86.38102669416249,16606900
2026-04-15,86.51055145263672,86.7496663565216,86.4109208761285,86.69984726760462,15119600
2026-04-16,85.96257019042969,86.65003407707945,85.88286269025932,86.60021498914158,20001000
2026-04-17,86.74966430664062,86.8891486307213,86.57032623263326,86.72974123234006,29604100
2026-04-20,86.72974395751953,86.80944385855166,86.39099087316123,86.78952078362508,14623500
2026-04-21,86.25150299072266,86.76958653205007,86.21164924118587,86.65003288476517,19798700
2026-04-22,86.4208755493164,86.83933611793812,86.39098713755602,86.72974020726642,13676800
2026-04-23,86.23158264160156,86.7197777865351,85.92271797326238,86.5105512958493,21106700
2026-04-24,86.3909912109375,86.50058712677671,85.9326844725762,86.14191096608945,22285700
2026-04-27,85.96257019042969,86.30132326549102,85.8729049537322,86.17179667738276,19250100
2026-04-28,86.05224609375,86.05224609375,85.62382776673034,85.80316584783917,14553600
2026-04-29,85.38470458984375,85.67363858499944,85.23526252452685,85.67363858499944,29020800
2026-04-30,85.30500030517578,85.58396894786627,85.07584314792265,85.57400361024862,28516200
2026-05-01,85.61000061035156,86.0,85.33999633789062,85.5,21281000
2026-05-04,84.95999908447266,85.36000061035156,84.76000213623047,85.3499984741211,27226000
2026-05-05,85.43000030517578,85.48999786376953,85.08999633789062,85.1500015258789,18226500
2026-05-06,86.08000183105469,86.16999816894531,85.91999816894531,86.05000305175781,22530700
2026-05-07,85.6500015258789,86.29000091552734,85.5999984741211,86.27999877929688,21178300
2026-05-08,86.08000183105469,86.27999877929688,85.98999786376953,86.05999755859375,30797600
2026-05-11,85.55999755859375,85.91999816894531,85.48999786376953,85.87999725341797,17713700
2026-05-12,84.98999786376953,85.19999694824219,84.91999816894531,85.19000244140625,27680600
2026-05-13,84.80000305175781,85.05000305175781,84.58999633789062,84.94000244140625,26295100
2026-05-14,84.91999816894531,85.375,84.90499877929688,85.26000213623047,25197023
2026-05-15,83.66000366210938,83.97000122070312,83.58999633789062,83.87000274658203,50726700
2026-05-18,83.41500091552734,83.91500091552734,83.31500244140625,83.69999694824219,15576277
2026-05-19,82.69473266601562,82.90391659475004,82.44571214081147,82.6349701718077,35346600
2026-05-20,83.58125305175781,83.67089679341773,82.71465888486192,82.73457718317411,44498000
2026-05-21,83.89002990722656,83.92987410042612,83.00351750716895,83.29238220823869,24887000
2026-05-22,84.34822845458984,84.34822845458984,83.81034323465079,84.2785030149405,27987700
2026-05-26,84.7665786743164,85.04548042495743,84.56736530943074,85.00563623207975,22531200
2026-05-27,84.96580505371094,85.14510013333589,84.81639122077293,84.91599790956386,23589600
2026-05-28,85.4040756225586,85.51364525958984,84.93591582788024,85.02556716704362,25417300
2026-05-29,85.42400360107422,85.62321698261898,85.2148272706012,85.47380314670872,33118600
2026-06-01,85.47000122070312,85.54000091552734,84.80000305175781,84.93000030517578,26322400
2026-06-02,85.6500015258789,85.81999969482422,85.5,85.80000305175781,20319000
2026-06-03,85.30999755859375,85.43000030517578,85.0999984741211,85.29000091552734,15372000
2026-06-04,85.5,85.70999908447266,85.41999816894531,85.61000061035156,15866500
2026-06-05,85.05999755859375,85.3499984741211,84.91999816894531,84.98999786376953,26461200
2026-06-08,84.62000274658203,85.33000183105469,84.62000274658203,85.2300033569336,22922700
2026-06-09,85.12000274658203,85.18000030517578,84.77999877929688,84.97000122070312,22617700
2026-06-10,84.87999725341797,85.30000305175781,84.69999694824219,85.12000274658203,21258300
2026-06-11,85.9800033569336,86.04000091552734,85.04000091552734,85.16999816894531,35190500
2026-06-12,85.7699966430664,85.83000183105469,85.41000366210938,85.63999938964844,23092600
2026-06-15,85.72000122070312,86.11000061035156,85.66999816894531,85.95999908447266,17632700
2026-06-16,86.19000244140625,86.37999725341797,85.93000030517578,85.95999908447266,26472500
2026-06-17,86.33000183105469,86.58999633789062,85.93000030517578,86.33000183105469,34507500
2026-06-18,86.75,87.18000030517578,86.6500015258789,87.06999969482422,32350900
2026-06-22,86.08999633789062,86.33000183105469,85.97000122070312,86.30000305175781,28286400
