Date,Close,High,Low,Open,Volume
2005-01-03,16.142333984375,16.338673346310497,16.121108242104636,16.317447604040133,5011647
2005-01-04,15.988462448120117,16.23786766657281,15.956623802173619,16.211335461617395,7426746
2005-01-05,15.961929321289062,16.094592840631275,15.95662412612617,15.972543449422615,2943321
2005-01-06,16.041519165039062,16.08927835699095,15.98845478057619,16.00437409591505,3211925
2005-01-07,15.956613540649414,16.10519503878449,15.956613540649412,16.10519503878449,1519670
2005-01-10,15.972537994384766,16.046828144396148,15.892940159151356,15.91947360151949,3742117
2005-01-11,15.903555870056152,15.98315371946548,15.871717228666709,15.919476436686594,7431178
2005-01-12,15.882325172424316,15.946003681345724,15.765582277681185,15.946003681345724,4748336
2005-01-13,15.728440284729004,15.898247598515086,15.707213280312114,15.898247598515086,8480851
2005-01-14,15.78150749206543,15.813346135458762,15.717828959342963,15.733749526975428,6409202
2005-01-18,16.030908584594727,16.04152146300761,15.717824933608238,15.717824933608238,7196426
2005-01-19,15.8717041015625,16.05212416615064,15.866397665719752,16.05212416615064,4413504
2005-01-20,15.754973411560059,15.839876450490205,15.707214206226203,15.707214206226203,4996998
2005-01-21,15.675374984741211,15.813342406915051,15.65945442086257,15.786810210343159,5053132
2005-01-24,15.680680274963379,15.808037311166025,15.680680274963379,15.776197429147608,6601238
2005-01-25,15.691291809082031,15.956617491510542,15.685986616124989,15.754970321726786,3229529
2005-01-26,15.76558780670166,15.781507128031112,15.685991200054392,15.733749164042752,2403035
2005-01-27,15.68598747253418,15.786809816995257,15.638228273959246,15.733745425173637,1782365
2005-01-28,15.664759635925293,15.733744587556322,15.59046949133001,15.654146758125968,3086609
2005-01-31,15.850496292114258,15.861109175807622,15.680687661148248,15.680687661148248,4741320
2005-02-01,16.02029800415039,16.083975283761625,15.866409999154248,15.919475644765935,4151671
2005-02-02,16.02029800415039,16.052136643956008,15.956620724539155,16.052136643956008,10027111
2005-02-03,15.946006774902344,15.999071171018668,15.903554012073709,15.999071171018668,6478630
2005-02-04,16.137041091918945,16.168879732045266,15.988459525393768,15.999072405435877,5067412
2005-02-07,16.1529541015625,16.227245478769763,16.07866397029042,16.227245478769763,3950525
2005-02-08,16.089277267456055,16.163567400673294,16.089277267456055,16.13172877215162,4563933
2005-02-09,16.046829223632812,16.15295926243668,16.036216344345984,16.131733503863025,2699214
2005-02-10,16.094581604003906,16.15825885273264,16.052128858916365,16.15825885273264,8895206
2005-02-11,16.221942901611328,16.248475097665963,16.052134354990688,16.052134354990688,2650959
2005-02-14,16.195409774780273,16.26439473180024,16.152958260266757,16.237862535229294,6321185
2005-02-15,16.232553482055664,16.26439211281396,16.1794878515232,16.221940605136233,6984202
2005-02-16,16.121116638183594,16.190100336489852,16.094584446527342,16.131729514846096,3653854
2005-02-17,15.977842330932617,16.137036734513412,15.977842330932619,16.052132471167166,2258023
2005-02-18,15.808032989501953,16.025598189191797,15.808032989501951,16.025598189191797,10973257
2005-02-22,15.57454776763916,15.792112974836815,15.563934891480017,15.707208719628452,8719296
2005-02-23,15.717822074890137,15.744355512031987,15.574548242374501,15.574548242374501,10591524
2005-02-24,15.739055633544922,15.776200716715561,15.659457780814924,15.70721574489146,19070406
2005-02-25,15.898252487182617,15.919479498126753,15.717830992741204,15.717830992741204,13521920
2005-02-28,15.744357109069824,15.866406446935576,15.712518476392335,15.866406446935576,9929738
2005-03-01,15.898252487182617,15.95662458689106,15.786815974953736,15.839880387474174,6158693
2005-03-02,15.850496292114258,15.977852142370716,15.808044757340806,15.898254268734393,7729449
2005-03-03,15.82396125793457,15.946010644555685,15.744363398508323,15.866412785129436,6592990
2005-03-04,16.025598526000977,16.06274359205684,15.914162081898187,15.924774957914149,9135497
2005-03-07,16.025598526000977,16.126422094087804,16.025598526000977,16.025598526000977,3544418
2005-03-08,15.999066352844238,16.07866416898314,15.946001972708435,16.07866416898314,14748857
2005-03-09,15.802724838256836,16.05212990388367,15.802724838256836,16.05212990388367,8946046
2005-03-10,15.892937660217285,15.93538916783462,15.797421768078282,15.82925915285598,11290117
2005-03-11,15.754973411560059,15.914167855489733,15.691294886426801,15.866409896091525,15419629
2005-03-14,15.839873313903809,15.850487437603935,15.707211095909367,15.707211095909367,10302855
2005-03-15,15.733741760253906,15.919469580238244,15.717821200480383,15.877016830734153,11003540
2005-03-16,15.57454776763916,15.728435717881954,15.553322015320873,15.707208719628452,10547824
2005-03-17,15.532092094421387,15.606383459491333,15.489640597772837,15.57454483700492,9455680
2005-03-18,15.454745292663574,15.604117846427936,15.380059642065653,15.604117846427936,14370694
2005-03-21,15.316046714782715,15.886863654533045,15.289373260134361,15.41740709501535,11070629
2005-03-22,15.03329849243164,15.401395750489236,15.033298492431639,15.39072637366742,24746424
2005-03-23,15.065314292907715,15.156005294633813,14.969288600054727,14.969288600054727,15802470
2005-03-24,14.990623474121094,15.166670740757732,14.990623474121092,15.043971624113773,5773267
2005-03-28,15.097318649291992,15.177340248673849,15.043971751416505,15.049306441204054,3886390
2005-03-29,15.043964385986328,15.230679689704521,15.02796032445917,15.075972509040644,6737263
2005-03-30,15.230688095092773,15.230688095092773,15.027968617972247,15.043972688331602,6679406
2005-03-31,15.145328521728516,15.289366364435617,15.145328521728516,15.257358233293669,9881483
2005-04-01,14.937276840209961,15.342717025491176,14.894598068949184,15.257361988106902,14815085
2005-04-04,15.043964385986328,15.10798063209496,14.78256220924005,14.937269389903927,14883898
2005-04-05,15.086647987365723,15.188008337282238,15.059974540695197,15.075978608697513,10589554
2005-04-06,15.188005447387695,15.257357648103604,15.150662629154358,15.177336070749599,8935460
2005-04-07,15.246689796447754,15.321376699088725,15.156000078502625,15.188008214247965,13217616
2005-04-08,15.107993125915527,15.294709836610403,15.10799312591553,15.25203105134266,6165340
2005-04-11,15.139992713928223,15.225348983626555,15.097315205363227,15.204010229344059,7842209
2005-04-12,15.348044395446777,15.390723146352949,15.049299401943788,15.150659713064886,14569254
2005-04-13,15.12398624420166,15.35337904984569,15.091976867948597,15.348044362564854,3904486
2005-04-14,14.95328140258789,15.123993988120498,14.942612022563189,15.097319285490059,5226087
2005-04-15,14.793232917785645,15.054635118107655,14.75589010418768,14.990617613657301,13627662
2005-04-18,14.915933609008789,14.958611114906041,14.80923859169739,14.8572507858318,10240566
2005-04-19,14.937276840209961,15.070645338691525,14.921272770700408,15.070645338691525,8712403
2005-04-20,14.750558853149414,14.99062237915995,14.729221348306963,14.99062237915995,13415930
2005-04-21,14.835918426513672,14.878597203371873,14.611858918856736,14.830583735977498,14294003
2005-04-22,14.798568725585938,14.91059842742779,14.686539023744086,14.883923734556321,15870175
2005-04-25,14.985279083251953,15.001284394686316,14.857245359751689,14.931932220363429,3569038
2005-04-26,14.899934768676758,15.054642034367733,14.88392944578506,14.963951049968733,12282179
2005-04-27,15.107993125915527,15.140001275439547,14.777239742362571,14.777239742362571,7104717
2005-04-28,14.942605018615723,15.123986899155113,14.942605018615723,15.097312209027725,9885792
2005-04-29,15.17199993133545,15.18800399476192,14.87325365633688,15.022627420120248,13999424
2005-05-02,15.209346771240234,15.310707119001643,15.097317045037464,15.305372429780963,9578534
2005-05-03,15.225356101989746,15.337385866918865,15.150670427082954,15.230690793054517,17944656
2005-05-04,15.518754959106445,15.54009495990537,15.214675291679638,15.23067935285284,15000843
2005-05-05,15.44941234588623,15.577446156777933,15.326713224924656,15.577446156777933,13850473
2005-05-06,15.33737850189209,15.577441989665875,15.332043813389042,15.577441989665875,13104241
2005-05-09,15.470755577087402,15.486759651503407,15.332052346246337,15.406739279423382,4848170
2005-05-10,15.26802921295166,15.390728314443257,15.236019825881511,15.321376103787806,14970191
2005-05-11,15.33737850189209,15.39072663949089,15.193340659741484,15.310705059376852,11012034
2005-05-12,15.193339347839355,15.44407219096916,15.182669971754532,15.4173987507571,16620716
2005-05-13,15.05997085571289,15.236016813230679,14.95861053059795,15.193339309000478,12172005
2005-05-16,15.326714515686035,15.326714515686035,15.070646872337525,15.097320324234502,10449713
2005-05-17,15.422740936279297,15.44407969882239,15.20935080571072,15.294707108451917,10526650
2005-05-18,15.604113578796387,15.64145639388231,15.497418568839853,15.561436075841044,23050967
2005-05-19,15.620125770568848,15.636131095073887,15.524101338951592,15.620125770568848,4378421
2005-05-20,15.604113578796387,15.62011764240464,15.52409326075512,15.577440139449298,5941914
2005-05-23,15.625467300415039,15.668144840836925,15.52410688934378,15.52410688934378,5491368
2005-05-24,15.572107315063477,15.657463583756757,15.497420423385817,15.657463583756757,11176865
2005-05-25,15.518754959106445,15.604111204598176,15.465408088529108,15.604111204598176,4678416
2005-05-26,15.620125770568848,15.67347392959171,15.524101338951592,15.57211355476022,7317803
2005-05-27,15.646794319152832,15.67346776188351,15.61478493530768,15.620119623853816,4881777
2005-05-31,15.620125770568848,15.678808620237113,15.582782936051027,15.678808620237113,4031279
2005-06-01,15.742818832397461,15.849513856697824,15.593446299404288,15.630789119510496,18682764
2005-06-02,15.700141906738281,15.732150039446527,15.652129707675913,15.684137840384158,4226639
2005-06-03,15.620125770568848,15.726820836045741,15.57211355476022,15.716151454754934,4204604
2005-06-06,15.657458305358887,15.668127678777678,15.545428631893687,15.588106125568848,3995580
2005-06-07,15.646794319152832,15.790830909898492,15.630789000946088,15.710810581706458,5202452
2005-06-08,15.657458305358887,15.742813292709208,15.636119558521308,15.636119558521308,6171249
2005-06-09,15.70547103881836,15.748148533996424,15.609445422099759,15.625450735359482,4126435
2005-06-10,15.657458305358887,15.732143919290419,15.593440812278242,15.678797052196469,8842765
2005-06-13,15.657458305358887,15.758818605405299,15.604110185697031,15.630783619244006,6442931
2005-06-14,15.700141906738281,15.74281941701594,15.63078969996869,15.63078969996869,3297972
2005-06-15,15.737486839294434,15.790833734297587,15.66280118629002,15.780165607865516,7133276
2005-06-16,15.817502975463867,15.828172350782303,15.684134531415264,15.684134531415264,5908677
2005-06-17,15.900684356689453,15.911417079859259,15.82555403449575,15.895316735099483,7549108
2005-06-20,15.863121032714844,15.916784652647454,15.777257980817502,15.884585220682725,2831177
2005-06-21,15.922144889831543,15.943610329547425,15.820182791176421,15.88994673025772,3163178
2005-06-22,15.900684356689453,16.00264648680767,15.895316735099483,15.981179780462991,3711465
2005-06-23,15.755800247192383,15.93825790430326,15.73433352870365,15.90605971657883,4814195
2005-06-24,15.72896671295166,15.78799671735797,15.702133632761331,15.777263989284096,4695034
2005-06-27,15.72359561920166,15.750428693470766,15.669931990674176,15.750428693470766,2754978
2005-06-28,15.841652870178223,15.863119576185388,15.745058363168697,15.761157447670284,5373931
2005-06-29,15.916790962219238,15.94898914694248,15.868492425128712,15.884591517490334,3537032
2005-06-30,15.814826011657715,16.018749072497144,15.79872692211819,16.018749072497144,4857526
2005-07-01,15.830924987792969,15.916788058060801,15.798726808944567,15.916788058060801,4179122
2005-07-05,15.959721565246582,15.975821917301198,15.78263029270219,15.857759388930752,3199123
2005-07-06,15.841652870178223,15.97581442770155,15.841652870178223,15.938248637192798,5527929
2005-07-07,15.873861312866211,15.884592781955888,15.653837846398144,15.77726549100148,7762071
2005-07-08,16.034852981567383,16.04558571030959,15.836294979825103,15.841661344196206,2798679
2005-07-11,16.104612350463867,16.17974269595317,15.997283825481487,16.09924724722048,3586765
2005-07-12,16.104612350463867,16.174376332704323,16.050948717975405,16.12607906346471,6681376
2005-07-13,16.174375534057617,16.201207348976965,16.099246452283445,16.109977918245786,2753008
2005-07-14,16.254867553710938,16.313898794100275,16.21193665888606,16.287066984834727,3672319
2005-07-15,16.29780387878418,16.308536605236664,16.185108991027644,16.303170242010424,11394136
2005-07-18,16.12607765197754,16.276337069798743,16.120710029193052,16.23877127033943,6636937
2005-07-19,16.12070655822754,16.201203242588132,16.11534019660384,16.169005072845927,4621174
2005-07-20,16.179738998413086,16.228036256615372,16.06167777391343,16.099243568075938,10014308
2005-07-21,16.0938720703125,16.201200544920294,16.067040266661767,16.152903298348978,7327404
2005-07-22,16.179738998413086,16.19047172245804,16.067044135935905,16.126075378188318,5558581
2005-07-25,16.115337371826172,16.233398566858313,16.109971011143113,16.152903156612435,2830438
2005-07-26,16.13680648803711,16.169004656951124,16.099241957637428,16.11533978208939,5911754
2005-07-27,16.158267974853516,16.1743670553659,16.088504032628453,16.1743670553659,5182141
2005-07-28,16.206575393676758,16.2387735749211,16.142177771182546,16.174377212432415,8298540
2005-07-29,16.06168556213379,16.233410490126655,16.056319197509193,16.17974684388069,5599327
2005-08-01,16.06168556213379,16.163647750006902,16.040220103635402,16.163647750006902,5210946
2005-08-02,16.179738998413086,16.179738998413086,16.050945049868478,16.050945049868478,2315019
2005-08-03,16.20120620727539,16.206572569881093,16.09387769515606,16.179740756852585,4249043
2005-08-04,16.088512420654297,16.14754367331474,16.067046968779735,16.099246406596972,6744526
2005-08-05,15.906048774719238,16.050941779812245,15.889949691931674,16.050941779812245,6716582
2005-08-08,15.841652870178223,15.970446806195973,15.820187424176106,15.906050468189623,6635582
2005-08-09,15.943618774414062,15.970450588270939,15.857755710066709,15.884587523923585,7031718
2005-08-10,15.927519798278809,16.109977393795983,15.879222532996268,15.959717975133836,5165522
2005-08-11,15.986550331115723,16.008014521382943,15.84702238433375,15.975817605979463,4689864
2005-08-12,15.943618774414062,15.991916039356441,15.863123332843431,15.959717862728189,3932676
2005-08-15,16.018747329711914,16.05094676529322,15.873855539619921,15.927519165579918,5816721
2005-08-16,15.911423683166504,16.088514948966967,15.911423683166504,16.01875095940582,14594121
2005-08-17,15.94898796081543,16.008017961751307,15.884590336152536,15.927522505929655,11855392
2005-08-18,15.938249588012695,15.981180482578035,15.86312052252335,15.906051417088689,13065219
2005-08-19,15.965087890625,16.018751530658385,15.943622434611646,15.943622434611646,6882644
2005-08-22,16.008018493652344,16.07778248435474,15.938255762955558,15.965087582454322,6522577
2005-08-23,15.906048774719238,16.00800963237382,15.88458207099757,16.00800963237382,8087916
2005-08-24,15.72359561920166,15.959718104733314,15.723595619201658,15.857755950525732,13036906
2005-08-25,15.804095268249512,15.83092708751533,15.696766731180643,15.723598550446459,8257302
2005-08-26,15.63772964477539,15.804088108867301,15.63772964477539,15.804088108867301,16319983
2005-08-29,15.761157989501953,15.782623436242002,15.551867363776294,15.63773041074158,11118884
2005-08-30,15.621642112731934,15.723603055153164,15.573343564210653,15.669939401247253,20823227
2005-08-31,15.798726081848145,15.798726081848145,15.401611447644438,15.401611447644438,14215465
2005-09-01,15.836278915405273,15.895308863607067,15.675286887577753,15.852379252192025,19850860
2005-09-02,15.825560569763184,15.911423650584405,15.79336238695732,15.857758752569046,7385877
2005-09-06,16.018747329711914,16.018747329711914,15.873855539619921,15.884587004806614,10429032
2005-09-07,15.981181144714355,16.045578749235627,15.932883886327284,16.034846025149612,10585738
2005-09-08,15.889957427978516,15.970452881105663,15.889957427978517,15.911422882145756,7680578
2005-09-09,16.029483795166016,16.056315612297727,15.906056176354646,15.911422539780988,8127062
2005-09-12,16.077777862548828,16.077777862548828,16.01874661661538,16.07241150019172,8269119
2005-09-13,15.943618774414062,16.050947289846917,15.943618774414062,16.04558092707554,5414307
2005-09-14,15.927519798278809,16.02948195165842,15.911420709851296,15.943618886706323,8381264
2005-09-15,15.938249588012695,15.991913206219369,15.873853246164684,15.991913206219369,5711101
2005-09-16,16.166030883789062,16.171428504401103,15.97711162767848,16.036486721755512,12791813
2005-09-19,16.02029800415039,16.19302444310681,15.993309894108737,16.19302444310681,6953919
2005-09-20,15.933927536010742,16.182220570130337,15.928529916457896,15.966314520672158,23278456
2005-09-21,15.669454574584961,15.939338309639815,15.66405695057768,15.939338309639815,17675437
2005-09-22,15.788200378417969,15.788200378417969,15.545304812502213,15.66405378400203,15650934
2005-09-23,15.842170715332031,15.858363576762317,15.696433695114903,15.761205140836045,4365865
2005-09-26,15.75581169128418,16.00410483363323,15.739618825567272,15.869163018647434,7957430
2005-09-27,15.809782028198242,15.87455346177499,15.701827104215022,15.707225991024071,7322973
2005-09-28,15.680241584777832,15.85296799695752,15.680241584777834,15.80978702758496,7652019
2005-09-29,15.97171688079834,15.977113234608538,15.674843915243777,15.707230909517993,8617862
2005-09-30,15.933927536010742,16.106653896390494,15.88534896003513,16.00409785754208,6617856
2005-10-03,15.896148681640625,16.203815617599457,15.842172470891603,16.00410237048337,4219006
2005-10-04,15.696438789367676,16.166035725286523,15.696438789367676,16.166035725286523,11310428
2005-10-05,15.631668090820312,15.820587428110427,15.631668090820314,15.761212308519626,12952828
2005-10-06,15.674846649169922,15.804390846827069,15.593882317724791,15.707233649092911,12219645
2005-10-07,15.728819847106934,15.79898891521927,15.669444752898057,15.674842373522084,6118439
2005-10-10,15.561491966247559,15.78819329435029,15.561491966247559,15.78819329435029,5314473
2005-10-11,15.512904167175293,15.674833966390288,15.49131369625915,15.631653024558,10020586
2005-10-12,15.442743301391602,15.620867329931277,15.372574228056635,15.545299368225857,12442948
2005-10-13,15.518311500549316,15.529106742766032,15.345586357737155,15.464335289465737,21803841
2005-10-14,15.691038131713867,15.696437020679037,15.556096323860487,15.556096323860487,11216133
2005-10-17,15.707225799560547,15.777394851746696,15.604669763636483,15.707225799560547,9411611
2005-10-18,15.583084106445312,15.782797353328638,15.583084106445312,15.691036527817543,6495987
2005-10-19,15.896148681640625,15.933932029164943,15.534504267588073,15.615469851056307,19473189
2005-10-20,15.75581169128418,15.982514346010689,15.691038961071651,15.950127347231977,16381902
2005-10-21,15.847574234008789,16.00410655343813,15.761211006893106,16.00410655343813,8709325
2005-10-24,16.160633087158203,16.160633087158203,15.885351904253296,15.923135248126046,9280263
2005-10-25,16.068878173828125,16.160637749707178,15.977116063259189,16.13904726126505,12154279
2005-10-26,16.17682647705078,16.236200305075307,16.0148965878211,16.085065657304625,15936157
2005-10-27,16.085067749023438,16.214611930722167,16.085067749023438,16.11205585618051,17731940
2005-10-28,16.360349655151367,16.360349655151367,16.122853034975762,16.193023383838778,20482363
2005-10-31,16.41972541809082,16.484496880546974,16.36574919937736,16.36574919937736,11654000
2005-11-01,16.360349655151367,16.425122382359138,16.300975816943673,16.425122382359138,10145533
2005-11-02,16.495290756225586,16.54387061638354,16.322565603322868,16.327963224746554,12949258
2005-11-03,16.506088256835938,16.65182531136492,16.435917906772797,16.65182531136492,10983844
2005-11-04,16.533071517944336,16.57085485909888,16.4467083279609,16.57085485909888,8035845
2005-11-07,16.673416137695312,16.68421138141014,16.56546243320216,16.624837540978593,9374188
2005-11-08,16.624832153320312,16.73278455548413,16.538468964244785,16.538468964244785,7569419
2005-11-09,16.66802406311035,16.743590794263447,16.58705844095816,16.651831192148972,10027726
2005-11-10,17.002670288085938,17.018864417843222,16.67881050514365,16.73278671318582,18624907
2005-11-11,17.062047958374023,17.0998313097038,16.975684745132575,17.018866985425714,10650120
2005-11-14,17.072843551635742,17.094434038552542,17.002673201811287,17.07824117336494,6888922
2005-11-15,16.916316986083984,17.218586440030148,16.851544236041075,17.083644583731473,16973767
2005-11-16,16.824542999267578,16.997269353134644,16.78136204447296,16.910906176201113,21732197
2005-11-17,17.024261474609375,17.05664719836169,16.824546976780905,16.87312682975397,11009325
2005-11-18,17.110626220703125,17.596415922992186,16.991876021506947,17.137614326272843,9416658
2005-11-21,17.19158935546875,17.234771588756175,17.08363567326712,17.137613148040245,7275456
2005-11-22,17.342723846435547,17.375109570599136,17.121420130639738,17.21857730313051,15687372
2005-11-23,17.477670669555664,17.56943151514974,17.315740734712275,17.353524090461907,11811322
2005-11-25,17.515443801879883,17.54783078382089,17.46686522998473,17.515443801879883,2176654
2005-11-28,17.43448829650879,17.569430109304868,17.402101298255626,17.569430109304868,19170609
2005-11-29,17.423694610595703,17.526249434307285,17.299548030336698,17.488466078203018,18621953
2005-11-30,17.202392578125,17.43449291244139,17.159211592148075,17.43449291244139,25968807
2005-12-01,17.294143676757812,17.385903220153253,17.27255319595889,17.299541296957546,12589068
2005-12-02,17.331939697265625,17.34813256971065,17.267166940140108,17.33733732141397,7858335
2005-12-05,17.299541473388672,17.31033671389823,17.14300795131104,17.27255337211477,15691188
2005-12-06,17.245561599731445,17.423684297566226,17.2347663615199,17.380502077375798,8581793
2005-12-07,17.105224609375,17.27794972487092,17.02965665846425,17.229371142578334,9688955
2005-12-08,17.094432830810547,17.2077841464602,17.029660107291562,17.110626962198868,9374557
2005-12-09,17.21857452392578,17.38050438595167,17.07823514119076,17.38050438595167,9121833
2005-12-12,17.143022537231445,17.261772818562765,17.08364866391137,17.223988177286223,6234400
2005-12-13,17.36431121826172,17.412889795803878,17.116018176135245,17.137609922387256,19211602
2005-12-14,17.429086685180664,17.461472408675874,17.31573538560284,17.34812110909805,11667664
2005-12-15,17.331939697265625,17.439893447577877,17.31034920067226,17.439893447577877,11066936
2005-12-16,17.374303817749023,17.46666162911648,17.341705667541223,17.43949756694958,7611765
2005-12-19,17.222185134887695,17.38517079618631,17.21131823356734,17.341707017727757,7940196
2005-12-20,17.298246383666992,17.336276077770037,17.2221869954609,17.227618533296432,5430680
2005-12-21,17.34714126586914,17.455797523996633,17.298244674104136,17.32540873863601,7313863
2005-12-22,17.466659545898438,17.466659545898438,17.330837975655623,17.38516736911717,6719783
2005-12-23,17.488401412963867,17.510133948910106,17.439506077203156,17.482968597879346,3939692
2005-12-27,17.352569580078125,17.580750230978538,17.336271144386295,17.580750230978538,8312820
2005-12-28,17.314552307128906,17.41777708277167,17.30368667554633,17.347150477484938,5012386
2005-12-29,17.298246383666992,17.379738585316378,17.27108231645053,17.3634401449865,4117326
2005-12-30,17.20589256286621,17.27652043492418,17.156997226862487,17.20589256286621,6315399
2006-01-03,17.49382972717285,17.52642660929335,17.151559913692,17.205888050559498,17719999
2006-01-04,17.47753143310547,17.55902491469992,17.41233766831617,17.493829874302794,19258380
2006-01-05,17.53729248046875,17.54815810720297,17.472097444455688,17.48839588455702,6362054
2006-01-06,17.640512466430664,17.656812178935315,17.49925807104778,17.55358746964581,9402870
2006-01-09,17.689411163330078,17.716575228066407,17.618783319407974,17.645948659751948,8239329
2006-01-10,17.705713272094727,17.73831015653479,17.580757272799914,17.732877342461446,8345072
2006-01-11,17.803504943847656,17.80893775784252,17.591622646832118,17.591622646832118,9195078
2006-01-12,17.678544998168945,17.7600384654997,17.651379658653624,17.73287312598438,7183747
2006-01-13,17.66767692565918,17.895857582096536,17.61878034178979,17.895857582096536,7528550
2006-01-17,17.482959747314453,17.56445320793524,17.45036287330914,17.56445320793524,7335529
2006-01-18,17.434066772460938,17.57532118768614,17.368871740106716,17.385171454901023,10850896
2006-01-19,17.379737854003906,17.504693833549435,17.352573787930467,17.504693833549435,7725879
2006-01-20,17.015729904174805,17.374299257486108,17.004864282159964,17.374299257486108,26976750
2006-01-23,17.05919647216797,17.173286806217206,16.928807701198487,16.950538950425482,13649574
2006-01-24,17.1352596282959,17.222185913535483,17.108095562785927,17.11352710028024,16959733
2006-01-25,17.167856216430664,17.21675153352131,17.102661184702143,17.167856216430664,8817284
2006-01-26,17.46123504638672,17.52099728008299,17.27651808214219,17.32541341148716,14626496
2006-01-27,17.47753143310547,17.635085582561928,17.379739510313694,17.43950173697838,12404418
2006-01-30,17.42319679260254,17.477524909649077,17.42319679260254,17.461226474535113,7284073
2006-01-31,17.35800552368164,17.472094585724044,17.33627299816127,17.434064898376576,16142719
2006-02-01,17.34714126586914,17.42863345946476,17.265646521058258,17.330841551542385,13474526
2006-02-02,17.227617263793945,17.358007328040042,17.200453198579204,17.336274800260583,17747327
2006-02-03,17.156997680664062,17.287386522397583,17.04834009995143,17.276520891887138,15270063
2006-02-06,17.20589256286621,17.21675819308926,17.140697505919764,17.140697505919764,9126634
2006-02-07,17.091798782348633,17.243920126537414,17.086365968313885,17.17872508251252,9067177
2006-02-08,17.200454711914062,17.222187241605596,17.07006591180373,17.07006591180373,11276452
2006-02-09,17.243921279907227,17.368876011064135,17.200457489114232,17.20589030351236,7923701
2006-02-10,17.341707229614258,17.35257285545975,17.140690600257372,17.22218534531384,6550151
2006-02-13,17.27651596069336,17.32541128403429,17.200455293221875,17.303680029216096,18027749
2006-02-14,17.482959747314453,17.5535875832668,17.287377227675066,17.303675664677723,18669346
2006-02-15,17.5861759185791,17.602474347668313,17.439488781169334,17.504682497526176,16644351
2006-02-16,17.689411163330078,17.689411163330078,17.55358956404078,17.580753628777114,9676768
2006-02-17,17.618785858154297,17.72201059463397,17.559024907123224,17.683980898523288,9473161
2006-02-21,17.564456939697266,17.667681671586156,17.542725685743346,17.586188193651186,14553744
2006-02-22,17.8958683013916,17.917599562524657,17.607925264554073,17.760046643701827,22394968
2006-02-23,17.83066177368164,17.950184908644204,17.749168321241186,17.90128832693698,9125895
2006-02-24,17.868694305419922,17.923023707579002,17.787202115592667,17.83609742948902,9338858
2006-02-27,17.901287078857422,17.95018365715557,17.87412302180694,17.87412302180694,11734508
2006-02-28,17.727445602416992,17.863267238087335,17.678550272794542,17.846968794879853,15690203
2006-03-01,17.819801330566406,17.819801330566406,17.732875041066404,17.78177163698854,6728277
2006-03-02,17.711139678955078,17.74373655160284,17.635080309443637,17.74373655160284,17965706
2006-03-03,17.66767692565918,17.770901629819644,17.61334752976068,17.662244113630074,13546047
2006-03-06,17.613351821899414,17.716576551214366,17.5590236883693,17.667681231037264,17043687
2006-03-07,17.673112869262695,17.683978495246237,17.54272408185255,17.553589707836093,26680694
2006-03-08,17.68397331237793,17.722002992174477,17.569882997381004,17.689406123777434,10367236
2006-03-09,17.575321197509766,17.738306865074918,17.564455571379266,17.683978734422425,7940196
2006-03-10,17.732879638671875,17.765476527332872,17.575326734535654,17.62965488230398,9605493
2006-03-13,17.738306045532227,17.825232326167733,17.689410730204035,17.781769823653786,12916268
2006-03-14,17.94475746154785,17.94475746154785,17.7437408140497,17.74917362746275,17439577
2006-03-15,17.96648597717285,17.999082852683472,17.846962824693016,17.912157851321815,23877830
2006-03-16,18.0262508392334,18.1023115075879,18.00995239793054,18.02081930107361,14009888
2006-03-17,18.079238891601562,18.079238891601562,18.01369546007523,18.0410052232112,8742685
2006-03-20,18.09015464782715,18.117465681109934,17.99183954482542,18.05738294682657,9054374
2006-03-21,17.9099178314209,18.084701605296182,17.88807001999269,18.073777699582074,10612574
2006-03-22,18.051923751831055,18.06830960483223,17.877140037369347,17.88260198836974,8927212
2006-03-23,17.964529037475586,18.00822592253794,17.90990953420891,17.997300739435595,10013077
2006-03-24,17.95906639099121,18.019149124704544,17.877137139267067,17.926294690301553,12086450
2006-03-27,17.94814109802246,17.980912796169104,17.89352160111139,17.94814109802246,8242530
2006-03-28,17.800670623779297,18.00276536641502,17.767898919281322,17.94814457646929,13887403
2006-03-29,17.882600784301758,17.920834438730157,17.762436587934843,17.898986636199645,6550767
2006-03-30,17.77336311340332,17.931760987585783,17.740591404768868,17.817058724915924,10008276
2006-03-31,17.778818130493164,17.86074737012408,17.751508383949524,17.784280079801892,9100291
2006-04-03,17.80613136291504,17.948143355192197,17.762435759890998,17.778821611025013,17761607
2006-04-04,17.997297286987305,18.024608315830537,17.7624321855461,17.806127779777253,5489768
2006-04-05,18.03007698059082,18.07923454241009,17.964532282382557,18.008229175337814,10001506
2006-04-06,17.964529037475586,18.161161814133646,17.893523683228906,18.161161814133646,14073654
2006-04-07,17.795211791992188,18.05192608711879,17.7679020334573,18.035540231997857,15008229
2006-04-10,17.827983856201172,17.920838319512708,17.784288241677796,17.838907759832015,8589795
2006-04-11,17.675039291381836,17.9044437204995,17.642267596493234,17.9044437204995,11979107
2006-04-12,17.713274002075195,17.76789477929408,17.669578406259138,17.680502305213153,8625986
2006-04-13,17.740585327148438,17.76243312542006,17.65865480118103,17.69142649858846,6869965
2006-04-17,17.724199295043945,17.81159177599832,17.67504174588462,17.77335812665218,7458260
2006-04-18,18.051923751831055,18.06830960483223,17.756975832911557,17.795209489914303,16304226
2006-04-19,18.073768615722656,18.117465499066665,18.0027632642682,18.0901544660583,11333325
2006-04-20,18.112001419067383,18.193931949361133,18.035534121078857,18.079229719929444,5373561
2006-04-21,18.09015464782715,18.221242734278423,17.8716740762587,18.221242734278423,6024760
2006-04-24,18.09562110900879,18.264944171286523,17.88260371695347,18.264944171286523,6810631
2006-04-25,17.986370086669922,18.09561033464332,17.931750603907485,18.09561033464332,8725328
2006-04-26,18.09015464782715,18.09561659799391,17.92083291020853,17.92083291020853,6675959
2006-04-27,18.374176025390625,18.406949004209824,18.013684800418556,18.040994547393897,21775528
2006-04-28,18.54895782470703,18.619964442157055,18.29770689533047,18.29770689533047,16492446
2006-05-01,18.259477615356445,18.587198494783543,18.215782011079124,18.56535069264488,16759696
2006-05-02,18.374176025390625,18.38509992418076,18.292246784464606,18.352328227810354,4896426
2006-05-03,18.357797622680664,18.4069564696227,18.286790969297424,18.379646711571183,5726120
2006-05-04,18.396034240722656,18.467039618119163,18.36326124562869,18.36326124562869,10429278
2006-05-05,18.65821075439453,18.680058563114173,18.467039863198785,18.467039863198785,14808930
2006-05-08,18.58173370361328,18.690973980055816,18.559885904814546,18.685512030356133,10281189
2006-05-09,18.6145076751709,18.63635547663787,18.55442622113673,18.55442622113673,12726324
2006-05-10,18.62543296813965,18.658205955238877,18.49434486709008,18.598123214264554,10461900
2006-05-11,18.319561004638672,18.61450890888915,18.259478264173364,18.61450890888915,10598048
2006-05-12,18.133852005004883,18.319560893554364,18.02461299109236,18.02461299109236,10406628
2006-05-15,18.259477615356445,18.2758647494095,18.10107976740209,18.10107976740209,6753635
2006-05-16,18.237628936767578,18.32502142357144,18.161161632957068,18.275863871121828,9561546
2006-05-17,17.87167739868164,18.144778805137435,17.817057886860006,18.117469049226617,13422578
2006-05-18,17.713274002075195,17.953602343961137,17.70781205259819,17.88805895023705,8360460
2006-05-19,17.80613136291504,17.888061901034142,17.696891072905913,17.81705526367105,12222599
2006-05-22,17.762434005737305,17.84436325331635,17.614960077646135,17.76789595557591,12672653
2006-05-23,17.675039291381836,17.893519822203302,17.664115393085634,17.82797514997737,9384775
2006-05-24,17.685970306396484,17.80613451845671,17.53303438626054,17.642274695628856,13323113
2006-05-25,17.844371795654297,17.855296983010426,17.72420755923192,17.77882836621455,6981001
2006-05-26,17.991844177246094,17.997304846369865,17.866218008616187,17.937223379066097,4869713
2006-05-30,17.724199295043945,18.013686487440033,17.718737345137352,18.013686487440033,9413457
2006-05-31,17.849834442138672,17.8716822528014,17.680512627052977,17.78429101015049,6483062
2006-06-01,18.057390213012695,18.084699974835793,17.83890955352893,17.83890955352893,4518016
2006-06-02,18.161157608032227,18.199391251464036,17.96998682597575,17.96998682597575,12643847
2006-06-05,17.866214752197266,18.128390944817184,17.849827618015585,18.073770156592744,8061819
2006-06-06,17.8225154876709,17.959065516343134,17.647731810056133,17.915369917551665,23200411
2006-06-07,17.882600784301758,18.035536684464446,17.789746341097985,17.800670242363243,10925987
2006-06-08,17.915369033813477,17.969988529608514,17.66411678825864,17.83343850767209,28709259
2006-06-09,17.85529899597168,17.991849105148304,17.827987948176634,17.888070714386153,11772669
2006-06-12,17.658655166625977,17.898983517485053,17.653193216945038,17.860748587269615,9561177
2006-06-13,17.314558029174805,17.724207015505407,17.265399176153537,17.614967969790296,24357797
2006-06-14,17.210771560668945,17.40194108323059,17.03052465509345,17.341859636338,18993099
2006-06-15,17.59311294555664,17.631347881113047,17.298165056687417,17.369171694907283,15685648
2006-06-16,17.481582641601562,17.60794234904585,17.42664419920735,17.60794234904585,10174461
2006-06-19,17.360715866088867,17.591459891894132,17.322258958433835,17.481581722942217,7099054
2006-06-20,17.410167694091797,17.531033601154668,17.36621692422823,17.371710770461174,22578140
2006-06-21,17.553010940551758,17.61893709784296,17.410168353211255,17.443132721794974,15107817
2006-06-22,17.48708152770996,17.547513831767414,17.43214177953794,17.492575373533366,3410732
2006-06-23,17.37171173095703,17.48158995162927,17.327760958663394,17.415663793188813,5009308
2006-06-26,17.525535583496094,17.525535583496094,17.36071894579929,17.3991758602764,5158506
2006-06-27,17.355236053466797,17.547522037138506,17.344248356682044,17.498077401607127,4800038
2006-06-28,17.44862174987793,17.454116885145766,17.333249708010477,17.443129194485806,5785946
2006-06-29,17.816715240478516,17.83319806824148,17.498069595986536,17.53652651757812,11568569
2006-06-30,17.76727294921875,17.899126558989973,17.734309869260485,17.87165732569142,7769333
2006-07-03,17.976041793823242,17.981536930843465,17.789249703098502,17.789249703098502,4077195
2006-07-05,17.805721282958984,17.866154856989283,17.73430131084937,17.827696658992714,5988692
2006-07-06,17.860668182373047,17.91560664451003,17.789246891656898,17.789246891656898,4241411
2006-07-07,17.77276611328125,17.932088950231925,17.756284573935122,17.77276611328125,3649669
2006-07-10,17.893630981445312,17.921100212086714,17.81122199958306,17.81122199958306,3758735
2006-07-11,17.899133682250977,17.915615228789218,17.706847682699493,17.816724659621094,5804534
2006-07-12,17.72332191467285,17.954066067649535,17.68486498582282,17.954066067649535,6619579
2006-07-13,17.44313621520996,17.662891406796767,17.437642367668747,17.635422169090713,11400168
2006-07-14,17.37171173095703,17.492577644702678,17.300291725979868,17.42665148626222,9368033
2006-07-17,17.404666900634766,17.44312509885253,17.272813353736492,17.322259240034313,6106622
2006-07-18,17.44313621520996,17.49807469062207,17.300294889200103,17.476099300457225,8530461
2006-07-19,17.90461540222168,17.9156030924706,17.487079302949237,17.4925731480737,40039875
2006-07-20,17.833192825317383,17.965045089152788,17.816710002400335,17.910106645888035,15552085
2006-07-21,17.734304428100586,17.888133377313544,17.673870843447563,17.833194927572404,16533069
2006-07-24,17.96504783630371,17.981530661741253,17.76177427520264,17.81121888170181,11416417
2006-07-25,18.009000778198242,18.058445387142665,17.871653352303632,17.965048724754208,8844489
2006-07-26,17.987028121948242,18.05844812346773,17.921100676761405,18.009003507031164,5503678
2006-07-27,17.88263511657715,18.107885284770294,17.87714127295963,18.074920933127732,9565486
2006-07-28,18.2012882232666,18.26721566413159,18.014496172368784,18.01999001827937,14383373
2006-07-31,18.173824310302734,18.245245617971968,18.129873530160662,18.239750480515838,8948878
2006-08-01,18.118877410888672,18.168322015559603,18.014493066645606,18.10239458606059,7718493
2006-08-02,18.15184211730957,18.195792880979834,18.063939300031155,18.146348271850787,7259699
2006-08-03,18.228763580322266,18.267221804561867,18.07493455317913,18.07493455317913,7380461
2006-08-04,18.2672176361084,18.569381773685574,18.20129018812643,18.41555278164516,19989840
2006-08-07,18.228763580322266,18.27820950007649,18.173825102749156,18.267221804561867,4076580
2006-08-08,18.096908569335938,18.327651431104012,18.069438044656053,18.28370065551738,10953069
2006-08-09,17.88263511657715,18.267208039615767,17.866153585724597,18.223257290675622,10111680
2006-08-10,17.970542907714844,18.008999823744563,17.805724973426145,17.860664714834982,12115379
2006-08-11,17.91560935974121,17.959561426050097,17.83869421115436,17.926597053833866,6336819
2006-08-14,17.93757438659668,18.10239099272132,17.904611323359255,18.00899564688195,6748958
2006-08-15,18.23974609375,18.46499636768084,18.12437532362441,18.15733840080315,10760910
2006-08-16,18.338640213012695,18.37160458659665,18.25623250389859,18.349629197499556,5888119
2006-08-17,18.399072647094727,18.41555418786422,18.278206724846857,18.32215750023218,6555814
2006-08-18,18.42653465270996,18.42653465270996,18.33863184648665,18.415546963174265,7479802
2006-08-21,18.355117797851562,18.404563702598825,18.31116702913225,18.404563702598825,4727532
2006-08-22,18.349626541137695,18.39907115944837,18.283699093452007,18.349626541137695,6325617
2006-08-23,18.2946834564209,18.37159858306446,18.256226538068063,18.33863422025271,4746121
2006-08-24,18.355117797851562,18.38808216432908,18.316660875222166,18.355117797851562,4821458
2006-08-25,18.25623321533203,18.31666553770405,18.239750382928573,18.300183995238953,4463729
2006-08-28,18.388080596923828,18.426537516275147,18.234251629580626,18.239744185264318,11596882
2006-08-29,18.311166763305664,18.349624975314793,18.20678239917463,18.349624975314793,17294196
2006-08-30,18.366098403930664,18.415544289600465,18.33862918407941,18.34412302804966,4856418
2006-08-31,18.388080596923828,18.39906828816706,18.333140850769734,18.366103924499434,4162627
2006-09-01,18.41555404663086,18.45401097479808,18.35512044100129,18.45401097479808,3034169
2006-09-05,18.481475830078125,18.541909421388155,18.404561991968166,18.43203121986458,9705573
2006-09-06,18.421039581298828,18.62431440404878,18.377088826082684,18.404558048092774,6858886
2006-09-07,18.27821159362793,18.393582409745814,18.261730048468234,18.34963291259186,8959341
2006-09-08,18.38258934020996,18.399070879395985,18.19030213649679,18.283698815155706,6832419
2006-09-11,18.39357566833496,18.42104619013817,18.3276495118587,18.349626187288887,4257044
2006-09-12,18.629810333251953,18.65727956023802,18.40456138202834,18.41554907282277,7997561
2006-09-13,18.767154693603516,18.80561160246103,18.569373725318282,18.65727523127832,8542032
2006-09-14,18.811107635498047,18.811107635498047,18.684747916039342,18.701229450324686,3825456
2006-09-15,18.868572235107422,19.338215225719992,18.84647292997403,19.332690075114588,7382923
2006-09-18,18.84647560119629,18.907252266470003,18.780172487245633,18.82437369835379,9313623
2006-09-19,18.879629135131836,19.08958752609851,18.774651236937192,19.08958752609851,7713815
2006-09-20,19.00670623779297,19.039858445586404,18.91830380977983,18.945929568533934,9690678
2006-09-21,18.87409782409668,19.056429083066003,18.840945624684657,19.006701432592056,6461027
2006-09-22,18.907241821289062,18.940392711306192,18.829888447294728,18.874090931271937,7961369
2006-09-25,19.10063362121582,19.144834831765948,18.923827481726907,19.012231200115565,7118627
2006-09-26,19.20561981201172,19.20561981201172,19.034338761249074,19.11169090797916,7658913
2006-09-27,19.11720848083496,19.200087045328235,19.067482120512018,19.15036068500529,6000140
2006-09-28,19.183509826660156,19.20561042921448,19.067480365961714,19.067480365961714,3996811
2006-09-29,19.12826156616211,19.310592865463445,18.96250442430075,18.96250442430075,6330171
2006-10-02,19.08405876159668,19.155887028265997,19.012231792215804,19.10063421606919,4536481
2006-10-03,19.271909713745117,19.316112210354895,19.078528169424594,19.095103619170235,8250778
2006-10-04,19.50397300720215,19.50397300720215,19.22218770334549,19.46529694906569,14697525
2006-10-05,19.492923736572266,19.69183048623275,19.42109676766014,19.542651396953715,10687542
2006-10-06,19.42662239074707,19.45424814869165,19.37689472915835,19.432147542335986,6333126
2006-10-09,19.481874465942383,19.509500224680075,19.354794678460493,19.42109779671946,4485395
2006-10-10,19.481874465942383,19.542652432453814,19.426622948467,19.515025376427616,6821710
2006-10-11,19.432147979736328,19.481874345155873,19.20561416491474,19.20561416491474,7388216
2006-10-12,19.53712272644043,19.570274928687457,19.470820916522953,19.470820916522953,6476045
2006-10-13,19.608945846557617,19.608945846557617,19.481866113558123,19.481866113558123,4953544
2006-10-16,19.50397300720215,19.55922581611403,19.47634725139039,19.542650362626976,6320200
2006-10-17,19.50397300720215,19.55370066495168,19.404520286279823,19.487397553715095,6891754
2006-10-18,19.55922508239746,19.664202950544148,19.443195615052275,19.586850837172904,7018177
2006-10-19,19.432147979736328,19.526075558862136,19.343744255035308,19.526075558862136,8025012
2006-10-20,19.410037994384766,19.437665038737386,19.327160753190782,19.432139889324453,8718681
2006-10-23,19.53712272644043,19.564749777861003,19.338215999399708,19.34926630105262,4841769
2006-10-24,19.531597137451172,19.537120990498522,19.43766828445903,19.49844493814983,3734362
2006-10-25,19.614477157592773,19.614477157592773,19.4708219313294,19.553700495334112,5660261
2006-10-26,19.752607345581055,19.758132496727043,19.55922575818315,19.64762817651894,11989201
2006-10-27,19.60342788696289,19.724982515165188,19.54817637291113,19.724982515165188,5312134
2006-10-30,19.608945846557617,19.669723787011957,19.542644054012463,19.57579495028504,9933801
2006-10-31,19.5758056640625,19.713935771417695,19.5758056640625,19.664208102505082,9728224
2006-11-01,19.454238891601562,19.69734804040996,19.415562848882725,19.664195849363104,11319784
2006-11-02,19.39898681640625,19.470815052807104,19.338210175618364,19.437664157831893,4528357
2006-11-03,19.39898681640625,19.503965947782316,19.305059280643153,19.459764754482034,4709191
2006-11-06,19.625530242919922,19.653156002409652,19.410046724322942,19.448724084897105,9460727
2006-11-07,19.66973114013672,19.74155810891167,19.631053782738693,19.64210408562715,4722239
2006-11-08,19.752607345581055,19.785759549745343,19.586851513913086,19.586851513913086,3910518
2006-11-09,19.62000274658203,19.752607673576005,19.586851839155635,19.752607673576005,4959084
2006-11-10,19.780235290527344,19.780235290527344,19.642105199301486,19.67525740713496,6402431
2006-11-13,19.758127212524414,19.84100575483717,19.691824119216605,19.691824119216605,4200541
2006-11-14,19.874162673950195,19.896263279319086,19.636578571657772,19.713931987737308,7786321
2006-11-15,19.846532821655273,19.896259173473616,19.807856770241003,19.841007671453234,4036203
2006-11-16,20.0399169921875,20.0399169921875,19.90178563346943,19.979139038676962,11170217
2006-11-17,19.890735626220703,19.995714785807607,19.890735626220703,19.995714785807607,12754637
2006-11-20,20.0178165435791,20.056492600342093,19.923888977154697,19.94598828373094,13273750
2006-11-21,19.98466682434082,20.02886803469433,19.94046561398731,20.02886803469433,4275632
2006-11-22,20.006765365600586,20.05649172211847,19.929411958173397,19.98466476270375,2484035
2006-11-24,19.907310485839844,19.97361358892288,19.863109281976627,19.890735034391138,2504100
2006-11-27,19.597898483276367,19.91283593690268,19.592373333070018,19.91283593690268,9614110
2006-11-28,19.631057739257812,19.66973510445102,19.50397793314,19.6365828918156,8988270
2006-11-29,19.752607345581055,19.813385305475276,19.642103025372954,19.697355834121186,5148781
2006-11-30,19.713930130004883,19.813384142081315,19.62000126875002,19.691828229430342,4428276
2006-12-01,19.597898483276367,19.763654286754978,19.46529358103585,19.70287763448514,10386439
2006-12-04,19.874162673950195,19.907313582003532,19.658680474315076,19.669730776999522,8233544
2006-12-05,19.968093872070312,19.97914417604308,19.818912173860863,19.890740446972398,10037943
2006-12-06,19.995716094970703,20.02334185001591,19.945988438601,19.95703874061908,3267566
2006-12-07,19.945985794067383,20.117268047214914,19.9128361896966,20.034389495779394,5468471
2006-12-08,20.006765365600586,20.05096657139426,19.874160450931306,19.90178620455235,6413387
2006-12-11,20.117267608642578,20.155943659734845,20.039915506458044,20.05096450948199,10900874
2006-12-12,20.133852005004883,20.16700292067076,20.028872808107558,20.056498571162457,7699043
2006-12-13,20.155942916870117,20.23882146344426,20.122792017155696,20.166993216774927,4945666
2006-12-14,20.327220916748047,20.327220916748047,20.12831425000009,20.1614651449101,7145586
2006-12-15,20.377897262573242,20.46141373322489,20.338923519663407,20.450278378107797,8292755
2006-12-18,20.478113174438477,20.522655894368366,20.411301055453446,20.439139438363874,6471367
2006-12-19,20.461416244506836,20.51152665595738,20.361198036152942,20.41130714032989,13315481
2006-12-20,20.528226852416992,20.53379452988908,20.400168963285576,20.48368412536688,5199498
2006-12-21,20.43914031982422,20.567198194008032,20.422437289357624,20.54492748671924,6326109
2006-12-22,20.33892822265625,20.439147749157414,20.28325143419657,20.433580070311447,4097137
2006-12-26,20.52264976501465,20.52264976501465,20.366752252730638,20.377887602569093,5110497
2006-12-27,20.667421340942383,20.67855669655705,20.57276951094421,20.583904866558875,5211439
2006-12-28,20.572769165039062,20.678556348873226,20.539363098756738,20.62287826446255,8430380
2006-12-29,20.455842971801758,20.600603873773693,20.4447076183634,20.550494783301065,4283265
2007-01-03,20.55606460571289,20.706393200095675,20.40016833402976,20.578335314914284,9365079
2007-01-04,20.489253997802734,20.556066130362392,20.400169847116388,20.544930774935782,6646292
2007-01-05,20.32778549194336,20.478114073533078,20.288811754157614,20.433572658920795,7977372
2007-01-08,20.416868209838867,20.433571239157917,20.199726214144896,20.333351755970455,4427415
2007-01-09,20.383464813232422,20.494818356568583,20.272109962622917,20.41687087623327,5997309
2007-01-10,20.450275421142578,20.466978451403083,20.277676134510802,20.283243811264303,3614216
2007-01-11,20.578336715698242,20.578336715698242,20.43914346644116,20.455846499479193,4623513
2007-01-12,20.600597381591797,20.62286808145001,20.500379232229825,20.500379232229825,8028582
2007-01-16,20.656286239624023,20.656286239624023,20.57276976421236,20.600608153591743,5315827
2007-01-17,20.600597381591797,20.689681488297484,20.556055981875364,20.62843706368739,4927693
2007-01-18,20.51708221435547,20.656275395451992,20.505945557176748,20.63957237059315,5029004
2007-01-19,20.578336715698242,20.595039748736276,20.500389228187416,20.544930649622174,4202880
2007-01-22,20.561630249023438,20.62287469326887,20.505952174254343,20.60060398627053,5728582
2007-01-23,20.550498962402344,20.58947270736222,20.461414809506273,20.494820876614735,7704706
2007-01-24,20.762069702148438,20.762069702148438,20.522658274084463,20.54492898299522,5148904
2007-01-25,20.461416244506836,20.778777826114958,20.43357785329742,20.76764246963119,15347739
2007-01-26,20.500383377075195,20.55606013797767,20.350053508092323,20.472543689350864,9816486
2007-01-29,20.400165557861328,20.528223425615888,20.372327175147987,20.48924968981721,13643419
2007-01-30,20.478113174438477,20.511520541204195,20.389030349125104,20.411301055453446,7687718
2007-01-31,20.645145416259766,20.695254503871883,20.416868069258236,20.478112509673046,15289143
2007-02-01,20.778776168823242,20.789911524418866,20.68412433898696,20.70082737238039,18404066
2007-02-02,20.817747116088867,20.84558550133723,20.762069038318828,20.784341053790833,7704460
2007-02-05,20.812179565429688,20.851153305014076,20.728663101904097,20.834450273763625,5309672
2007-02-06,20.90682029724121,20.923523319634857,20.806600855606717,20.83443922626279,9894778
2007-02-07,20.984783172607422,21.018189241970003,20.90683567742807,20.92353871210936,5616561
2007-02-08,20.9179630279541,20.940233732338825,20.80660819875739,20.929097072873372,6929176
2007-02-09,20.695249557495117,20.990338950783418,20.572759398668737,20.88455312444173,21979751
2007-02-12,20.645145416259766,20.75093126788535,20.589467344973137,20.728660562279963,11936268
2007-02-13,20.79547119140625,20.840012596630547,20.656277992807336,20.67298101976645,12937195
2007-02-14,20.99591064453125,21.05158871316719,20.82331137703334,20.834446729305906,12212751
2007-02-15,21.029327392578125,21.062734773653116,20.962515244975677,21.018192034644386,12006928
2007-02-16,21.02374839782715,21.0293147661781,20.94023195619518,20.96807033431484,6764837
2007-02-20,21.135099411010742,21.151803743180178,20.528217610675945,20.990338554633965,6508666
2007-02-21,21.046022415161133,21.101700490901415,21.00148100038752,21.046022415161133,5231258
2007-02-22,20.962507247924805,21.12953886048329,20.945804217396283,21.096132799426247,11642552
2007-02-23,20.76763343811035,20.98477410238629,20.71195537263145,20.973638750745113,20234563
2007-02-26,20.617311477661133,20.890128987397443,20.533795006368447,20.862290599391027,21959686
2007-02-27,19.654088973999023,20.483680618970993,19.44251595900337,20.366758104798546,37054454
2007-02-28,20.0159969329834,20.144054832588566,19.78771952341038,19.882371355450772,26681186
2007-03-01,19.993722915649414,20.071670393746594,19.59841392633665,19.765445543818203,32203945
2007-03-02,19.76544189453125,20.038260632047564,19.76544189453125,19.9714472130267,15158657
2007-03-05,19.45365333557129,19.815554961497746,19.225375960000452,19.581711216102086,21501508
2007-03-06,19.860095977783203,19.92134042059644,19.609547915364434,19.6596570049389,23815665
2007-03-07,19.743173599243164,19.921340559579708,19.720902892610248,19.84339177909128,14010257
2007-03-08,19.921342849731445,20.144052556209687,19.86566607674857,20.144052556209687,24346841
2007-03-09,19.971450805664062,20.07723928284102,19.876800296994794,20.049399590664997,11761343
2007-03-12,19.971450805664062,20.04383191368445,19.832258881150434,19.90463868189752,17742649
2007-03-13,19.375707626342773,19.832262449998467,19.264352759420078,19.809991738068632,55831266
2007-03-14,19.420246124267578,19.509330265838653,19.0305061096683,19.375704707118707,49895631
2007-03-15,19.654088973999023,19.748740782095425,19.431379298692153,19.44251595900337,38821062
2007-03-16,19.580278396606445,19.742422071826198,19.446090301118254,19.714466492094637,23623136
2007-03-19,19.708879470825195,19.792747540220834,19.591464698782087,19.708879470825195,19648360
2007-03-20,19.887802124023438,19.921350148882453,19.703293894796868,19.720067250837708,17005896
2007-03-21,20.34068489074707,20.452507247324306,19.871025742014126,19.904573761764436,41179658
2007-03-22,20.21767807006836,20.407777380417127,20.178540247038896,20.385412910114574,20898072
2007-03-23,20.24003791809082,20.31831485905048,20.161762289907937,20.184125442326266,15015984
2007-03-26,20.139406204223633,20.29595884870868,19.994035797717704,20.212092063865303,20591183
2007-03-27,20.016393661499023,20.12262619998539,19.988438075786025,20.111443965700193,7700028
2007-03-28,19.764799118041992,20.005218553594425,19.697704375652926,19.904578409176988,21499784
2007-03-29,19.865440368652344,20.01640190646213,19.759207786407675,19.910170636994977,17217135
2007-03-30,19.92135238647461,20.02199384680116,19.6921138692801,19.938125744399454,14556206
2007-04-02,19.736841201782227,19.904577392801162,19.63620106250372,19.904577392801162,14561130
2007-04-03,19.982851028442383,20.04435464231406,19.871027350038894,19.910166490785322,16612222
2007-04-04,19.982851028442383,20.055535566099444,19.921348727347947,19.97725991016107,14399623
2007-04-05,19.994035720825195,20.038764672569645,19.910168936304352,19.977262363921025,6649862
2007-04-09,19.988439559936523,20.049943165848767,19.943710619474583,20.044352048291024,7637370
2007-04-10,20.077898025512695,20.083489142867677,19.988438835055977,19.988438835055977,11994372
2007-04-11,19.910171508789062,20.072315292589813,19.84866787941649,20.072315292589813,13683427
2007-04-12,19.87661361694336,19.921343865053583,19.75360904477678,19.87661361694336,12340406
2007-04-13,19.960477828979492,20.021981415962983,19.88779201032203,19.90456667060965,19034461
2007-04-16,20.446914672851562,20.452504477146178,20.139399295584,20.139399295584,39918991
2007-04-17,20.441329956054688,20.54197141409469,20.37423652587966,20.446922388013398,15461483
2007-04-18,20.676145553588867,20.748831366388163,20.46927297151683,20.519593009994107,31112540
2007-04-19,20.648193359375,20.698513406096026,20.491640790132806,20.603464428956308,17748558
2007-04-20,20.754430770874023,20.821524182306792,20.676153811425376,20.771204123732215,20996552
2007-04-23,20.698516845703125,20.838296089266336,20.67615237677733,20.754429330794608,11672834
2007-04-24,20.637022018432617,20.732072358514113,20.497242724325698,20.71529900075458,15632223
2007-04-25,20.916568756103516,20.927750988274436,20.6649659067043,20.69851260321707,19044801
2007-04-26,20.88303565979004,20.927764617603724,20.76562083275153,20.88303565979004,9484363
2007-04-27,20.855072021484375,20.87743649176967,20.726475004566854,20.804750650565385,11863393
2007-04-30,20.69293212890625,20.910988393932705,20.670567653063003,20.849484772586376,18614690
2007-05-01,20.7320613861084,20.799154781637476,20.558734155438064,20.687331142978906,14056789
2007-05-02,20.821523666381836,20.894209506410046,20.692926651545044,20.771203609054112,10986183
2007-05-03,21.017213821411133,21.017213821411133,20.84947898635979,20.94452929509227,12545244
2007-05-04,21.089908599853516,21.10668195919064,21.000450683388834,21.0619530009583,10915031
2007-05-07,21.117862701416016,21.168184088637027,21.061951507589896,21.106680462650793,5842449
2007-05-08,21.07313346862793,21.089906826554706,20.97808312759871,21.067542349319,7468477
2007-05-09,21.184951782226562,21.207316253777066,21.022808050708264,21.089901465359773,14572824
2007-05-10,20.88303565979004,21.162594271680742,20.88303565979004,21.08431728272921,15886547
2007-05-11,21.106678009033203,21.106678009033203,20.972491159449522,20.972491159449522,16812136
2007-05-14,21.00603485107422,21.134630563432548,20.894211179724593,21.123449640352465,37213869
2007-05-15,20.95570945739746,21.14021893920534,20.91098052254799,21.028395289304758,20241333
2007-05-16,21.196138381958008,21.196138381958008,20.9892643519694,21.056359093211828,19635558
2007-05-17,21.089908599853516,21.140229990642492,21.045179641621175,21.123456631305366,7514024
2007-05-18,21.145816802978516,21.190547067653764,21.089905613106218,21.190547067653764,12362071
2007-05-21,21.168184280395508,21.212913235861595,21.08990729555234,21.157002041528983,16396428
2007-05-22,21.184951782226562,21.246454078990446,21.101085013912176,21.19054290011419,15239165
2007-05-23,21.168184280395508,21.302372459571284,21.140228683229203,21.151410922095724,20107400
2007-05-24,20.97808074951172,21.246457071471823,20.90539620673525,21.20731924074603,24805266
2007-05-25,21.017213821411133,21.04517072123389,20.916573708046553,20.966893764728844,11255895
2007-05-29,21.106678009033203,21.11786024649851,20.994855634380134,21.061949059171976,9929985
2007-05-30,21.252050399780273,21.252050399780273,20.978082930659916,20.978082930659916,16626748
2007-05-31,21.19054412841797,21.330323396488026,21.134631633523608,21.307958923641173,13721342
2007-06-01,21.25763702392578,21.29677484802783,21.179360062944568,21.22408900477548,8891390
2007-06-04,21.229679107666016,21.229679107666016,21.162584389498775,21.190539975078057,12312831
2007-06-05,21.101083755493164,21.179359401251748,21.045171267174243,21.073126854945166,17915974
2007-06-06,20.92216682434082,21.022808260097634,20.871846762850996,21.022808260097634,18752069
2007-06-07,20.56991958618164,20.944528374459143,20.514008414547824,20.843888265518277,31728533
2007-06-08,20.810344696044922,20.815935814402888,20.530786152592135,20.592288454529754,22664803
2007-06-11,20.9053955078125,20.955715574206184,20.692930379706798,20.799162943759647,24159975
2007-06-12,20.62025260925293,20.93894909326632,20.57552364666234,20.765623050450067,25845214
2007-06-13,21.011627197265625,21.022809433776544,20.692929518372726,20.692929518372726,15413228
2007-06-14,20.97808074951172,21.08990443579132,20.938942918785926,20.955716274811266,23017607
2007-06-15,21.05341339111328,21.199578510467624,21.03654833733633,21.199578510467624,11822770
2007-06-18,21.047786712646484,21.17146506428719,20.997191563320026,21.115248231702235,9990181
2007-06-19,21.13774299621582,21.13774299621582,20.940981367499482,20.969091114426323,10070934
2007-06-20,20.766708374023438,21.182717064572625,20.688004776326057,21.132120574669962,25588058
2007-06-21,20.800426483154297,20.828536214635253,20.5193397279734,20.74420966009955,47156286
2007-06-22,20.536212921142578,20.738596204327717,20.40691285687266,20.738596204327717,47396331
2007-06-25,20.373180389404297,20.63178048798503,20.232636972345546,20.42939854820017,40562066
2007-06-26,20.182035446166992,20.48560891998684,20.182035446166992,20.390040324125412,36617449
2007-06-27,20.485612869262695,20.485612869262695,20.125821185032667,20.18203933691906,36680599
2007-06-28,20.451881408691406,20.598046481940255,20.328203066718732,20.48561150560567,32559827
2007-06-29,20.33945083618164,20.575562885657327,20.12582420289689,20.47437257300517,37310133
2007-07-02,20.513717651367188,20.64301766186137,20.345065865491076,20.626152615269117,18315064
2007-07-03,20.693620681762695,20.710487054731217,20.586808679337768,20.586808679337768,18100132
2007-07-05,20.519346237182617,20.659889659356676,20.4743727644722,20.519346237182617,24871247
2007-07-06,20.620525360107422,20.626147040785508,20.43500725782417,20.519333787948668,16083138
2007-07-09,20.536212921142578,20.631782878199676,20.496861129394286,20.603674455522327,19663255
2007-07-10,20.103330612182617,20.41814877073096,20.01338369827184,20.395660722299723,52127187
2007-07-11,20.170795440673828,20.243877320266453,19.979655577216377,20.024630361534825,55021761
2007-07-12,20.541833877563477,20.614917093888227,20.249503652172592,20.26636870518121,40793370
2007-07-13,20.620525360107422,20.68798684819766,20.508090426592496,20.603660318073164,26303516
2007-07-16,20.547449111938477,20.761075689563864,20.52496238165236,20.56993716217824,29971649
2007-07-17,20.614913940429688,20.716105562956216,20.547452418760717,20.547452418760717,34954984
2007-07-18,20.350688934326172,20.794805818043756,20.108953943458932,20.40690576013081,62410223
2007-07-19,20.283226013183594,20.519339305054217,20.19890078033948,20.41252602349812,40433180
2007-07-20,19.929067611694336,20.328211211632624,19.83349764552482,20.305723151392446,86443405
2007-07-23,19.917823791503906,20.11458408451435,19.833497197382744,19.900958736670514,44589774
2007-07-24,19.417482376098633,19.77165237482234,19.27131729407467,19.61986428968805,94807681
2007-07-25,19.507429122924805,19.66483755912882,19.254450760472267,19.52991585381771,91805026
2007-07-26,19.046449661254883,19.28818336980193,18.742874794787912,19.170126697279308,105488206
2007-07-27,18.748491287231445,19.231961210371907,18.7428696053323,18.990226248801676,95817101
2007-07-30,19.102664947509766,19.125151679509806,18.551734733693873,18.950876866602027,103138720
2007-07-31,18.495525360107422,19.378139249596874,18.495525360107422,19.276947587626204,121875278
2007-08-01,18.70353126525879,18.821586669930408,18.27627917420295,18.602339598442963,123089167
2007-08-02,18.82720184326172,19.057693510687116,18.658550015368107,18.91715010078346,81025282
2007-08-03,18.02329444885254,18.838446548168157,18.0008077128638,18.66417170434748,165871095
2007-08-06,18.94526481628418,18.973373243617534,17.967080985448963,18.0963810711367,141115193
2007-08-07,19.080175399780273,19.344398439928383,18.759736853992784,18.849685094895257,122980347
2007-08-08,19.53554344177246,19.782900196273122,19.125156519063573,19.22072515424704,134714239
2007-08-09,18.832820892333984,19.361264356436653,18.630437671209958,18.973364282577013,124364360
2007-08-10,18.748491287231445,19.057687751544908,18.467404552367196,18.529244373211284,94954662
2007-08-13,18.57984733581543,19.18699451645703,18.37746538225291,19.18699451645703,70957671
2007-08-14,18.2537841796875,18.720389215088826,18.16945892265396,18.703524163682115,87599807
2007-08-15,18.090755462646484,18.613577377488934,17.967077089245365,18.101998831141675,100465603
2007-08-16,18.636056900024414,18.827196730355993,17.71409312060848,17.95582676962832,201536366
2007-08-17,19.394994735717773,19.895329793047985,18.905904364128148,19.889708110154555,217975263
2007-08-20,19.136398315429688,19.468080309013676,18.87779821333364,19.451215257131842,108917403
2007-08-21,19.271320343017578,19.434350500304408,19.018341921041397,19.018341921041397,58665521
2007-08-22,19.321916580200195,19.55802996324547,19.147643045073476,19.38937811247916,86213085
2007-08-23,19.350019454956055,19.56364603931963,19.226342434481413,19.53553762557539,63120017
2007-08-24,19.417482376098633,19.513052309713686,19.170125677303073,19.305047393013943,43523236
2007-08-27,19.192609786987305,19.38937131048371,19.16450137504599,19.372506263318922,24216232
2007-08-28,18.61919403076172,19.01833746435302,18.55735552074717,19.001472416167235,76694378
2007-08-29,18.844066619873047,18.945258243118424,18.47303154794258,18.72038826256289,61839654
2007-08-30,18.726011276245117,18.88341974583365,18.602332910149705,18.61919796189627,58436186
2007-08-31,18.973371505737305,19.113914949485203,18.793474947372967,19.108293264533454,68156531
2007-09-04,19.11953353881836,19.338780536392733,18.922771957456188,19.023963590158047,45012131
2007-09-05,18.8890438079834,19.097048778954544,18.77661011551697,19.0858054097079,55575588
2007-09-06,18.748491287231445,19.068929795389714,18.6304346473959,18.88341297276442,39227662
2007-09-07,18.557361602783203,18.742878513582305,18.444926591407885,18.551739918212142,92815307
2007-09-10,18.495525360107422,18.714773741051484,18.29876504178802,18.602338707745666,73733576
2007-09-11,18.686662673950195,18.827206115747586,18.574227656521447,18.591092711142633,62354089
2007-09-12,18.726011276245117,18.827202906678444,18.596711226234188,18.720389592329596,40071266
2007-09-13,19.035200119018555,19.05768816705893,18.82719656426159,18.844061610326737,67115967
2007-09-14,19.102664947509766,19.102664947509766,18.80471310860178,18.82719984060182,37334014
2007-09-17,18.922775268554688,18.945263328609823,18.75974508286885,18.945263328609823,50504853
2007-09-18,19.636734008789062,19.73230395870665,18.860933681125367,19.04645189684504,170892836
2007-09-19,19.760408401489258,20.052738556557095,19.70419025169699,19.85597701221476,92064397
2007-09-20,19.5186767578125,19.83911538303528,19.423106810659366,19.816628647223713,79679183
2007-09-21,19.59513282775879,19.731052835012655,19.374263647046366,19.731052835012655,66584544
2007-09-24,19.323291778564453,19.623448168152837,19.244005887581917,19.623448168152837,60979432
2007-09-25,19.28364372253418,19.294970275387072,19.07410116503592,19.22134635212352,44182190
2007-09-26,19.289304733276367,19.459204335833427,19.18170116409304,19.334610939366357,65135164
2007-09-27,19.51584815979004,19.52717471696345,19.317632079535027,19.3742648654021,44072139
2007-09-28,19.436553955078125,19.561147368995787,19.345941530206943,19.379921189533636,37877378
2007-10-01,19.804676055908203,19.849982280092338,19.31196554902523,19.328955383094282,61713354
2007-10-02,20.031208038330078,20.065187703418268,19.849980498419704,19.906614603286698,36303175
2007-10-03,19.98590087890625,20.104831038758164,19.889625159275678,19.917941547402318,52086564
2007-10-04,20.104829788208008,20.133146174573326,19.968909803934537,20.05386029275044,37413783
2007-10-05,20.325702667236328,20.371010223467856,20.13314987484296,20.16146759613274,48745754
2007-10-08,20.048200607299805,20.29738618167847,19.963250103264226,20.29738618167847,25838567
2007-10-09,20.218095779418945,20.291719710469753,20.002888593011864,20.144471848368134,39621212
2007-10-10,20.104829788208008,20.240749772481482,19.997226190299852,20.178453722477784,40195843
2007-10-11,19.997224807739258,20.331362132908392,19.94059203892408,20.331362132908392,77485418
2007-10-12,20.127483367919922,20.133146645325404,19.92360405160259,19.92360405160259,41217081
2007-10-15,19.71973419189453,20.05387173074495,19.51019148355574,20.04820845024176,94871077
2007-10-16,19.35161018371582,19.612123654946014,19.25533444892397,19.589470540877343,83487897
2007-10-17,19.340282440185547,19.583806060924445,18.989156534221696,19.5101834447179,91551809
2007-10-18,19.096759796142578,19.153392576793003,18.915533568341083,18.943849958666295,88868475
2007-10-19,18.46246910095215,19.102426278242138,18.434152705877448,18.99482264723792,110383770
2007-10-22,18.688997268676758,18.80226281471944,18.275574036461094,18.275574036461094,80609696
2007-10-23,18.790939331054688,18.898542947100488,18.58139670691093,18.898542947100488,60804137
2007-10-24,18.64935302734375,18.76828318059666,18.17929702136315,18.74563007135229,128715083
2007-10-25,18.632368087768555,18.81359566874893,18.224608025143166,18.672012369075684,96815442
2007-10-26,19.085437774658203,19.085437774658203,18.553084191177962,18.983497415546562,97460117
2007-10-29,19.14206314086914,19.14206314086914,18.909866115694594,19.091092316231837,46984685
2007-10-30,18.847570419311523,19.051449732519,18.83058058735423,19.051449732519,35125231
2007-10-31,19.102432250976562,19.193044743547297,18.74564157231697,18.92120460639354,104572465
2007-11-01,18.122663497924805,18.943846652353837,18.122663497924805,18.547413267830866,112372574
2007-11-02,18.032052993774414,18.20195266649753,17.550670366105564,18.162309719796838,196502191
2007-11-05,17.70924186706543,17.87347958875765,17.392095639138617,17.533678919075957,124899599
2007-11-06,18.009397506713867,18.009397506713867,17.528013612798574,17.782863753139615,101354877
2007-11-07,17.023975372314453,17.743219522242267,17.023975372314453,17.669595592278995,125349037
2007-11-08,17.199539184570312,17.284488336561772,16.587899971352456,17.27316178296291,146019004
2007-11-09,17.069284439086914,17.556330288655502,16.678514306110724,16.84841395922907,165222358
2007-11-12,17.131574630737305,17.658264571985356,17.09193170217183,17.193871991059734,134098862
2007-11-13,17.935766220092773,18.037706500391064,17.426066148320746,17.51667987855472,161815812
2007-11-14,17.86781120300293,18.400164542137706,17.85648597910032,18.31521538996929,118725765
2007-11-15,17.414752960205078,17.856494070529223,17.205210293518384,17.69225763886226,134429139
2007-11-16,17.27882957458496,17.499700086914164,17.052297113696746,17.414749583005968,100659855
2007-11-19,16.814430236816406,17.103259976331916,16.616214244299364,17.05229049161259,168176266
2007-11-20,16.44632911682129,16.90505890955676,16.112192847369702,16.508626543323707,179939948
2007-11-21,16.19146728515625,16.46897187191388,15.99891452036851,16.219785002386214,134808533
2007-11-23,16.57657241821289,16.68983928617744,16.338713458179193,16.338713458179193,88425684
2007-11-26,16.02157211303711,16.650202740242243,15.913968480672935,16.650202740242243,127731884
2007-11-27,16.310396194458008,16.40667323434542,15.993250019172295,16.19713065308447,122877928
2007-11-28,17.284488677978516,17.284488677978516,16.644533068122605,16.70682911414686,205239337
2007-11-29,17.131574630737305,17.27315784819069,16.865398022358605,17.159892338003612,107091214
2007-11-30,17.556337356567383,17.94144436713513,17.454398321489283,17.76021808616464,144984226
2007-12-03,17.414752960205078,17.545009715607247,17.278832925425444,17.465723804322717,72568927
2007-12-04,17.091936111450195,17.216529534517402,17.018313510835867,17.13157905024253,75393703
2007-12-05,17.34678840637207,17.499698233435247,17.15423430583322,17.35811496173082,107066841
2007-12-06,17.907459259033203,17.907459259033203,17.329799583194742,17.375105807269875,122098951
2007-12-07,17.66960334777832,17.981087705452886,17.66960334777832,17.94144341973984,100382387
2007-12-10,18.04338264465332,18.173639393016497,17.720573078141275,17.862156384647307,97746201
2007-12-11,17.131574630737305,18.201944339761464,17.125911355227952,18.077350948836145,168317584
2007-12-12,17.001317977905273,17.754541599569198,16.678508614174756,17.70923406573858,175881956
2007-12-13,16.995649337768555,17.012639158947426,16.519930355602796,16.81442324880814,167576892
2007-12-14,16.621883392333984,17.057959793698398,16.616220114253416,16.76912995214898,86534622
2007-12-17,16.44632911682129,16.763475541696113,16.435002553770115,16.536942950951648,85712684
2007-12-18,16.457643508911133,16.712492298223687,16.180138952639513,16.689839190704337,103492386
2007-12-19,16.553924560546875,16.81443804056974,16.378361590868955,16.548261281838563,135631334
2007-12-20,16.434995651245117,16.80311278496586,16.19713659734777,16.701172430598206,120949197
2007-12-21,16.739025115966797,16.77331435067935,16.481851830119638,16.65901555980317,76997942
2007-12-24,17.04192352294922,17.070497897757097,16.80189609089319,16.813325840816344,53981935
2007-12-26,16.921899795532227,17.019052612401143,16.807601022087596,17.013339082654756,29007653
2007-12-27,16.57900619506836,16.876182249677154,16.567576450032202,16.876182249677154,44473322
2007-12-28,16.539005279541016,16.744742071734283,16.418991591663854,16.744742071734283,39842546
2007-12-31,16.533287048339844,16.76188463042842,16.36755440515108,16.487568068655865,61056985
2008-01-02,16.20754051208496,16.670450697798785,16.19039588918219,16.61901682909048,80446096
2008-01-03,16.104663848876953,16.36183573355399,16.093234106609888,16.276111324716968,55290488
2008-01-04,15.647475242614746,15.961795941273344,15.618899535781217,15.95036619527372,93318540
2008-01-07,15.687478065490723,15.904644563486176,15.47031022566091,15.76177140838794,112017799
2008-01-08,15.115985870361328,15.89893154958191,15.115985870361326,15.796063832006414,148535168
2008-01-09,15.401740074157715,15.464603705948035,14.807387642617993,15.201716743881985,164102394
2008-01-10,15.664620399475098,16.013230348102454,15.104556117090791,15.24742928882626,275365714
2008-01-11,15.71605396270752,16.06466390477945,15.430307624609892,15.584610539835852,224602351
2008-01-14,15.933220863342285,15.944650609793054,15.6589056066893,15.910362712275267,108263988
2008-01-15,15.276002883911133,15.658903360592623,15.276002883911131,15.636043870970026,141844191
2008-01-16,15.533181190490723,15.830357361019852,15.21885905388483,15.367447139149395,176283632
2008-01-17,14.744514465332031,15.567464147355244,14.733084720456793,15.561749274917624,208394513
2008-01-18,14.573065757751465,14.973109479315072,14.270174859676683,14.858812039916456,220297790
2008-01-22,14.887391090393066,15.23600107406517,13.778694844231541,13.835843581936919,314363301
2008-01-23,15.944648742675781,15.944648742675783,14.40733326488712,14.493057695064087,301912352
2008-01-24,15.950371742248535,16.098959833751795,15.738918684050663,15.944655525426358,197313666
2008-01-25,15.533181190490723,16.236117493582476,15.430312103204525,16.224687744087884,166188693
2008-01-28,16.08751678466797,16.56757129412884,15.390295845268934,15.618893358520202,113301609
2008-01-29,16.333269119262695,16.344700209720816,15.927509017629642,16.20754054257113,124376916
2008-01-30,16.001794815063477,16.75616451331424,16.001794815063477,16.173242290779463,263688448
2008-01-31,16.653301239013672,17.104780203187794,15.693193242417,15.756056841472452,223878523
2008-02-01,16.961910247802734,16.961910247802734,16.51043119838735,16.573294809311733,162903277
2008-02-04,16.470426559448242,16.853327143257328,16.390418323384516,16.779033781198155,93362610
2008-02-05,15.801777839660645,16.184678381014194,15.693195245613662,16.10467015382168,154453447
2008-02-06,15.618905067443848,15.967516469401591,15.51603731701512,15.881792002209375,129122052
2008-02-07,15.761771202087402,15.967509294163268,15.430305915984926,15.47031002317521,159071913
2008-02-08,15.498880386352539,15.750337393192204,15.281713947233914,15.704618425342808,128474177
2008-02-11,15.155984878540039,15.470305454449385,15.018826638273461,15.470305454449385,134895811
2008-02-12,15.573174476623535,15.601748830475623,15.167414626422056,15.333147220598109,189322753
2008-02-13,15.516026496887207,15.561745465195552,15.178845080111145,15.521740026091742,106347813
2008-02-14,15.093118667602539,15.556028527563727,15.093118667602539,15.453159520701925,128028801
2008-02-15,15.333154678344727,15.333154678344728,14.955968998539596,15.12170301515938,125203287
2008-02-19,15.31029987335205,15.573186820838657,15.070272427066888,15.521751601300403,117432107
2008-02-20,15.487454414367676,15.487454414367678,14.967397002985726,15.018830854336395,145489059
2008-02-21,15.213136672973633,15.584607373768785,15.150273081770287,15.464593721455453,93068155
2008-02-22,15.544614791870117,15.544614791870117,14.910256828554896,15.253153423865484,137697075
2008-02-25,15.544614791870117,15.681771819792099,15.155999187252203,15.367450947133802,184562476
2008-02-26,15.681763648986816,15.916076133271424,15.436022760165226,15.481741745651194,127558805
2008-02-27,15.75034236907959,15.950365600280522,15.430306809359399,15.510315028372238,121404790
2008-02-28,15.258861541748047,15.618901264248986,15.258861541748047,15.607471516984488,109396139
2008-02-29,14.761655807495117,15.075976405494945,14.635927299928378,15.058831791985941,172356126
2008-03-03,14.561637878417969,14.693081292391831,14.355899777487405,14.670220459750569,136199687
2008-03-04,14.481632232666016,14.521636352389818,14.047297764446174,14.310184663443534,200666418
2008-03-05,14.367327690124512,14.693079418071028,14.184450445163922,14.527345447194307,225038495
2008-03-06,13.87012767791748,14.230168617368697,13.772974859867814,14.13301445748488,172225394
2008-03-07,13.898709297180176,14.201600307292582,13.6015331611516,13.641537279738406,245347286
2008-03-10,13.50437068939209,14.007284668107694,13.430077371801861,13.932990008683566,208597874
2008-03-11,14.39018726348877,14.475911685422655,13.732971615387827,14.115870723501411,280335753
2008-03-12,14.15015983581543,14.807376757867132,14.030146194237807,14.424476347468827,210871654
2008-03-13,14.115878105163574,14.721661563823279,13.395797146601033,13.778697796780339,258767525
2008-03-14,13.715825080871582,14.34446768434317,13.441509894251645,14.253028394247073,313442513
2008-03-17,13.401506423950195,13.601529648902764,12.738574492237666,12.738574492237666,261292799
2008-03-18,14.52734661102295,14.595926422023693,13.835840337756643,14.087297408368816,343693354
2008-03-19,14.144447326660156,14.915963220914833,14.144447326660156,14.715941327127203,266921300
2008-03-20,15.162989616394043,15.283971092801712,14.356447342112999,14.367969258660859,274151455
2008-03-24,15.358871459960938,15.767903766021151,15.295500886312777,15.330066653757228,182639531
2008-03-25,15.312783241271973,15.468330542056675,15.013210561786195,15.324305163355596,156227318
2008-03-26,14.75971794128418,15.139945231470273,14.702108360644663,15.08233429817566,158215752
2008-03-27,14.529289245605469,14.926799710375251,14.471678268775229,14.903754508049483,151309473
2008-03-28,14.200901985168457,14.64449988861234,14.14329239484665,14.563845109506486,109083465
2008-03-31,14.327648162841797,14.575372170963849,14.062641273128301,14.15481799427168,108253278
2008-04-01,15.33582878112793,15.393439750571908,14.800053934375455,14.840382018783025,206127626
2008-04-02,15.32430648803711,15.65268535377385,15.209085904585054,15.439527071489163,157608254
2008-04-03,15.393441200256348,15.468333709133825,15.08234518233553,15.151478081647737,121409591
2008-04-04,15.18603515625,15.399193341652566,15.076575584088014,15.36462758812414,109628675
2008-04-07,15.278210639953613,15.543217434631492,15.220601055308506,15.416474995757063,121394696
2008-04-08,15.105380058288574,15.260928651177691,14.961354735653142,15.139947163739084,110939936
2008-04-09,14.851901054382324,15.151473708743985,14.74244145111211,15.151473708743985,120887401
2008-04-10,14.75971794128418,14.967115136896629,14.586887846710535,14.719391234836518,135427111
2008-04-11,14.477437973022461,14.805815507589339,14.437111239605196,14.471677011105708,113534638
2008-04-14,14.137535095214844,14.402541984600953,14.05688029523207,14.38525910303086,122993519
2008-04-15,14.281559944152832,14.419824344365924,14.039596905616014,14.270038023523043,115135922
2008-04-16,14.667552947998047,14.742446815166515,14.465917902424163,14.563854267555621,138142820
2008-04-17,14.921030044555664,15.001684831321509,14.535041694775295,14.558086885748002,155159918
2008-04-18,15.249411582946777,15.491373282113408,15.139951978298038,15.399197912014007,155040388
2008-04-21,15.013212203979492,15.093865667386984,14.869186809524454,15.088106058370965,80684295
2008-04-22,14.805811882019043,14.944076286819627,14.71939747442847,14.90374956327736,103538795
2008-04-23,14.707878112792969,14.938317925789915,14.604179452983596,14.840381580144975,100855461
2008-04-24,15.23789119720459,15.341589860877068,14.7597273162161,14.765488277939241,151581647
2008-04-25,15.525941848754883,15.566268576940082,15.076581466925052,15.404960311543453,102556949
2008-04-28,15.566267967224121,15.646921420435403,15.381915864371132,15.537463162505807,94327960
2008-04-29,15.376152038574219,15.58354794656028,15.324302047086062,15.49713354850589,79175827
2008-04-30,15.330068588256836,15.583553620148418,15.220610310870212,15.39344052255774,106284786
2008-05-01,15.854320526123047,15.91193014212358,15.237890871637681,15.28974087869409,125902987
2008-05-02,15.963774681091309,16.22878152923255,15.790944539633466,16.16540962068288,121243775
2008-05-05,15.687253952026367,15.88312803235933,15.629644326239072,15.842801294308224,78741654
2008-05-06,15.854320526123047,15.865842449323154,14.93255720152299,15.468332040951678,124571291
2008-05-07,15.283978462219238,15.871601900112806,15.220607890650866,15.871601900112806,118989199
2008-05-08,14.972878456115723,15.34734349463421,14.915267513736126,15.34734349463421,166583229
2008-05-09,14.972878456115723,15.220602397240778,14.846136006066981,14.880701759901553,142069218
2008-05-12,15.151477813720703,15.19756551067648,14.93255854786867,14.990169521719439,83396557
2008-05-13,15.013212203979492,15.214847215154167,14.915274502900164,15.20332529181024,92714119
2008-05-14,15.116904258728027,15.191796727726057,15.007444682152478,15.088099462959555,80104494
2008-05-15,15.266687393188477,15.324296972815384,14.978636789743796,15.105377864922989,90097013
2008-05-16,15.20332145690918,15.312781053722237,14.990164576157484,15.312781053722237,64561765
2008-05-19,15.059297561645508,15.295499658872766,14.93831603264266,15.116908522085582,85711945
2008-05-20,14.707878112792969,14.909513118247286,14.621462337509174,14.90375215673876,97189420
2008-05-21,14.333403587341309,14.759718559907123,14.252750171065568,14.667541874365405,133429075
2008-05-22,14.4140625,14.558087851694546,14.235470035880548,14.235470035880548,81729044
2008-05-23,14.200901985168457,14.35644923169266,14.131770476782288,14.350688272660477,89026043
2008-05-27,14.275801658630371,14.34493319536197,14.126013957066819,14.131776271117,83667623
2008-05-28,14.19514274597168,14.402540001568383,13.993506450105137,14.391016729452575,139054252
2008-05-29,14.448624610900879,14.511995154474386,14.160573980256347,14.160573980256347,96678678
2008-05-30,14.264276504516602,14.546566254201187,14.143294989986696,14.529283373933426,79018259
2008-06-02,14.051122665405273,14.229713836618728,13.912858227414473,14.229713836618728,104662574
2008-06-03,14.005036354064941,14.2066713927568,13.791878037800627,14.166344655549654,151496831
2008-06-04,13.918619155883789,14.172104183700958,13.751549908849382,13.924380117758908,169059385
2008-06-05,14.19514274597168,14.195142745971681,13.941657812533705,13.97622492357015,138013073
2008-06-06,13.440447807312012,14.022311455797633,13.434688200707898,14.01655049653814,192620233
2008-06-09,13.256098747253418,13.595999478168249,13.025658972260254,13.515344677694449,210144379
2008-06-10,13.296422004699707,13.469252111468434,13.042937126689472,13.094785752923531,217348930
2008-06-11,12.910436630249023,13.371317469412759,12.8643489521293,13.348273630352896,214532033
2008-06-12,13.261863708496094,13.354039095835967,12.950767718256152,13.014138297052316,245193165
2008-06-13,13.469254493713379,13.469254493713379,13.065983271491499,13.33675107280254,157429513
2008-06-16,13.595999717712402,13.682415480267176,13.256098980808954,13.342514743363727,152712567
2008-06-17,13.198486328125,13.740021915800735,13.146636341496333,13.734260956470372,150943989
2008-06-18,12.979571342468262,13.307950187871233,12.82978499905239,12.956527497735948,185416667
2008-06-19,13.117836952209473,13.146641760735054,12.72032788924454,13.008378679812262,204997568
2008-06-20,12.891168594360352,13.077154349224694,12.705181474853559,12.902792618749219,222510144
2008-06-23,12.484318733215332,12.844667441370715,12.397137219969474,12.821418037101084,150520894
2008-06-24,12.629619598388672,12.769109192544986,12.286708304881904,12.455257946853736,249743926
2008-06-25,12.600557327270508,13.05389808712846,12.594745318732903,12.705173480947396,270571830
2008-06-26,12.14721965789795,12.449446908028985,12.094910203109388,12.339017353077509,177928986
2008-06-27,11.955419540405273,12.24021073529255,11.827553966716923,12.123970545250247,179566216
2008-06-30,11.775242805480957,11.990289830172138,11.659001281159355,11.967040433594649,180520980
2008-07-01,11.81011962890625,11.86242772191353,11.37421475991954,11.583448496590673,292065583
2008-07-02,11.629951477050781,12.048420514128747,11.624139463951476,11.874058756506926,180299400
2008-07-03,11.589261054992676,11.84499222096026,11.502079541481299,11.769434727298144,102694575
2008-07-07,11.205665588378906,11.827556900237509,11.089424687185135,11.705503305779027,234991745
2008-07-08,11.932173728942871,11.937985739529509,11.147544794215415,11.29284710584446,305913840
2008-07-09,11.252161026000977,11.990294516301011,11.234724995234487,11.932173049104051,277344669
2008-07-10,11.170793533325195,11.414900025242671,11.013867200319993,11.147544808627552,287294227
2008-07-11,10.85694408416748,11.211480224781655,10.630272888795488,10.85694408416748,383739753
2008-07-14,10.298983573913574,11.275410953618676,10.298983573913574,11.159170053772591,291271342
2008-07-15,9.979320526123047,10.5895871438017,9.746837355273,10.205990321291774,577518234
2008-07-16,11.28703498840332,11.28703498840332,10.171117299416538,10.316419618453786,448019742
2008-07-17,11.775242805480957,12.14140203775632,11.339337430435316,11.746182765560922,649620981
2008-07-18,12.013537406921387,12.257644462283512,11.740370312740296,12.129777562197248,316816931
2008-07-21,12.060040473937988,12.484321381056754,11.978670953341126,12.315771693365612,260827481
2008-07-22,13.071338653564453,13.071338653564453,11.566012908335543,11.734563943761833,407857505
2008-07-23,13.053902626037598,13.420063385147458,12.70517789860315,12.763299368829925,438753143
2008-07-24,12.17628002166748,13.141083261720922,12.141406596029375,13.141083261720922,335380780
2008-07-25,12.129786491394043,12.455263259686499,11.903116657104427,12.222780048712233,241407348
2008-07-28,11.560198783874512,12.321580215418306,11.50789069842996,12.0716610778996,209227038
2008-07-29,12.495945930480957,12.495945930480957,11.478834385645152,11.641572069061809,307696205
2008-07-30,12.687743186950684,12.856294239966388,12.246026244624815,12.710992596245482,334457776
2008-07-31,12.571497917175293,12.786544996514394,12.385512249782797,12.437820334931429,208456555
2008-08-01,12.571497917175293,12.681927461575324,12.228586629695094,12.577311291278061,233089604
2008-08-04,12.466882705688477,12.647056377476918,12.228587570178595,12.45525868587257,173696931
2008-08-05,13.1003999710083,13.1003999710083,12.571501500729289,12.664495043254602,222832666
2008-08-06,12.966719627380371,13.059711775946546,12.734236526681398,12.891162142028586,174735772
2008-08-07,12.327394485473633,12.833044862729569,12.211152909638999,12.705177901133611,232640658
2008-08-08,12.751673698425293,12.862103249395465,12.222775347443324,12.24021137686358,217414542
2008-08-11,12.966719627380371,13.228261409864505,12.612182967046527,12.710988489539854,198637484
2008-08-12,12.309958457946777,12.792359428484842,12.205340903196113,12.780735407361664,235358583
2008-08-13,11.955419540405273,12.193714659275628,11.763621862193657,12.164654611765053,282142492
2008-08-14,12.327394485473633,12.356454538271775,11.84499351509828,11.891489599575307,159833779
2008-08-15,12.414576530456543,12.577314197610187,12.25765087410688,12.368079079382555,164707308
2008-08-18,11.937983512878418,12.368076309995677,11.88567542735509,12.368076309995677,199085937
2008-08-19,11.589261054992676,11.815930806695189,11.461395472008885,11.769434727298144,214356492
2008-08-20,11.82755184173584,11.82755184173584,11.397459121925895,11.606694155693745,210530790
2008-08-21,11.612508773803711,11.746186363018232,11.490455204117245,11.542763291993497,162472673
2008-08-22,12.05422592163086,12.100722000945908,11.769434706542361,11.891488279386277,181439675
2008-08-25,11.629951477050781,11.897306808904148,11.624139463951476,11.891494795804842,118690804
2008-08-26,11.722944259643555,11.815936462952768,11.513709072912684,11.641574717105422,130458179
2008-08-27,11.949607849121094,11.96704387809176,11.635756598365386,11.728748752875608,109374842
2008-08-28,12.432011604309082,12.466883666444199,12.030978795829173,12.077474878675996,190652725
2008-08-29,12.449447631835938,12.519191756086336,12.269273946213719,12.304144643696901,171501320
2008-09-02,12.623807907104492,12.856291024773796,12.397136799144826,12.7632975047777,200156538
2008-09-03,12.821423530578613,12.83304892001541,12.437826618439267,12.565693620461547,178467795
2008-09-04,12.193717002868652,12.745863470257625,12.187904992249488,12.635433903851414,226208068
2008-09-05,12.6354341506958,12.6354341506958,11.990295500796837,12.00773153299496,294009947
2008-09-08,13.181768417358398,13.658358748749578,12.699367439965124,13.640921352174948,518173693
2008-09-09,12.339020729064941,13.193394623070295,12.298336647819632,12.914415336674983,407839902
2008-09-10,12.187906265258789,12.728428767866232,11.996107165509052,12.426201454818296,310143310
2008-09-11,12.466882705688477,12.50175476513619,11.722938614260984,11.798494743064367,411572786
2008-09-12,12.29251766204834,12.507563334123892,12.077470625331248,12.153028097990143,313952147
2008-09-15,11.095233917236328,12.054225035071063,11.095233917236328,11.473018627811664,555804994
2008-09-16,11.926361083984375,11.926361083984375,10.461720165315294,10.572149042908649,594428727
2008-09-17,10.781386375427246,11.432337802232778,10.525655823282827,11.33353292472807,625337783
2008-09-18,11.629951477050781,11.897306808904148,9.973511368036837,10.94412710811945,1050592272
2008-09-19,13.132097244262695,14.3760660196641,12.474905127320977,14.200032884353824,519107037
2008-09-22,12.058298110961914,13.061689240069377,11.412841833108354,13.04995378410403,231788560
2008-09-23,12.023087501525879,12.298873374867643,11.735566176358837,12.052426131089076,213533692
2008-09-24,11.888130187988281,12.146312921819106,11.706227902315982,12.134577468256257,168258373
2008-09-25,12.216726303100586,12.310611314398784,11.847056740454443,11.952675828225262,196826560
2008-09-26,12.551189422607422,12.551189422607422,11.571269466962224,11.647549910378425,252887038
2008-09-29,10.896472930908203,12.13457547826466,10.790852488439558,12.058293664891794,422434145
2008-09-30,11.67102336883545,11.823587044485896,10.955153700805187,11.090112815631137,212701043
2008-10-01,12.128705978393555,12.128705978393555,11.49498479399919,11.653414745666874,235842858
2008-10-02,11.524325370788574,12.146310484571986,11.494986053906569,12.023086869163729,213501932
2008-10-03,11.019695281982422,12.116970905610582,11.019695281982422,11.847052793561184,322736194
2008-10-06,10.444657325744629,10.861270128335729,10.110193400351664,10.573748024849044,420354002
2008-10-07,9.341509819030762,10.650024990093325,9.341509819030762,10.62655477722338,436457082
2008-10-08,8.965971946716309,9.781593359350657,8.854483785770109,8.954236495850786,486205977
2008-10-09,8.03299617767334,9.488206139395825,8.027127762261005,9.43539591158083,485969133
2008-10-10,8.860350608825684,8.860350608825684,7.504893083528135,7.7513402820523085,648326092
2008-10-13,9.552751541137695,9.587957899410803,8.719526817858993,9.376717683186206,274509061
2008-10-14,10.168869018554688,10.485729709032961,9.746389246020374,10.22754697522563,410632918
2008-10-15,9.065722465515137,9.875476707381797,9.065722465515137,9.728782218150025,256192889
2008-10-16,9.271096229553223,9.435394617006128,8.561095214620023,9.318038724377182,383211531
2008-10-17,9.007046699523926,9.605560938261096,8.995311247779222,9.077460787715992,292251095
2008-10-20,9.452999114990234,9.452999114990234,8.948369808359336,9.241758892061346,170736746
2008-10-21,9.165477752685547,9.517544075379131,9.159609337702829,9.171344789944355,162976768
2008-10-22,8.590432167053223,9.083325855507361,8.308778630793714,8.983573848441193,218857767
2008-10-23,8.502416610717773,8.713656787795145,7.980184237746714,8.625640219561705,248715672
2008-10-24,7.950845718383789,8.39092998133137,7.727870068401534,7.745473246038097,252223775
2008-10-27,7.733736038208008,8.349853315345488,7.704397415475553,8.079935230759824,183470456
2008-10-28,8.948369026184082,9.018782427672223,7.628118264927906,8.173821609814535,241738610
2008-10-29,8.396797180175781,9.08332800985222,8.396797180175781,8.74299714687191,214718037
2008-10-30,8.69018268585205,8.883820319945597,8.508281876672541,8.801670811887227,197687644
2008-10-31,9.112668991088867,9.13027217227602,8.572832590453013,8.572832590453013,173640182
2008-11-03,9.165477752685547,9.241758192255464,9.053989578667144,9.089196624253676,82914744
2008-11-04,9.681843757629395,9.699446938326721,9.294569649115957,9.335644426271761,138595705
2008-11-05,8.795804977416992,9.587955410403637,8.772334077994568,9.523410436991973,147492634
2008-11-06,8.191425323486328,8.883823873301393,8.18555690868206,8.69018616175655,201705259
2008-11-07,8.343988418579102,8.467211364677475,8.13861592326581,8.343988418579102,140329076
2008-11-10,8.097537994384766,8.625638687723013,7.927372613429221,8.549357583619313,140162645
2008-11-11,7.815887451171875,8.07407017190477,7.686796779667424,7.939111085054575,214783280
2008-11-12,7.334728240966797,7.827621297613164,7.317125065128396,7.680926787902776,233086157
2008-11-13,7.868698596954346,7.933244284672427,6.865307607032837,7.4462181076334915,322958390
2008-11-14,7.469688415527344,7.903904324262015,7.369936372819873,7.698532512150283,235483653
2008-11-17,6.994395732879639,7.405141306346519,6.953321657736228,7.340595642259335,227032345
2008-11-18,6.8946428298950195,7.105882969987494,6.607121585507628,7.023734141428488,265910772
2008-11-19,6.172909259796143,6.9005142770782735,6.125966756181733,6.853571773463865,254938500
2008-11-20,5.509847640991211,6.208113821688796,5.421831074976533,6.067287040520575,493582622
2008-11-21,5.680013179779053,5.779765536779265,5.08736676270175,5.768029742500418,442404166
2008-11-24,6.542579650878906,6.800761704743226,5.914726663875807,5.99100780352459,378163323
2008-11-25,6.923983097076416,7.053073737590428,6.583651598411511,6.9533217224519115,288533475
2008-11-26,7.246710777282715,7.27604940284294,6.689272069605598,6.7303461453899125,168369286
2008-11-28,7.428612232208252,7.493157896519432,7.176297300004383,7.258446828299941,67060941
2008-12-01,6.1905107498168945,7.158695166496978,6.178775298027645,7.141091988813103,205318859
2008-12-02,6.695136547088623,6.742079018906205,6.125962606716004,6.390012202428274,241340997
2008-12-03,7.041338920593262,7.123488456755149,6.390015178934133,6.425222221412356,257054343
2008-12-04,6.965060234069824,7.364069847730823,6.8007624820268875,6.87117590273988,219393375
2008-12-05,7.516630172729492,7.563572670511741,6.783157519730329,6.794892971960404,275159275
2008-12-08,8.021257400512695,8.109274647575663,7.739603863179464,7.827620421380654,248535576
2008-12-09,7.6985321044921875,8.0916739055314,7.628118698997253,7.880433000184611,237956855
2008-12-10,7.563570976257324,7.7982820348689375,7.399272615253576,7.757207272402551,191223909
2008-12-11,6.982660293579102,7.504893332100343,6.947454632263851,7.446215392943389,190928716
2008-12-12,7.117621421813965,7.141093017635963,6.648199149442378,6.730348012664305,164449290
2008-12-15,6.824230670928955,7.123487387182738,6.7244772840747125,7.100015799434154,136861718
2008-12-16,7.587045192718506,7.598780646385356,6.9415883524213875,7.587045192718506,274174721
2008-12-17,7.516630172729492,7.733738105571722,7.364067916014622,7.446216770487094,185359425
2008-12-18,7.2995219230651855,7.657456644856724,7.217373072158231,7.551836890508333,182620327
2008-12-19,7.283441066741943,7.474013772925791,7.176244400176879,7.301307760458363,162598605
2008-12-22,7.027360916137695,7.337041004917322,6.920163532085171,7.3013090096643545,148061603
2008-12-23,6.860610485076904,7.128603284247375,6.842744484904715,7.063094616949351,73468296
2008-12-24,7.009494781494141,7.0214054475336445,6.848699391667104,6.914209453178111,22234938
2008-12-26,7.015451908111572,7.092871948593186,6.932075834534164,7.08096128069555,37218054
2008-12-29,6.955895900726318,7.03927125155875,6.824876493494241,7.0333159192954895,47453450
2008-12-30,7.223887920379639,7.259620612959401,6.967806536669577,6.991627865624901,72357934
2008-12-31,7.45614767074585,7.521656316556074,7.188154959480934,7.241753641563253,109208165
2009-01-02,7.539525508880615,7.628856209194054,7.271532708793387,7.462104776242467,117919090
2009-01-05,7.4144606590271,7.587167391616316,7.372772634154729,7.503792041018353,127885266
2009-01-06,7.533570289611816,7.634811658281381,7.450194921446246,7.5037936221051575,153337176
2009-01-07,7.140514373779297,7.414461796589574,7.128603008311994,7.360863099000807,131015946
2009-01-08,7.110736846923828,7.21793354051367,7.033316818457036,7.098825481727741,132274643
2009-01-09,6.884431838989258,7.211977939771335,6.872520474235335,7.170290610146553,125745788
2009-01-12,6.521153926849365,6.878477439267781,6.4258678899201,6.860610739286657,179488048
2009-01-13,6.6104841232299805,6.687904852534844,6.360357334145058,6.425867397140522,253377222
2009-01-14,6.229339599609375,6.402045667540876,6.181696232976205,6.390135000669313,201367472
2009-01-15,5.943480491638184,6.217428612146113,5.711219703031186,6.211472579870528,326492960
2009-01-16,5.764817714691162,6.169784140028958,5.502780657069457,6.104274788230187,250760855
2009-01-20,4.811954021453857,5.5087347515337095,4.805999039927919,5.443225759868528,300320300
2009-01-21,5.520648002624512,5.532558669654309,4.889376008149439,5.097814778611676,389759343
2009-01-22,5.181190013885498,5.455138126638838,5.038260274975269,5.300297721808353,289483314
2009-01-23,5.353896141052246,5.4134494636889965,4.931063355450648,4.948929002668283,284052758
2009-01-26,5.25861120223999,5.5980684020560885,5.181191157522644,5.461094315445318,248432049
2009-01-27,5.443226337432861,5.467048013930869,5.276474951520165,5.365806325781033,166844939
2009-01-28,6.140008926391602,6.25911629478695,5.830328440184548,5.91965879169433,385065663
2009-01-29,5.65762186050415,5.961347023350578,5.627845192201681,5.9077483212591915,203495871
2009-01-30,5.502781867980957,5.788639967170721,5.407495485344247,5.735041617269323,282654711
2009-02-02,5.502781867980957,5.556380217882356,5.306253769337767,5.359852119239166,148428194
2009-02-03,5.401540756225586,5.60402421088965,5.28243267721214,5.5921131932442085,226112665
2009-02-04,5.341987609863281,5.574247423965999,5.300299565494518,5.455140024185583,261722787
2009-02-05,5.425359725952148,5.562333756154269,5.085902665931268,5.276475032105796,474387516
2009-02-06,5.830328941345215,5.889882630661977,5.532559096467444,5.574246434287734,326797509
2009-02-09,5.895838737487793,6.008990796979441,5.794596997932565,5.883928067977838,208984531
2009-02-10,5.294342041015625,5.883925908081603,5.240744047895801,5.8243715336726885,399645012
2009-02-11,5.550424575805664,5.562335242632903,5.359852158702559,5.383673841930493,225005627
2009-02-12,5.478960037231445,5.50873670327761,5.151412865415735,5.371762641171471,282216229
2009-02-13,5.270521640777588,5.449183047663926,5.252655639918341,5.359852344220757,209027739
2009-02-17,4.7464470863342285,5.00252923114452,4.7464470863342285,4.937019511948577,274266185
2009-02-18,4.7464470863342285,4.901286810724072,4.597562346050506,4.889376143364886,269314979
2009-02-19,4.496319770812988,4.859598552007143,4.466543108070358,4.835776872239632,257146298
2009-02-20,4.430810451507568,4.543962810689751,4.079442360128474,4.275969718698173,503483309
2009-02-23,4.275970458984375,4.627339310341688,4.275970458984375,4.591606961804585,262755965
2009-02-24,4.794089317321777,4.794089317321777,4.281925498806733,4.33552383877812,327940739
2009-02-25,4.764311790466309,4.984661174070171,4.484408736704313,4.722624116483602,400245986
2009-02-26,4.841734409332275,5.097815904469565,4.79409138111761,4.990619527953492,388346771
2009-02-27,4.526096820831299,4.752402273626377,4.490365172056168,4.496320155540826,308811984
2009-03-02,4.240239143371582,4.430811567379546,4.192595775189489,4.353391531050481,230782341
2009-03-03,4.156862735748291,4.377211791428535,4.073487030017661,4.347435128210537,234076127
2009-03-04,4.103264808654785,4.311702870620261,3.9901117290800614,4.305747886945945,285063778
2009-03-05,3.716163158416748,4.002021163763665,3.62683178890249,3.9901105009342115,346455471
2009-03-06,3.680432081222534,3.859093483164732,3.501769980133418,3.769762782193633,265816601
2009-03-09,3.728074312210083,3.841226662101312,3.555367946766269,3.6030102503176193,300571670
2009-03-10,4.281924724578857,4.305746398910754,3.9305570382300075,3.9662893749411894,435885036
2009-03-11,4.395078182220459,4.5618288961772455,4.293836827135302,4.4486765261141645,511086088
2009-03-12,4.847687721252441,4.901285712357598,4.323613231289991,4.377211571968542,476439962
2009-03-13,4.87746524810791,5.002528280329443,4.66902616192521,4.9370185735847265,341559661
2009-03-16,4.78217887878418,5.1692793680005895,4.764312530261117,4.996572963620336,353656206
2009-03-17,5.091857433319092,5.1097234255784265,4.6868907472278964,4.776221407671172,276164140
2009-03-18,5.604023456573486,5.627844789510967,4.978707174642575,5.032305523325354,509248328
2009-03-19,5.1573686599731445,5.776729577497562,5.145457644530433,5.764818562054851,508014866
2009-03-20,4.896312713623047,5.179024069779774,4.866237375491297,5.154963446194565,375016395
2009-03-23,5.702340126037598,5.786552140651634,5.209099940234678,5.323387296053893,457828227
2009-03-24,5.425642967224121,5.8166262006492575,5.383537498811292,5.545946070945326,368470429
2009-03-25,5.60609769821167,5.750461094269647,5.227144533854116,5.551961733634778,440502517
2009-03-26,5.672264575958252,5.744445392192711,5.485795348873572,5.7083553371553135,306281294
2009-03-27,5.497823238372803,5.708352637987806,5.485792754942451,5.521883852153841,245167807
2009-03-30,5.022629737854004,5.275265026824995,4.97450849504444,5.1910537346077,273044294
2009-03-31,5.299323558807373,5.3895502356110345,5.076763692993757,5.154960946537442,300060805
2009-04-01,5.449705600738525,5.485796368644607,5.136918827859179,5.148948966134574,214623004
2009-04-02,5.6000800132751465,5.786549150882252,5.521883813463913,5.768503249323334,293319479
2009-04-03,5.828656196594238,5.8467013969157025,5.515869546637703,5.545945939746085,224946170
2009-04-06,5.672264575958252,5.750461166371914,5.582037849505513,5.6361738147611895,222197593
2009-04-07,5.503840446472168,5.660234330434051,5.491810310665788,5.4978257316488035,212819958
2009-04-08,5.533914566040039,5.648201875661826,5.419627256418251,5.588050511406274,154755288
2009-04-09,6.394078254699707,6.424153589190115,5.948959067284466,6.033170710017142,384778225
2009-04-13,6.664756774902344,6.773029365252842,6.225653466532222,6.2677589246556895,307171184
2009-04-14,6.225654602050781,6.694834735546054,6.183548430088061,6.562501153114576,393041928
2009-04-15,6.526412487030029,6.5745330321556255,6.051217866956698,6.141444595226869,237804457
2009-04-16,6.598592758178711,6.706865376475815,6.370018093746489,6.646714000328484,267621000
2009-04-17,6.682802677154541,6.815135529285012,6.448213006282903,6.5685157275213975,281153137
2009-04-20,5.936929702758789,6.406109218559725,5.918884146646547,6.370018812494864,325535488
2009-04-21,6.376032829284668,6.382048602796519,5.660233812008676,5.684294081417735,356329199
2009-04-22,6.147457599639893,6.532426112588573,6.129413105362311,6.165503506236519,299510302
2009-04-23,6.436182975769043,6.478289851486227,6.147456973543021,6.2376836726987905,208109536
2009-04-24,6.5805463790893555,6.706864175768547,6.351971755578078,6.47227378017593,288261916
2009-04-27,6.472275257110596,6.568517746142141,6.3339272970173806,6.394078676122201,157074123
2009-04-28,6.273773193359375,6.406106028689006,6.20159241717151,6.219637611218476,166197310
2009-04-29,6.544458389282227,6.604609783262792,6.345959000994284,6.3579898447182,192158977
2009-04-30,6.454229831695557,6.706865473954276,6.40009352176018,6.658744231105103,215537513
2009-05-01,6.406107425689697,6.556486194019154,6.345956059589799,6.460243725795547,137526705
2009-05-04,7.055744171142578,7.061759239918065,6.484306988193265,6.490322763128506,260737864
2009-05-05,6.953484535217285,7.079801635513493,6.881303032408249,6.923409203279967,200012388
2009-05-06,7.506875038146973,7.554996271894385,7.127922352594438,7.164013454444852,330286040
2009-05-07,7.2903337478637695,7.86177091325516,7.176046738481331,7.86177091325516,350441326
2009-05-08,7.831692218780518,7.867783321039312,7.344466928323088,7.404618294648126,368943749
2009-05-11,7.374545574188232,7.675301099922611,7.344469527303019,7.585074371586329,254006756
2009-05-12,7.218150615692139,7.446725289857514,6.9895759415267635,7.428680088092778,254245447
2009-05-13,6.851223468780518,7.067767865777312,6.815133089027273,7.0136322961474455,237690343
2009-05-14,7.079802989959717,7.1459694390396775,6.785062562108412,6.791076923487019,214387267
2009-05-15,6.935439109802246,7.164013743547562,6.875287741730437,7.103862375475753,188082520
2009-05-18,7.3925862312316895,7.44070745295148,7.079799349291924,7.133936341616026,168822171
2009-05-19,7.24221134185791,7.512892183660256,7.230180501602176,7.392589430379314,194454423
2009-05-20,7.04972505569458,7.440708538628022,7.001603826953405,7.410632505855031,338297881
2009-05-21,7.0617570877075195,7.139953664116649,6.929424202658366,6.947470109644732,267674180
2009-05-22,7.013637065887451,7.1459692544698195,6.983561728973183,7.127924052321259,118089215
2009-05-26,7.24221134185791,7.272287383257921,6.923409963670828,6.9294243245593705,185271163
2009-05-27,7.025667667388916,7.332438948932524,7.001606690099471,7.308377971643079,211276284
2009-05-28,7.2241668701171875,7.2482271407388525,6.959501068640382,7.07980312790833,228614303
2009-05-29,7.356495380401611,7.428676862276159,7.14596599942091,7.284313898527064,231964224
2009-06-01,7.434693813323975,7.573041747533151,7.362513019294262,7.45273971799085,236336489
2009-06-02,7.314391136169434,7.428678089423687,7.272285676713429,7.3324363330791495,237238566
2009-06-03,7.218150615692139,7.332438305854613,7.145969102473622,7.266271859891008,172765434
2009-06-04,7.476801872253418,7.488832007632038,7.266272384648701,7.28431758771663,200735723
2009-06-05,7.410633087158203,7.621162508446046,7.3564967888477515,7.603117311062363,188049530
2009-06-08,7.4647698402404785,7.536950634172639,7.332436972379294,7.338452038540307,114387228
2009-06-09,7.518908500671387,7.542968772863597,7.42868106763126,7.506877658415613,114763791
2009-06-10,7.404620170593262,7.567028406505051,7.314393451326668,7.561013338964584,193137006
2009-06-11,7.4647698402404785,7.573041737298165,7.392588340148873,7.4046184724709,192736070
2009-06-12,7.51289176940918,7.518906836125609,7.4407102626525194,7.458754756642295,101101415
2009-06-15,7.320405006408691,7.458752199617606,7.290328976977761,7.440707711813878,117569979
2009-06-16,7.194088935852051,7.356497132204228,7.164013605475513,7.338451933978305,139644394
2009-06-17,6.9835615158081055,7.157999170745943,6.923410137656031,7.1459690363474415,255798230
2009-06-18,7.151986122131348,7.188076531949622,7.001607296076114,7.007623070538857,149106352
2009-06-19,7.2795586585998535,7.321881261381748,7.140497258428491,7.2432814321285175,218644804
2009-06-22,6.856325626373291,7.231186364192171,6.850279542682734,7.18281698486685,163965753
2009-06-23,6.934929847717285,7.007483608084518,6.832145649614249,6.9107454975286435,172708561
2009-06-24,7.019572734832764,7.1344490465275,6.965156556439102,7.031664903453164,133115662
2009-06-25,7.170727252960205,7.170727252960205,6.953065348515198,6.995388654335288,156577784
2009-06-26,7.20700216293335,7.237233294724395,7.098171933968029,7.134449150157095,90023153
2009-06-29,7.297691345214844,7.315829589701559,7.146537888224355,7.225137657467385,137113950
2009-06-30,7.2251410484313965,7.3218791075630625,7.170726289432859,7.303740854563549,124690329
2009-07-01,7.1828203201293945,7.27351303720163,7.176774233631404,7.237235808412499,71842391
2009-07-02,6.934929847717285,7.116313893734714,6.916791585075804,7.110268515988862,125072185
2009-07-06,6.94097375869751,6.953065929999939,6.801912369117403,6.868420021081849,107628053
2009-07-07,6.832144737243652,6.965159355319601,6.807959680483396,6.947021095100319,119638920
2009-07-08,6.7172651290893555,6.862372575565825,6.54797263499951,6.8442343222065025,248119375
2009-07-09,6.801913261413574,6.874467008547063,6.747497773613164,6.814005434302293,160788419
2009-07-10,6.711220741271973,6.77168231088903,6.662851343618103,6.7535440529442505,117735302
2009-07-13,7.140496253967285,7.146542339228475,6.820050895920056,6.862373492748386,278149374
2009-07-14,7.110264301300049,7.158633682807148,7.025617706212403,7.146540805079707,195259127
2009-07-15,7.41257381439209,7.497219018148602,7.213050847562653,7.225143019527869,222874027
2009-07-16,7.388387680053711,7.4609406942634315,7.267463860301318,7.346063668829469,147851963
2009-07-17,7.3400187492370605,7.436756817315967,7.28560327540474,7.406525683053124,173246139
2009-07-20,7.400482654571533,7.448851349047657,7.34606645368345,7.394435857960796,135604252
2009-07-21,7.333973407745361,7.430712204793726,7.261420374660795,7.4065271506310655,156874455
2009-07-22,7.3400187492370605,7.400480307961751,7.188865207325834,7.200957377110572,123101477
2009-07-23,7.551634311676025,7.593956908510753,7.309788771788747,7.352111368623474,156626901
2009-07-24,7.5093092918396,7.551632588819579,7.412571239915061,7.485124246507806,89317544
2009-07-27,7.630233287811279,7.648371541595853,7.503264091717346,7.533494514691634,113482936
2009-07-28,7.612094879150391,7.642326014129502,7.539541858722957,7.563726198865434,73711911
2009-07-29,7.612094879150391,7.648372099165122,7.539541858722957,7.563726198865434,124764312
2009-07-30,7.787434101104736,7.878126093736437,7.6846492276278795,7.6846492276278795,161803625
2009-07-31,7.86603307723999,7.8720798724588255,7.739064573665634,7.787433966808901,161635840
2009-08-03,8.065556526184082,8.077649407571487,7.956726981907374,8.011141754045727,141779933
2009-08-04,8.228802680969238,8.271125280024442,7.99300250417165,8.023233641869302,123182969
2009-08-05,8.512970924377441,8.55529494349109,8.234848145526247,8.277172164639895,205272204
2009-08-06,8.452510833740234,8.676218152258029,8.37995708963173,8.645987721296631,290627775
2009-08-07,8.676218032836914,8.827371605165697,8.525063750706991,8.573433149380612,233042703
2009-08-10,8.639941215515137,8.736680017443325,8.537157036992756,8.664125561096597,117157348
2009-08-11,8.319496154785156,8.591572893470463,8.307403981474911,8.585526806815341,157646661
2009-08-12,8.488784790039062,8.555293137692527,8.289262586282414,8.295307960849804,128570318
2009-08-13,8.6641263961792,8.670173192958552,8.464604106299062,8.621803787332425,166225254
2009-08-14,8.60971450805664,8.66412930915449,8.464606952192748,8.658083929945098,133410610
2009-08-17,8.24693775177002,8.367860836243755,8.234844875482002,8.355768669756543,141513667
2009-08-18,8.41623306274414,8.452509574493378,8.31344819318588,8.32554036376896,99642556
2009-08-19,8.410187721252441,8.46460320808241,8.265080229573302,8.283218488582902,96251028
2009-08-20,8.627847671508789,8.64598663761325,8.428325432569276,8.434370808202681,111257534
2009-08-21,8.797139167785645,8.839461760894284,8.676216053587575,8.72458473142602,134382361
2009-08-24,8.730629920959473,8.98456827213241,8.706445586486183,8.92410601634749,152575803
2009-08-25,8.839460372924805,8.92410625565199,8.797137786461645,8.797137786461645,116332824
2009-08-26,8.815278053283691,8.875739614712698,8.71249318591407,8.791093002831472,113992570
2009-08-27,8.905972480773926,8.924110741232225,8.712495573148402,8.809234381861776,100287847
2009-08-28,8.918063163757324,9.008755870491967,8.81527899520613,8.990616903264376,99309571
2009-08-31,8.887831687927246,8.893877063222961,8.742724226003528,8.754815686395979,101467637
2009-09-01,8.410187721252441,8.918063942129432,8.392049462242841,8.821325850943728,234730773
2009-09-02,8.337630271911621,8.464598727572625,8.307399146429827,8.337630271911621,129933281
2009-09-03,8.50087833404541,8.531109470578764,8.367863746622227,8.428325309887883,97488183
2009-09-04,8.597616195678711,8.597616195678711,8.476693791937318,8.555293602799566,89279383
2009-09-08,8.633894920349121,8.736679806187299,8.585526230355773,8.724586923887806,99369767
2009-09-09,8.766907691955566,8.797138824224936,8.633892413492623,8.658077461268308,111341365
2009-09-10,8.839460372924805,8.857599334067025,8.633891394986858,8.736676238856264,114235569
2009-09-11,8.785049438476562,8.875741444415395,8.77900264226621,8.869695358006217,80452005
2009-09-14,8.899925231933594,8.924109576053691,8.664125037558126,8.670171833389281,88924363
2009-09-15,8.918063163757324,9.008755870491967,8.8092329093973,8.924109249566154,129108388
2009-09-16,9.226418495178223,9.226418495178223,8.94829566637998,8.972480013301146,153591131
2009-09-17,9.196187019348145,9.329202342209406,9.129679357917514,9.220371365395215,137935027
2009-09-18,9.18223762512207,9.248950720922975,9.127653471101869,9.236821067140992,112413566
2009-09-21,9.097325325012207,9.145844634543284,9.067001201555922,9.097325325012207,103587296
2009-09-22,9.303531646728516,9.315661296301656,9.176168902208495,9.230753037288652,105834240
2009-09-23,9.115523338317871,9.36418336378578,9.103393685173277,9.321728865778459,134086798
2009-09-24,8.933577537536621,9.194367961207316,8.878993379465793,9.170107939841765,163284149
2009-09-25,8.84866714477539,8.96390026093677,8.781952635838877,8.885056812195202,143733037
2009-09-28,9.145846366882324,9.157976018562348,8.885056719758348,8.897186371438371,96599401
2009-09-29,9.103392601013184,9.248949133414637,9.085197411461989,9.182236049064501,127167716
2009-09-30,9.060941696166992,9.188304523462918,8.957838895785502,9.157980379821742,180006914
2009-10-01,8.660655975341797,9.030613939767413,8.654591149039836,9.012420172862742,157511128
2009-10-02,8.666722297668457,8.769825786601626,8.472646398502489,8.515100189944462,158977372
2009-10-05,8.939641952514648,8.95783643369855,8.751630177610453,8.77589019785695,121768797
2009-10-06,9.054874420166016,9.151912357962429,8.921446098693924,9.060938534776968,157014296
2009-10-07,9.151914596557617,9.157979424653297,8.994227642067115,9.012422838355572,120700289
2009-10-08,9.164043426513672,9.273211025912918,9.133718579124052,9.218626870212644,112612372
2009-10-09,9.242884635925293,9.248948749522448,9.121585987956268,9.13978117675224,73837719
2009-10-12,9.315666198730469,9.327795854686917,9.230757895033928,9.28534205883935,91643272
2009-10-13,9.224690437316895,9.285339411810966,9.145846984074963,9.255015280564532,91537160
2009-10-14,9.54006576538086,9.558260959019576,9.358119525004234,9.424833336342681,164466893
2009-10-15,9.455156326293945,9.473351517727123,9.370248043610294,9.436961846861998,103035685
2009-10-16,9.230752944946289,9.303531553658093,9.206493646042697,9.2792722547545,138771615
2009-10-19,9.273208618164062,9.321727222187723,9.188299637120423,9.267143792661104,114214273
2009-10-20,9.200432777404785,9.309601101862512,9.145849327177308,9.255017651635034,131393863
2009-10-21,9.024548530578613,9.327791938169344,9.018482993145758,9.176169878373425,105829686
2009-10-22,9.291401863098145,9.309596337195341,9.030611553034241,9.067001213229656,148468694
2009-10-23,9.157978057861328,9.339924297579794,9.097329073954736,9.309600161627154,108821016
2009-10-26,8.921443939208984,9.182234980413808,8.87292605005667,9.151910142691868,149608600
2009-10-27,8.85473346710205,8.96390177580944,8.800149312748355,8.927512102239882,125341405
2009-10-28,8.581812858581543,8.85473216625286,8.557552842432118,8.818342498029311,145026326
2009-10-29,8.939641952514648,8.95177160663725,8.666721886750954,8.73343640842785,147296659
2009-10-30,8.521164894104004,8.860798780736404,8.472646276014604,8.860798780736404,168815032
2009-11-02,8.593947410583496,8.739504030464767,8.357416212272666,8.587881869086925,209353831
2009-11-03,8.618200302124023,8.654589251959349,8.442318953917841,8.448383066889342,135013126
2009-11-04,8.496902465820312,8.769822440388706,8.484772815750794,8.745563140249672,156933912
2009-11-05,8.71523666381836,8.727366311606401,8.509030515418868,8.569679466360004,128854925
2009-11-06,8.678848266601562,8.721302752015143,8.5575510591361,8.569680708682544,91056947
2009-11-09,8.9881591796875,9.00028883097434,8.74556401794731,8.800147448738088,123283911
2009-11-10,8.957839012145996,9.01848801221766,8.872931408847773,8.945709354531964,86729120
2009-11-11,9.07913589477539,9.17617385574514,9.018486902168766,9.04881104247137,123428800
2009-11-12,8.909317970275879,9.121589074036185,8.891123487325347,9.060940085533046,112801454
2009-11-13,8.891119003295898,8.957832785803669,8.818340396196605,8.921443126253518,92111052
2009-11-16,8.9881591796875,9.10945640455703,8.94570468818243,9.00028883097434,150075519
2009-11-17,9.012420654296875,9.030614422173437,8.9335764841572,8.969965443912821,70430557
2009-11-18,9.085196495056152,9.091261320294418,8.988158579242821,9.024548242673498,90591013
2009-11-19,8.909317970275879,9.036681486933704,8.872929716376182,9.03061594728216,95800113
2009-11-20,8.85473346710205,8.909316909454462,8.818343793532492,8.836538986317914,65219734
2009-11-23,8.982091903686523,9.042741572385102,8.93357330792925,8.951767781338226,91208237
2009-11-24,8.91538143157959,8.988160058416979,8.866862109687597,8.957835215234033,75278974
2009-11-25,8.897185325622559,8.969963227148055,8.878990138240113,8.963899114022,54272328
2009-11-27,8.660655975341797,8.794083577987339,8.612137364926117,8.642462208437125,93325557
2009-11-30,8.891119003295898,8.909313477070471,8.69704319236512,8.703108016956644,124414954
2009-12-01,8.897185325622559,8.97602876427625,8.84866601260449,8.95176875176668,106757244
2009-12-02,8.891119003295898,8.933573487437574,8.842600406563708,8.878989354112852,76497910
2009-12-03,8.709174156188965,9.060936883599597,8.69097896766684,8.96389967548755,205411431
2009-12-04,8.872928619384766,8.909316868785654,8.721305810871893,8.872928619384766,240718603
2009-12-07,8.727371215820312,8.89112297697855,8.69704707931002,8.836539531260023,99919162
2009-12-08,8.648527145385742,8.71524095305433,8.624267837870358,8.672787164902406,133715775
2009-12-09,8.678848266601562,8.727367576788364,8.600004832548652,8.66671861705512,90631636
2009-12-10,8.666722297668457,8.745566477206212,8.624268506226484,8.703111973762908,86215178
2009-12-11,8.727371215820312,8.733436755123698,8.600008418474427,8.672787770101785,81270989
2009-12-14,8.775885581970215,8.781949693840652,8.66671732828387,8.751625574483848,72967894
2009-12-15,8.636401176452637,8.757699189785379,8.600011487652182,8.721309500984924,105373600
2009-12-16,8.690979957580566,8.745564817363109,8.6545910003938,8.690979957580566,112051283
2009-12-17,8.527229309082031,8.642463157476875,8.527229309082031,8.618203137603803,113375592
2009-12-18,8.656278610229492,8.668453285731932,8.528443088165828,8.58931718032205,116291955
2009-12-21,8.784114837646484,8.784114837646484,8.692804041973302,8.698891380708572,71633860
2009-12-22,8.80238151550293,8.808468856967776,8.759769410604548,8.778032149643543,32138456
2009-12-23,8.765853881835938,8.826727271589663,8.747591150265658,8.814551878994754,47493211
2009-12-24,8.844987869262695,8.844987869262695,8.790201117057757,8.796288454564529,22487785
2009-12-28,8.814550399780273,8.881512546560439,8.778027086701364,8.857163194745137,36303913
2009-12-29,8.778030395507812,8.844991852884506,8.778030395507812,8.838903797991795,32447806
2009-12-30,8.784114837646484,8.790202891025888,8.704979434087976,8.741503466499594,35503394
2009-12-31,8.765853881835938,8.838901949540407,8.753678489241029,8.7962905767128,40923487
2010-01-04,8.942387580871582,8.966737651836864,8.820640084621875,8.838902101862704,92942347
2010-01-05,9.1067476272583,9.1067476272583,8.918038691718069,8.930213369540773,96770018
2010-01-06,9.125011444091797,9.161536199409339,9.033700627764388,9.100662083642968,75492798
2010-01-07,9.319806098937988,9.374592146000182,9.125009121006732,9.14327113669413,117869112
2010-01-08,9.265020370483398,9.319807138299627,9.191971584943161,9.271107709724737,111866140
2010-01-11,9.271111488342285,9.362422328822001,9.216325412841146,9.356334987099652,72747299
2010-01-12,9.137186050415039,9.240671538035993,9.076311939902146,9.198060160927932,137613736
2010-01-13,9.240671157836914,9.271107854518954,9.064136173148473,9.137185674473777,100839458
2010-01-14,9.283283233642578,9.313720647265413,9.185885082266873,9.210234441449733,70844542
2010-01-15,9.094571113586426,9.234581320574977,9.08239643726465,9.228494697058155,118059301
2010-01-19,9.210232734680176,9.21632078799196,9.009349129359256,9.058048553344635,100437782
2010-01-20,9.185885429382324,9.246759544284043,9.088487274326146,9.149361389227865,99359426
2010-01-21,8.924126625061035,9.240671868105998,8.826728473547956,9.179797755418726,310007531
2010-01-22,8.63193130493164,8.936301863045497,8.583231872704573,8.893689770516282,260932239
2010-01-25,8.680630683898926,8.790204227076478,8.595407214007631,8.753679474469212,179396215
2010-01-26,8.52844524383545,8.76585433471719,8.51627056525571,8.625844101761773,151799780
2010-01-27,8.735419273376465,8.753681296158403,8.516272856060029,8.552796901623907,254674696
2010-01-28,8.692805290222168,8.844990924389512,8.583231747964758,8.802378832479578,275452007
2010-01-29,8.63193130493164,8.869340411724874,8.60758194614023,8.753679528177184,222839929
2010-02-01,8.778030395507812,8.802379756501406,8.686718862493214,8.686718862493214,155187738
2010-02-02,8.863250732421875,8.887600801393265,8.747590584723206,8.784114616214117,135155306
2010-02-03,8.765853881835938,8.875426698036804,8.741503811290285,8.814551878994754,131388692
2010-02-04,8.38843822479248,8.698895506100017,8.38235088317033,8.686720822855717,266891017
2010-02-05,8.485833168029785,8.510182523178448,8.224074741605083,8.437133743088316,315216015
2010-02-08,8.315383911132812,8.504093520545915,8.303209235940482,8.504093520545915,132199183
2010-02-09,8.40060806274414,8.461482158499225,8.278860585878034,8.418870077077447,190172389
2010-02-10,8.467572212219238,8.558883027813843,8.35799937643457,8.41278615164905,155220729
2010-02-11,8.485833168029785,8.528444539539947,8.266686827759385,8.467570437024147,92212240
2010-02-12,8.491922378540039,8.491922378540039,8.333650807225135,8.388436872995708,125390768
2010-02-16,8.668455123901367,8.68062980198548,8.498008201435429,8.552794252813943,134800901
2010-02-17,8.698892593383789,8.735417345531301,8.65628121629663,8.735417345531301,81067751
2010-02-18,8.753679275512695,8.778029348245516,8.65628112851409,8.662368468036238,73617370
2010-02-19,8.80238151550293,8.832818222827163,8.692807939846778,8.698895281311625,72633555
2010-02-22,8.918038368225098,8.96673707774942,8.820639519888196,8.832814197269277,86110666
2010-02-23,8.753679275512695,8.942388229987756,8.723241863257725,8.875427495244121,144519031
2010-02-24,8.905861854553223,8.91803652942402,8.759763612171723,8.759763612171723,87297473
2010-02-25,8.88151741027832,8.893692092853101,8.729332448804707,8.784118520391216,130407585
2010-02-26,8.936302185058594,8.96673888464462,8.832815977177559,8.881515411159473,129857821
2010-03-01,8.960650444030762,8.984999800708588,8.905864391505652,8.966737783200218,65465319
2010-03-02,8.991086959838867,9.076311135793086,8.978912281743742,8.984999620791305,71151554
2010-03-03,8.997176170349121,9.064136908481837,8.972826096383871,9.003262795535106,69710915
2010-03-04,9.08848762512207,9.094574250738459,9.009351487088638,9.021526167610041,65092695
2010-03-05,9.265020370483398,9.28328238820741,9.12501013864426,9.137185531771127,99635663
2010-03-08,9.283283233642578,9.319807987061129,9.265021214255432,9.283283233642578,66161942
2010-03-09,9.313720703125,9.374594101447247,9.204147156856433,9.234583856017554,110608058
2010-03-10,9.417204856872559,9.471990903420746,9.356330042530804,9.374592058046867,123834045
2010-03-11,9.496344566345215,9.50243190761266,9.380684367619336,9.392859050154225,75285990
2010-03-12,9.459815979003906,9.575476122224837,9.417204610580859,9.575476122224837,125183468
2010-03-15,9.459815979003906,9.478077994042355,9.356329797831187,9.405029219244472,86475904
2010-03-16,9.575479507446289,9.58156756258884,9.465905949189855,9.49025602582703,92828356
2010-03-17,9.691137313842773,9.721574721265844,9.618087821885052,9.630263213640747,113668817
2010-03-18,9.6363525390625,9.68505197219401,9.575478426309179,9.672877292572197,91978843
2010-03-19,9.57289981842041,9.682723125187518,9.536291810740304,9.57289981842041,110142617
2010-03-22,9.621706008911133,9.627806505179239,9.469174262840266,9.475275475381268,78909193
2010-03-23,9.701022148132324,9.70712336045944,9.591199609971378,9.646110520915414,79992227
2010-03-24,9.707127571105957,9.755937290895,9.640012773849657,9.640012773849657,86346279
2010-03-25,9.749835014343262,9.957278449679457,9.73763258572462,9.774240587853646,150906813
2010-03-26,9.76203727722168,9.884062268656061,9.707125637126035,9.792543346012014,218970526
2010-03-29,9.77424144744873,9.847456741872591,9.713228582716653,9.816949951369967,76076908
2010-03-30,9.713227272033691,9.810847412668455,9.688821699670198,9.780340626282355,59183033
2010-03-31,9.731534957885742,9.76814153826522,9.646116499815921,9.65221771592472,72467985
2010-04-01,9.810851097106934,9.841357178676438,9.743737717654025,9.810851097106934,59488321
2010-04-05,9.908467292785645,9.920669720510025,9.841353224028502,9.865758795750315,55300582
2010-04-06,10.012191772460938,10.036596633787696,9.88406481794901,9.902369180217303,63364125
2010-04-07,9.97558307647705,10.073203224317952,9.914570215474066,10.03659522120691,91544300
2010-04-08,10.05490493774414,10.085411026361477,9.896271128113478,9.938980368451254,86447591
2010-04-09,10.091508865356445,10.115914444352612,10.030495992275931,10.091508865356445,64967625
2010-04-12,10.134218215942383,10.176926726232336,10.109812636646277,10.122015068157692,56718325
2010-04-13,10.140316009521484,10.195227649064424,10.07320194258523,10.122011652158482,85280479
2010-04-14,10.40267276763916,10.408774699028557,10.256242888577201,10.268445318809599,155369926
2010-04-15,10.359964370727539,10.445381383252201,10.329457578552667,10.427078453984409,101626682
2010-04-16,9.98168659210205,10.329459503558278,9.804749886351928,10.317257070923558,468533372
2010-04-19,10.079303741455078,10.0976073836077,9.853556672753516,9.865759100855264,319699563
2010-04-20,10.213532447814941,10.213532447814941,10.097608650036253,10.15862151447022,151176894
2010-04-21,10.152520179748535,10.311153923104392,10.036596375160386,10.219634979214126,210131946
2010-04-22,10.207429885864258,10.23793595377793,9.999986475232232,10.042694970311372,123733596
2010-04-23,10.237937927246094,10.28064643055774,10.170823848626066,10.225735497728481,109054906
2010-04-26,10.079303741455078,10.231835525273079,10.054898885251584,10.231835525273079,128910443
2010-04-27,9.737631797790527,10.079303352831142,9.713226942528,9.969480071603677,289883143
2010-04-28,9.87796401977539,9.945078107531506,9.786445069661871,9.871863520459295,194917032
2010-04-29,10.103705406188965,10.158616311409306,9.957274176782994,10.006084586584985,153177515
2010-04-30,9.859660148620605,10.08540726910879,9.84135578599587,10.054901191856295,206146707
2010-05-03,10.048800468444824,10.073206049454695,9.9145729961205,9.945079077041182,110817944
2010-05-04,9.77424144744873,9.932874465988233,9.713228582716653,9.902368391758777,195182313
2010-05-05,9.719326972961426,9.884061158472273,9.57899763974168,9.615605634451288,227201362
2010-05-06,9.310544967651367,9.786444030739126,8.883454907823625,9.676620729243071,385070710
2010-05-07,9.206825256347656,9.48138286464719,9.072597060455735,9.31664786990345,434082852
2010-05-10,9.719326972961426,9.77423860688936,9.560694000523354,9.682719694524774,220172844
2010-05-11,9.682723045349121,9.841355356410878,9.56679852430338,9.572899739487555,149938016
2010-05-12,9.7925443649292,9.798645579322098,9.664417430132064,9.743734649785997,108045855
2010-05-13,9.615605354309082,9.786440747915565,9.615605354309082,9.76203589633548,117497842
2010-05-14,9.36545467376709,9.511885245707427,9.267834531231227,9.505784031566005,185612150
2010-05-17,9.371553421020508,9.450870616526402,9.145806408392302,9.365452208485117,215164644
2010-05-18,9.10309886932373,9.48747891072084,9.03598480288639,9.481378413342568,245298293
2010-05-19,9.115302085876465,9.206821731116284,8.932264227943008,9.01768265900325,282446426
2010-05-20,8.694313049316406,8.974970256873238,8.676008695542793,8.944464194372037,264759910
2010-05-21,8.99937915802002,9.115302954755009,8.511276963215996,8.511276963215996,256736868
2010-05-24,8.743125915527344,9.04208904216146,8.730923485108239,9.04208904216146,132667948
2010-05-25,8.822443962097168,8.828545177871238,8.4441650027385,8.49907594470512,202843441
2010-05-26,8.761430740356445,8.981076648325379,8.71262029982782,8.962772285456365,153920670
2010-05-27,9.158014297485352,9.164114796910503,8.901760373058684,8.950570814919303,150171413
2010-05-28,8.956670761108398,9.139708638663901,8.926164686940202,9.133607423830263,156946837
2010-06-01,8.767528533935547,8.987174356177057,8.755326107634291,8.859047447467933,102271849
2010-06-02,9.042089462280273,9.042089462280273,8.773633115493954,8.859050848669625,97060780
2010-06-03,8.993277549743652,9.096999628690975,8.895657401563636,9.078695985208434,126116689
2010-06-04,8.63330364227295,8.859050027127012,8.590593705235946,8.81024030770913,146914680
2010-06-07,8.462467193603516,8.71261914610706,8.431961119983505,8.669910643039046,128171597
2010-06-08,8.639404296875,8.645506228185559,8.358745540063355,8.511277348543912,180966602
2010-06-09,8.547883987426758,8.767529842449411,8.511275986786446,8.700415771503067,153438734
2010-06-10,8.828539848327637,8.846843484600448,8.614995276326297,8.676008113508516,138725329
2010-06-11,8.852949142456055,8.883455218230251,8.718720976503187,8.743125837122543,66406172
2010-06-14,8.81634521484375,8.968877084449986,8.80414206360553,8.926168562073387,111620925
2010-06-15,9.023784637451172,9.042088999266204,8.81634188876407,8.871252825389547,124529437
2010-06-16,9.029886245727539,9.0786966816987,8.932265373785217,8.968873379831884,76874719
2010-06-17,9.017684936523438,9.066495378560774,8.920064052448765,9.054292230846487,88713985
2010-06-18,9.067209243774414,9.08555208081885,8.999954088688263,9.0610952040192,82191162
2010-06-21,9.054980278015137,9.201719382746543,9.006067960883447,9.171148466760458,105541262
2010-06-22,8.91435432434082,9.103890939367872,8.902125530467398,9.061092673035967,102404305
2010-06-23,8.871559143066406,8.963270470868721,8.816532777052357,8.920472186191128,147406957
2010-06-24,8.712593078613281,8.896015728127391,8.675908118043132,8.81653248430076,180425454
2010-06-25,8.951037406921387,8.969380236494402,8.700359725727527,8.822641188802788,174342222
2010-06-28,8.86544418334961,8.981611661782173,8.840988023211981,8.95715621942337,97958795
2010-06-29,8.54751205444336,8.75539158898971,8.480256889802513,8.743163507742082,190216582
2010-06-30,8.443567276000977,8.633103850352855,8.406882337810602,8.535278544809254,152587990
2010-07-01,8.36408805847168,8.49859837771955,8.162323297378714,8.431343935874455,164533121
2010-07-02,8.266263008117676,8.43745757479432,8.199007845970664,8.425229494000112,82338882
2010-07-06,8.315176010131836,8.492484616375215,8.223463969047046,8.44968633379592,131649787
2010-07-07,8.682018280029297,8.700360393231044,8.357970691239007,8.370199484485394,135275082
2010-07-08,8.749273300170898,8.798186323203426,8.614763742944005,8.785958246889946,99375306
2010-07-09,8.871559143066406,8.88990126507109,8.712593367913586,8.718706690802914,99814035
2010-07-12,8.883782386779785,8.902123779535925,8.773728288015333,8.859325521621878,67070912
2010-07-13,9.103896141052246,9.152809191157562,8.993841957760038,8.99995671707983,103837681
2010-07-14,9.036636352539062,9.067206542206767,8.938810310045245,9.061092504273226,95201847
2010-07-15,9.018294334411621,9.067207360070492,8.822642949554776,9.048865244615408,118284082
2010-07-16,8.6392240524292,8.92658685517821,8.614767888034883,8.908244731882473,174393677
2010-07-19,8.633108139038086,8.68813521477033,8.492483788710567,8.651450976134697,87813508
2010-07-20,8.72481918334961,8.73704726251633,8.46191332792882,8.474141407095539,113625609
2010-07-21,8.58419418334961,8.883785689002385,8.559738026879472,8.883785689002385,126180578
2010-07-22,8.834874153137207,8.871558394049359,8.694249794082948,8.694249794082948,103468874
2010-07-23,8.902128219604492,8.926585096960629,8.73704770689991,8.816531661083843,85939803
2010-07-26,9.02441120147705,9.042753322681227,8.865444715483113,8.91435775647312,97582109
2010-07-27,9.048868179321289,9.183377787394374,9.030525340138658,9.140579504118945,114958905
2010-07-28,8.969378471374512,9.079431838262254,8.93880757328799,9.024404795929202,60830850
2010-07-29,8.999954223632812,9.091665539114933,8.889900070831226,9.048867260186718,86025234
2010-07-30,8.993837356567383,9.054978458474858,8.883784665135469,8.883784665135469,72789892
2010-08-02,9.22005844116211,9.226172478774075,9.08554889592032,9.122232403813575,120011913
2010-08-03,9.116119384765625,9.195601876343698,9.103890591359665,9.171145725088907,81845251
2010-08-04,9.152803421020508,9.183373609452305,9.09777708184327,9.152803421020508,82030516
2010-08-05,9.116119384765625,9.134460780428155,9.061092326663779,9.085549195697135,50578959
2010-08-06,9.036636352539062,9.07332058014031,8.914354158311081,9.024407558893401,101926554
2010-08-09,9.085548400878906,9.110004549994235,8.993835688360917,9.079433645821572,49583449
2010-08-10,9.006068229675293,9.079437425341357,8.944927831435907,8.999954189851355,81174971
2010-08-11,8.688133239746094,8.871555826785432,8.675905162980623,8.865441788402695,117411918
2010-08-12,8.626994132995605,8.682021208942997,8.565853017251703,8.596423216234255,88825636
2010-08-13,8.602538108825684,8.70647750477648,8.602538108825684,8.620879510724285,64041298
2010-08-16,8.578083038330078,8.61476800319088,8.535284750067929,8.578083038330078,68304497
2010-08-17,8.64533805847168,8.730935351283645,8.596425012102436,8.669794222766827,79810039
2010-08-18,8.682018280029297,8.743159375147005,8.608648391665202,8.639219298113334,68372325
2010-08-19,8.480255126953125,8.663678460874742,8.461913008894587,8.62699350697892,124471211
2010-08-20,8.455798149108887,8.474140984723487,8.376314920708076,8.449684827609003,81137426
2010-08-23,8.400769233703613,8.510823342714177,8.394655196289529,8.498594550107489,66239371
2010-08-24,8.26014518737793,8.339628393942819,8.23568831920359,8.29682941297163,116123431
2010-08-25,8.2846040725708,8.31517498843573,8.125637606965245,8.199006800150793,90747843
2010-08-26,8.2173490524292,8.382430278111219,8.192892893563176,8.327402485105091,88256545
2010-08-27,8.394657135009766,8.400771173835869,8.162321506281788,8.254032806452022,107590139
2010-08-30,8.2173490524292,8.376315520615925,8.211235012712693,8.357973401466408,78521797
2010-08-31,8.290719032287598,8.321289231119765,8.150094682102038,8.211235079766373,131233463
2010-09-01,8.608651161193848,8.62087924059563,8.38854357862541,8.394658336105087,163002496
2010-09-02,8.69424819946289,8.69424819946289,8.596422139415175,8.602536896224526,82205072
2010-09-03,8.877670288085938,8.877670288085938,8.773730912849294,8.810415144893286,108976122
2010-09-07,8.675902366638184,8.798183812658824,8.66367429381396,8.792069776246713,69632992
2010-09-08,8.761502265930176,8.822643371483077,8.700361878155952,8.706475916933375,63465559
2010-09-09,8.871559143066406,8.944929066642938,8.816532777052357,8.896016023518218,100214233
2010-09-10,8.883782386779785,8.914352571004104,8.84709744793215,8.87766763215647,48934712
2010-09-13,9.073318481445312,9.097775345301086,9.01829143499284,9.01829143499284,93892679
2010-09-14,8.993837356567383,9.061093214666379,8.944925767042944,9.04275038164909,81324661
2010-09-15,9.02441120147705,9.036640000058703,8.896015635268943,8.926585837275905,91766372
2010-09-16,8.999954223632812,9.006068263479701,8.938813107385132,8.993839466007122,65492647
2010-09-17,8.952766418457031,9.05081153891182,8.940510868324095,9.032428213712416,80925078
2010-09-20,9.124350547790527,9.14886238084941,8.952771313336795,8.965027589562082,64263001
2010-09-21,9.038557052612305,9.173369558724561,9.007918173673785,9.148858455573745,103705472
2010-09-22,8.891491889953613,9.063071106657501,8.873107837213356,8.977282217697173,114854147
2010-09-23,8.719910621643066,8.879234245295786,8.701527292619625,8.805700209810574,127349658
2010-09-24,8.952766418457031,8.952766418457031,8.817953928212136,8.824082422669902,94600257
2010-09-27,8.854723930358887,8.952769079960808,8.836340599694434,8.952769079960808,76726384
2010-09-28,8.873102188110352,8.897614003027925,8.768929312731926,8.885358455264718,101337767
2010-09-29,8.80569839477539,8.885360190181819,8.762803969228782,8.842465045243912,82229692
2010-09-30,8.793447494506836,8.965027445596936,8.78731971618844,8.860853775400862,132373000
2010-10-01,8.885363578796387,8.91600318526316,8.787318420764178,8.879235801381348,162650799
2010-10-04,8.824084281921387,8.940512752107283,8.781188408635273,8.873105773390758,105309096
2010-10-05,9.0263032913208,9.063069953339355,8.836340765441895,8.903747031867432,163731125
2010-10-06,9.020174980163574,9.06919791267681,8.989536096962476,9.04468608672445,79712666
2010-10-07,8.983404159545898,9.093705535598284,8.93438196520369,9.063065944743196,88379153
2010-10-08,9.007917404174805,9.026300729967527,8.95889448266956,8.995661853646324,76830034
2010-10-11,8.9956636428833,9.026302525298576,8.958896264593507,9.014046252941002,50798200
2010-10-12,9.099832534790039,9.112088082331695,8.928253430424572,8.946636751737055,81038084
2010-10-13,9.105963706970215,9.191752565001298,9.081451885284265,9.154985192168049,138693077
2010-10-14,8.946640968322754,9.038558337597319,8.860851375707062,9.020175007620702,208325454
2010-10-15,8.793447494506836,9.020177450462493,8.732169711322884,8.977283002233728,163544136
2010-10-18,8.989531517028809,9.001786344674247,8.762801738679205,8.762801738679205,96393824
2010-10-19,8.866974830627441,9.050809479576081,8.830207469203033,8.922124793677353,180636325
2010-10-20,8.952766418457031,9.001788618988778,8.793442827946263,8.87310390381035,118915708
2010-10-21,8.952766418457031,9.056940033369585,8.879232398268115,8.989533788247137,90587936
2010-10-22,8.946640968322754,9.001790958252602,8.922129142295782,8.971152074958242,50796353
2010-10-25,8.916000366210938,9.038556595153597,8.903744815255806,9.026301044198467,56338931
2010-10-26,8.928256034851074,8.946639361526085,8.860849784318011,8.879233110993022,58349523
2010-10-27,8.934383392333984,8.965022988083277,8.86697714495513,8.8976160213131,77185177
2010-10-28,8.934383392333984,9.007917414984435,8.879232695498317,8.983405594506737,71284256
2010-10-29,8.92212963104248,8.940513681417643,8.873106695694585,8.909874077053388,49026545
2010-11-01,8.92212963104248,9.001791451363108,8.83634075311883,8.940513681417643,80929756
2010-11-02,8.946640968322754,8.983407628275987,8.922129142295782,8.977280571008599,67197828
2010-11-03,9.032426834106445,9.038554608236963,8.88535881619167,8.952765051018542,133181275
2010-11-04,9.332693099975586,9.351077146596106,9.118219510186153,9.124346566537824,204934664
2010-11-05,9.547165870666504,9.608444337613566,9.332691596047416,9.357202695069738,203857416
2010-11-08,9.47362995147705,9.541036179641488,9.38784040273807,9.53490840611664,110754301
2010-11-09,9.29592514038086,9.510400155438772,9.234647386811549,9.50427238008184,150410720
2010-11-10,9.400096893310547,9.406224667450463,9.216261510939532,9.295923294149615,149972115
2010-11-11,9.308183670043945,9.351078827346576,9.259161455288373,9.308183670043945,73585118
2010-11-12,9.154984474182129,9.289797684403652,9.130474093201135,9.259158808938285,109245218
2010-11-15,9.197882652282715,9.31431112772923,9.185626379622283,9.21626526279466,88027456
2010-11-16,9.044686317443848,9.161115515360951,8.971152276493967,9.148859961767887,166446464
2010-11-17,8.983404159545898,9.063065944743196,8.958893062374793,9.03855484757209,111420026
2010-11-18,9.105963706970215,9.167241462706702,9.069196334136967,9.093707436431561,105170116
2010-11-19,9.105963706970215,9.105963706970215,9.02017341015642,9.056940782989669,53682925
2010-11-22,8.971149444580078,9.050811237179731,8.909870976566973,9.044683462317547,119643844
2010-11-23,8.83021068572998,8.90374543536485,8.824083629217036,8.87310511706036,104476201
2010-11-24,8.965021133422852,8.971148188035576,8.866975310578171,8.891486406593756,72325066
2010-11-26,8.83633804321289,8.934383164448926,8.83633804321289,8.885360244135258,39044858
2010-11-29,8.909873008728027,8.946640385678291,8.799572316660111,8.817955645439525,101123080
2010-11-30,8.860852241516113,8.928258510741571,8.824085577970347,8.836341132485602,94421024
2010-12-01,9.038557052612305,9.04468482840001,8.965023743159854,8.989534846310672,102218916
2010-12-02,9.271411895751953,9.283667443632794,9.069193916935744,9.081449464816584,139900073
2010-12-03,9.302055358886719,9.320438688364113,9.161115060777089,9.210137992108276,111832288
2010-12-06,9.289799690246582,9.320438572327463,9.240776759525717,9.27754413741423,64905337
2010-12-07,9.302055358886719,9.418483831635022,9.277544252916858,9.418483831635022,131973540
2010-12-08,9.455248832702637,9.455248832702637,9.295924525782139,9.30818079507701,119732230
2010-12-09,9.571680068969727,9.590062678415835,9.46750643344075,9.516529363065647,95687230
2010-12-10,9.657466888427734,9.66359466295069,9.541037733709134,9.60231619832991,69683833
2010-12-13,9.651338577270508,9.718744817690638,9.62069970407556,9.70036149377367,62184704
2010-12-14,9.565547943115234,9.688104860970657,9.52878058000214,9.651337497857565,85879730
2010-12-15,9.48589038848877,9.602319584262176,9.467507058437647,9.522657767982498,101531526
2010-12-16,9.498141288757324,9.565547518647564,9.449118379912294,9.510397555511933,108179541
2010-12-17,9.55103588104248,9.557185876369624,9.464935224462561,9.514135909079625,76205917
2010-12-20,9.557185173034668,9.59408514228197,9.526435198661915,9.569485162783769,49879628
2010-12-21,9.723236083984375,9.7293860786093,9.594084752861285,9.594084752861285,59296901
2010-12-22,9.833937644958496,9.852388352588742,9.741686994806892,9.76013770243714,87852408
2010-12-23,9.760138511657715,9.821639190857821,9.723237815337665,9.81548847313784,36235347
2010-12-27,9.846240043640137,9.846240043640137,9.704788675210569,9.710939393924974,29735790
2010-12-28,9.846240043640137,9.876990749211828,9.821640778782934,9.846240043640137,42018708
2010-12-29,9.827789306640625,9.864690006122395,9.815489314146712,9.858539287875407,31035357
2010-12-30,9.797039031982422,9.827789012296236,9.760139055605844,9.827789012296236,45377614
2010-12-31,9.809335708618164,9.821635695681056,9.760135038366883,9.772435025429775,27080400
2011-01-03,10.024590492248535,10.04919047512523,9.920039121022649,9.94463982589931,113566767
2011-01-04,10.012289047241211,10.073789717504338,9.926188397672774,10.061489005851824,65761128
2011-01-05,10.129138946533203,10.147589651692503,9.963087654098189,9.975387642871182,119644460
2011-01-06,10.061490058898926,10.153741434948685,10.055340785428871,10.135291448538707,82408064
2011-01-07,9.975388526916504,10.110689859409801,9.852387906286133,10.09838986954675,219266212
2011-01-10,9.950789451599121,9.981539426820426,9.858537359935543,9.920038032378041,107038774
2011-01-11,9.987686157226562,10.061486800969613,9.944636202876277,10.012286853140715,61620659
2011-01-12,10.153743743896484,10.159893740764979,10.086093056342957,10.104543046948436,100785048
2011-01-13,10.122989654541016,10.184491046672935,10.086089685661696,10.172190335046635,74704466
2011-01-14,10.282893180847168,10.30749388740423,10.104541848808557,10.11684184108708,113359713
2011-01-18,10.221394538879395,10.270594514344445,10.172193841414234,10.258294520478183,75478150
2011-01-19,9.993841171264648,10.178342498980296,9.963090468645364,10.141441800237159,144544020
2011-01-20,10.043038368225098,10.079938332130514,9.956937008446268,9.993837694351447,115484911
2011-01-21,10.122989654541016,10.172190335046635,10.073789696035256,10.110689664914576,93333928
2011-01-24,10.11069107055664,10.159891757902402,10.073791096547291,10.141441048897766,54863208
2011-01-25,10.092238426208496,10.12298839645298,9.969237101231018,10.061487733964242,84937892
2011-01-26,10.086089134216309,10.14758980098589,10.073789145262356,10.122989101078163,68221281
2011-01-27,10.17219066619873,10.178340661212161,10.073790023983953,10.086090014010814,88248544
2011-01-28,9.993841171264648,10.252143174466559,9.98154117901694,10.178342498980296,139244565
2011-01-31,10.086089134216309,10.104539117647237,10.012288478492774,10.012288478492774,77839208
2011-02-01,10.295190811157227,10.32594222879844,10.141439498949971,10.147590215678123,78635911
2011-02-02,10.215238571166992,10.295188484567193,10.202937862490352,10.264438517874808,57381711
2011-02-03,10.221394538879395,10.239844529678788,10.122993143949074,10.215244541946262,63619065
2011-02-04,10.215238571166992,10.22138856450547,10.135287935767106,10.209088577828515,76650431
2011-02-07,10.36284065246582,10.387441351425839,10.245990039904962,10.252140034145016,61790537
2011-02-08,10.43664264678955,10.45509335388102,10.338242726301107,10.368992701453747,59912524
2011-02-09,10.36284065246582,10.418192044625913,10.289040721585147,10.36899136870567,68776339
2011-02-10,10.36284065246582,10.381291357185782,10.29518999382541,10.313640698545372,53665322
2011-02-11,10.504295349121094,10.53504605223095,10.301344029796175,10.325944736684063,90898394
2011-02-14,10.510443687438965,10.528892949927327,10.461243006803837,10.498142975780286,43128085
2011-02-15,10.49814224243164,10.54734291962985,10.461242276032843,10.491992970031653,60650508
2011-02-16,10.55349349975586,10.565793489238118,10.491993552344573,10.535043515532474,44080140
2011-02-17,10.541193008422852,10.565792986216199,10.49199305283616,10.516592308629688,43641043
2011-02-18,10.565793991088867,10.578093981155346,10.516593308823067,10.553494001022388,39684855
2011-02-22,10.23984432220459,10.455096376503194,10.215244334970496,10.399745683226389,125808569
2011-02-23,10.19679069519043,10.313641314732514,10.067639364433536,10.233689940835513,142391001
2011-02-24,10.17219066619873,10.21524135329263,10.049189321930346,10.17219066619873,98899648
2011-02-25,10.313641548156738,10.338242249143299,10.233690172450233,10.245990883943438,61174545
2011-02-28,10.36284065246582,10.418192044625913,10.319790692785428,10.381291357185782,68170072
2011-03-01,10.141439437866211,10.39359210820724,10.141439437866211,10.39359210820724,130762113
2011-03-02,10.079940795898438,10.172191450209908,10.043040822973825,10.12914075979792,82293212
2011-03-03,10.289043426513672,10.307493414084233,10.184492774947179,10.19064204880405,103454963
2011-03-04,10.159889221191406,10.270589837579799,10.086088569599218,10.270589837579799,129134485
2011-03-07,10.092238426208496,10.233689011332894,10.049187745866448,10.18448978094149,85241580
2011-03-08,10.313641548156738,10.332091532396769,10.135290256503401,10.135290256503401,98070200
2011-03-09,10.313641548156738,10.362841506130154,10.233690172450233,10.307491553410062,87131903
2011-03-10,10.104538917541504,10.196790276868882,10.079938940120767,10.19063956051389,114185344
2011-03-11,10.17219066619873,10.202940641265885,10.043040048916799,10.043040048916799,107898504
2011-03-14,10.079940795898438,10.122990764310485,9.993840137074402,10.092240786873308,86120391
2011-03-15,9.963088989257812,10.012289672943005,9.78473768414884,9.821638377412711,127169809
2011-03-16,9.77859115600586,9.987692511306479,9.710940462702661,9.97539251652411,214034093
2011-03-17,9.895435333251953,9.92618602202384,9.778584737517912,9.913886035314961,120224753
2011-03-18,10.032326698303223,10.11248659653315,9.989163342076592,10.02615988407989,207386693
2011-03-21,10.08165454864502,10.14948153157875,10.026158296647843,10.14331544222114,95996704
2011-03-22,10.026159286499023,10.087820910052136,10.01999392042206,10.081655543975172,56765349
2011-03-23,10.001495361328125,10.032326536389398,9.878172832751345,9.995329271093759,79906795
2011-03-24,10.050823211669922,10.056989300925512,9.93366606803507,10.02615813075824,76789780
2011-03-25,10.07548713684082,10.11248439467792,10.026157701021116,10.063154958858217,55517238
2011-03-28,10.044660568237305,10.112488297206433,10.038494476866436,10.081657840352088,39245265
2011-03-29,10.06315803527832,10.069324850044179,9.964499857367297,10.02616076613074,46897284
2011-03-30,10.143316268920898,10.180313531971253,10.081655370319298,10.1124858196201,75779991
2011-03-31,10.106319427490234,10.13098378619319,10.069322889435803,10.08165506878728,60843037
2011-04-01,10.192647933959961,10.235811296281236,10.149484571638684,10.174149660346364,80709407
2011-04-04,10.180316925048828,10.23581247617621,10.137153557752058,10.192649108879438,47174874
2011-04-05,10.174151420593262,10.204981881949951,10.13098805080422,10.15565241988957,47211312
2011-04-06,10.291304588317871,10.303637492784397,10.186480329523233,10.217310780965937,81798227
2011-04-07,10.241972923278809,10.328298886404589,10.21114248069433,10.28513554289708,60873442
2011-04-08,10.149484634399414,10.30980445448771,10.12482026942877,10.291306180759728,73274290
2011-04-11,10.149484634399414,10.223479177090457,10.12482026942877,10.161817540774292,49493463
2011-04-12,10.112488746643066,10.174150386981799,10.044661014659424,10.087823656173812,78789416
2011-04-13,10.038496017456055,10.19264977316461,10.001498739663367,10.19264977316461,94654914
2011-04-14,9.946002006530762,9.976833912243045,9.89667327383782,9.958334913593594,72457522
2011-04-15,9.952167510986328,10.019995233393626,9.927503147888947,9.989164055632399,64317165
2011-04-18,9.81651496887207,9.853511524457861,9.754853319006038,9.841179339262597,102992477
2011-04-19,9.847344398498535,9.872008040598137,9.779515944249095,9.865842672990427,72236188
2011-04-20,9.8720064163208,9.927502678444645,9.835010597313662,9.921335864072411,78296032
2011-04-21,9.927502632141113,9.946000179613673,9.859674189368096,9.92133581779764,54159938
2011-04-25,9.915169715881348,9.95216698245209,9.902837534987588,9.909003625434469,37023310
2011-04-26,9.976831436157227,9.995328982436694,9.921335177871732,9.952166352042628,61796200
2011-04-27,10.038496017456055,10.063160386724725,9.927505631857356,10.001498739663367,69756092
2011-04-28,10.11865234375,10.137150614124383,10.01999417786386,10.026159544099228,53786206
2011-04-29,10.100154876708984,10.112487057939434,10.056991518512923,10.112487057939434,30507750
2011-05-02,10.056990623474121,10.149482698360499,10.044658443341193,10.137150518227571,51127862
2011-05-03,10.100154876708984,10.124819239169886,10.026160341547312,10.032327156052022,85342891
2011-05-04,10.013825416564941,10.112484287155342,9.989161060861983,10.106318198229602,112329858
2011-05-05,9.8843355178833,9.989160471211726,9.853505075074494,9.96449611696468,103157800
2011-05-06,9.93366813659668,10.032327033009238,9.902837683898676,9.98916367534256,102177678
2011-05-09,9.909000396728516,9.933664750479508,9.859670965337303,9.902834308290767,47858203
2011-05-10,10.001495361328125,10.019994355920664,9.921335464391914,9.92750227851572,69163243
2011-05-11,9.865839958190918,9.989162478091586,9.853507054700403,9.976831022379844,97156183
2011-05-12,9.865839958190918,9.878172137792046,9.754848894001992,9.841174875099275,78830655
2011-05-13,9.724016189575195,9.884335211094266,9.711683288945219,9.865837669872349,82158787
2011-05-16,9.711686134338379,9.822677205302526,9.662357412922697,9.680855683453577,89906208
2011-05-17,9.785685539245605,9.79185090860458,9.668528319739451,9.674694412988218,98470152
2011-05-18,9.82884407043457,9.835010884987184,9.742517353371836,9.779514621240079,60153554
2011-05-19,9.82884407043457,9.87200670507645,9.79184680256633,9.865841338302813,64194311
2011-05-20,9.69318675994873,9.84117362018079,9.680853858030872,9.798010997080818,89394728
2011-05-23,9.557533264160156,9.625360985900846,9.557533264160156,9.576032260190885,93564986
2011-05-24,9.545198440551758,9.600693965503389,9.48970363948942,9.588361063600242,79566054
2011-05-25,9.551365852355957,9.606860656898036,9.4958696000352,9.4958696000352,85723147
2011-05-26,9.600696563720703,9.637693107774563,9.508203755807076,9.526702751723494,84613647
2011-05-27,9.668524742126465,9.711687378896501,9.625361381466904,9.631528196323575,61971741
2011-05-31,9.767178535461426,9.798009700341712,9.699350841391835,9.773345347548842,80145486
2011-06-01,9.440375328063965,9.736350531209604,9.428043148581127,9.730183717578804,148857321
2011-06-02,9.44654655456543,9.514374302493197,9.378718806637663,9.452712647659792,165873188
2011-06-03,9.384882926940918,9.48970793528943,9.329387376867567,9.34171956046395,119706995
2011-06-06,9.206063270568848,9.360216987407975,9.181398183629726,9.34171799123126,145434772
2011-06-07,9.187564849853516,9.304721296336012,9.175232668527936,9.273890119132574,97768974
2011-06-08,9.101237297058105,9.218394456671925,9.082739026768373,9.162899645802726,102198851
2011-06-09,9.206063270568848,9.243059815143278,9.095072189066554,9.119736552116175,73352336
2011-06-10,9.144400596618652,9.22456049128141,9.014911257590576,9.162899590686534,181570161
2011-06-13,9.236891746520996,9.261556104289333,9.125901412674134,9.181396217652892,117670798
2011-06-14,9.28622055053711,9.366380431688608,9.261555470567137,9.323217084658125,104946689
2011-06-15,9.082740783691406,9.224562331124835,9.02107987079823,9.18756578338893,188730642
2011-06-16,9.132065773010254,9.193728108422276,9.03340835279667,9.076570974140113,165893253
2011-06-17,9.214372634887695,9.251502776864053,9.171054983486137,9.232937342631221,100420179
2011-06-20,9.208185195922852,9.263879319579594,9.140113147363763,9.171055053662377,66083650
2011-06-21,9.338141441345215,9.356706154327632,9.208187723978776,9.26388186292603,95554282
2011-06-22,9.282441139221191,9.40001903889064,9.270064671148425,9.301006567819426,106150238
2011-06-23,9.189617156982422,9.214370093814265,9.078228214750014,9.171052454358538,127233698
2011-06-24,9.133923530578613,9.214371312410396,9.084417650367795,9.195807333820541,91530513
2011-06-27,9.2267484664917,9.257689641481072,9.121547018549432,9.121547018549432,61283489
2011-06-28,9.27006721496582,9.27006721496582,9.208184857620731,9.27006721496582,58644594
2011-06-29,9.461904525756836,9.474280996995056,9.33195012477698,9.35670306725342,111616001
2011-06-30,9.49903392791748,9.53616406807625,9.412397902866045,9.492845692305897,92703779
2011-07-01,9.6723051071167,9.69087053876907,9.480468367452245,9.480468367452245,77715000
2011-07-05,9.585670471191406,9.653741061439858,9.542351369872971,9.647552825962727,100972036
2011-07-06,9.536163330078125,9.542350838721589,9.46190378199676,9.517597898190873,66252174
2011-07-07,9.690873146057129,9.715626092934357,9.641366525813272,9.653742999251886,55920391
2011-07-08,9.56710433959961,9.56710433959961,9.499033027833047,9.54235067300955,76580879
2011-07-11,9.30720043182373,9.443343853072093,9.263882763984762,9.437154888319801,107713485
2011-07-12,9.27006721496582,9.40002161836908,9.257690743496802,9.27006721496582,79766707
2011-07-13,9.276254653930664,9.41239728137467,9.263878183524703,9.325761262043727,105923365
2011-07-14,9.208185195922852,9.362891821458671,9.201996233471679,9.356703585496811,150775588
2011-07-15,9.189617156982422,9.282441396590945,9.11535761999778,9.282441396590945,132402790
2011-07-18,9.06585693359375,9.152492262075803,8.960654712396975,9.140115786578368,137133277
2011-07-19,9.177244186401367,9.201997132667604,9.06585520171392,9.096796384546716,134575505
2011-07-20,9.282441139221191,9.325759503964958,9.220558798857361,9.226747032893744,118538406
2011-07-21,9.505223274230957,9.53616518239376,9.37526885822377,9.381457821047814,189235844
2011-07-22,9.480472564697266,9.529978467049888,9.437154173649192,9.523790955745339,60323309
2011-07-25,9.412398338317871,9.443340244296543,9.331950545156213,9.387644668237073,78466525
2011-07-26,9.400022506713867,9.44952839726847,9.350516616159265,9.393834270394542,113040637
2011-07-27,9.177244186401367,9.35670449981035,9.164866986778867,9.35670449981035,151973351
2011-07-28,9.183428764343262,9.288630197041895,9.15867582793845,9.195805959034761,80068056
2011-07-29,9.158681869506836,9.251506168745964,9.053481093901102,9.08442228481762,98119563
2011-08-01,9.127732276916504,9.301004979818893,9.04728452168963,9.301004979818893,91890703
2011-08-02,8.880204200744629,9.096794617981253,8.874015965379805,9.065853441157126,142203889
2011-08-03,8.923517227172852,8.935893690485633,8.744056329671087,8.892575342402088,150485442
2011-08-04,8.471779823303223,8.843076973388351,8.453214384607382,8.818324750269353,228842654
2011-08-05,8.310881614685059,8.607919849584846,8.149986025195895,8.558413234938442,220311208
2011-08-08,7.524965763092041,8.22424272896871,7.450706230145445,8.038593533357686,320107763
2011-08-09,8.106672286987305,8.106672286987305,7.450712413802407,7.753938304630997,203780725
2011-08-10,7.5435333251953125,7.921019366941513,7.512592144105191,7.914831130723488,333138883
2011-08-11,7.964339256286621,8.119046644034661,7.574476668221139,7.65492448079054,342125552
2011-08-12,7.908641338348389,8.242809691511992,7.852947218228843,8.125232489214797,167083138
2011-08-15,8.16236400604248,8.168552243206008,8.0076566239754,8.0076566239754,140239829
2011-08-16,8.001469612121582,8.137611564695865,7.933397546100193,8.038598310927934,128292974
2011-08-17,8.050970077514648,8.156171507306112,7.9828995042825035,8.063347271864112,117996766
2011-08-18,7.661109924316406,7.77868785599108,7.574474624224539,7.772499620270233,208364107
2011-08-19,7.506402492523193,7.772499531435458,7.487837785572833,7.531156161612949,155535619
2011-08-22,7.413578987121582,7.710617234568502,7.395014278278487,7.70442899828747,127443091
2011-08-23,7.654923439025879,7.654923439025879,7.308378559857309,7.419768270710892,170500517
2011-08-24,7.859134674072266,7.877698650731702,7.617790627184445,7.654920759970698,161958977
2011-08-25,7.834383010864258,8.248999179338515,7.729182272999536,8.143798441473793,234626754
2011-08-26,7.902454376220703,7.970525698678606,7.617792614394804,7.753934532821293,121201429
2011-08-29,8.230438232421875,8.242814711096392,8.038600633497733,8.0447895993247,119732353
2011-08-30,8.174737930297852,8.242808511812909,8.057160018338974,8.174737930297852,107048376
2011-08-31,8.279942512512207,8.341825614727998,8.19949469757853,8.249001324649061,107177384
2011-09-01,8.094290733337402,8.304692180631156,8.081913536594346,8.273751004996548,123459575
2011-09-02,7.760120868682861,7.896262741028415,7.741556166975159,7.852945103710443,131594516
2011-09-06,7.6239824295043945,7.642547141341031,7.4816522456007135,7.487839756390126,138630665
2011-09-07,7.989096164703369,8.001473372107679,7.494031842695682,7.784882050145091,141058813
2011-09-08,7.8158159255981445,7.970523971469533,7.791062986973519,7.877698998648869,104926993
2011-09-09,7.5682854652404785,7.772499418186782,7.537344287440705,7.722992807217879,158558709
2011-09-12,7.654923439025879,7.667299912123082,7.425955780770112,7.438332253867315,144663304
2011-09-13,7.704427242279053,7.791063256956593,7.617791227601512,7.704427242279053,121317389
2011-09-14,7.7972540855407715,7.890078357317727,7.605416579144996,7.7848768863464,124639242
2011-09-15,7.9952778816223145,8.001466843519667,7.840570543441172,7.883888917787161,128471592
2011-09-16,8.020127296447754,8.100887623266232,7.889668755778928,8.032552579222003,97875333
2011-09-19,7.802696228027344,7.871032008434363,7.734360447620325,7.852395176317468,127818546
2011-09-20,7.7778472900390625,7.908305847045665,7.777847290039062,7.839970794443601,68153453
2011-09-21,7.392680644989014,7.815119830713044,7.392680644989014,7.796483000866538,147554800
2011-09-22,7.181460380554199,7.274645240920847,7.044788863050312,7.218734032976256,251432981
2011-09-23,7.256009578704834,7.287070960706022,7.119337309964741,7.131762592076838,146697901
2011-09-26,7.579051494598389,7.591476777736495,7.293283839343913,7.355408067099397,136811863
2011-09-27,7.616327285766602,7.827546927586786,7.547990768533201,7.752998132297952,173008556
2011-09-28,7.398894786834717,7.672237187816766,7.386470231696228,7.628751244832052,126402158
2011-09-29,7.603902339935303,7.6536005618316025,7.39889498667773,7.591477784461229,126952784
2011-09-30,7.336768627166748,7.523138345433435,7.330556351845291,7.46722713822883,118365943
2011-10-03,7.007519245147705,7.417533304409959,6.995093957875095,7.280861708218566,197426303
2011-10-04,7.287070274353027,7.311919377613496,6.802508384904574,6.9143308081997885,275785977
2011-10-05,7.392680644989014,7.436167310609176,7.125550562587478,7.268434383367323,148534060
2011-10-06,7.622539043426514,7.634963598689149,7.2560110166199605,7.355408917344571,171494180
2011-10-07,7.349196910858154,7.666026030432803,7.336772353904148,7.666026030432803,189703501
2011-10-10,7.728148460388184,7.728148460388184,7.523141111470476,7.529353389076005,121636587
2011-10-11,7.7219367027282715,7.784059482966497,7.597689683628192,7.628751803059119,118209237
2011-10-12,7.9207305908203125,8.051189138923682,7.796483590490556,7.808908144661191,156456284
2011-10-13,7.734360218048096,7.821332827990477,7.628750776541999,7.802695996426763,143400298
2011-10-14,7.827545166015625,7.889668661901025,7.697085897587452,7.846181266676097,149084564
2011-10-17,7.585261344909668,7.784055601159516,7.566624520132142,7.76541950569344,108158491
2011-10-18,7.9455790519714355,8.04497693586368,7.591476369704203,7.647386858917992,226470024
2011-10-19,7.833755016326904,8.08224821672551,7.802693639768889,7.951789705870352,163000772
2011-10-20,7.951792240142822,7.982854355911971,7.734360347005695,7.833757512981169,152230261
2011-10-21,8.1567964553833,8.169221005208792,8.026337223592739,8.063611602380663,210757910
2011-10-24,8.336955070495605,8.355591897880657,8.169222165407032,8.181646716997067,125120194
2011-10-25,8.088460922241211,8.237556982829172,8.032550446504326,8.231344707747297,169801678
2011-10-26,8.231344223022461,8.281043150062283,8.063611347066272,8.218919673590362,167673895
2011-10-27,8.722126007080078,8.802887108360514,8.498481731787972,8.628941074703052,286446930
2011-10-28,8.72833251953125,8.75939390002729,8.604085538923917,8.672422034638378,167421540
2011-10-31,8.3866548538208,8.573024605131135,8.374230300974995,8.51711411732501,135847497
2011-11-01,7.989065647125244,8.200285256182344,7.970429545161478,7.976641092941597,263955821
2011-11-02,8.225137710571289,8.249987558359312,8.082253820710163,8.187864032857258,141886414
2011-11-03,8.368021011352539,8.3990831365729,8.07604170187762,8.330747336262444,137635648
2011-11-04,8.256196022033691,8.281045858336327,8.150586588010395,8.268621304840842,114088957
2011-11-07,8.299681663513184,8.30589393949367,8.150585581358387,8.23134589841627,101449664
2011-11-08,8.45499038696289,8.479839491958487,8.268620640872712,8.380441613352893,140400105
2011-11-09,7.995275974273682,8.231344612590348,7.970426874233441,8.212707058248709,144136559
2011-11-10,8.032554626464844,8.138164087124991,7.970431114006939,8.131951079498537,175243190
2011-11-11,8.225137710571289,8.262412117597323,8.163014914381234,8.169227194000241,113960564
2011-11-14,8.057398796081543,8.169221205880715,8.001488320493422,8.156796655750023,77723247
2011-11-15,8.094677925109863,8.156801441524024,7.970431621593437,7.995280736434343,110939567
2011-11-16,7.895879745483398,8.076037945900657,7.877242916605906,8.001489901079076,112264861
2011-11-17,7.740571975708008,7.920730190000619,7.684661484769438,7.889668806145858,178507556
2011-11-18,7.7654218673706055,7.808907805076763,7.71572292353761,7.777846421000936,104695565
2011-11-21,7.5728373527526855,7.634960835897584,7.516926144991126,7.616324009747565,120345391
2011-11-22,7.504507064819336,7.610116552634243,7.4920825049954685,7.579055153074574,81508942
2011-11-23,7.299495220184326,7.423742201819594,7.2870706678831185,7.423742201819594,101619666
2011-11-25,7.31813383102417,7.4361678241822835,7.287071716489731,7.299496270578827,39104069
2011-11-28,7.535565376281738,7.610113433986959,7.454805041210393,7.603901885932571,84348120
2011-11-29,7.498293876647949,7.5852665141921625,7.473444760010159,7.529355272445188,78328776
2011-11-30,7.958003520965576,7.995277909358861,7.734359378540771,7.771633766934056,168795212
2011-12-01,7.914517879486084,7.945579263208415,7.821332269695766,7.914517879486084,84288047
2011-12-02,8.020127296447754,8.169223396622122,7.99527818952258,7.99527818952258,157736524
2011-12-05,8.181646347045898,8.281044213894788,8.113310587079107,8.169221796017668,124016480
2011-12-06,8.187858581542969,8.237557514718446,8.088461444503528,8.138160377679005,69770618
2011-12-07,8.287259101867676,8.312108943256154,8.06361563455405,8.11952613672655,112741751
2011-12-08,7.9642133712768555,8.200281994813395,7.939363543480989,8.200281994813395,150280849
2011-12-09,8.138162612915039,8.1816485532399,8.026340164884825,8.044977725764339,120871398
2011-12-12,7.9455790519714355,8.026339376814107,7.877243280287384,8.020127100234797,120333328
2011-12-13,7.833755016326904,8.044975294167386,7.7343578820297605,8.013913188297877,149126787
2011-12-14,7.802696228027344,7.895881117923556,7.734360447620325,7.746785731676659,117957251
2011-12-15,7.808904647827148,7.933151592519018,7.796480099220236,7.920727043912106,75845726
2011-12-16,7.840169429779053,7.952708119212275,7.815161158341928,7.87768257091782,122441784
2011-12-19,7.665108680725098,7.871428350874784,7.633847613077941,7.8589242174091,81936099
2011-12-20,7.952709197998047,7.990220876259119,7.802657347071509,7.808910149762062,126622630
2011-12-21,7.99647331237793,8.01522951764024,7.883934612837784,7.95270883343254,98054074
2011-12-22,8.165281295776367,8.184037502573283,8.021482976350148,8.052743321011674,79959605
2011-12-23,8.221549987792969,8.234054124650202,8.146524432666432,8.20279378250712,37730396
2011-12-27,8.177783966064453,8.259061574286692,8.171531164832274,8.190288100562796,33277869
2011-12-28,8.046489715576172,8.18403593980519,8.040236913854656,8.18403593980519,52844368
2011-12-29,8.171527862548828,8.17778066125412,8.065242028282205,8.071494093004787,46397867
2011-12-30,8.127767562866211,8.171532038288404,8.121514760965669,8.146523766618579,34132060
2012-01-03,8.340340614318848,8.421618243647002,8.296576132210024,8.302828201082713,103362023
2012-01-04,8.31533145904541,8.346592534084554,8.22154970189422,8.277818315795063,69833891
2012-01-05,8.427872657775879,8.471637148251766,8.202795933378452,8.240308353786354,89935260
2012-01-06,8.377850532531738,8.434119130698793,8.321581934364682,8.434119130698793,83878617
2012-01-09,8.421615600585938,8.459128736032053,8.365346998391216,8.40911146676489,69189586
2012-01-10,8.571667671203613,8.602928006714711,8.51539759931766,8.552910735913965,86035082
2012-01-11,8.671703338623047,8.677955407066133,8.502896022693413,8.534156364908847,80938989
2012-01-12,8.702964782714844,8.752981332373844,8.59667814672311,8.709216117439041,94107119
2012-01-13,8.640438079833984,8.646689410736798,8.4903870546155,8.527899443928757,95008949
2012-01-17,8.571667671203613,8.734222883827297,8.540406601709527,8.646692476430246,89019642
2012-01-18,8.702964782714844,8.715468920129593,8.515399785560877,8.552912931788306,118473902
2012-01-19,8.784238815307617,8.81549914866451,8.746726415279346,8.790490881978995,131377244
2012-01-20,8.840510368347168,8.85301450482853,8.727972406031801,8.752980678994522,114827311
2012-01-23,8.871770858764648,8.934291537050497,8.815500780341237,8.846762587450309,99325943
2012-01-24,8.859268188476562,8.871772326201983,8.74047741211869,8.784241894157656,80650073
2012-01-25,8.878021240234375,8.903029506798454,8.77798670601219,8.809247773200223,103761975
2012-01-26,8.802995681762695,8.965551629473836,8.752979144605108,8.921786425477954,104215475
2012-01-27,8.834259033203125,8.865519377000615,8.740477267827472,8.752981405346468,103542364
2012-01-30,8.752983093261719,8.771739303157139,8.677957519696713,8.734226883366299,71714490
2012-01-31,8.790491104125977,8.821752172255815,8.727970435832216,8.809248038597064,82584343
2012-02-01,8.92803955078125,8.990560963621318,8.865518137941182,8.865518137941182,87912357
2012-02-02,8.971805572509766,9.009317983221328,8.909284887990497,8.959300701622764,65660186
2012-02-03,9.215636253356934,9.215636253356934,9.109350380957148,9.121854514888538,106830735
2012-02-06,9.17187213897705,9.178124206184311,9.115602800128705,9.15936800456253,55279655
2012-02-07,9.16561508178711,9.196875403307864,9.09684237444145,9.134354760266355,56189611
2012-02-08,9.234395980834961,9.234395980834961,9.146867009888249,9.178127356654931,66141999
2012-02-09,9.196879386901855,9.290662594033947,9.14686358478715,9.271905659014337,95860801
2012-02-10,9.109353065490723,9.12185720310709,9.059335781042057,9.096848927874353,79561623
2012-02-13,9.190628051757812,9.22188838681167,9.165619049731747,9.209384252790127,57901562
2012-02-14,9.103100776672363,9.15311806394507,9.01557180841578,9.146866728767117,99205059
2012-02-15,9.04682731628418,9.171870100605675,9.021818319030176,9.1281049058983,93529534
2012-02-16,9.190628051757812,9.190628051757812,8.996811772474953,9.02807284151179,96074380
2012-02-17,9.246895790100098,9.259399922952275,9.19687852470848,9.215635457969654,75672648
2012-02-21,9.240643501281738,9.296912093292928,9.203130372624779,9.25314763283978,78483021
2012-02-22,9.121853828430176,9.228139692831498,9.115601761934975,9.196878626372579,91890457
2012-02-23,9.203132629394531,9.203132629394531,9.090593949810023,9.121855020353726,63968915
2012-02-24,9.17187213897705,9.234392811049654,9.146863870148009,9.221888676635134,63090473
2012-02-27,9.240643501281738,9.265651764397823,9.05307859197977,9.09059172063673,76146583
2012-02-28,9.26565170288086,9.290660699813737,9.196877511802569,9.259398903160518,64479411
2012-02-29,9.228140830993652,9.353183644285776,9.203132561928431,9.271906035840798,115620690
2012-03-01,9.32817554473877,9.359436618081165,9.246897928421467,9.25315073027641,81546487
2012-03-02,9.296918869018555,9.353188236022486,9.284414728347318,9.328179220696645,58846847
2012-03-05,9.259400367736816,9.271905235172587,9.209383833925514,9.271905235172587,63542127
2012-03-06,9.03432559967041,9.140611480967637,9.00306526222506,9.115603211011356,115379168
2012-03-07,9.146865844726562,9.159369981840412,9.053082614423209,9.071839554077144,82887662
2012-03-08,9.234395980834961,9.253152922878224,9.159371148594921,9.209387703421614,84296787
2012-03-09,9.309419631958008,9.35943691047858,9.24689821730307,9.265655155487723,91179308
2012-03-12,9.28441047668457,9.31567154803047,9.21563700050323,9.309418746574863,69292990
2012-03-13,9.640780448913574,9.653285316791585,9.34693110043121,9.359435234326249,226592263
2012-03-14,9.653289794921875,9.690802214008889,9.553255943373195,9.65954186476971,160538280
2012-03-15,9.822097778320312,9.840854723049343,9.609525187919283,9.690802835133889,162857361
2012-03-16,9.859723091125488,9.884811199604838,9.80327337439442,9.86599438191906,102174477
2012-03-19,9.909902572631836,10.016529285695723,9.82209415750367,9.859727071742302,139045389
2012-03-20,9.960082054138184,9.985170915390206,9.828368661953741,9.847184755647698,108827047
2012-03-21,9.916172981262207,10.003982848168667,9.891084868618297,9.997710083681303,93343529
2012-03-22,9.78446102142334,9.853454082357763,9.74055681485469,9.822093934808727,130459287
2012-03-23,9.865998268127441,9.878542327308212,9.70292476245088,9.76564505835473,90967946
2012-03-26,10.02280330657959,10.02280330657959,9.92245006851118,9.960082256664299,95005010
2012-03-27,9.928719520568848,10.0416167920263,9.91617546110986,10.010256643378833,104557816
2012-03-28,9.953807830810547,9.978895948354866,9.840909829208051,9.928718976939697,129709978
2012-03-29,9.8534574508667,9.903634440425238,9.765648271384356,9.87854557748257,126585577
2012-03-30,9.909902572631836,9.922447368262421,9.815821391525096,9.91617533861041,73690122
2012-04-02,9.985166549682617,10.029070749106086,9.847180450270296,9.865996535737496,110200843
2012-04-03,9.928719520568848,9.978896494731366,9.840910368029368,9.960079669216315,129060871
2012-04-04,9.771918296813965,9.840911367169777,9.72801408424995,9.81582250937798,104199472
2012-04-05,9.746826171875,9.809547186102094,9.702921977344474,9.721737324388357,71652078
2012-04-09,9.596297264099121,9.646473492860647,9.533576241820779,9.558665092527978,109181083
2012-04-10,9.389320373535156,9.62765972655196,9.376776313322685,9.58375551580831,145531651
2012-04-11,9.539852142333984,9.577484329178818,9.495947924348346,9.521036048911569,91447666
2012-04-12,9.715468406677246,9.728012465322252,9.533577347345116,9.564937493957627,107650211
2012-04-13,9.48967170715332,9.69665086853813,9.47085562057101,9.69665086853813,114048334
2012-04-16,9.55866527557373,9.621385562726712,9.477128165948402,9.577480625393173,138138881
2012-04-17,9.684111595153809,9.721743786910231,9.596302411395325,9.646478667070554,81803766
2012-04-18,9.621386528015137,9.702924382147394,9.608842469326028,9.621386528015137,65399829
2012-04-19,9.577482223510742,9.677836172353674,9.508489896130266,9.677836172353674,131280980
2012-04-20,9.527303695678711,9.621384855822283,9.521031667424232,9.621384855822283,68882944
2012-04-23,9.458314895629883,9.464586926700697,9.357960925843388,9.37677775538256,91121944
2012-04-24,9.564935684204102,9.564935684204102,9.464582497705077,9.464582497705077,76151999
2012-04-25,9.646475791931152,9.671563912291234,9.558667370670868,9.633931731751112,91385378
2012-04-26,9.728010177612305,9.75309755267606,9.608840175856606,9.615112203704133,58432862
2012-04-27,9.734283447265625,9.778187647799182,9.66529039581502,9.771915619151532,59668663
2012-04-30,9.67783260345459,9.71546550447443,9.61511159263906,9.696648685801359,71007527
2012-05-01,9.778190612792969,9.853455715713501,9.665293326575505,9.677837387674481,103766530
2012-05-02,9.702924728393555,9.728012846667035,9.62765890092001,9.709196021635373,69602094
2012-05-03,9.621386528015137,9.715468440836503,9.58375435194781,9.709195675165423,104392985
2012-05-04,9.470854759216309,9.57747997647852,9.433221853147856,9.546119835026811,95088718
2012-05-07,9.527303695678711,9.5586645732775,9.408133686190826,9.408133686190826,101873252
2012-05-08,9.464587211608887,9.508492166752971,9.37677803764747,9.458315180349269,100957018
2012-05-09,9.357959747314453,9.426953553057885,9.282695383943368,9.345416423079241,116092656
2012-05-10,9.395588874816895,9.49594279147866,9.37677279156519,9.477126708226956,79928091
2012-05-11,9.288962364196777,9.376772220004966,9.18233716261011,9.194881217346625,123047067
2012-05-14,9.100801467895508,9.201155393849236,9.0945294395642,9.157250459203679,112880977
2012-05-15,9.050626754760742,9.163524765441737,9.031811401416029,9.107075760101239,122145975
2012-05-16,8.918912887573242,9.157252218943563,8.912640858036646,9.113348012187386,143225373
2012-05-17,8.737022399902344,8.918913477473641,8.73075110627751,8.906369417570778,190024423
2012-05-18,8.636669158935547,8.768383260181167,8.605308272944088,8.768383260181167,151363760
2012-05-21,8.718204498291016,8.774653492449653,8.592762452677697,8.674299561428422,106559053
2012-05-22,8.78719711303711,8.931455237425112,8.724476093347578,8.774653056364485,121446767
2012-05-23,8.818559646606445,8.837376473045541,8.624125242790841,8.705662369604902,137010300
2012-05-24,8.824830055236816,8.875007018457593,8.730748893483467,8.862462225407592,99869922
2012-05-25,8.79347038269043,8.868734727048453,8.76838153157797,8.812285732453486,51386864
2012-05-29,8.918912887573242,8.925184917109839,8.837375767270936,8.881279974027114,90323886
2012-05-30,8.711931228637695,8.831100492301015,8.711931228637695,8.818556436791859,104857811
2012-05-31,8.78719711303711,8.862462189399267,8.642938988649107,8.730748858010298,110352133
2012-06-01,8.46104907989502,8.630396076410955,8.454777787053509,8.617852018074924,124009217
2012-06-04,8.379511833190918,8.498681111372278,8.341878925752406,8.498681111372278,97012771
2012-06-05,8.517500877380371,8.536316969440309,8.354425870547527,8.360698637560857,123895103
2012-06-06,8.76838207244873,8.774654101532118,8.567674932800855,8.605307107301178,120034933
2012-06-07,8.762110710144043,8.931456980935392,8.737021855574788,8.900096833132013,114277300
2012-06-08,8.868738174438477,8.868738174438477,8.668031705480386,8.730752753152315,74612757
2012-06-11,8.705658912658691,8.98790236124928,8.69311485756484,8.98163107002867,126832761
2012-06-12,8.837372779846191,8.843644070936264,8.64921048470241,8.724474813698883,105210246
2012-06-13,8.806018829345703,8.925188916595705,8.762114602915506,8.79347550097824,118488551
2012-06-14,8.912638664245605,8.956542860195036,8.799740687722908,8.824829536020378,127557943
2012-06-15,9.03742504119873,9.04372722878382,8.89877543459264,8.961798050310595,104497005
2012-06-18,8.987009048461914,9.062636058265712,8.942893724332256,8.980707599167776,83680426
2012-06-19,9.138261795043945,9.182377852895161,9.037426042641775,9.043728230925215,79604585
2012-06-20,9.157166481018066,9.220189085696555,9.068934390548026,9.157166481018066,108411585
2012-06-21,8.955497741699219,9.22019263527747,8.936590435109906,9.176075833191481,88837454
2012-06-22,9.03742504119873,9.06893597912418,8.987006800650954,9.018517738576405,55259836
2012-06-25,8.848357200622559,8.911379816387365,8.804241887494134,8.90507762879759,62777553
2012-06-26,8.892474174499512,8.94289242030595,8.81684717572342,8.886171246389965,65826371
2012-06-27,8.999615669250488,9.031126622909081,8.886174756344701,8.936593022065876,69296314
2012-06-28,8.99330997467041,8.99961216294676,8.835754527894581,8.905078598934406,85956791
2012-06-29,9.226493835449219,9.232796764053786,9.144564641996134,9.213889457974465,76394260
2012-07-02,9.28321647644043,9.295820856905632,9.16977631238624,9.27061135610786,75570598
2012-07-03,9.333632469177246,9.35884196584496,9.245401820375609,9.264308387975959,39736188
2012-07-05,9.194985389709473,9.289518986318692,9.182381008810562,9.289518986318692,54074506
2012-07-06,9.119353294372559,9.150864229100737,9.068935058940493,9.075237985753109,55147815
2012-07-09,9.1067476272583,9.138258557511703,9.056329398985982,9.094142515290065,45911499
2012-07-10,9.03742504119873,9.201283398145183,8.999611175821135,9.176073907937766,79133604
2012-07-11,9.113052368164062,9.144563307251593,9.031122446802314,9.04372756230441,97988216
2012-07-12,9.018518447875977,9.075239620336976,8.980706059258578,9.031122824037482,66861519
2012-07-13,9.270609855651855,9.283214973944276,9.062636131902002,9.062636131902002,95969252
2012-07-16,9.251707077026367,9.28952022476421,9.20759099813139,9.276915842184929,61542737
2012-07-17,9.302119255065918,9.314724370259926,9.157168198939008,9.314724370259926,77759685
2012-07-18,9.25800609588623,9.314727282324357,9.226495147717602,9.270610475153681,68192230
2012-07-19,9.201281547546387,9.295815082176826,9.163467689774066,9.270605597039644,61045906
2012-07-20,9.06263542175293,9.138262426245078,9.050031044315437,9.13196023752633,69130498
2012-07-23,8.987009048461914,9.012218544974674,8.879871092851218,8.892475471173977,72823006
2012-07-24,8.961801528930664,9.012219789048832,8.87987231865573,9.012219789048832,55617072
2012-07-25,8.99330997467041,9.04372822074833,8.942892468459629,9.012217279366592,55276209
2012-07-26,9.131959915161133,9.157169409013393,9.075240218694663,9.131959915161133,69291513
2012-07-27,9.302119255065918,9.358839683904227,9.15086527140847,9.194981324919837,85430785
2012-07-30,9.28321647644043,9.339936928401208,9.258006975642656,9.28321647644043,45241343
2012-07-31,9.239097595214844,9.283213653294151,9.220191770133916,9.251702711714033,57458525
2012-08-01,9.194985389709473,9.308425557667055,9.194985389709473,9.276914605419782,99654866
2012-08-02,9.12565803527832,9.188681407216379,9.037427386193333,9.113054396704856,78094271
2012-08-03,9.339935302734375,9.39035355568698,9.251703914967747,9.264308293239088,98849054
2012-08-06,9.377748489379883,9.447072564786025,9.365144112033311,9.396655055399739,50850271
2012-08-07,9.415562629699707,9.491190387554985,9.396656800036869,9.402958250012935,43945346
2012-08-08,9.415562629699707,9.453376508627347,9.371447300796003,9.37775023050671,32388964
2012-08-09,9.409258842468262,9.459677088558806,9.384049349489421,9.402955914323199,32552810
2012-08-10,9.415562629699707,9.434469939097188,9.352540731265844,9.37775023050671,21702038
2012-08-13,9.421860694885254,9.434465068064364,9.358838089122765,9.396651948527035,20176829
2012-08-14,9.409258842468262,9.491188029948434,9.390352277634484,9.478582913525445,28338974
2012-08-15,9.440768241882324,9.472279917992239,9.396652931142267,9.415558753020989,24638834
2012-08-16,9.503790855407715,9.528999604405143,9.415558754182682,9.472279919160929,40100933
2012-08-17,9.535300254821777,9.541603180922289,9.503789323653702,9.535300254821777,29729389
2012-08-20,9.560513496398926,9.566816425463927,9.510095982816893,9.529002550410155,31691726
2012-08-21,9.592022895812988,9.692858638808175,9.554209769639943,9.598325083508495,50864181
2012-08-22,9.579418182373047,9.617232047078744,9.522698495115065,9.560510880086676,57712973
2012-08-23,9.484885215759277,9.573116585694953,9.472280840035193,9.56051147010378,50210028
2012-08-24,9.535300254821777,9.566811925856749,9.434464535217039,9.447068907684269,33998620
2012-08-27,9.528999328613281,9.573115377948975,9.503790580345454,9.56681319088202,22600791
2012-08-28,9.51639461517334,9.573115036620587,9.484883680962074,9.497488054646581,27816907
2012-08-29,9.535300254821777,9.560508999756237,9.503789323653702,9.535300254821777,22826310
2012-08-30,9.484885215759277,9.516396155069486,9.434466972995851,9.49118740362132,31546837
2012-08-31,9.554207801818848,9.579416547408789,9.484883011579596,9.541603429023878,64889457
2012-09-04,9.554207801818848,9.579416547408789,9.497487384374566,9.535300502759476,36182168
2012-09-05,9.554207801818848,9.585718733806273,9.522696869831423,9.554207801818848,32883211
2012-09-06,9.781091690063477,9.787393878367087,9.604628937828123,9.604628937828123,64472271
2012-09-07,9.881926536560059,9.90083309973705,9.812601731710686,9.812601731710686,57754827
2012-09-10,9.799995422363281,9.900831893422154,9.793693975272458,9.869320958633121,52705757
2012-09-11,9.881926536560059,9.888228724285723,9.781090793082367,9.799996616392285,70453823
2012-09-12,9.919739723205566,9.970157221556903,9.894530234162875,9.9323440977934,62693107
2012-09-13,10.178133964538574,10.209644908260973,9.881928134079256,9.913439077801655,172620053
2012-09-14,10.260058403015137,10.360894116061253,10.228547473896615,10.260058403015137,150418352
2012-09-17,10.165525436401367,10.260059715584399,10.140316689881596,10.222245855937798,60313214
2012-09-18,10.115111351013184,10.152924483531601,10.083600407247836,10.127715728519323,81750341
2012-09-19,10.108805656433105,10.178130448541586,10.08989835686393,10.14031658927017,80701652
2012-09-20,10.05208683013916,10.058388277374247,9.963854730975948,10.014272967659641,81109728
2012-09-21,10.017913818359375,10.138154415655718,10.011585444074445,10.138154415655718,42195603
2012-09-24,10.024242401123047,10.068541764980207,9.948301908124515,9.948301908124515,46410423
2012-09-25,9.872360229492188,10.081198820413626,9.866031854883177,10.049556204427205,88561833
2012-09-26,9.809073448181152,9.859701176163423,9.777431582530483,9.840715313831822,64955438
2012-09-27,9.89767074584961,9.948298466609154,9.83438628063545,9.866028141771983,57130095
2012-09-28,9.866029739379883,9.922985841589647,9.821731126615454,9.85970136612782,56713893
2012-10-01,9.910327911376953,10.03056847468678,9.885014421392201,9.935641401361707,66024193
2012-10-02,9.929315567016602,9.973614928754934,9.885016948219585,9.973614928754934,54014310
2012-10-03,10.017913818359375,10.05588480701029,9.910330712574227,9.973615198364863,68035400
2012-10-04,10.169793128967285,10.182449873606739,10.055881684271105,10.074866801230284,95948941
2012-10-05,10.163468360900879,10.271052214370714,10.131825745139777,10.239410341550979,76084786
2012-10-08,10.15713882446289,10.176123945983026,10.100182716961202,10.112839464641292,36612525
2012-10-09,10.093856811523438,10.201439928135926,10.062214193972887,10.163468935663548,90105261
2012-10-10,10.0875244140625,10.13182302411319,10.030569058283042,10.0875244140625,76931837
2012-10-11,10.144482612609863,10.207767101928958,10.125498231637923,10.188782720957018,75143933
2012-10-12,10.005256652832031,10.119168128154982,9.973614782726019,10.055884387942955,91271141
2012-10-15,10.119166374206543,10.131823120055163,9.998925802762306,10.043225899114823,68673674
2012-10-16,10.182450294494629,10.226749645504915,10.150808431588091,10.169793549332013,94636818
2012-10-17,10.315350532531738,10.321678906909314,10.207766682230243,10.220424173926741,70444591
2012-10-18,10.334335327148438,10.372305569477168,10.277378477772807,10.290035225215718,63453495
2012-10-19,10.195110321044922,10.309022550054399,10.144482581158336,10.309022550054399,75531821
2012-10-22,10.195110321044922,10.220424562458902,10.100183958831275,10.182453571808619,129434726
2012-10-23,10.024242401123047,10.068541764980207,9.98627141168243,10.062213390563663,79617756
2012-10-24,10.024242401123047,10.106512754420823,10.01158565228996,10.08752688822984,64741983
2012-10-25,10.049553871154785,10.138152580993108,9.979941766617987,10.119166718632782,65027206
2012-10-26,9.998926162719727,10.055883006971289,9.929314058046309,10.036897144573702,69489581
2012-10-31,10.062212944030762,10.06854131816647,9.99260008559665,10.03689870454661,53059793
2012-11-01,10.18878173828125,10.18878173828125,10.055884397822817,10.074869519905079,72143001
2012-11-02,10.125495910644531,10.25206411732904,10.106510791083036,10.245735744141875,65960673
2012-11-05,10.106510162353516,10.12549528073394,9.998925596040966,10.093853416766565,54580447
2012-11-06,10.220423698425293,10.25206556884105,10.131824975378551,10.138154092403013,49350790
2012-11-07,9.87868595123291,10.087524486071876,9.859700832504233,10.074867740252758,143868817
2012-11-08,9.796420097351074,10.005258711852365,9.790092464968987,9.922989089704847,114104714
2012-11-09,9.809073448181152,9.916657277275828,9.739461343749678,9.752118090009946,95030861
2012-11-12,9.82806396484375,9.853377469352143,9.790093708081159,9.853377469352143,41658271
2012-11-13,9.758445739746094,9.891343061627513,9.733132247174852,9.752118109544483,63960298
2012-11-14,9.5875825881958,9.809077978880232,9.555940707930114,9.777436098614546,84265766
2012-11-15,9.60656452178955,9.6825057462422,9.56226590757456,9.587578658470461,85757861
2012-11-16,9.66985034942627,9.682507098111971,9.53062462800087,9.631879360427824,77888940
2012-11-19,9.853373527526855,9.866030274717742,9.80274653876331,9.8090741694175,64199481
2012-11-20,9.90400218963623,9.935644805900926,9.796419077395573,9.828061693660269,49879012
2012-11-21,9.90400218963623,9.922988056571599,9.84704681765426,9.910331307242272,32286422
2012-11-23,10.024242401123047,10.030571518480942,9.95462953959971,9.979943780207236,25337304
2012-11-26,9.986268997192383,9.992598113020017,9.922985268327743,9.973612994360625,37321089
2012-11-27,9.89767074584961,10.005253816654914,9.885014001394996,9.967282840349982,61359564
2012-11-28,9.935643196105957,9.948300686325869,9.764775621961629,9.840716105633545,58569995
2012-11-29,9.986268997192383,10.024239977452337,9.93564201410067,9.986268997192383,48775790
2012-11-30,9.973614692687988,10.017913310436496,9.935643705962258,9.979943066652062,36530910
2012-12-03,9.935643196105957,10.036897917276438,9.929314822466631,10.005256049079806,62742593
2012-12-04,9.910327911376953,9.960955634287584,9.859700188466324,9.935641401361707,48549409
2012-12-05,10.030570983886719,10.081197976520832,9.916658764577342,9.9419722608944,57255164
2012-12-06,10.062212944030762,10.06854131816647,10.005256833868067,10.03689870454661,42609219
2012-12-07,10.144482612609863,10.144482612609863,10.074870491594373,10.119169114058776,44538688
2012-12-10,10.119166374206543,10.150808981769266,10.081196136660683,10.112838001282233,59304164
2012-12-11,10.169793128967285,10.214092478146474,10.131822152107823,10.163464756647558,58723378
2012-12-12,10.214095115661621,10.30269309395694,10.188781619846186,10.214095115661621,68531370
2012-12-13,10.163468360900879,10.233081224045664,10.131825745139777,10.214096100353823,50848055
2012-12-14,10.125495910644531,10.169794522954687,10.112838421328997,10.150809403393193,43026404
2012-12-17,10.334335327148438,10.340662957928625,10.182452129009715,10.188781245672438,85069486
2012-12-18,10.486217498779297,10.498874246776667,10.35332015892431,10.391291145857721,86535115
2012-12-19,10.422932624816895,10.524188090879683,10.41660425105563,10.511531343357154,90697864
2012-12-20,10.568485260009766,10.568485260009766,10.42926031338547,10.435587943338986,76288517
2012-12-21,10.443671226501465,10.488247438009564,10.373622146534718,10.386358206965603,72313987
2012-12-24,10.424569129943848,10.450041255678116,10.386360193745425,10.392728225178992,29586100
2012-12-26,10.424569129943848,10.462777318545248,10.386360193745425,10.443673224244549,36545928
2012-12-27,10.386362075805664,10.462779214452652,10.24626386368666,10.443675116690194,54714996
2012-12-28,10.303574562072754,10.386358960882598,10.29083775312046,10.31630987583118,39480386
2012-12-31,10.437305450439453,10.450041513620956,10.265367102295079,10.290839228658085,73574162
2013-01-02,10.742972373962402,10.749341152654809,10.660187222124897,10.698396156294427,86126792
2013-01-03,10.730238914489746,10.76207982528716,10.685662686009398,10.742974979769846,59026942
2013-01-04,10.857596397399902,10.876700487111771,10.723867021819983,10.749339141435806,54822954
2013-01-07,10.83212661743164,10.844862679990435,10.768445557040668,10.838494648711038,44491664
2013-01-08,10.800286293029785,10.8193903865708,10.749341295990087,10.813022355390462,51457154
2013-01-09,10.78754997253418,10.883071185550524,10.749341038769458,10.825758158701928,59736737
2013-01-10,10.921278953552246,10.934015762717454,10.825757744193323,10.876701990466378,75427432
2013-01-11,10.895809173583984,10.902176458140469,10.825760072297372,10.895809173583984,52621188
2013-01-14,10.863967895507812,10.895808053001158,10.80028683292409,10.88307199000382,47142130
2013-01-15,10.908544540405273,10.921280603898118,10.793918473775538,10.813023316611867,51769213
2013-01-16,10.914912223815918,10.93401706604254,10.851231908383964,10.902175413132491,71678176
2013-01-17,10.908544540405273,10.94675347848087,10.876703634076097,10.921280603898118,69721255
2013-01-18,10.921278953552246,10.934015762717454,10.84486183654572,10.902174113602905,70050794
2013-01-22,11.02316951751709,11.02316951751709,10.902175422893972,10.902175422893972,52164733
2013-01-23,11.016802787780762,11.02953959998065,10.959490497068316,11.016802787780762,46065374
2013-01-24,11.074110984802246,11.137792027573646,11.023166001065766,11.048638119135608,82546675
2013-01-25,11.1250581741333,11.131426204913254,11.055009087956883,11.1250581741333,56354565
2013-01-28,11.080483436584473,11.144163757174143,11.035906464574607,11.137796472712271,38270928
2013-01-29,11.1250581741333,11.137794235693205,11.042273026396979,11.055009087956883,46096888
2013-01-30,11.074110984802246,11.118687939021266,11.048638119135608,11.099583102872087,39875044
2013-01-31,11.067748069763184,11.086852167143693,11.016803062484685,11.055012004842844,43701239
2013-02-01,11.214211463928223,11.246051618143932,11.125058284527281,11.125058284527281,71294104
2013-02-04,11.086848258972168,11.163265369153917,11.061376138110544,11.137793248292294,61435148
2013-02-05,11.195110321044922,11.233319266319429,11.125061958636525,11.144165309877978,58311731
2013-02-06,11.214211463928223,11.220579494771364,11.11869025368414,11.131426315370422,36912889
2013-02-07,11.182374000549316,11.252423856557199,11.093221541332113,11.239687790954742,62169070
2013-02-08,11.207843780517578,11.220579842598669,11.176003625314854,11.201475749477034,54945808
2013-02-11,11.258787155151367,11.27789124679051,11.188738819141179,11.20784291078032,34986990
2013-02-12,11.347942352294922,11.36067841481786,11.233316294394466,11.271525229560286,68228421
2013-02-13,11.322469711303711,11.379782741426531,11.2778927439644,11.373414710034776,49634536
2013-02-14,11.360679626464844,11.367047658405482,11.265158399758205,11.277893716042398,38606376
2013-02-15,11.309735298156738,11.392520465921617,11.27152710423316,11.386153181198148,78615969
2013-02-19,11.417991638183594,11.424358921956477,11.335206482777895,11.347942545517693,54735061
2013-02-20,11.246052742004395,11.41799183474261,11.239685458121897,11.411623803263085,67902699
2013-02-21,11.156899452209473,11.226948545444083,11.11232248466126,11.226948545444083,64595863
2013-02-22,11.2969970703125,11.2969970703125,11.214211918399718,11.233316011703364,53303285
2013-02-25,10.991328239440918,11.36704580051463,10.984960208541105,11.36704580051463,88097007
2013-02-26,11.0486421585083,11.080483065333404,10.927648805844708,11.055010937950978,91502446
2013-02-27,11.220579147338867,11.24605126992272,11.023167954523219,11.029536732766113,77002374
2013-02-28,11.201475143432617,11.296996351469689,11.176003020648581,11.220579235520644,76742387
2013-03-01,11.233314514160156,11.26515541301842,11.055008171902656,11.1186892220223,63689232
2013-03-04,11.328835487365723,11.335204265086608,11.188738077040483,11.201474137288516,44648986
2013-03-05,11.424359321594238,11.49440916430758,11.379783100445618,11.398887942820638,81640166
2013-03-06,11.50078010559082,11.545357836109394,11.449835836649086,11.507148886805815,81642628
2013-03-07,11.5835599899292,11.59629679893393,11.526247713594126,11.526247713594126,58971794
2013-03-08,11.615399360656738,11.666344347172586,11.538982254681386,11.653608287442834,75238474
2013-03-11,11.704556465148926,11.723661308769506,11.589931141410899,11.621771301450048,60897570
2013-03-12,11.640875816345215,11.704556134625252,11.609034909608129,11.691820070969245,40250869
2013-03-13,11.67271900177002,11.685455068727997,11.61540595286186,11.653614901333054,29836732
2013-03-14,11.74913215637207,11.768236250313583,11.698187158264364,11.717291252205875,82792382
2013-03-15,11.788747787475586,11.80152679345874,11.692904492484178,11.750410019408372,61508885
2013-03-18,11.673735618591309,11.724852394328382,11.60983983644941,11.635398599376835,50767302
2013-03-19,11.609837532043457,11.73762907096225,11.539552260649884,11.724850067093895,80060793
2013-03-20,11.686514854431152,11.712073617860359,11.654567337791883,11.673735847775445,77461167
2013-03-21,11.545945167541504,11.667347232440942,11.545945167541504,11.622619208381826,70564736
2013-03-22,11.616230964660645,11.635399475711582,11.552335177706354,11.609840710859167,54333878
2013-03-25,11.584280014038086,11.692902294595157,11.520384246014912,11.660954035524766,61043567
2013-03-26,11.660955429077148,11.667345681748985,11.584281398427473,11.62900791630645,59791763
2013-03-27,11.603449821472168,11.616228826487255,11.539553296161339,11.577891061324298,39216336
2013-03-28,11.635398864746094,11.641788368094232,11.571503831264712,11.597061094539473,31685325
2013-04-01,11.57789134979248,11.673734639911316,11.53955358367432,11.629008121244125,27318475
2013-04-02,11.648177146911621,11.660956152813029,11.603450626256699,11.609839379089657,49287270
2013-04-03,11.456489562988281,11.654565637489716,11.411762296100843,11.654565637489716,109156340
2013-04-04,11.558725357055664,11.565114861112809,11.462881295962747,11.462881295962747,68118247
2013-04-05,11.520383834838867,11.53955158940881,11.354254543860918,11.373423798666025,73523198
2013-04-08,11.635398864746094,11.641788368094232,11.462880023992989,11.507607297547748,51458508
2013-04-09,11.66734790802002,11.74402195330003,11.622619881370998,11.66734790802002,62398898
2013-04-10,11.827082633972168,11.839861636798604,11.712070108299107,11.712070108299107,82560708
2013-04-11,11.852645874023438,11.916540916373128,11.795139585790821,11.833476611200634,60166233
2013-04-12,11.801529884338379,11.833477407663482,11.73763408757023,11.775971865678297,56836255
2013-04-15,11.552334785461426,11.839865441934073,11.539555028410224,11.782358410498176,88256176
2013-04-16,11.731239318847656,11.744018322443486,11.590668779058317,11.66734430086851,55160987
2013-04-17,11.513994216918945,11.635396253524043,11.418150938088283,11.622616499578013,97644397
2013-04-18,11.392597198486328,11.513998530454874,11.341480413904996,11.507609026146946,75975843
2013-04-19,11.552334785461426,11.558724288928124,11.418153712425148,11.430932719358546,66982034
2013-04-22,11.565114974975586,11.584284237453623,11.450103150696776,11.57789398321569,53919154
2013-04-23,11.775972366333008,11.782361121151698,11.641791262426986,11.654570272300326,92145028
2013-04-24,11.846254348754883,11.86542285818954,11.775969064043368,11.78874807033314,46441322
2013-04-25,11.916539192199707,11.986825228850652,11.865423165715802,11.890981178957754,44356254
2013-04-26,11.865421295166016,11.922927566012499,11.814305276740406,11.897368806682023,29434318
2013-04-29,11.916539192199707,11.935708452248958,11.865423165715802,11.916539192199707,36910920
2013-04-30,11.94848918914795,11.95487869338371,11.859035379729391,11.910152163733379,50558770
2013-05-01,11.814308166503906,11.942098993943063,11.807917912519988,11.92931923609308,49923082
2013-05-02,11.916539192199707,11.935708452248958,11.833474899045573,11.852644159094826,54011356
2013-05-03,12.044328689575195,12.101834959608494,12.02515943281899,12.037939187362346,50393078
2013-05-06,12.17212200164795,12.18490175883469,12.069889945096548,12.076278698513198,29340516
2013-05-07,12.236018180847168,12.274355200937356,12.146563633734479,12.216849670802073,48645304
2013-05-08,12.338251113891602,12.351030120722303,12.19768053851827,12.236018309128179,77939657
2013-05-09,12.248796463012695,12.344639757686709,12.216848948160607,12.344639757686709,46510750
2013-05-10,12.299912452697754,12.299912452697754,12.223236921705789,12.26157468720177,65637289
2013-05-13,12.338251113891602,12.363809877670807,12.24879731595888,12.280745583153438,38763821
2013-05-14,12.549105644226074,12.625780427185166,12.351028809032707,12.363808564623989,42067209
2013-05-15,12.664117813110352,12.696065327726398,12.517157745641056,12.549106010374844,58081658
2013-05-16,12.581052780151367,12.70884358116766,12.549105267426718,12.638559053173433,46165208
2013-05-17,12.747180938720703,12.753571941672636,12.632169889823725,12.638559392540223,59018818
2013-05-20,12.772740364074707,12.836635390810748,12.72162284245045,12.734401847797658,40420254
2013-05-21,12.804688453674316,12.868583483285736,12.766351435907465,12.798298950713175,44609840
2013-05-22,12.670506477355957,13.002763607841265,12.61939045735372,12.83024554009833,118123067
2013-05-23,12.593831062316895,12.657726080292688,12.45325977241732,12.491597533320407,73706248
2013-05-24,12.606611251831055,12.613000754229702,12.472430201224096,12.529935722811924,62105304
2013-05-28,12.734403610229492,12.849416174507441,12.676898078208334,12.77913163537047,58804501
2013-05-29,12.734403610229492,12.79830014604419,12.638561056860894,12.66411907109252,59443390
2013-05-30,12.88775634765625,12.9324828782933,12.72801723800239,12.753575255509276,68429074
2013-05-31,12.676895141601562,12.906920216872079,12.670505639523785,12.855802700014584,73854091
2013-06-03,12.689676284790039,12.740793810264151,12.491600186755027,12.728014803954506,123404549
2013-06-04,12.574662208557129,12.779128522965035,12.542714698548533,12.70884250071086,77242788
2013-06-05,12.370200157165527,12.600225308969172,12.325473627739846,12.54910852522193,108448023
2013-06-06,12.542717933654785,12.54910743730453,12.280746033661767,12.357420077458706,87829880
2013-06-07,12.759963035583496,12.779131546123345,12.574665183344846,12.613002954542356,65529331
2013-06-10,12.766350746154785,12.836635274929947,12.721622727607908,12.8238562696981,81226304
2013-06-11,12.55549430847168,12.68967460710086,12.536325801541462,12.638558588620285,86971873
2013-06-12,12.421313285827637,12.644948117503125,12.39575527653364,12.638558615179624,79029954
2013-06-13,12.657730102539062,12.670509110195006,12.382978437464885,12.41492745684044,85934756
2013-06-14,12.491602897644043,12.670510525040568,12.472434384019685,12.638563002333306,54618855
2013-06-17,12.61300277709961,12.670508307910158,12.542717489324472,12.587443263170432,56877616
2013-06-18,12.696062088012695,12.728011094711647,12.612998571206683,12.625777573792224,42143039
2013-06-19,12.523548126220703,12.715233965986835,12.510769120244145,12.702454960010275,75429279
2013-06-20,12.25518798828125,12.45326411328536,12.20407120596509,12.408537585111858,126575852
2013-06-21,12.266092300415039,12.362321917711268,12.11853986909488,12.355905906959638,105462601
2013-06-24,12.047971725463867,12.17627763553189,11.919665062254515,12.112124303927214,96897057
2013-06-25,12.272504806518555,12.330243621892345,12.137783665497366,12.169860701467119,80205190
2013-06-26,12.394394874572754,12.439302418916741,12.317411803939233,12.387979618686629,82233016
2013-06-27,12.554780960083008,12.57402748576062,12.458551344260107,12.47779711679643,52961682
2013-06-28,12.477802276611328,12.535540371237415,12.407233661655358,12.509879330577643,63374219
2013-07-01,12.516288757324219,12.830640143521322,12.509874252904483,12.56761157095378,73513720
2013-07-02,12.529122352600098,12.657429033933534,12.47138427068591,12.52270709384757,74272877
2013-07-03,12.490628242492676,12.522705284762761,12.407229137616573,12.445721437712411,30829533
2013-07-05,12.715163230895996,12.715163230895996,12.548365038130648,12.631764134513322,46578332
2013-07-08,12.811395645141602,12.856302452535552,12.766487331464909,12.798563622460588,58673522
2013-07-09,12.920453071594238,12.926869835101254,12.7985616780462,12.888376785471733,93151001
2013-07-10,12.843469619750977,12.907622190172084,12.772900286005285,12.881961162003641,71055905
2013-07-11,12.965361595153809,13.016683653807627,12.869131228895364,13.016683653807627,74407918
2013-07-12,13.055174827575684,13.061590084725486,12.965361227478464,12.99743751322747,53045513
2013-07-15,13.1129150390625,13.144991328213765,13.035930438816811,13.138576070383511,32258971
2013-07-16,13.061594009399414,13.151409142766274,13.003856677702613,13.112917588301741,44604916
2013-07-17,13.119332313537598,13.157823866435864,13.055178219090935,13.08725601945571,46074484
2013-07-18,13.292545318603516,13.298960577183767,13.151408123555163,13.157823382135414,57946248
2013-07-19,13.298956871032715,13.298956871032715,13.215557026448476,13.286126357447818,40687012
2013-07-22,13.388771057128906,13.388771057128906,13.286126943918857,13.305372715145742,32787439
2013-07-23,13.337449073791504,13.427264179626164,13.324618559569764,13.427264179626164,37173861
2013-07-24,13.241218566894531,13.388770985122905,13.215557538730026,13.388770985122905,45179670
2013-07-25,13.25405502319336,13.260470282381576,13.13216359233425,13.20914670259286,46240669
2013-07-26,13.241218566894531,13.241218566894531,13.10649816903088,13.18989651056552,37870484
2013-07-29,13.144990921020508,13.215558754967304,13.093667353685683,13.215558754967304,35602736
2013-07-30,13.138578414916992,13.221976781592426,13.100086861066792,13.183485227742226,29564312
2013-07-31,13.144990921020508,13.266882322302129,13.125745148125926,13.144990921020508,56247221
2013-08-01,13.356695175170898,13.36952568970968,13.254051058860629,13.266881573399411,41956665
2013-08-02,13.3502836227417,13.363114140841084,13.305376809393858,13.343868363692009,38756558
2013-08-05,13.32462215423584,13.369528966126715,13.298961118869626,13.337452671918946,25892854
2013-08-06,13.202730178833008,13.311791080869712,13.189899661685494,13.298960563722197,31125712
2013-08-07,13.1129150390625,13.151406586044017,13.048760954477316,13.144991328213765,47522016
2013-08-08,13.144990921020508,13.221974012598832,13.048760550264994,13.18348246680967,53167013
2013-08-09,13.100081443786621,13.177064519652191,13.074420418498098,13.112911956430883,25617110
2013-08-12,13.048759460449219,13.087252509306099,13.003852660779089,13.042344203353485,33403185
2013-08-13,13.1129150390625,13.151406586044017,12.984608376174787,13.08083724362858,37451082
2013-08-14,13.061594009399414,13.157824401843696,13.055178750321991,13.093670304786524,37419446
2013-08-15,12.869131088256836,12.965361453463641,12.824224287425503,12.965361453463641,76359915
2013-08-16,12.843469619750977,12.933283218340527,12.817808591582532,12.843469619750977,40227972
2013-08-19,12.676674842834473,12.8306425595745,12.670259584065425,12.817812042036403,47041926
2013-08-20,12.798562049865723,12.830639843202656,12.651011129415593,12.702333188702596,52458696
2013-08-21,12.708749771118164,12.849886955154833,12.651012448400637,12.74082606151679,57591843
2013-08-22,12.856298446655273,12.875544215255912,12.747237584969382,12.760068097369807,39774718
2013-08-23,12.869131088256836,12.89479211730331,12.804978515640647,12.881961602780073,31125096
2013-08-26,12.785733222961426,12.920455152657771,12.785733222961426,12.888378861368821,36845430
2013-08-27,12.477802276611328,12.676677601149356,12.452141235951558,12.631770026853156,89691891
2013-08-28,12.497044563293457,12.58044291709589,12.413645456349677,12.44572174627369,63150423
2013-08-29,12.529122352600098,12.612520716382964,12.458553753180853,12.47138427068591,33458334
2013-08-30,12.471379280090332,12.561194372967842,12.432886989836952,12.53553259508521,32457777
2013-09-03,12.574028968811035,12.689504370790063,12.503459621571935,12.618935776692343,52539203
2013-09-04,12.670259475708008,12.727996804135662,12.554783312569834,12.586860359282184,38645768
2013-09-05,12.702335357666016,12.779319966024438,12.670259065134513,12.695920099159716,37273449
2013-09-06,12.702335357666016,12.779319966024438,12.561198917385996,12.772903201235323,48118067
2013-09-09,12.849885940551758,12.849885940551758,12.721579282805394,12.753655570671336,40325837
2013-09-10,13.003853797912598,13.02309957088276,12.946114972719496,12.952531736658832,45371583
2013-09-11,13.016681671142578,13.023096927497152,12.946112344959966,12.97819013301514,39921576
2013-09-12,12.920453071594238,13.023098693468773,12.907622557145237,13.00385292179527,42265400
2013-09-13,12.958949089050293,12.978194865131417,12.901210254524063,12.939703312969169,36197555
2013-09-16,13.100081443786621,13.157818750685799,13.074420418498098,13.112911956430883,48338416
2013-09-17,13.164239883422852,13.164239883422852,13.093670526095496,13.11933306912188,42906382
2013-09-18,13.27971363067627,13.356696726852293,13.100084899982848,13.138576448070861,62847843
2013-09-19,13.22839069366455,13.350282108062235,13.202729660377202,13.33745159141856,49697070
2013-09-20,13.158190727233887,13.267680231492475,13.138869050011783,13.26123967241844,54032652
2013-09-23,12.971407890319824,13.093779990993845,12.952086218459119,13.080898876420042,62269273
2013-09-24,12.887687683105469,13.003619289798783,12.874806561497735,12.958533851948001,49559198
2013-09-25,12.958526611328125,12.997169954559228,12.842596581634815,12.907002153686655,48181217
2013-09-26,12.958526611328125,13.042255367218385,12.90056159648147,12.977849795166547,35533800
2013-09-27,12.913444519042969,12.945647309577948,12.855479496080005,12.881241728507987,60591420
2013-09-30,12.82327651977539,12.887683619730774,12.745989814496818,12.758870932043248,49069260
2013-10-01,12.913444519042969,12.939206751470953,12.82971726365202,12.842598379866011,50421391
2013-10-02,12.907003402709961,12.919884518366846,12.791071849574973,12.823274638717187,46893960
2013-10-03,12.810393333435059,12.894122096188443,12.70734440970535,12.874800422989122,57469112
2013-10-04,12.913444519042969,12.919885077149965,12.803953519000952,12.816834635214946,36588767
2013-10-07,12.765310287475586,12.849037543634699,12.752429171143415,12.8039536364721,35878480
2013-10-08,12.604292869567871,12.784629982519629,12.584971198061204,12.765308311012962,90449818
2013-10-09,12.649373054504395,12.70089824975358,12.546323420117183,12.636491944719888,96983596
2013-10-10,13.01005744934082,13.016498008955956,12.810397076824772,12.816837636439907,94071174
2013-10-11,13.080899238586426,13.093780353516864,12.939205462128673,12.977850319142918,47829520
2013-10-14,13.145304679870605,13.164627864293147,12.977850187473845,12.997170347450554,45458737
2013-10-15,13.048699378967285,13.183952628306283,13.022937143326194,13.145307762621375,57169733
2013-10-16,13.325644493103027,13.33852560904495,13.132424729528061,13.138866799722074,92827371
2013-10-17,13.44157600402832,13.460899192273814,13.235476614234134,13.235476614234134,65763713
2013-10-18,13.467337608337402,13.499540396584505,13.383608846671958,13.480218723636243,51511564
2013-10-21,13.44157600402832,13.499542544318372,13.428694886680134,13.473780309622,35925381
2013-10-22,13.467337608337402,13.55106485777987,13.44801593538914,13.499540396584505,38892953
2013-10-23,13.3578462600708,13.422251834848518,13.325643472681943,13.402930162415203,44094297
2013-10-24,13.377168655395508,13.402930886698764,13.312763077137365,13.402930886698764,34263777
2013-10-25,13.435133934020996,13.435133934020996,13.357845735102257,13.390048521225534,34527334
2013-10-28,13.402932167053223,13.435136471481721,13.377169933288952,13.428694400817493,26414798
2013-10-29,13.44157600402832,13.454457121376507,13.39649209330967,13.428694886680134,27109328
2013-10-30,13.390048027038574,13.48021733707874,13.3449641281299,13.46089566611788,43636119
2013-10-31,13.248358726501465,13.383611981037816,13.241918167343702,13.370730862722292,60161063
2013-11-01,13.280563354492188,13.299886546854655,13.209717193982776,13.248360554260636,41068991
2013-11-04,13.286999702453613,13.312761931539963,13.2483548466012,13.299880816996788,23064878
2013-11-05,13.216156005859375,13.267680479414445,13.196834328276223,13.24191824263691,31916014
2013-11-06,13.280563354492188,13.312767666947275,13.248360554260636,13.280563354492188,35278244
2013-11-07,13.132427215576172,13.338528134109216,13.125988168609311,13.31920645653862,55046504
2013-11-08,13.435133934020996,13.435133934020996,13.132423207793574,13.145304322242884,78709894
2013-11-11,13.44157600402832,13.467339750947907,13.383610975961485,13.435136957577443,28828050
2013-11-12,13.312764167785645,13.422253659794412,13.274119305441761,13.4093725430875,35299294
2013-11-13,13.428693771362305,13.480219748698781,13.235475514964012,13.254797189381533,52414257
2013-11-14,13.544628143310547,13.551068702787425,13.396493763118949,13.428696560503338,43016187
2013-11-15,13.60903263092041,13.621913747394888,13.531744419850426,13.557506652799384,45884171
2013-11-18,13.602590560913086,13.699200446698004,13.570387769725816,13.660557097273282,52683107
2013-11-19,13.621912956237793,13.6927590927327,13.583269609058753,13.609031840511447,35699492
2013-11-20,13.583270072937012,13.692759560350101,13.538184654132074,13.654116211851365,39271362
2013-11-21,13.776488304138184,13.795809978354573,13.615472840111877,13.621913398184006,45735589
2013-11-22,13.840896606445312,13.847337165783873,13.763609894382594,13.789372131736833,34106702
2013-11-25,13.860214233398438,13.918179250503465,13.83445200357398,13.885976463222894,34048598
2013-11-26,13.847331047058105,13.91817716847746,13.840890490565437,13.86665271653611,34307478
2013-11-27,13.885974884033203,13.905298066426935,13.84733154369125,13.879534327309544,19686029
2013-11-29,13.834450721740723,13.937501143713327,13.82801016488136,13.937501143713327,14792804
2013-12-02,13.828012466430664,13.931061393332053,13.789369118842643,13.85377469815601,37823829
2013-12-03,13.686321258544922,13.789371717086496,13.615475107951127,13.757168921362045,34143508
2013-12-04,13.718523025512695,13.782928612131803,13.602591457375087,13.628355204245944,53872745
2013-12-05,13.589710235595703,13.692760685617404,13.57682911837089,13.660557892555373,45227309
2013-12-06,13.776488304138184,13.81513165257096,13.6863189789053,13.750724559626592,37371314
2013-12-09,13.834450721740723,13.86665350603754,13.80868849430327,13.821569608021997,27234152
2013-12-10,13.782926559448242,13.866655321806617,13.782926559448242,13.802249744779395,37960839
2013-12-11,13.596150398254395,13.795809199440706,13.570386655197428,13.78936864173221,79264090
2013-12-12,13.596150398254395,13.660555975339337,13.563946097488934,13.589708328322912,48718056
2013-12-13,13.60903263092041,13.673438213292803,13.576828327511102,13.641235422106607,89187304
2013-12-16,13.692756652832031,13.72495943640971,13.666994425969886,13.666994425969886,84071637
2013-12-17,13.602590560913086,13.69275988846055,13.589709444438178,13.69275988846055,33255096
2013-12-18,13.918181419372559,13.931062536292051,13.52530432888173,13.647676451840066,122031246
2013-12-19,13.898858070373535,13.937502928701786,13.853774166584056,13.898858070373535,56205614
2013-12-20,13.983628273010254,14.022454854035022,13.918919836859018,13.925390680474143,81181865
2013-12-23,14.048336029052734,14.080690242062897,14.028923501246638,14.048336029052734,36429968
2013-12-24,14.074219703674316,14.080690546416216,14.035394647222923,14.074219703674316,9107923
2013-12-26,14.106575012207031,14.1195151779676,14.0742192801374,14.1195151779676,18352240
2013-12-27,14.100110054016113,14.11952259185077,14.074226670236573,14.113051745905883,14700479
2013-12-30,14.074219703674316,14.12598644560951,14.05480717544862,14.100103074641913,19989840
2013-12-31,14.145401000976562,14.15187336397982,14.09363425162281,14.10010509529203,22770053
2014-01-02,14.067749977111816,14.132458409664977,14.02892491757992,14.119516723154344,43679450
2014-01-03,14.164812088012695,14.210107984221242,14.080689618577388,14.087160460892894,30349074
2014-01-06,14.177751541137695,14.274814160593133,14.151868175949579,14.235989112810959,42798546
2014-01-07,14.18422794342041,14.255407225593865,14.138932036582757,14.255407225593865,58506229
2014-01-08,14.229522705078125,14.248935235017672,14.171285115259483,14.210110175138578,44270453
2014-01-09,14.281289100646973,14.300703149443411,14.190697296488548,14.2748182574928,35872817
2014-01-10,14.255401611328125,14.294226659041193,14.19069319847301,14.27481413518466,44795967
2014-01-13,14.041868209838867,14.261878425012673,14.015984833857727,14.235995049031532,52459804
2014-01-14,14.158337593078613,14.177751636433674,14.048333290289722,14.119512545035475,38581263
2014-01-15,14.326590538024902,14.339532227961005,14.216584654233689,14.22305549920174,75928326
2014-01-16,14.235995292663574,14.294232889617806,14.203641072133445,14.287763564845921,57911287
2014-01-17,14.19070053100586,14.281292355813077,14.158344788526161,14.25540897729673,70660016
2014-01-21,14.203636169433594,14.28128627190325,14.11951370575785,14.268344588158307,51099056
2014-01-22,14.210110664367676,14.242464882047488,14.171285603151903,14.229523194975563,22301904
2014-01-23,13.977158546447754,14.151874376687406,13.912450105125028,14.145402013220988,64648058
2014-01-24,13.660082817077637,13.905976362179644,13.660082817077637,13.905976362179644,86803719
2014-01-27,13.57596492767334,13.74420841620941,13.498314788041775,13.679499966516438,79350014
2014-01-28,13.757146835327148,13.7700885221888,13.634199290807466,13.6471424970031,43538500
2014-01-29,13.595380783081055,13.73127007995988,13.563026550332458,13.608322476180495,79334380
2014-01-30,13.789506912231445,13.815390296953705,13.673031680981275,13.71832760424523,56607904
2014-01-31,13.627731323242188,13.757149738503916,13.556552030482104,13.582435409667589,65974214
2014-02-03,13.284769058227539,13.64714080338522,13.265356530344166,13.614785070912472,129496030
2014-02-04,13.4141845703125,13.485363824043313,13.304178749758684,13.349476157829944,67895066
2014-02-05,13.401244163513184,13.4465400565628,13.304180016216105,13.394773321648952,58062823
2014-02-06,13.608320236206055,13.614791081690651,13.420664197818274,13.427135043302872,49232368
2014-02-07,13.776558876037598,13.789500562439338,13.621257119882793,13.666553022288882,63056129
2014-02-10,13.789506912231445,13.802448604592575,13.711856758064664,13.783036066050881,53244320
2014-02-11,13.931861877441406,13.970688459450926,13.770089263626272,13.834799220752764,46243500
2014-02-12,13.931861877441406,13.996570315233834,13.880095127207463,13.951274408779133,47764154
2014-02-13,13.983628273010254,13.990100635959404,13.80891549540192,13.80891549540192,39783458
2014-02-14,14.003037452697754,14.015979135426667,13.938327519719696,13.96421088517752,37421046
2014-02-18,14.02892017364502,14.054803537913722,13.964210243639837,14.015978491510669,26168844
2014-02-19,13.834795951843262,14.067747792187802,13.82832510959296,13.983625323600185,78908823
2014-02-20,13.873621940612793,13.905976154045405,13.770086938294629,13.847737050532897,39164019
2014-02-21,13.899505615234375,13.951272357858295,13.847737353276614,13.899505615234375,53100785
2014-02-24,14.003037452697754,14.074216707706771,13.899502471532958,13.905973312897416,51914224
2014-02-25,13.918914794921875,14.003037250780293,13.886560588566127,13.996564890175668,49380703
2014-02-26,13.899505615234375,13.964214043514275,13.828326344126484,13.951272357858295,52231699
2014-02-27,13.970685958862305,13.977155282149551,13.834796744486715,13.880092642833981,47711837
2014-02-28,14.041868209838867,14.119518337782287,13.95127487457076,13.977158250551902,69264062
2014-03-03,13.931861877441406,13.951274408779133,13.841270064532006,13.912449346103678,61089483
2014-03-04,14.216582298278809,14.216582298278809,14.06775136934337,14.093634744926213,61500268
2014-03-05,14.365411758422852,14.365411758422852,14.190697471768232,14.223051687938728,58700112
2014-03-06,14.410701751708984,14.443055954612092,14.35893502706401,14.365405867644633,53457898
2014-03-07,14.475419044494629,14.553069170984166,14.41717993029339,14.501302419991141,81544764
2014-03-10,14.481890678405762,14.55954080913138,14.391297339891702,14.443064093708783,29071542
2014-03-11,14.384830474853516,14.514248914530627,14.352476244767885,14.501307222496374,55578050
2014-03-12,14.358936309814453,14.365407150973144,14.255401331941934,14.294226378894086,39319248
2014-03-13,14.197168350219727,14.42364938330895,14.16481413396897,14.404236853558496,70116160
2014-03-14,14.106575012207031,14.261875233339143,14.093631807778914,14.145398548156285,54433958
2014-03-17,14.255401611328125,14.307168341612215,14.210105722329544,14.223047404900568,46338656
2014-03-18,14.326590538024902,14.339532227961005,14.268351413978099,14.294234793850302,44158186
2014-03-19,14.320115089416504,14.423648575621307,14.216580083877846,14.339527618079904,69971394
2014-03-20,14.546591758728027,14.578945963489419,14.29422592292237,14.29422592292237,112214267
2014-03-21,14.548544883728027,14.710916978581258,14.529060415341352,14.645967225661408,82702027
2014-03-24,14.542046546936035,14.632974044101786,14.457612346032516,14.594005116745036,68496287
2014-03-25,14.529061317443848,14.613494019028497,14.45761673729248,14.587514726233222,42096507
2014-03-26,14.379679679870605,14.61998967691104,14.379679679870605,14.613494853341418,62505872
2014-03-27,14.301741600036621,14.412155135936906,14.223803709964363,14.347205369245438,81009033
2014-03-28,14.36019229888916,14.451121345056503,14.308233715344562,14.340709355024233,48922771
2014-03-31,14.509572982788086,14.555038262811566,14.45111958342604,14.464109227728718,41048557
2014-04-01,14.535560607910156,14.581024384274441,14.496590131775942,14.54855025829995,51651775
2014-04-02,14.568033218383789,14.600507340980021,14.522569446749063,14.54854874482605,44565278
2014-04-03,14.542046546936035,14.60049993797116,14.496581273389266,14.581015474292785,46626833
2014-04-04,14.399164199829102,14.652465369839593,14.38617455264543,14.619989726915964,60202301
2014-04-07,14.178336143493652,14.392668356771486,14.165346497230066,14.386173533639694,72897112
2014-04-08,14.197823524475098,14.23029917175827,14.080916684128432,14.19133022497605,56290676
2014-04-09,14.321221351623535,14.334210995686929,14.171838919930419,14.24328348724317,44907126
2014-04-10,13.989983558654785,14.334212205311397,13.983488736075008,14.334212205311397,94458692
2014-04-11,13.821118354797363,13.9899852877064,13.76266494435499,13.82761317817985,98050873
2014-04-14,13.931529998779297,14.002973046353482,13.788642378666735,13.98348857883325,69247689
2014-04-15,14.06142807006836,14.087408888054883,13.860088549146688,13.964005721235294,103855038
2014-04-16,14.171842575073242,14.178337398780059,14.041946100936944,14.126378809125539,49363100
2014-04-17,14.197823524475098,14.23029917175827,14.126380455374358,14.19133022497605,58956037
2014-04-21,14.184831619262695,14.217307261380189,14.152357502109615,14.204317614518956,37683618
2014-04-22,14.282254219055176,14.321223156155602,14.15235623708948,14.204316344854323,33032777
2014-04-23,14.314729690551758,14.32771933748351,14.249781455893004,14.26926592629063,32197667
2014-04-24,14.308233261108398,14.379677836178402,14.249779856476415,14.379677836178402,36918798
2014-04-25,14.191329956054688,14.288752321164118,14.165349133727547,14.27576267248286,35205738
2014-04-28,14.106894493103027,14.230297669853742,13.970501668795867,14.191328727184409,54068967
2014-04-29,14.24328899383545,14.249783818378107,14.126380627102922,14.139370276188238,34182162
2014-04-30,14.262772560119629,14.29524668076704,14.191329494695323,14.204319142954288,46774307
2014-05-01,14.288750648498535,14.308235119239535,14.217307589114867,14.2627713541772,33615533
2014-05-02,14.282254219055176,14.412152201020872,14.24978010480482,14.295243864755317,34600209
2014-05-05,14.223803520202637,14.236793168374717,14.100400337603315,14.152358930291633,23206197
2014-05-06,14.02245807647705,14.184828628002165,14.02245807647705,14.184828628002165,73906286
2014-05-07,14.210808753967285,14.22379992381921,14.054933015314367,14.093901949977596,50411420
2014-05-08,14.249780654907227,14.327718532116814,14.191327247000036,14.191327247000036,35858291
2014-05-09,14.24328899383545,14.262773467463424,14.152359925273556,14.243288993835447,29373014
2014-05-12,14.386174201965332,14.392669025398849,14.282255502064652,14.314729619232237,25643084
2014-05-13,14.37318229675293,14.431635698470254,14.35369782951382,14.392666763992038,28989311
2014-05-14,14.269264221191406,14.373182909192117,14.243284930432289,14.36019173884832,31432723
2014-05-15,14.106894493103027,14.22380284607552,14.002975787686978,14.204318374740852,49008449
2014-05-16,14.12637996673584,14.126379966735838,14.01596642970748,14.11339031825775,41206002
2014-05-19,14.197823524475098,14.210813173402505,14.080916684128432,14.087411508592137,24674780
2014-05-20,14.113386154174805,14.204315191657878,14.061426050628413,14.171839555079826,24000561
2014-05-21,14.204319953918457,14.262773374421068,14.158856182416429,14.165349481952054,39055814
2014-05-22,14.269264221191406,14.295243511950524,14.184830001260034,14.223800462362949,22555244
2014-05-23,14.314729690551758,14.321224514017635,14.256276279358879,14.288750396688258,20383390
2014-05-27,14.43813705444336,14.496590482612088,14.347207974549363,14.347207974549363,28444963
2014-05-28,14.412147521972656,14.45111644642143,14.379673418265345,14.405652701231194,40448075
2014-05-29,14.44462776184082,14.457617408841822,14.379679526835814,14.44462776184082,18361350
2014-05-30,14.477099418640137,14.49009058839743,14.405656372277956,14.412151194674518,33521607
2014-06-02,14.516070365905762,14.5290600111355,14.418646501718499,14.490091075446283,24982776
2014-06-03,14.535560607910156,14.535560607910156,14.451126355411658,14.477105656191249,19306758
2014-06-04,14.574524879455566,14.587514525674615,14.490092179031752,14.490092179031752,24081684
2014-06-05,14.710923194885254,14.717418020425292,14.535561380339345,14.600509635739717,38203470
2014-06-06,14.808341026306152,14.827827021901708,14.723908320237978,14.7498876144128,36753598
2014-06-09,14.873282432556152,14.892766892243072,14.801839413704112,14.814829053495393,39739634
2014-06-10,14.866791725158691,14.866791725158693,14.808336804964368,14.834317616697403,26550947
2014-06-11,14.769371032714844,14.814836319245785,14.723907271148233,14.80833997120051,25320439
2014-06-12,14.678438186645508,14.769365676805112,14.652458903742763,14.762870856079427,36993766
2014-06-13,14.684937477111816,14.74988570413735,14.639472193229702,14.717411590624582,34428485
2014-06-16,14.613490104675293,14.658953854889159,14.574521175920552,14.658953854889159,41736316
2014-06-17,14.7628755569458,14.7758652025334,14.587513816548967,14.594008639342766,30098442
2014-06-18,14.847306251525879,14.873285536530174,14.697923837787274,14.75637722904694,38125793
2014-06-19,14.827823638916016,14.86679257128744,14.77586353745669,14.853802927163633,28443117
2014-06-20,14.886512756347656,14.90607434282775,14.840867523560812,14.893033285174354,30669011
2014-06-23,14.919116020202637,14.932157078397744,14.83434761093443,14.886513374714875,23893956
2014-06-24,14.821303367614746,14.951715452540032,14.801741784525907,14.886510175577236,27761266
2014-06-25,14.834345817565918,14.853907402493718,14.736537892926922,14.749578949545455,31616881
2014-06-26,14.782179832458496,14.83434405272666,14.671329333388993,14.814782470126099,32902784
2014-06-27,14.840865135192871,14.840865135192871,14.736536690755473,14.736536690755473,22087464
2014-06-30,14.827821731567383,14.85390383854648,14.788698571098735,14.808260151333059,45984497
2014-07-01,14.919116020202637,14.984321311178164,14.860431258324663,14.860431258324663,34924332
2014-07-02,14.906070709228516,14.964755454363429,14.899550181991303,14.912591236465728,21714471
2014-07-03,15.023444175720215,15.043005760615706,14.977798946630905,15.010403119123223,27225904
2014-07-07,14.958243370056152,15.003887086479471,14.912599653632833,15.003887086479471,30418995
2014-07-08,14.827821731567383,14.945192743972793,14.795219097843509,14.932151690483243,42234379
2014-07-09,14.866947174072266,14.879988229563581,14.814782952107004,14.847385590835293,23890756
2014-07-10,14.769143104553223,14.814786810660863,14.645251514118096,14.703936279113632,31814580
2014-07-11,14.795226097106934,14.808267156765892,14.677855029176111,14.749582388300578,26102370
2014-07-14,14.886512756347656,14.945197515787939,14.866949638867604,14.93867698696124,26266093
2014-07-15,14.99083423614502,15.02343839609428,14.912587926664985,14.964752132985009,36321394
2014-07-16,14.96475601196289,15.023442290284091,14.91911231960168,15.00387917684393,32831509
2014-07-17,14.769143104553223,14.958239989427835,14.756102045665326,14.893034694988348,42034342
2014-07-18,14.938678741455078,14.951719800640099,14.814787148197237,14.814787148197237,25827980
2014-07-21,14.899555206298828,14.919116794606866,14.834348380938598,14.860432029682752,18265332
2014-07-22,14.945196151733398,14.971278264659665,14.912593510575565,14.938675623501831,15999553
2014-07-23,14.977798461914062,15.00388057426397,14.925634237214249,14.951716349564157,17625827
2014-07-24,15.010404586791992,15.036486702536202,14.984320940047795,15.016923584728058,25123971
2014-07-25,14.925633430480957,14.99735923556641,14.912592375010876,14.951715541421123,44700318
2014-07-28,14.932149887084961,14.971273042828592,14.834340466726596,14.912588309213145,51911024
2014-07-29,14.85390853881836,14.990841174788146,14.847388010010272,14.951718001939623,34997453
2014-07-30,14.919116020202637,14.977800782080612,14.827827081836878,14.912595491105085,49021005
2014-07-31,14.612648963928223,14.853910085956427,14.606128434440977,14.814786909032954,61818850
2014-08-01,14.488755226135254,14.63220838460193,14.423549940923078,14.573523627910971,61016238
2014-08-04,14.60612678527832,14.625688371531378,14.475714679257988,14.540919966768183,32232135
2014-08-05,14.456151008605957,14.580042568011633,14.3974662583084,14.534397342336034,49123055
2014-08-06,14.514839172363281,14.593087055494662,14.410510702854884,14.410510702854884,45635509
2014-08-07,14.449627876281738,14.612642573169413,14.410504716468562,14.580039939991767,49004387
2014-08-08,14.593086242675781,14.59960677165687,14.410509900205305,14.443112545110749,62985100
2014-08-11,14.60612678527832,14.671332072788516,14.59308572777628,14.61916784278036,28040580
2014-08-12,14.638728141784668,14.67785131085051,14.560481803652984,14.560481803652984,27079046
2014-08-13,14.703937530517578,14.73654171151226,14.658293820525351,14.67133488052313,27864301
2014-08-14,14.795226097106934,14.795226097106934,14.716978208152987,14.723500268982662,26959269
2014-08-15,14.723493576049805,14.860426171222924,14.63872519579997,14.860426171222924,48988876
2014-08-18,14.886512756347656,14.899553814001052,14.788703292947227,14.795223821773925,30915826
2014-08-19,14.912595748901367,14.95171892416301,14.89955469048082,14.919116278111641,24872847
2014-08-20,14.951713562011719,15.003877776986196,14.866945181678695,14.886508293293623,32671479
2014-08-21,15.12777042388916,15.153852533282137,14.958235181835201,14.984317291228177,46030414
2014-08-22,15.075610160827637,15.16689756765617,15.056048573650095,15.127774393301085,30347351
2014-08-25,15.206022262573242,15.251665965956176,15.147335970080885,15.147335970080885,33893123
2014-08-26,15.238621711730957,15.284265405540681,15.18645749023413,15.192978017921233,17016729
2014-08-27,15.206022262573242,15.277748082174996,15.17993861535441,15.277748082174996,21784145
2014-08-28,15.16037368774414,15.179935270598044,15.101688939182429,15.134291577272268,25850015
2014-08-29,15.232101440429688,15.251663023820258,15.166894631461405,15.206019329242261,28003280
2014-09-02,15.290786743164062,15.30382779922904,15.206019878741708,15.277745687099085,36352415
2014-09-03,15.2647123336792,15.362520303520888,15.232109677065303,15.349480771875875,24151728
2014-09-04,15.277745246887207,15.375553164556308,15.225581024130355,15.277745246887207,31148855
2014-09-05,15.297306060791016,15.303826588307565,15.166893979460376,15.25818289569172,30005256
2014-09-08,15.303828239440918,15.362512993421374,15.251664013680514,15.284266654780767,26755908
2014-09-09,15.147339820861816,15.271231435397148,15.121257698012357,15.271231435397148,38428619
2014-09-10,15.225581169128418,15.24514275284853,15.153853831154933,15.153853831154933,38567107
2014-09-11,15.2647123336792,15.277753396324757,15.160382301514185,15.17342489516029,36650440
2014-09-12,15.25166130065918,15.323388629320434,15.192976557117783,15.264702354779491,42971009
2014-09-15,15.245152473449707,15.284275665835626,15.199508748999467,15.251673005514027,25694294
2014-09-16,15.310348510742188,15.342951151295344,15.199499532861454,15.206020060972085,39350392
2014-09-17,15.375553131103516,15.4603215238987,15.290786269308057,15.342950491951417,54889305
2014-09-18,15.525529861450195,15.564654567141817,15.434242453836477,15.453804041182273,63655749
2014-09-19,15.484935760498047,15.63552928825061,15.44565089343064,15.609339376872338,62190612
2014-09-22,15.380168914794922,15.491477534497081,15.360526488493411,15.452192681894061,39775087
2014-09-23,15.275413513183594,15.42600704210308,15.268867572615807,15.347437307359444,39927485
2014-09-24,15.360528945922852,15.367076422404176,15.242672831931836,15.308149134072261,44279193
2014-09-25,15.105178833007812,15.334342092803837,15.105178833007812,15.308152181664575,66656804
2014-09-26,15.249227523803711,15.288512397319412,15.124823887009567,15.1510138026867,49182020
2014-09-29,15.196843147277832,15.229580535394684,15.092081967976455,15.09863098292728,47184969
2014-09-30,15.170652389526367,15.262318608461584,15.137915003237849,15.2295796848457,40730589
2014-10-01,14.987321853637695,15.17065275864136,14.961131943969658,15.137915371556314,63257889
2014-10-02,15.026605606079102,15.085534435798495,14.889107053170234,14.993868221416822,69509769
2014-10-03,15.24267292022705,15.26886436363125,15.11172338984203,15.164103201996038,62092379
2014-10-06,15.196843147277832,15.3474366699428,15.177200714407721,15.3474366699428,40801003
2014-10-07,14.941487312316895,15.15755713215871,14.934941372517347,15.15755713215871,63099706
2014-10-08,15.223037719726562,15.223037719726562,14.902208143274565,14.94804203800194,72327897
2014-10-09,14.902198791503906,15.209933215582332,14.889103840464566,15.209933215582332,110277904
2014-10-10,14.784345626831055,15.039698733513893,14.777796613366624,14.869462816616299,76225243
2014-10-13,14.653403282165527,14.882566620598592,14.640308322102381,14.790900362828554,70603882
2014-10-14,14.712318420410156,14.830174500719728,14.646843674308586,14.692675996579686,78074944
2014-10-15,14.430780410766602,14.574826454131848,14.109950936300239,14.502804201112943,134405258
2014-10-16,14.430780410766602,14.542089066395983,14.168879771552232,14.18197472664658,101397347
2014-10-17,14.614106178283691,14.68612994329262,14.51589404962637,14.620655190854407,65796704
2014-10-20,14.69922924041748,14.712324194777368,14.581373113851143,14.581373113851143,60934746
2014-10-21,14.974223136901855,14.993865564218211,14.7908907406285,14.83017713258823,62988547
2014-10-22,14.836726188659668,15.013509590663558,14.836726188659668,15.000414637724543,56880817
2014-10-23,14.980770111083984,15.0789822443774,14.954580208872407,15.006960013295563,99572513
2014-10-24,15.124823570251465,15.131371049033625,14.980777499716217,15.006967414844857,32770205
2014-10-27,15.144460678100586,15.151008154579051,15.046246993596418,15.072438436837464,27325984
2014-10-28,15.308151245117188,15.314698722501431,15.183747637489176,15.183747637489176,44604546
2014-10-29,15.34743881225586,15.373628726405128,15.229582661256476,15.334343855181224,55631844
2014-10-30,15.432555198669434,15.5045774515105,15.28850915565987,15.334341498376912,41918628
2014-10-31,15.609341621398926,15.62898405775709,15.543865296210654,15.609341621398928,46879927
2014-11-03,15.668257713317871,15.707542557909552,15.602782972331736,15.648615291022029,60885014
2014-11-04,15.674814224243164,15.681361702116522,15.550412144649359,15.609339445509582,36701526
2014-11-05,15.779581069946289,15.812318471060687,15.687916346825974,15.812318471060687,30312760
2014-11-06,15.805764198303223,15.81231167571232,15.707550499839346,15.753384379030436,33192561
2014-11-07,15.81230640411377,15.851591255471346,15.733736701398616,15.81230640411377,35459694
2014-11-10,15.897429466247559,15.89742946624756,15.79266829665541,15.812310727705068,37733474
2014-11-11,15.845048904418945,15.917072692526697,15.845048904418945,15.903976200511972,47698542
2014-11-12,15.81230640411377,15.831948829792559,15.753379127077405,15.792663978434982,23048629
2014-11-13,15.805764198303223,15.858144017576008,15.740287886884838,15.825406630530516,36133543
2014-11-14,15.75338077545166,15.831950486388052,15.733738347717562,15.799213106831223,14073777
2014-11-17,15.75338077545166,15.773023203185758,15.694451954922316,15.707546906745048,19907978
2014-11-18,15.805764198303223,15.858144017576008,15.740287886884838,15.746836901621338,15630130
2014-11-19,15.773024559020996,15.799214464917721,15.707548256952,15.779572035495177,27164231
2014-11-20,15.773024559020996,15.792666988443539,15.668263398106912,15.694453304003638,19798912
2014-11-21,15.851597785949707,15.949811492132232,15.831955352178706,15.949811492132232,25110061
2014-11-24,15.956353187561035,15.995638040866421,15.897425907602956,15.903971845826888,23038411
2014-11-25,15.943263053894043,15.98909539659908,15.890881696332283,15.98909539659908,28864242
2014-11-26,15.962902069091797,15.969449545219383,15.923617212326283,15.943259640709039,10769280
2014-11-28,15.976005554199219,16.04802936739799,15.95636311532535,15.976005554199219,9621496
2014-12-01,15.864694595336914,15.93671839823962,15.825409723205095,15.89088451009146,33654309
2014-12-02,16.015281677246094,16.028376629337025,15.851593238782351,15.851593238782351,26767603
2014-12-03,16.087312698364258,16.100407656354434,15.99564645510525,16.02838385008069,17814417
2014-12-04,16.10694694519043,16.12658937218779,16.002185797210835,16.067662091195704,20925400
2014-12-05,16.251001358032227,16.30992866952273,16.17243007205043,16.192072509213933,37209929
2014-12-08,16.32956314086914,16.414681864383187,16.224803527100516,16.231351002961055,52915889
2014-12-09,16.290279388427734,16.290279388427734,16.074211133076815,16.12004346720307,55516992
2014-12-10,16.08076286315918,16.29683117566577,16.054571413688716,16.24445135137994,63708559
2014-12-11,16.120046615600586,16.2640926597438,16.093856705270444,16.12659409318312,71819494
2014-12-12,15.805764198303223,16.093856278958345,15.786121766075928,15.99564258049447,48320689
2014-12-15,15.661713600158691,15.923615694959594,15.583143894114594,15.897425792944896,45935750
2014-12-16,15.511130332946777,15.825412438582317,15.504582853134702,15.576605131067527,45497391
2014-12-17,15.864694595336914,15.87124207402555,15.550414080954651,15.583151474397836,53873361
2014-12-18,16.231348037719727,16.24444298704854,16.021825773805205,16.106944481769247,46183796
2014-12-19,16.24188804626465,16.327441656150683,16.189240621831097,16.281375159771322,49107421
2014-12-22,16.353763580322266,16.353763580322266,16.248467197786272,16.287952761794266,19475282
2014-12-23,16.445898056030273,16.50512640185442,16.380087237710995,16.412991874279967,22928360
2014-12-24,16.419574737548828,16.498545867193812,16.412992264897042,16.498545867193812,9773278
2014-12-26,16.419574737548828,16.478803084782566,16.412992264897042,16.47222215731215,18149002
2014-12-29,16.478796005249023,16.544605251680554,16.373499665777864,16.40640428899363,22126486
2014-12-30,16.459056854248047,16.498542410798432,16.40640790033315,16.452475928156318,20298451
2014-12-31,16.274791717529297,16.531450986724305,16.25504893454221,16.51828913139958,29869969
2015-01-02,16.274791717529297,16.386669032970893,16.149754091944395,16.36034532232144,40511471
2015-01-05,15.932575225830078,16.20239626291528,15.893089672651048,16.169491635266088,50770502
2015-01-06,15.68908405303955,15.985227334212436,15.616693850908293,15.93257991448061,57454463
2015-01-07,15.85360336303711,15.893088914332134,15.728564238755352,15.820697191777077,36287049
2015-01-08,16.09052276611328,16.13000987375543,16.004970714114734,16.03787534949879,37995923
2015-01-09,15.873353958129883,16.130013258343343,15.866773029672185,16.12343078470404,36300590
2015-01-12,15.741722106933594,15.912827664440881,15.69565564207637,15.87334212313469,38356360
2015-01-13,15.68908405303955,15.952322696880044,15.577206740928052,15.847027857416396,45785445
2015-01-14,15.46532917022705,15.524557510517363,15.261317352198038,15.439003918250165,71356023
2015-01-15,15.274479866027832,15.491653546844761,15.248156158093964,15.412680877861899,58038203
2015-01-16,15.458742141723633,15.4653246116635,15.175760831900384,15.234989154732538,89499855
2015-01-20,15.392942428588867,15.564048123490561,15.34029499790579,15.504818218790405,39330942
2015-01-21,15.432424545288086,15.511397218807332,15.287642598153928,15.386358053757647,49251571
2015-01-22,15.814117431640625,15.83386020681361,15.419257292638532,15.524553638741917,97345387
2015-01-23,15.6430082321167,15.833858124046316,15.6430082321167,15.800953503086244,34069402
2015-01-26,15.721982955932617,15.728563880998767,15.577201059296506,15.616688154874215,27588310
2015-01-27,15.550875663757324,15.656170453337042,15.491647344618734,15.504807648135557,35186781
2015-01-28,15.267894744873047,15.629850265076419,15.241571044170438,15.629850265076419,85405918
2015-01-29,15.392942428588867,15.42584707276579,15.188932089510251,15.248160449028713,50409450
2015-01-30,15.14285945892334,15.39293776933571,15.13627853207992,15.215251199382173,64531113
2015-02-02,15.38635540008545,15.406098178764902,15.06388692462555,15.182345141883351,62984977
2015-02-03,15.6430082321167,15.656170080500727,15.445578961175672,15.445578961175672,66155787
2015-02-04,15.603520393371582,15.735140403045378,15.5771967004729,15.610101316596253,37523958
2015-02-05,15.761466026306152,15.78778972242879,15.63642692454305,15.649590317784936,30264135
2015-02-06,15.886515617370605,16.044459443571697,15.847030047115728,15.906258402498043,83237512
2015-02-09,15.807538032531738,15.886510693747494,15.768054019695521,15.814120504049066,37354080
2015-02-10,15.932575225830078,15.965481398660186,15.81411856629299,15.925994300300239,39742220
2015-02-11,15.932575225830078,15.978643249719862,15.827280417352666,15.912832449240563,36080733
2015-02-12,16.09052276611328,16.110265547343715,15.925998044011715,15.958902679395772,40635310
2015-02-13,16.077360153198242,16.143170966041733,16.018131812302187,16.097102933496927,23270085
2015-02-17,16.130006790161133,16.169492345073497,16.037872283517963,16.05103413515542,17869196
2015-02-18,16.031291961669922,16.110263074469845,15.99180640526996,16.110263074469845,36387868
2015-02-19,15.965482711791992,16.031291972503066,15.925995610184303,15.991806416076422,21550255
2015-02-20,16.083934783935547,16.110258480696093,15.840439043719877,15.939152906571932,40206183
2015-02-23,16.044450759887695,16.064193534329817,15.958897192124411,16.064193534329817,23616735
2015-02-24,16.12342071533203,16.176069655294995,16.051030547506333,16.083935169245287,33958612
2015-02-25,16.12342071533203,16.189231503990577,16.10367794228866,16.11025886663645,32659415
2015-02-26,16.083934783935547,16.14974557101752,16.03128739041445,16.143164646827383,33480738
2015-02-27,16.02471351623535,16.097103714174647,16.011551662064573,16.064199078747695,28937856
2015-03-02,16.143169403076172,16.15633125533431,15.998387483055577,16.031292113700925,27137641
2015-03-03,16.097103118896484,16.143171151971885,16.01813199679219,16.097103118896484,31729394
2015-03-04,15.998397827148438,16.05104527022128,15.939167908509429,16.031302479068966,47685247
2015-03-05,16.06419563293457,16.09710026130339,15.972061128320918,16.024710078891985,25112031
2015-03-06,15.945740699768066,16.228723652206778,15.919416991667957,16.123427274625072,74347599
2015-03-09,16.01812744140625,16.051032066258646,15.95231664652067,15.958897571491148,26666907
2015-03-10,15.675921440124512,15.886512654050406,15.675921440124512,15.879931726902138,49650662
2015-03-11,15.774635314941406,15.833865204335442,15.702245116459169,15.721987897863416,36531648
2015-03-12,16.116844177246094,16.13000602826185,15.88650869410854,15.906251470632174,50418806
2015-03-13,16.00496482849121,16.11025962299936,15.912830338115864,16.077354999715567,40917578
2015-03-16,16.202402114868164,16.215563970681615,16.070782011552183,16.070782011552183,39676730
2015-03-17,16.16291618347168,16.202401750022897,16.051038866395125,16.149754327954607,22247248
2015-03-18,16.255041122436523,16.307690063613986,16.0641927667675,16.123421087263885,58915168
2015-03-19,16.103681564331055,16.255044403555434,16.031291380223344,16.255044403555434,42486734
2015-03-20,16.322322845458984,16.33553382453524,16.130762097904793,16.18360601420982,47450742
2015-03-23,16.229846954345703,16.368563793820698,16.229846954345703,16.289296363714172,26417014
2015-03-24,16.09773826599121,16.21663865533268,16.091132774969395,16.21663865533268,22615686
2015-03-25,15.84012508392334,16.157191836329545,15.84012508392334,16.117558880016077,40570806
2015-03-26,15.826911926269531,15.899572329084734,15.708011534350344,15.77406644600053,40238682
2015-03-27,15.807099342346191,15.846732302977257,15.747649901399592,15.82691737361111,30154207
2015-03-30,16.038291931152344,16.077924884905123,15.919391518944888,15.925997011237017,43422048
2015-03-31,15.925992965698242,16.00525885306859,15.892965512627264,15.95902041876922,26132160
2015-04-01,15.912786483764648,15.972235916101566,15.800491560623529,15.886364513837128,32823015
2015-04-02,15.992053031921387,16.018475002903624,15.87315416250132,15.87315416250132,26472163
2015-04-06,16.01847267150879,16.0581071731628,15.826913409767899,15.859940868688742,19432443
2015-04-07,15.932600021362305,16.064711397572164,15.932600021362305,16.051500415046068,22346466
2015-04-08,15.992053031921387,16.058109510326204,15.945814582702472,15.945814582702472,22778055
2015-04-09,16.01847267150879,16.031683655077128,15.906179311177922,15.965628737235441,25595691
2015-04-10,16.011873245239258,16.05150776190736,15.985451268093579,16.025085784761682,18165005
2015-04-13,16.071317672729492,16.124161605411402,15.972233748001964,15.98544473117244,38112499
2015-04-14,16.071317672729492,16.110950622240924,15.978839239587202,16.058106689559015,32499016
2015-04-15,16.130765914916992,16.196820825928803,16.06471100390518,16.104343950512266,45762179
2015-04-16,16.157190322875977,16.210035810626422,16.038291465072888,16.12416286237512,27839065
2015-04-17,15.93920612335205,16.07792299614004,15.879755148757809,16.07792299614004,49064829
2015-04-20,16.00526237487793,16.06471335443605,15.992051390742583,15.998656882810256,19100196
2015-04-21,15.925992965698242,16.084526291387665,15.91278198446985,16.064709819545076,26714793
2015-04-22,16.038291931152344,16.077924884905123,15.886364057484238,15.939207995821278,26511555
2015-04-23,16.064716339111328,16.104349298880802,15.985448868623028,16.011870841802676,26294652
2015-04-24,16.038291931152344,16.058108408028733,15.978840949574057,16.031684887911098,23031271
2015-04-27,15.978837966918945,16.124160321168638,15.952416002682424,16.058105410577337,29486759
2015-04-28,16.071317672729492,16.071317672729492,15.886362357393862,15.952417273246247,31748721
2015-04-29,16.064716339111328,16.137376765355363,15.912788442378993,15.978843375328115,49893538
2015-04-30,15.93920612335205,16.104344962204618,15.879755148757809,16.018472021545794,42838185
2015-05-01,16.077930450439453,16.097746934175515,16.005268459124242,16.025086493809955,22565584
2015-05-04,16.2364559173584,16.243061408701184,16.117555522239332,16.14397748761048,27367961
2015-05-05,16.091127395629883,16.282688122171653,16.077916418002747,16.190211278781703,37717594
2015-05-06,16.011873245239258,16.183617647635746,15.899579842370127,16.15719567049007,36626312
2015-05-07,16.124156951904297,16.163789889977476,15.945807179626483,15.945807179626483,39290812
2015-05-08,16.355356216430664,16.355356216430664,16.210033856793853,16.210033856793853,40714217
2015-05-11,16.29590606689453,16.388384500770695,16.269484100343902,16.355357042582412,38354636
2015-05-12,16.2364559173584,16.276088865415122,16.104344539553757,16.223244934672824,48760649
2015-05-13,16.243057250976562,16.30250665784442,16.21002980271664,16.236451761324577,29430379
2015-05-14,16.388381958007812,16.394987448620586,16.289298047867497,16.322325500931363,26445450
2015-05-15,16.31572723388672,16.401600200820585,16.262883285588593,16.39499470728332,28494942
2015-05-18,16.408203125,16.421414110005824,16.302513694004226,16.322330171512963,19841750
2015-05-19,16.500680923461914,16.553526417327703,16.428020501951675,16.44123148768081,32513049
2015-05-20,16.45444107055664,16.540314021424013,16.428019101351026,16.53370852912261,37350263
2015-05-21,16.414812088012695,16.454445051409593,16.40160110021373,16.421417581912177,23172098
2015-05-22,16.421411514282227,16.461044463034945,16.38177856552951,16.38177856552951,16231966
2015-05-26,16.2364559173584,16.39498926053419,16.223244934672824,16.39498926053419,54832187
2015-05-27,16.414812088012695,16.434628569711144,16.262884177375096,16.282700659073544,31773341
2015-05-28,16.394983291625977,16.40819426950184,16.29589940660866,16.37516682481218,21900598
2015-05-29,16.24966812133789,16.394990492750257,16.21003517030243,16.394990492750257,31521478
2015-06-01,16.262882232666016,16.355360687149734,16.216643780898814,16.33554265687162,23062170
2015-06-02,16.289297103881836,16.34874651595162,16.183607709253586,16.24966416250198,26426862
2015-06-03,16.42801856994629,16.474257014560422,16.315723653505756,16.348751113944424,40898498
2015-06-04,16.282695770263672,16.421412651453153,16.256273802598823,16.38177969995588,37471271
2015-06-05,16.375173568725586,16.480862986207715,16.328935127117326,16.401595535358876,52402931
2015-06-08,16.276086807250977,16.42140914936471,16.269481316743477,16.401592677842203,28272131
2015-06-09,16.31572723388672,16.388389213746056,16.223250324364997,16.289305259737656,31163011
2015-06-10,16.54691505432129,16.60636446901227,16.381776240342084,16.408198202426963,53968148
2015-06-11,16.612966537475586,16.645995534226838,16.55351713503042,16.61957202663616,60034147
2015-06-12,16.54030990600586,16.606364812584683,16.487464429794066,16.573337359295273,42206558
2015-06-15,16.467653274536133,16.52710426060004,16.36196538988782,16.434625810583533,40678641
2015-06-16,16.560131072998047,16.573342058059303,16.42141417890569,16.47425811915071,36228207
2015-06-17,16.54030990600586,16.632786775216214,16.50067541110983,16.612970303242566,55448179
2015-06-18,16.692237854003906,16.71865981681259,16.54031001690523,16.61297041462911,70136594
2015-06-19,16.413593292236328,16.665700932484622,16.413593292236328,16.645797820706836,47071470
2015-06-22,16.66570281982422,16.732048090993228,16.645799705792463,16.652434077136384,40678518
2015-06-23,16.698869705200195,16.751946217880203,16.672332227724873,16.712138443937857,33542288
2015-06-24,16.559553146362305,16.698876517675487,16.559553146362305,16.672339029373926,26541099
2015-06-25,16.46003532409668,16.61262741878429,16.44676658175252,16.60599304761221,43711579
2015-06-26,16.513103485107422,16.559544064164488,16.466662906050356,16.533006590417592,30737208
2015-06-29,16.11503791809082,16.40695326672647,16.10840510688424,16.333975208432193,52912442
2015-06-30,16.174747467041016,16.314070760973745,16.121672519915837,16.274264550629862,77383245
2015-07-01,16.42022132873535,16.460029098441176,16.320705798793796,16.426857255127324,52375111
2015-07-02,16.347248077392578,16.453399564920726,16.280904371268523,16.413593341246294,24081438
2015-07-06,16.280902862548828,16.320709082534496,16.141579534869475,16.161482644862307,33223951
2015-07-07,16.31407356262207,16.327342301682034,16.008889448784146,16.25436267912284,63077548
2015-07-08,16.02880096435547,16.201296220336793,16.002263472316837,16.095146252182268,56789354
2015-07-09,16.15484046936035,16.28089499613895,16.121668635399867,16.254355971241804,31236625
2015-07-10,16.347248077392578,16.387054301067014,16.274270000656117,16.380419930454607,36120618
2015-07-13,16.546279907226562,16.546279907226562,16.45339872340334,16.486570574768773,41191230
2015-07-14,16.586082458496094,16.619254299405437,16.460027905311506,16.49319974622085,27691961
2015-07-15,16.725412368774414,16.751951412208143,16.605993683106956,16.665703025940687,62160945
2015-07-16,16.891271591186523,16.891271591186523,16.831562254082787,16.8514653664507,39781365
2015-07-17,16.84482765197754,16.89790416548603,16.77184803005189,16.877999499339474,22286763
2015-07-20,16.864736557006836,16.917813088758365,16.818295954737934,16.89127404401764,25354045
2015-07-21,16.84482765197754,16.93771038232035,16.805021435143214,16.871366687596478,24390172
2015-07-22,16.97087860107422,16.990781705235822,16.831555314213936,16.85145841837554,36459143
2015-07-23,16.824926376342773,16.99742155914458,16.79175452536734,16.984152818754406,36561685
2015-07-24,16.66570281982422,16.81829491846416,16.639165334448546,16.805026175776327,32149658
2015-07-27,16.546279907226562,16.59272205686775,16.486570574768773,16.55291583522923,34805048
2015-07-28,16.612628936767578,16.678972654550545,16.5064774305849,16.678972654550545,29677194
2015-07-29,16.778486251831055,16.78512062221074,16.625894175368703,16.665700397646813,33091373
2015-07-30,16.778486251831055,16.791754992590423,16.685603508785864,16.751948770312314,20597954
2015-07-31,16.725412368774414,16.798392012189932,16.678971768792625,16.758585783634114,24137571
2015-08-03,16.705503463745117,16.745311236231924,16.59271918859887,16.725406571123866,42025601
2015-08-04,16.67897605895996,16.76522446741224,16.652438566430106,16.718783855484993,30678613
2015-08-05,16.745309829711914,16.844825358246865,16.698867691999755,16.79175040969489,24771536
2015-08-06,16.68560028076172,16.78511737493385,16.625890958896022,16.758579898549094,23921408
2015-08-07,16.718774795532227,16.73867634641466,16.57945147751995,16.672332651041863,30673812
2015-08-10,16.878000259399414,16.884636186900025,16.785119082603313,16.83155967100136,30165778
2015-08-11,16.725412368774414,16.778488897912023,16.659068654514716,16.718779555078292,65448208
2015-08-12,16.57282066345215,16.59935970751874,16.32071298552354,16.586090964350387,77509300
2015-08-13,16.632530212402344,16.69223955180265,16.506475604827497,16.61262709926891,27547564
2015-08-14,16.75194549560547,16.75194549560547,16.605987818054928,16.61262218713771,33603346
2015-08-17,16.785123825073242,16.791758196718867,16.61926297620269,16.678972321013326,28771055
2015-08-18,16.771848678588867,16.811656454691875,16.73204401794476,16.76521586658939,20245642
2015-08-19,16.619260787963867,16.765218502679456,16.5595498932854,16.725410720317246,57382080
2015-08-20,16.26763343811035,16.466667664182363,16.26763343811035,16.44676455312108,67731590
2015-08-21,15.683806419372559,16.181388940336454,15.683806419372559,16.06196869914077,127715881
2015-08-24,15.013729095458984,15.544483487388366,12.2869751551607,14.721813634692372,143651668
2015-08-25,14.814695358276367,15.57765425658547,14.761618832380346,15.564385514543902,84936661
2015-08-26,15.37198257446289,15.371982574462892,14.881034593376283,15.159681207912524,146056427
2015-08-27,15.750146865844727,15.783318715483214,15.444962733711645,15.571017320067394,96219884
2015-08-28,15.67717456817627,15.73024954713735,15.577657424894172,15.690443312916539,40348364
2015-08-31,15.544480323791504,15.64399587580191,15.531211583523449,15.577652174461639,58845124
2015-09-01,15.040263175964355,15.292370793013157,14.927477328539371,15.212758353228118,86294454
2015-09-02,15.245935440063477,15.285743231359342,15.04690271450433,15.239301067802506,52533664
2015-09-03,15.332179069519043,15.491405511999597,15.2658338098099,15.292371290601732,60273576
2015-09-04,15.026999473571777,15.159688475424977,14.927482332749369,15.113246312251837,54210039
2015-09-08,15.411791801452637,15.425060542097848,15.212759134044889,15.318910616936163,49726245
2015-09-09,15.199491500854492,15.617461534821235,15.16631964682452,15.55111626903159,43741739
2015-09-10,15.272476196289062,15.38526053734953,15.139785620757486,15.186227789512603,43653476
2015-09-11,15.338814735412598,15.338814735412598,15.166319537965165,15.199491391757038,26809949
2015-09-14,15.30564022064209,15.352080807876733,15.245929336468127,15.30564022064209,31837353
2015-09-15,15.524576187133789,15.571016775002013,15.305640429454145,15.365349756713291,41048311
2015-09-16,15.624094009399414,15.650631489402652,15.458233201649655,15.537845641659372,28008328
2015-09-17,15.405156135559082,15.716974629956828,15.371984286735803,15.610823155992875,75221486
2015-09-18,15.107151985168457,15.26715713225474,15.08048472154536,15.193822157291228,85290820
2015-09-21,15.280489921569824,15.340491261413588,15.180486123149256,15.207154950649667,47097445
2015-09-22,15.087141990661621,15.140476484158995,14.973804626632978,15.053807932225762,65335941
2015-09-23,15.093814849853516,15.147149364719956,15.0071446978482,15.093814849853516,34891095
2015-09-24,14.987141609191895,15.013808861917722,14.853803780215694,14.92047347737733,51271027
2015-09-25,15.2071533203125,15.307155542664345,15.133816791907021,15.200484940141585,55416173
2015-09-28,14.853809356689453,15.127151930442624,14.807141646899087,15.100484667705272,58422891
2015-09-29,14.880472183227539,14.927141444452422,14.747135909291288,14.867138555833915,48264309
2015-09-30,15.107151985168457,15.107151985168457,14.92714639036485,15.08048472154536,49086741
2015-10-01,15.113818168640137,15.17381950928136,14.953813028249229,15.100484537386532,48512971
2015-10-02,15.13381576538086,15.13381576538086,14.65380043460905,14.787138287381334,75346063
2015-10-05,15.453829765319824,15.47383021332492,15.233823271916037,15.240490087917737,47975517
2015-10-06,15.380492210388184,15.473827618762016,15.353823385505331,15.420493099691255,36684908
2015-10-07,15.50049114227295,15.587161280220636,15.387155316564485,15.480490702442044,38597020
2015-10-08,15.593832015991211,15.607165645899107,15.407159631933173,15.440493706702913,37237011
2015-10-09,15.493831634521484,15.640503161119252,15.427163470316968,15.62716952827835,58339183
2015-10-12,15.507160186767578,15.533829009059739,15.447158858641686,15.487159744058946,25312191
2015-10-13,15.38715934753418,15.553829723120984,15.38715934753418,15.453827497768902,42452020
2015-10-14,15.260488510131836,15.420493638280064,15.240488064781749,15.39382637781328,44763838
2015-10-15,15.607165336608887,15.627165781074378,15.333822798218915,15.347157993210034,55652525
2015-10-16,15.700501441955566,15.727168699769432,15.6204981031666,15.653832175433932,36542235
2015-10-19,15.687165260314941,15.720499330484149,15.593829863841158,15.600496677874998,32690313
2015-10-20,15.780500411987305,15.800500851794622,15.673829834334528,15.687163460872739,23941473
2015-10-21,15.66716480255127,15.853837142008576,15.640495983759841,15.800501069772835,29215200
2015-10-22,15.92050552368164,15.980506844866245,15.693832300526,15.700499113990954,61204335
2015-10-23,16.09384536743164,16.100512181363996,15.973842716649237,16.04717766990515,45903498
2015-10-26,16.027179718017578,16.093849439557406,15.967178377444613,16.093849439557406,24485698
2015-10-27,15.933842658996582,15.967176733661008,15.8805081395335,15.947176288862352,28664204
2015-10-28,16.307186126708984,16.333853384315894,15.967175461526159,15.967175461526159,112058299
2015-10-29,16.287181854248047,16.36718517360667,16.20718010023641,16.30051547991665,48479611
2015-10-30,16.053844451904297,16.260517248743476,16.033844010147014,16.247183620905286,62867662
2015-11-02,16.273853302001953,16.340523016476457,16.087180919098806,16.093847734011508,73531446
2015-11-03,16.30052375793457,16.353859853042056,16.193853133067385,16.267189676834757,42479225
2015-11-04,16.253847122192383,16.340517250823964,16.207179434269875,16.300514810114887,40100564
2015-11-05,16.32052230834961,16.34718957012778,16.227186892126007,16.25385415390418,45236788
2015-11-06,16.4871883392334,16.647194983138984,16.427187021779083,16.627192978640505,85556100
2015-11-09,16.307186126708984,16.5471945758659,16.2138507250848,16.50719368945553,59169369
2015-11-10,16.38052749633789,16.387194312711866,16.240522787136566,16.267190052632472,41119339
2015-11-11,16.327190399169922,16.453859890366584,16.313855203170064,16.453859890366584,27576370
2015-11-12,16.080509185791016,16.29384876309279,16.07384237291743,16.2871819502192,66597469
2015-11-13,15.94716739654541,16.11383924227696,15.900499718037628,16.00050188626859,53877793
2015-11-16,16.14051055908203,16.14051055908203,15.867169664945417,15.900503729431955,53560564
2015-11-17,16.10718536376953,16.253856893619727,16.073851280928093,16.207189177641713,46013180
2015-11-18,16.393857955932617,16.41385840118331,16.147182667145685,16.20051875316172,83572836
2015-11-19,16.420522689819336,16.45385676010841,16.340520921125563,16.400522247645892,35613076
2015-11-20,16.447189331054688,16.513859034487187,16.40052163439499,16.46718977248027,44189330
2015-11-23,16.38052749633789,16.493864940043313,16.360527047215964,16.440528843703678,31828859
2015-11-24,16.333850860595703,16.387186932916002,16.193846214443983,16.28051635362252,35916887
2015-11-25,16.347187042236328,16.3805226796517,16.30051934134111,16.340521793170087,24226080
2015-11-27,16.387189865112305,16.407190308805973,16.29385289586113,16.373856235983194,23191055
2015-11-30,16.373859405517578,16.44052756406828,16.347190576749597,16.44052756406828,30361138
2015-12-01,16.553861618041992,16.560528432535452,16.400523319345027,16.433857391812328,38268343
2015-12-02,16.360519409179688,16.593859438680067,16.327185342872074,16.593859438680067,43846620
2015-12-03,16.09384536743164,16.45385645047335,16.040510855972794,16.45385645047335,59308595
2015-12-04,16.520530700683594,16.547197963750378,16.153851137472277,16.193852032072453,52547451
2015-12-07,16.367189407348633,16.513860892990166,16.28718606729534,16.500525698525124,31381144
2015-12-08,16.16051483154297,16.307186315425707,16.12051394466969,16.187183654805867,35697769
2015-12-09,15.973848342895508,16.267189824585998,15.88051134962049,16.087184219664273,66624798
2015-12-10,15.98717212677002,16.140510387121434,15.913837185680945,15.967171688291181,58161303
2015-12-11,15.633837699890137,15.847177409185393,15.547169078911551,15.747175154210101,89542078
2015-12-14,15.66716480255127,15.773833816328523,15.493824524469003,15.64716279712092,71948873
2015-12-15,16.03384780883789,16.120516410319382,15.813839766689636,15.827173397686789,93332943
2015-12-16,16.293853759765625,16.347188279109883,16.027178032349386,16.180516340811604,102205375
2015-12-17,16.06051254272461,16.35385550918168,16.040512099377178,16.35385550918168,70913355
2015-12-18,15.631159782409668,15.966592267319953,15.631159782409668,15.946464932088617,113598773
2015-12-21,15.785455703735352,15.839125967079866,15.644575397238418,15.758621359640697,50728156
2015-12-22,15.933052062988281,15.966595002193715,15.738499865285505,15.879381785103956,57087748
2015-12-23,16.120891571044922,16.147725918203484,15.986718260096724,16.03367836762421,40627924
2015-12-24,16.10747528076172,16.194686913809527,16.067222182661105,16.141018216549337,13844688
2015-12-28,16.09404945373535,16.100758037942693,15.959876194433743,16.04038078007662,16747016
2015-12-29,16.26177215576172,16.281897916455062,16.17456052609057,16.228229221272816,38040239
2015-12-30,16.14772605895996,16.25506344852985,16.120891711567488,16.228229101137376,19339133
2015-12-31,15.98671817779541,16.174560182093703,15.95317524401989,15.98671817779541,59154720
2016-01-04,15.678114891052246,15.69153206015882,15.496981532958648,15.657989137392388,93387476
2016-01-05,15.73849868774414,15.78545879911823,15.597616778466357,15.704955751048361,52096536
2016-01-06,15.496986389160156,15.590906602337405,15.416481774138589,15.510403562471192,77248574
2016-01-07,15.060919761657715,15.3158491410747,15.000542496869198,15.174967281413204,92006910
2016-01-08,14.826119422912598,15.208511961002271,14.792574919004878,15.19509478950124,83028242
2016-01-11,14.846246719360352,14.933458343158787,14.698656242392307,14.906623997374654,70986600
2016-01-12,14.960290908813477,15.027378340446365,14.765740349872827,15.000543997855257,80633578
2016-01-13,14.571188926696777,15.087754716402795,14.504103074197953,15.020668863903971,125524947
2016-01-14,14.698655128479004,14.819409675356424,14.463851470351425,14.604733350196934,95264013
2016-01-15,14.369935989379883,14.437021870801555,14.175385358101328,14.202218135514293,94362797
2016-01-19,14.363222122192383,14.577898438995504,14.262591761889759,14.52422817842838,83779398
2016-01-20,14.081461906433105,14.215635228781602,13.77286373757822,14.068044731713808,107682217
2016-01-21,14.021085739135742,14.276013654302197,13.974124048714947,14.094880205980976,91494814
2016-01-22,14.276009559631348,14.336388408524215,14.175380770068559,14.202213538796775,59334200
2016-01-25,13.987533569335938,14.26929725703305,13.953990648218372,14.215628583244946,78982191
2016-01-26,14.222339630126953,14.262591142437751,14.021080493417907,14.041206249573305,63973716
2016-01-27,14.168670654296875,14.41689148632337,14.06804186441197,14.1753808154444,77206350
2016-01-28,14.175379753112793,14.322968633883377,14.081457981103704,14.255882778987656,79906672
2016-01-29,14.571188926696777,14.57789751194666,14.229047928642727,14.276008025391903,100518905
2016-02-01,14.510811805725098,14.584607827383326,14.403474428993437,14.50410479483458,84561575
2016-02-02,14.108295440673828,14.322971798933798,14.074752505813745,14.302847613173176,86157444
2016-02-03,14.121713638305664,14.188801088044453,13.719195240495097,14.188801088044453,151930266
2016-02-04,14.242463111877441,14.34309345173965,14.034495422994,14.034495422994,97011048
2016-02-05,14.05462646484375,14.32968167552652,14.014373368658307,14.255885645149375,81506726
2016-02-08,13.699065208435059,13.900324344612475,13.511221667837415,13.85336424704059,132312804
2016-02-09,13.678937911987305,13.772859682525135,13.430718677606347,13.430718677606347,168924221
2016-02-10,13.605146408081055,13.940578899985235,13.598437821249188,13.78627982769688,80836939
2016-02-11,13.189208030700684,13.336798501964152,13.101996410273097,13.242878295349827,155436893
2016-02-12,13.746031761169434,13.746031761169434,13.444142127557841,13.504519424217841,119640644
2016-02-16,13.967411994934082,14.027790846162459,13.839948856557493,13.980829167394777,97496185
2016-02-17,14.15524959564209,14.222337012300068,14.101580922439522,14.101580922439522,79846353
2016-02-18,14.074749946594238,14.208923236793202,14.007664089072328,14.208923236793202,79491948
2016-02-19,14.074749946594238,14.135127218363959,13.940576656395276,13.960702413651848,91481888
2016-02-22,14.296141624450684,14.356518924824496,14.242472913007296,14.242472913007296,52408225
2016-02-23,14.04120922088623,14.242468400184487,14.014373298511792,14.222342639770199,71553352
2016-02-24,14.00766658782959,14.047918109523003,13.719194198715948,13.839950338951612,89023089
2016-02-25,14.202210426330566,14.215629170486698,14.007661475811954,14.007661475811954,87713797
2016-02-26,14.302847862243652,14.430311016931622,14.22234324202211,14.296137699999356,100096303
2016-02-29,14.148548126220703,14.363224478237871,14.14183796428839,14.289428448536249,70846020
2016-03-01,14.624857902526855,14.651690666020468,14.249172435983203,14.249172435983203,100224943
2016-03-02,14.785872459411621,14.792581047941672,14.618156171004529,14.638281936594685,89863616
2016-03-03,14.886499404907227,14.893207991879109,14.712074568482848,14.77245185122979,76643660
2016-03-04,14.946878433227539,15.02067447369196,14.832830866231042,14.960295608738232,70707286
2016-03-07,14.940168380737305,14.960294142030211,14.799286476531492,14.8462481613704,48251261
2016-03-08,14.698655128479004,14.866371352075051,14.678527795510913,14.805992503481153,94684581
2016-03-09,14.718780517578125,14.792574961043512,14.665110256266335,14.752323446426029,59913509
2016-03-10,14.705365180969238,14.879790007898148,14.530940354040327,14.812704141831391,94740222
2016-03-11,15.08775520324707,15.107880959646126,14.852953136769685,14.852953136769685,79284278
2016-03-14,15.04079818725586,15.081049708302613,14.9468763963247,15.04079818725586,55347853
2016-03-15,15.034088134765625,15.034088134765625,14.88649766349382,14.940166352990751,75699114
2016-03-16,15.000544548034668,15.094464750548285,14.886497012684387,14.953582871622684,72379969
2016-03-17,15.181673049926758,15.22863313605036,14.893200799143854,15.000539714009616,65859485
2016-03-18,15.316444396972656,15.37708965041608,15.23558405904809,15.276014228010373,65031268
2016-03-21,15.289494514465332,15.390571542575094,15.228849246887533,15.269279425272734,47484348
2016-03-22,15.242330551147461,15.30297583694046,15.14799185776667,15.181683683207224,43482367
2016-03-23,15.127767562866211,15.242321281847884,15.121029201875894,15.215367837886614,55912266
2016-03-24,15.03343391418457,15.03343391418457,14.891926719189215,14.993002156938301,48500785
2016-03-28,15.08060073852539,15.127769270782913,15.006477177117114,15.053645709374637,36121356
2016-03-29,15.107556343078613,15.11429470579201,14.932357330383596,15.019956045657764,44438115
2016-03-30,15.195154190063477,15.309707931792026,15.174939103078424,15.188415827735126,37636102
2016-03-31,15.16146469116211,15.255803360296095,15.127772874380984,15.154726327805886,39946073
2016-04-01,15.296232223510742,15.316447311839008,15.026694548173802,15.087341395305296,45753316
2016-04-04,15.222107887268066,15.316446543547865,15.188416075077646,15.282754731357443,38544826
2016-04-05,15.00648021697998,15.10755724586773,14.97952676451572,15.08060379340347,61644172
2016-04-06,15.087347030639648,15.100823761225573,14.932363046754237,14.97953160380497,38129610
2016-04-07,14.804325103759766,14.993000819541221,14.723464760773355,14.979524095710152,51315220
2016-04-08,14.858231544494629,15.006477084247287,14.831278097657137,14.905401658606687,55956828
2016-04-11,14.918882369995117,15.046912858843513,14.905405642973903,14.925620733505724,45423161
2016-04-12,15.107556343078613,15.134509793932203,14.905403879530006,14.939095693096993,48225902
2016-04-13,15.451213836669922,15.464690560204817,15.249061401500049,15.262538125034942,69649488
2016-04-14,15.484907150268555,15.56576908148222,15.377091769365874,15.377091769365874,52055051
2016-04-15,15.431000709533691,15.545554456263416,15.404047259043558,15.525339368395816,53901797
2016-04-18,15.54555606842041,15.559032795063084,15.343402004486641,15.35688031327614,52434076
2016-04-19,15.740966796875,15.740966796875,15.592721253585259,15.592721253585259,57169363
2016-04-20,15.862265586853027,15.889217463561327,15.727496710428627,15.73423507514249,74743119
2016-04-21,15.720749855041504,15.92290387191455,15.680321266671932,15.855518672241383,63436754
2016-04-22,15.868999481201172,15.902691295279354,15.734230642741736,15.734230642741736,46728145
2016-04-25,15.835304260253906,15.848780982985746,15.720748952740552,15.801610871277946,38189682
2016-04-26,15.936383247375488,15.956598335997471,15.828567859244856,15.848784530013559,41664795
2016-04-27,15.963339805603027,16.017246719086167,15.869002707007535,15.922909620490675,56916147
2016-04-28,15.794876098632812,15.956598390305823,15.740969195457385,15.828567913117455,74850832
2016-04-29,15.707280158996582,15.767925435794796,15.565772930987082,15.707280158996582,60318138
2016-05-02,15.848782539367676,15.868997625450595,15.687058686411282,15.72075049654948,43564598
2016-05-03,15.646635055541992,15.680328461912714,15.511867758647826,15.666850150076115,44142060
2016-05-04,15.525339126586914,15.606199476797904,15.451215556746872,15.464692281782037,46466680
2016-05-05,15.51860237121582,15.619679411898959,15.478172187801349,15.559034136777251,47043157
2016-05-06,15.585987091064453,15.592725454750125,15.404049689404378,15.404049689404378,38964104
2016-05-09,15.54555606842041,15.633154791597796,15.48490921638155,15.559032795063084,31989258
2016-05-10,15.767926216125488,15.77466458054765,15.612942252268686,15.619680616690848,37549070
2016-05-11,15.599461555480957,15.761183842623572,15.585984830064628,15.72075208422791,31961192
2016-05-12,15.606200218200684,15.720752386441607,15.511863138472863,15.653368758064593,35254978
2016-05-13,15.417518615722656,15.680317830784913,15.390565174618036,15.572502484220326,45538875
2016-05-16,15.498381614685059,15.56576681122613,15.404044554532492,15.41752127741143,33796243
2016-05-17,15.410784721374512,15.525338461412053,15.343399516939135,15.457953256976678,45457629
2016-05-18,15.680320739746094,15.69379746279856,15.363613001573919,15.363613001573919,96899150
2016-05-19,15.532075881958008,15.680323021399479,15.437738806863695,15.606199451678744,66203303
2016-05-20,15.639885902404785,15.727486167107076,15.585979020831738,15.61293246161826,35765351
2016-05-23,15.626415252685547,15.68032373734748,15.559031624541511,15.606200164242336,38575724
2016-05-24,15.862265586853027,15.895957410422339,15.714019981000902,15.73423507514249,47386483
2016-05-25,16.03072166442871,16.11158360780652,15.9229078494541,15.929646212890013,51504178
2016-05-26,15.936383247375488,16.05767536125411,15.916168158753504,16.037460272632124,36198417
2016-05-27,16.044198989868164,16.05093893570238,15.943123534558604,15.963338625620516,37026264
2016-05-31,16.00377082824707,16.125061377940785,15.94986233512513,16.125061377940785,40884834
2016-06-01,16.03746223449707,16.057677325591968,15.821831431857662,15.889215068840658,38452378
2016-06-02,16.071147918701172,16.071147918701172,15.943117475155233,15.997024364165604,28227076
2016-06-03,15.842045783996582,15.88921432768449,15.67358511725007,15.875737600916517,86083215
2016-06-06,15.936383247375488,16.010505238989428,15.83530780426557,15.848784530013559,46925474
2016-06-07,15.902687072753906,15.997024127124183,15.889208768554726,15.949855599939045,26503799
2016-06-08,15.916170120239258,15.956600302465782,15.87573835586582,15.87573835586582,30469958
2016-06-09,15.801620483398438,15.848790623799816,15.720758515672733,15.821835579793031,39571234
2016-06-10,15.606200218200684,15.680323791562108,15.559031678336773,15.619676943876085,47349676
2016-06-13,15.498381614685059,15.700535622161892,15.49164325324559,15.518596699003465,56062079
2016-06-14,15.269281387329102,15.51860243488826,15.188419438021425,15.43774206772755,66888232
2016-06-15,15.289494514465332,15.464693536281294,15.276017788336933,15.309709603657932,58034633
2016-06-16,15.329925537109375,15.343402263979973,15.080604507856457,15.168203232515346,71488109
2016-06-17,15.317054748535156,15.391573084469035,15.249309216170328,15.350926719414192,46524537
2016-06-20,15.405121803283691,15.642228779580183,15.398347409138463,15.560934459230694,70566829
2016-06-21,15.493186950683594,15.527058913611178,15.398343863879974,15.466089380341526,40308110
2016-06-22,15.479640007019043,15.608355072062595,15.445766449455371,15.493188793801885,54005201
2016-06-23,15.80481243133545,15.80481243133545,15.655775777187008,15.662550170557394,73745517
2016-06-24,14.95800495147705,15.303500559021947,14.903808220958762,14.978326538337663,165914672
2016-06-27,14.531214714050293,14.75477127619636,14.443147604049857,14.73444809696549,140642119
2016-06-28,14.903812408447266,14.903812408447266,14.666705423500481,14.795420507562438,109722231
2016-06-29,15.242535591125488,15.24253559112549,14.998655797883618,15.032527770471816,100009025
2016-06-30,15.486412048339844,15.486412048339844,15.215433172626073,15.289951488613879,72707045
2016-07-01,15.405121803283691,15.513513700214094,15.37802422670278,15.425444985719377,45095346
2016-07-05,15.174790382385254,15.296731064155937,15.100270458289451,15.256083109827905,59557011
2016-07-06,15.21544075012207,15.235763937330876,15.012207287426884,15.046079266108228,58561132
2016-07-07,15.235755920410156,15.364470962277665,15.161237606522082,15.26285348909673,65731461
2016-07-08,15.527063369750977,15.547386553340115,15.425445861198448,15.445769044787585,55327418
2016-07-11,15.615127563476562,15.662549906877457,15.560932417425873,15.608354760826767,42557517
2016-07-12,15.811588287353516,15.831911467300195,15.709970797013556,15.730293976960237,55059306
2016-07-13,15.811588287353516,15.845460253931316,15.723519583644677,15.798039500722394,57377156
2016-07-14,15.960623741149902,16.123212349720927,15.919978974916797,16.123212349720927,67039521
2016-07-15,15.9335298538208,16.035145759269586,15.83191235776537,16.021596971876416,62710956
2016-07-18,15.987717628479004,16.00804080019396,15.926746522728221,15.940295303871526,38953149
2016-07-19,15.994510650634766,16.001285049097735,15.892893083082441,15.913216278471353,30777585
2016-07-20,16.021596908569336,16.055468876918425,15.953852971871159,16.055468876918425,31817657
2016-07-21,15.940299034118652,16.028367722765317,15.919977448254077,16.001270154137508,36524509
2016-07-22,16.04192543029785,16.048699826223018,15.93353509549518,15.96063108858868,23484772
2016-07-25,16.008047103881836,16.048693463317573,15.960624760600272,16.014821497121126,37096308
2016-07-26,16.021596908569336,16.041920089578788,15.953852971871159,15.967401759210794,34484126
2016-07-27,16.014822006225586,16.0622427604081,15.960625267981841,15.994498825861653,50709937
2016-07-28,16.048696517944336,16.0825684905878,15.919983021899165,15.974176587521871,33001387
2016-07-29,16.021596908569336,16.09611523893733,15.987724940220248,15.987724940220248,54440606
2016-08-01,15.980951309204102,16.10289040108008,15.947079339238554,16.035146461148983,39409726
2016-08-02,15.845462799072266,15.994501066560074,15.804814842043365,15.933531516926939,39709475
2016-08-03,16.008047103881836,16.014821497121126,15.84546007553235,15.84546007553235,33511513
2016-08-04,15.967401504516602,16.021596653010683,15.9335295367078,15.99449907876364,31363295
2016-08-05,16.272254943847656,16.272254943847656,16.08934627116184,16.13676703815446,51542339
2016-08-08,16.29257583618164,16.33999659186922,16.245153489887425,16.319673410860258,45019886
2016-08-09,16.306123733520508,16.333221306720116,16.26547737372109,16.285798963014248,32239890
2016-08-10,16.177406311035156,16.319670140193068,16.150308741787235,16.292572570945143,33545242
2016-08-11,16.211284637451172,16.251931007281588,16.15031508270555,16.211284637451172,25139605
2016-08-12,16.163862228393555,16.19095980552402,16.09611669496061,16.10289108924323,28861534
2016-08-15,16.272254943847656,16.285803734416977,16.211285386285716,16.224834176855037,26275941
2016-08-16,16.231605529785156,16.272250299284927,16.19095757907226,16.245152725880704,27637427
2016-08-17,16.285802841186523,16.292578826706556,16.190961312403076,16.231609272488626,25676567
2016-08-18,16.272254943847656,16.306128510877972,16.224834176855037,16.258706153278336,26595016
2016-08-19,16.265478134155273,16.279026921388503,16.163860639299422,16.224830181848958,31510153
2016-08-22,16.265478134155273,16.279026921388503,16.1977326073825,16.238378969082188,32517481
2016-08-23,16.285802841186523,16.367097170750693,16.285802841186523,16.326450801272074,29855443
2016-08-24,16.27902603149414,16.333221177464477,16.23837808140985,16.292574817986726,24299201
2016-08-25,16.312896728515625,16.339994299392494,16.238376817997825,16.258699996155475,27249662
2016-08-26,16.333227157592773,16.455166280671932,16.231611221693473,16.36032474049925,64953346
2016-08-29,16.47549057006836,16.53646012980059,16.353549859996825,16.373873046574236,40451522
2016-08-30,16.624523162841797,16.624523162841797,16.482259314965304,16.502582494575297,39359132
2016-08-31,16.63807487487793,16.651623663667003,16.502585396380375,16.631300480483393,56386078
2016-09-01,16.57032585144043,16.692266515474277,16.441610794438393,16.6787177295379,62960480
2016-09-02,16.64484977722168,16.692270539430574,16.570329846000845,16.590654620411513,66918391
2016-09-06,16.61775016784668,16.665170924259957,16.489035095546836,16.638073349166657,60299920
2016-09-07,16.61097526550293,16.631300038753523,16.52290814071302,16.556780111786065,38671003
2016-09-08,16.597427368164062,16.65839850997575,16.563555395272488,16.610976157320692,72066064
2016-09-09,16.285802841186523,16.56355621383762,16.285802841186523,16.50258665961969,66476831
2016-09-12,16.46871566772461,16.52968522558053,16.136767115961675,16.211285464452242,87153077
2016-09-13,16.177406311035156,16.319670140193068,16.11643518962101,16.279023786321183,83230864
2016-09-14,16.136768341064453,16.285805049360448,16.089347570243003,16.17741471605427,82876829
2016-09-15,16.231605529785156,16.279026283242544,16.0690169081467,16.10288887490198,68626527
2016-09-16,16.077770233154297,16.17306514870001,16.03012277538144,16.16625996722895,75235766
2016-09-19,16.18028450012207,16.29759474758189,16.07135526842061,16.07135526842061,50396100
2016-09-20,16.18866539001465,16.322732886553066,16.163528733295337,16.29759622983375,39903200
2016-09-21,16.289222717285156,16.305979961769935,16.130016908095723,16.264084453241182,64029700
2016-09-22,16.322738647460938,16.389772419388883,16.28922256060256,16.373015175065287,38355700
2016-09-23,16.23893928527832,16.34787011827951,16.213802630132296,16.26407753863487,59009500
2016-09-26,15.979186058044434,16.146771241783462,15.937290561215056,16.138391822775436,54189000
2016-09-27,16.104869842529297,16.121628676066358,15.870252565851766,15.920527468252619,47620000
2016-09-28,16.18028450012207,16.205422752765706,16.02108036134382,16.17190508257419,42936400
2016-09-29,15.954048156738281,16.25569922648105,15.87025557139449,16.171906641137255,62580800
2016-09-30,16.17190933227539,16.25570193156296,16.012705151661002,16.037841812699643,47336900
2016-10-03,16.096498489379883,16.180291100831173,16.054602982759803,16.12163675227861,33170500
2016-10-04,16.163528442382812,16.28083710018994,16.079735859001755,16.138390187905316,68471600
2016-10-05,16.423280715942383,16.456796783641,16.20542068216541,16.23055893159708,58651900
2016-10-06,16.448415756225586,16.473554003195247,16.305968886484422,16.46517458753869,53337300
2016-10-07,16.440044403076172,16.473560480670933,16.331113554919018,16.381388470416532,55532800
2016-10-10,16.52383804321289,16.59925122764539,16.507080800836448,16.52383804321289,37997400
2016-10-11,16.373008728027344,16.523833456818064,16.26407789265506,16.47355854722116,78581200
2016-10-12,16.35624885559082,16.465178085849665,16.331110603280106,16.35624885559082,51378700
2016-10-13,16.197044372558594,16.23056204489675,16.012701969330486,16.22218262681221,73171100
2016-10-14,16.272457122802734,16.440042283805532,16.222182213786112,16.38976577657837,76176500
2016-10-17,16.197044372558594,16.314353029320973,16.15514888034648,16.2808369551934,41236100
2016-10-18,16.33111572265625,16.38139064482709,16.264081960358144,16.364633402910783,45958700
2016-10-19,16.47356605529785,16.515461566021358,16.36463676848996,16.38139401385259,49835900
2016-10-20,16.47356605529785,16.574117518530073,16.406532279213465,16.456807211723934,56238200
2016-10-21,16.465179443359375,16.481938279614905,16.31435311348078,16.339491367864078,39543100
2016-10-24,16.515460968017578,16.599253584641858,16.50708314474526,16.54059923246823,33808700
2016-10-25,16.49870491027832,16.557359266671895,16.45680779984623,16.548979844585478,36177800
2016-10-26,16.599246978759766,16.62438523320633,16.40652515596789,16.4232839922656,40419200
2016-10-27,16.641141891479492,16.71655504673837,16.565728736220613,16.69141679558195,45545800
2016-10-28,16.565731048583984,16.691419125489762,16.440042971678203,16.674660289046162,55749900
2016-10-31,16.540599822998047,16.64953070796201,16.540599822998047,16.64953070796201,38579100
2016-11-01,16.47356605529785,16.64115129461446,16.33949850312908,16.599254185679662,62758900
2016-11-02,16.364627838134766,16.448418813856136,16.2892146814172,16.440040994852332,66529900
2016-11-03,16.38138771057129,16.53221404827855,16.35625105309386,16.38138771057129,53462100
2016-11-04,16.33111572265625,16.465183247252458,16.25570254029451,16.389770064890723,64891400
2016-11-07,16.74169921875,16.750078639565523,16.590872840492793,16.607631682123838,59001800
2016-11-08,16.750076293945312,16.833868892155426,16.582492695735965,16.691421954661497,63290400
2016-11-09,17.462312698364258,17.54610530481312,16.850629388246308,17.2109364772287,268936600
2016-11-10,18.10751724243164,18.182930443208047,17.663417459882954,17.73045123854961,241635500
2016-11-11,18.157791137695312,18.182929402585884,17.931551548313948,17.99020590151402,134954500
2016-11-14,18.601884841918945,18.71081409124417,18.30861157313616,18.3337482316362,261730900
2016-11-15,18.585128784179688,18.601887624493752,18.25833938911028,18.442681837932078,122754500
2016-11-16,18.31698989868164,18.459436815118448,18.266713388261135,18.41753972310136,117887700
2016-11-17,18.568368911743164,18.58512775112569,18.2750956153925,18.31699271384882,98536400
2016-11-18,18.568368911743164,18.63540267106238,18.48457631304142,18.551610072360635,92344300
2016-11-21,18.635404586791992,18.68567951189697,18.509716474924012,18.66892226900268,71943900
2016-11-22,18.643781661987305,18.727574258762004,18.534852404927793,18.719194839263448,98286500
2016-11-23,18.752710342407227,18.777848600129897,18.576747332980933,18.719194263654465,101948400
2016-11-25,18.777849197387695,18.811366875417338,18.702436020031854,18.794608036402515,33114800
2016-11-28,18.55999183654785,18.752713719158848,18.509716910260437,18.643784445834267,99791400
2016-11-29,18.610261917114258,18.668917847089745,18.526470927856344,18.59350467818908,74645700
2016-11-30,18.86164093017578,18.911915846706236,18.794607175398248,18.87002034929932,98843700
2016-12-01,19.18842887878418,19.230325971331595,18.937052716342336,18.962189373660124,120088300
2016-12-02,18.97894859313965,19.146533770285135,18.895156004566907,19.13815435160679,82108300
2016-12-05,19.205196380615234,19.27223016072408,19.09626708726763,19.146542022796417,95145700
2016-12-06,19.372770309448242,19.389527546024766,19.138151417061945,19.330873222480808,79142600
2016-12-07,19.674428939819336,19.691187781076014,19.356018946997786,19.42305271381343,120172500
2016-12-08,19.858774185180664,19.976082884572733,19.6660506956222,19.783360993225433,116856500
2016-12-09,19.900667190551758,19.900667190551758,19.716324743511013,19.858771688382348,95677300
2016-12-12,19.707944869995117,19.925804992327638,19.657668350695435,19.842012391705758,85143200
2016-12-13,19.758216857910156,19.875525522439368,19.590631681544977,19.758216857910156,113420700
2016-12-14,19.666044235229492,19.967696903956032,19.531976737620063,19.607389904801696,142995800
2016-12-15,19.833633422851562,20.001218627906315,19.69118647801831,19.766599660471854,110426000
2016-12-16,19.66275405883789,19.94052405754209,19.637501656967427,19.932106590251934,83096500
2016-12-19,19.671184539794922,19.721687771479036,19.511255766414973,19.688017880043766,73717600
2016-12-20,19.91527557373047,19.91527557373047,19.7890167504739,19.7890167504739,60793600
2016-12-21,19.86478042602539,19.923701127088755,19.7974422526003,19.915283654727034,37738000
2016-12-22,19.814271926879883,19.856357672025318,19.74693216589796,19.856357672025318,37796100
2016-12-23,19.84794044494629,19.84794044494629,19.755349877930612,19.814272169511316,18276700
2016-12-27,19.87318992614746,19.898440727634437,19.847937519192435,19.89002325864943,38241100
2016-12-28,19.671184539794922,19.923702303684284,19.65434959407729,19.906867357966647,30834400
2016-12-29,19.5280818939209,19.72167886584558,19.44390880881119,19.68800898961447,39251800
2016-12-30,19.570173263549805,19.63751142991532,19.50283509718429,19.603843149466826,44761200
2017-01-03,19.789016723632812,19.923693015652887,19.57858481666794,19.87318980751237,71259900
2017-01-04,19.94894790649414,19.9741987109746,19.78901918775551,19.847939872167572,45092200
2017-01-05,19.74693489074707,19.915281105495183,19.56175533889894,19.89002869164242,62201100
2017-01-06,19.814271926879883,19.898443417170753,19.713263890875265,19.822687791534356,38060800
2017-01-09,19.679594039916992,19.80585448647931,19.6375082947084,19.763767135802446,34022400
2017-01-10,19.721683502197266,19.890028106524586,19.62067545522612,19.713266031160632,46212100
2017-01-11,19.84794044494629,19.84794044494629,19.612256095028332,19.746932407704797,48001200
2017-01-12,19.679594039916992,19.780602076073194,19.511249453614354,19.755349665667076,57418100
2017-01-13,19.789016723632812,20.024701037401964,19.704843639753257,19.814269130437093,72479700
2017-01-17,19.317649841308594,19.65434057379444,19.30923237231294,19.645923104798786,96657800
2017-01-18,19.477582931518555,19.50283534627885,19.23348267737655,19.418662235879744,68289100
2017-01-19,19.39341163635254,19.570173725180876,19.326071862930053,19.519670500582574,56729700
2017-01-20,19.486000061035156,19.553338227078633,19.384993614704204,19.452331780747677,74805200
2017-01-23,19.3597412109375,19.519669957428604,19.292403044857327,19.401826962686915,46651200
2017-01-24,19.603843688964844,19.679597723425843,19.368159297465237,19.452332409105708,45229500
2017-01-25,19.93211555480957,19.940533025885518,19.721683594316172,19.81427417068317,92850100
2017-01-26,19.982620239257812,20.033123463943753,19.873196318193518,19.96578529587298,70704400
2017-01-27,19.906856536865234,19.991029614229255,19.847935864350795,19.982612145946064,43944500
2017-01-30,19.74693489074707,19.789022247168344,19.570172810183195,19.78060477588409,46168800
2017-01-31,19.62067222595215,19.797435877691846,19.511248331422376,19.64592463490587,56477300
2017-02-01,19.64592170715332,19.873188537463623,19.587001033843524,19.772180522169734,72132200
2017-02-02,19.570173263549805,19.662763844353087,19.443914402298027,19.536503377632783,39396500
2017-02-03,19.965784072875977,19.98261901522959,19.730101301799213,19.906863380106785,86346600
2017-02-06,19.87318992614746,20.01628368795651,19.831102581222417,19.847937519192435,34952100
2017-02-07,19.822696685791016,19.999460426744253,19.79744586956126,19.991042952844673,50838500
2017-02-08,19.68800926208496,19.822685557937106,19.595420312104164,19.822685557937106,54341100
2017-02-09,19.95736312866211,19.98261553779804,19.637507306947953,19.68801051975162,76813700
2017-02-10,20.01629066467285,20.083628834555718,19.94053502287105,20.075211362636786,55078700
2017-02-13,20.243553161621094,20.336143734348894,20.10887684063614,20.142546723616572,76687000
2017-02-14,20.47923469543457,20.5044871041795,20.19304715153135,20.226717029857923,75954300
2017-02-15,20.639163970947266,20.681249714538193,20.428732042056208,20.58024328773268,76869400
2017-02-16,20.588659286499023,20.647581575566516,20.46240044943369,20.61391169609938,64048200
2017-02-17,20.597082138061523,20.597082138061523,20.411902569012387,20.437154985210803,54156600
2017-02-21,20.698081970214844,20.748585177068783,20.630743825920256,20.706499438935165,55216100
2017-02-22,20.714923858642578,20.77384455398795,20.58024752486215,20.613915805572987,50438900
2017-02-23,20.714923858642578,20.765427082443104,20.5970808624833,20.72334133018742,53509400
2017-02-24,20.554994583129883,20.60549780563534,20.46240400397946,20.49607388929543,61686800
2017-02-27,20.664413452148438,20.706500798513485,20.571824501081537,20.580241970354546,39655000
2017-02-28,20.65599822998047,20.664414094046794,20.521320322896916,20.588658473704616,48913000
2017-03-01,21.245208740234375,21.2872960920512,21.026359327191827,21.05161173828192,92150000
2017-03-02,20.916933059692383,21.295709550430395,20.90851559028023,21.287293686486375,69446200
2017-03-03,21.017940521240234,21.06844534021109,20.925351564063423,20.9337690338919,57652800
2017-03-06,20.85801124572754,20.92534939189706,20.765420692693926,20.891679516078277,49017200
2017-03-07,20.79909324645996,20.891683818561898,20.748590027799075,20.891683818561898,53726500
2017-03-08,20.807510375976562,21.093697952809716,20.79909290542637,21.026359793876523,104601000
2017-03-09,20.883262634277344,20.992688128296955,20.790673684108548,20.891680103468705,60804100
2017-03-10,20.86643409729004,21.001110424369564,20.73175616474206,20.984275482117507,62148600
2017-03-13,20.916933059692383,20.942183862460706,20.790674229446378,20.89168065145593,49418400
2017-03-14,20.85801124572754,20.874844578168886,20.706500015479097,20.83275883886345,49511100
2017-03-15,20.82434844970703,20.975859731465814,20.73175786519476,20.89168661876998,86455100
2017-03-16,20.85801124572754,21.01793833946263,20.849593776772842,20.90851445398767,89233700
2017-03-17,20.653593063354492,20.915458201172243,20.653593063354492,20.907010730766476,83056800
2017-03-20,20.484643936157227,20.67048342482798,20.484643936157227,20.61135275166865,78676400
2017-03-21,19.910226821899414,20.594455642490857,19.85954362327519,20.577562317076005,192257000
2017-03-22,19.867992401123047,19.960911336193654,19.623020637777945,19.766624386003365,133199500
2017-03-23,19.910226821899414,20.138303632493173,19.800412956348623,19.842648686670504,85238900
2017-03-24,19.8848876953125,20.045384772943436,19.749729802333334,19.944018367196527,97583400
2017-03-27,19.808860778808594,19.817306636072104,19.41183781744937,19.46252262816961,103963000
2017-03-28,20.079172134399414,20.155197734783627,19.741281472241678,19.741281472241678,82301100
2017-03-29,19.952465057373047,20.07917386520566,19.93557012001139,20.045383990482346,76524100
2017-03-30,20.21432876586914,20.26501196331455,19.944016231240568,19.969357024368374,92566000
2017-03-31,20.045387268066406,20.19743850680312,20.045387268066406,20.13830782755888,70540000
2017-04-03,20.00315284729004,20.12986168419155,19.76662850353435,20.079178471669,93489100
2017-04-04,19.97780418395996,20.020041523837033,19.884885258609945,19.918673519321832,105795900
2017-04-05,19.82575798034668,20.239674348341048,19.82575798034668,20.16365033977816,104651200
2017-04-06,19.952465057373047,20.03693652180152,19.707493299198745,19.808861312178777,80802100
2017-04-07,19.867992401123047,20.003148680489332,19.766624386003365,19.800414261439904,61525700
2017-04-10,19.817310333251953,19.994703981488183,19.74973218420724,19.86799515342811,60429000
2017-04-11,19.758174896240234,19.791964768220684,19.55544049792687,19.715939167454447,83801200
2017-04-12,19.597679138183594,19.749728738614582,19.546994326850047,19.732835412693284,74023000
2017-04-13,19.344255447387695,19.74127832185571,19.344255447387695,19.521649023704992,120159300
2017-04-17,19.682151794433594,19.690599263501245,19.335813618609784,19.394944290893363,86681200
2017-04-18,19.496313095092773,19.639916852656572,19.378051745754366,19.546996300353513,74890400
2017-04-19,19.437177658081055,19.699042700823174,19.411835256064855,19.623017105964227,55583800
2017-04-20,19.766624450683594,19.80886179511748,19.504759359953287,19.580784968744336,85720400
2017-04-21,19.56389617919922,19.79197307724872,19.555448707657703,19.715947444565554,94675300
2017-04-24,20.00315284729004,20.11296674295394,19.927127222911075,20.011600317908844,98770600
2017-04-25,20.180540084838867,20.281908096903916,20.155199290215023,20.180540084838867,71026100
2017-04-26,20.163646697998047,20.34948617316853,20.121409355102557,20.155199229418947,71691200
2017-04-27,20.070730209350586,20.205886511539596,19.952468847732757,20.205886511539596,68871800
2017-04-28,19.876441955566406,20.096071335379253,19.876441955566406,20.07917639588824,64091900
2017-05-01,20.00315284729004,20.104519272335136,19.89333734043586,19.977810435433625,69086600
2017-05-02,19.97780418395996,20.028487380622675,19.867990322659118,20.003146587886203,76511500
2017-05-03,20.138303756713867,20.138303756713867,19.893332008004343,19.910226944713244,78115400
2017-05-04,20.172094345092773,20.332593039955594,20.087622874187108,20.26501489651704,64482800
2017-05-05,20.138303756713867,20.23967015458758,20.07072562106811,20.231224297422976,46881500
2017-05-08,20.121410369873047,20.19743597972919,20.08762210504252,20.163647714898666,45893000
2017-05-09,20.045387268066406,20.23967424592324,19.977809118760106,20.172096096616944,65737900
2017-05-10,20.112964630126953,20.112964630126953,19.977808336804536,20.011598215730196,51192700
2017-05-11,19.986251831054688,20.070724900376117,19.825753160462945,20.03693502817163,77266700
2017-05-12,19.90178108215332,19.910228551189363,19.791967207064715,19.893333613117278,55787200
2017-05-15,20.053834915161133,20.096072265844292,19.935573555628658,19.944021025765288,52192100
2017-05-16,20.112964630126953,20.12985956958978,19.994703276267366,20.09607130185423,51529600
2017-05-17,19.479412078857422,19.842645094145404,19.403386489090657,19.690593914611874,141192800
2017-05-18,19.55544662475586,19.673709602550094,19.428737787510155,19.454080199435406,101656900
2017-05-19,19.724390029907227,19.83420391036249,19.580786271656464,19.58923374110534,69775600
2017-05-22,19.775075912475586,19.834206595432516,19.639919605376818,19.834206595432516,79181900
2017-05-23,19.9271240234375,19.98625469708491,19.69904718692034,19.791967737617707,65577800
2017-05-24,19.918676376342773,19.969359580275196,19.834203295662064,19.952466253091057,59441200
2017-05-25,19.952465057373047,20.045383990482346,19.901780245288077,19.96091091486397,49362400
2017-05-26,19.94401741027832,20.003148079325243,19.901780067252023,19.901780067252023,42601700
2017-05-30,19.808860778808594,19.91022717786935,19.766623436541728,19.88488638369909,46584200
2017-05-31,19.63991928100586,19.817311326946854,19.513210446592257,19.80886546768416,115877900
2017-06-01,19.8848876953125,19.90178102214367,19.614573520544138,19.749729802333334,81187600
2017-06-02,19.808860778808594,19.91022717786935,19.699045300104608,19.741282642371473,83704500
2017-06-05,19.8426513671875,19.969360186459898,19.817308958856998,19.817308958856998,44055800
2017-06-06,19.758174896240234,19.808859704210906,19.648361034683326,19.690596763469113,60397300
2017-06-07,19.910226821899414,19.960910020523638,19.758175614836908,19.79196548804628,83049100
2017-06-08,20.138303756713867,20.281907496359832,19.893332008004343,19.910226944713244,77987000
2017-06-09,20.5184326171875,20.552220880799485,20.248118452342062,20.26501338974301,133216200
2017-06-12,20.5606689453125,20.704272695002125,20.442407602458676,20.5606689453125,86644400
2017-06-13,20.670488357543945,20.7380665160226,20.61135767027392,20.670488357543945,94978600
2017-06-14,20.70427131652832,20.729613721676845,20.383273962739747,20.493089440526834,117605800
2017-06-15,20.619802474975586,20.729617975296296,20.535329385003543,20.55222432523599,59547700
2017-06-16,20.596904754638672,20.66474134364014,20.53754632407951,20.613862688875145,53818800
2017-06-19,20.80889129638672,20.851288551891173,20.70713561888375,20.7325749425974,58041300
2017-06-20,20.63082504272461,20.75801846220992,20.622345265778645,20.741058908317992,45689600
2017-06-21,20.461233139038086,20.66474455502081,20.45275497927824,20.66474455502081,51938200
2017-06-22,20.334033966064453,20.44426941999029,20.308596259275145,20.384912614346373,58380200
2017-06-23,20.257720947265625,20.427313234765776,20.18988435573595,20.418833458655577,85352600
2017-06-26,20.36795997619629,20.45275613475429,20.232286769444368,20.30012337282033,60302300
2017-06-27,20.469709396362305,20.622342123427938,20.393393032829486,20.444271686752586,75943400
2017-06-28,20.79193687438965,20.8258543636867,20.588427086551253,20.60538502252377,90097600
2017-06-29,20.93608856201172,21.215914705337916,20.783455826133444,21.215914705337916,119176700
2017-06-30,20.919132232666016,21.097202707057445,20.876734962768676,21.088724546959718,72754900
2017-07-03,21.224395751953125,21.360068943665766,21.012406187733127,21.03784390033423,61454400
2017-07-05,21.258316040039062,21.309193089291682,21.131122608231397,21.28375537334149,78100200
2017-07-06,21.09720230102539,21.34311099028334,21.09720230102539,21.249835057481754,97648100
2017-07-07,21.241355895996094,21.28375478365878,21.097202912647344,21.207438403218134,59432400
2017-07-10,21.215917587280273,21.26679463370013,21.13960120897442,21.207437809984942,55022500
2017-07-11,21.02936363220215,21.207435703008244,20.97000681438411,21.198955926555385,49857200
2017-07-12,21.09720230102539,21.114161855598798,20.970008876429137,21.029365700083915,47818600
2017-07-13,21.224395751953125,21.224395751953125,21.080242783589444,21.097200719539508,48875900
2017-07-14,21.131122589111328,21.165040082798306,20.851296392446763,20.961530268619736,61742300
2017-07-17,21.063289642333984,21.114166700376114,20.97849346736209,21.071769421566426,43257000
2017-07-18,21.02936363220215,21.06328273801359,20.893690443660354,20.919129773018934,63210700
2017-07-19,21.037841796875,21.131117713358297,20.961525431998098,21.071760900087785,48259400
2017-07-20,21.02936363220215,21.14807888519021,20.98696636728983,21.05480296156073,40163500
2017-07-21,21.02936363220215,21.097200226473046,20.97000681438411,20.97000681438411,39108400
2017-07-24,21.122642517089844,21.148081850014854,21.02088842009422,21.02088842009422,26364800
2017-07-25,21.385507583618164,21.47030373645363,21.326150761838964,21.36006986991399,75786800
2017-07-26,21.241355895996094,21.444867322072604,21.190478848153063,21.410948211942454,56086500
2017-07-27,21.122642517089844,21.292234835218828,21.02936658038368,21.283755057577157,67826200
2017-07-28,21.122642517089844,21.181999343229325,21.00392886481088,21.088725023875373,43735800
2017-07-31,21.275278091430664,21.35159448293858,21.173522363635968,21.198961699922748,43039300
2017-08-01,21.427906036376953,21.444865590072283,21.31767055470936,21.41942625952929,60987500
2017-08-02,21.46182632446289,21.478785880369294,21.35159244577581,21.45334654650969,43341500
2017-08-03,21.385507583618164,21.461823959434874,21.351590092895233,21.427906468711942,40816800
2017-08-04,21.529659271240234,21.614455419006784,21.487262006032957,21.580537930311362,50792900
2017-08-07,21.495738983154297,21.538136242840178,21.461819881524164,21.529656467432645,39486800
2017-08-08,21.436384201049805,21.699250794149684,21.42790442483988,21.461821912327636,52736500
2017-08-09,21.436384201049805,21.453342136117712,21.25831213534528,21.25831213534528,46567000
2017-08-10,21.0548038482666,21.351589567207665,21.0548038482666,21.30071252369984,71130300
2017-08-11,20.970008850097656,21.165038875390493,20.91913180379347,21.05480500550606,50477800
2017-08-14,21.258316040039062,21.31767286705916,21.131122608231397,21.13960238599887,49472900
2017-08-15,21.275278091430664,21.46182837214311,21.275278091430664,21.436390653208754,48535000
2017-08-16,21.23287010192871,21.402460739549696,21.19895100399355,21.36854325896614,35084100
2017-08-17,20.868253707885742,21.215916471957005,20.85977393103619,21.181997364558804,76613100
2017-08-18,20.876737594604492,21.029368755887734,20.75802231269213,20.76650209121104,71725900
2017-08-21,20.817371368408203,20.88520795386598,20.73257684959981,20.85977024516417,45047200
2017-08-22,21.04631996154785,21.063279511855963,20.876729310521956,20.902167018632383,42644000
2017-08-23,20.978490829467773,21.097204489089528,20.876736726178358,20.893694665158385,36612700
2017-08-24,20.978490829467773,21.07176677194333,20.936093555989235,21.07176677194333,31067200
2017-08-25,21.037841796875,21.131117713358297,21.012404086817273,21.02088386262047,37177300
2017-08-28,20.90217399597168,21.06328654297612,20.851296945415854,21.054806764991433,36486900
2017-08-29,20.83433723449707,20.868256346183543,20.647786972278272,20.664746528121505,42814200
2017-08-30,20.919132232666016,21.01240816726277,20.85129563041897,20.868255185318773,35176100
2017-08-31,20.944570541381836,21.012407140313474,20.8767339424502,20.986967809207073,44225200
2017-09-01,21.003915786743164,21.122629365105237,20.919119680476886,20.96999669729617,42132600
2017-09-05,20.554508209228516,20.87673325658172,20.495151389282412,20.842814149554208,96579200
2017-09-06,20.605382919311523,20.707138611520428,20.53754633028954,20.630822246701715,77593900
2017-09-07,20.249242782592773,20.656263981513547,20.172928026231677,20.639304427943507,87667800
2017-09-08,20.4357967376709,20.51211311922829,20.223807148311973,20.26620441924287,68639500
2017-09-11,20.79193687438965,20.85129369367351,20.630824352510576,20.6732216184699,73305700
2017-09-12,21.037841796875,21.054801348481394,20.85129158126027,20.86825113286666,66350600
2017-09-13,21.071760177612305,21.08023995312476,20.927607228604185,21.00392359086447,51049400
2017-09-14,21.02936363220215,21.131119332284488,20.98696636728983,21.08024229091931,47163200
2017-09-15,21.09152603149414,21.10855631682997,20.97231565824075,20.99786108624449,59250200
2017-09-18,21.33846092224121,21.3469760658069,21.151132636088825,21.168162923220198,44010400
2017-09-19,21.500240325927734,21.551329551162922,21.30439694244518,21.33845588456958,58443300
2017-09-20,21.627965927124023,21.704600583141374,21.415092243541903,21.51727232626414,70595500
2017-09-21,21.679054260253906,21.730145111551657,21.559845522086988,21.576875805852904,51050100
2017-09-22,21.65351104736328,21.679054849609326,21.534302305955617,21.593906676659447,42306600
2017-09-25,21.627965927124023,21.704600583141374,21.48321175732429,21.627965927124023,39774600
2017-09-26,21.619449615478516,21.696084267350646,21.559845247155135,21.66202532435038,46811000
2017-09-27,21.8834171295166,21.99411073952011,21.79826732423066,21.89193064835749,65919100
2017-09-28,21.917476654052734,21.968565888930016,21.80678304113571,21.960052369865046,37718900
2017-09-29,22.019651412963867,22.019651412963867,21.883412403567565,21.91747134386809,42740800
2017-10-02,22.20697593688965,22.20697593688965,21.977072037884767,21.977072037884767,52774000
2017-10-03,22.28362274169922,22.28362274169922,22.147383680634388,22.189957778180503,48062900
2017-10-04,22.18143653869629,22.292131760455003,22.172923020804635,22.2240122486409,39283800
2017-10-05,22.411340713500977,22.487975368033702,22.14737780572008,22.206982176112803,61260400
2017-10-06,22.436891555786133,22.53055489297111,22.317681162127023,22.470950508190395,66077800
2017-10-09,22.351730346679688,22.496484474841107,22.300641132062967,22.496484474841107,31340200
2017-10-10,22.453914642333984,22.453914642333984,22.326189145515123,22.38579513527593,35822500
2017-10-11,22.411340713500977,22.436886139710982,22.31767577482825,22.402825571430974,33748600
2017-10-12,22.241043090820312,22.479460576104806,22.215497664212414,22.470945433902173,53834800
2017-10-13,22.249557495117188,22.326192153895907,22.04519894640639,22.1303487477269,69561400
2017-10-16,22.394309997558594,22.402825139464408,22.25807097526008,22.266586117165893,42000700
2017-10-17,22.28362274169922,22.479466188967702,22.232533499824335,22.470951044638934,37844200
2017-10-18,22.4028263092041,22.436886878605794,22.283617564492857,22.37728250625017,52201500
2017-10-19,22.419857025146484,22.428372167660694,22.20698333458334,22.241043904640183,34671600
2017-10-20,22.68381690979004,22.700847192538447,22.5816384614939,22.658273109764583,56083800
2017-10-23,22.666790008544922,22.734909520722855,22.61569915633851,22.692333810550846,43555200
2017-10-24,22.828577041625977,22.871152759643593,22.72639856657885,22.743427229688322,61259200
2017-10-25,22.69233512878418,22.92223910477667,22.564611239043035,22.89669367718949,68653500
2017-10-26,22.8200626373291,22.922242739784156,22.77748854202978,22.77748854202978,41832600
2017-10-27,22.80303382873535,22.845607923764078,22.658279631901014,22.777488397259546,56694400
2017-10-30,22.709365844726562,22.811545932916655,22.649761469989595,22.777485362154156,48157500
2017-10-31,22.649761199951172,22.794515375771173,22.62421577218386,22.709365573977514,39890800
2017-11-01,22.68381690979004,22.845601347705607,22.658273109764583,22.743421275312315,40921900
2017-11-02,22.896696090698242,22.930756664404758,22.598674191253952,22.709367807605037,51098300
2017-11-03,22.80303382873535,22.83709277993881,22.73491430223082,22.820062492288272,42387000
2017-11-06,22.77747917175293,22.82005324953798,22.700844532462266,22.743418610247318,33642100
2017-11-07,22.462430953979492,22.862634528816272,22.402826580901,22.794515013284087,70325500
2017-11-08,22.351730346679688,22.428364980653193,22.27509571270618,22.4198498408676,55844900
2017-11-09,22.275102615356445,22.351737273077642,22.045198642192855,22.20698310005953,94577000
2017-11-10,22.20697593688965,22.334699783860085,22.189945657534437,22.292125709568882,53209600
2017-11-13,22.241043090820312,22.2921323199388,22.053713210557,22.070743494962265,50579200
2017-11-14,22.232524871826172,22.241040012850384,22.07925558158455,22.15589022670536,54101800
2017-11-15,22.292131423950195,22.368766076596405,22.01965338080689,22.03668204043041,64952300
2017-11-16,22.300649642944336,22.44540382635014,22.28361935687366,22.394312968138113,53648100
2017-11-17,22.275102615356445,22.326191845804793,22.16440901203547,22.189952815210965,41938700
2017-11-20,22.37728500366211,22.411343952767602,22.249559478248322,22.317679000556833,35232400
2017-11-21,22.445396423339844,22.4794553601503,22.394305581978756,22.45391156356669,35972400
2017-11-22,22.33470344543457,22.505003018712127,22.33470344543457,22.44539865529411,30959400
2017-11-24,22.326190948486328,22.462429973604532,22.309162288419518,22.419855887291575,12172500
2017-11-27,22.309165954589844,22.428374715134087,22.29213566762708,22.309165954589844,42346400
2017-11-28,22.8881778717041,22.913723298551357,22.317676331560683,22.33470661612552,86507000
2017-11-29,23.279869079589844,23.433138410803867,23.04996508276881,23.109569461774814,135340600
2017-11-30,23.43313980102539,23.739676857541884,23.31392941184345,23.48422903976187,135241700
2017-12-01,23.48422622680664,23.59491983482633,22.947785224084797,23.467195941235172,148119600
2017-12-04,23.841854095458984,24.01215370292266,23.841854095458984,23.87591466659069,99820400
2017-12-05,23.714128494262695,23.969576262966072,23.65452412317173,23.944032460554116,77706200
2017-12-06,23.628978729248047,23.76521775595737,23.560859215893387,23.628978729248047,60299100
2017-12-07,23.705617904663086,23.790767718615996,23.484229038024562,23.705617904663086,59625500
2017-12-08,23.850370407104492,23.850370407104492,23.654526985791534,23.82482497750378,55001600
2017-12-11,23.7907657623291,23.884429088287625,23.722646241587686,23.850370139965655,43278400
2017-12-12,24.0291805267334,24.12284546608503,23.80779170360054,23.88442635868873,69517100
2017-12-13,23.731159210205078,24.05472649805395,23.71412892555584,24.00363726820357,97335300
2017-12-14,23.577890396118164,23.85036845988984,23.552344968603055,23.816307889869694,76970000
2017-12-15,23.7900390625,23.9525748486895,23.636057963124646,23.721603199626472,111826100
2017-12-18,24.003902435302734,24.123666424536317,23.944021256505817,23.986794692532005,61275500
2017-12-19,23.901248931884766,24.157883015897013,23.901248931884766,24.140773641858942,57366300
2017-12-20,23.858469009399414,24.140767077708706,23.841361271652843,24.09799528588337,69680300
2017-12-21,24.06378173828125,24.1322175989487,23.96112876309989,23.986792822715042,46123500
2017-12-22,23.995346069335938,24.166436538191377,23.884138406727647,24.132217791764436,43020300
2017-12-26,23.926908493041992,24.072334891653068,23.832810210392132,23.995344349350763,33710100
2017-12-27,23.952573776245117,23.961128462676243,23.87558323000459,23.94401908981399,29421000
2017-12-28,24.046676635742188,24.05523132321937,23.952576705133,24.012457885833467,28129700
2017-12-29,23.875585556030273,24.12366659178285,23.875585556030273,24.12366659178285,55169800
2018-01-02,23.884138107299805,24.029564514511872,23.772930446085688,24.029564514511872,55436100
2018-01-03,24.012454986572266,24.029564359460846,23.849919207409986,23.92690975376898,56906200
2018-01-04,24.23487663269043,24.414521819532556,24.10655957445458,24.14933138331989,62247000
2018-01-05,24.303314208984375,24.363195398248124,24.14933307565471,24.363195398248124,37989500
2018-01-08,24.269092559814453,24.320419050805647,24.18354732040264,24.277645615279877,44252100
2018-01-09,24.457294464111328,24.585611526731814,24.328977401490846,24.371749211817683,51418700
2018-01-10,24.66259765625,24.765252266872878,24.4915071824251,24.534280616701164,64670900
2018-01-11,24.78236198425293,24.808026046864157,24.645490246939346,24.765254240818592,42361700
2018-01-12,25.004776000976562,25.021885374022393,24.773804359776694,24.92778545390994,44537500
2018-01-16,24.936344146728516,25.261415760267138,24.799472403651162,25.21864232078054,67563800
2018-01-17,25.12454605102539,25.19298192810396,24.799474411172174,25.004782042407882,54312000
2018-01-18,25.090322494506836,25.218639535514928,25.056105378336536,25.210084848562428,49247400
2018-01-19,25.269969940185547,25.27852299627105,25.124543512134245,25.175870006846516,60727800
2018-01-22,25.47528076171875,25.48383545052238,25.24430905894083,25.278526182515307,46868900
2018-01-23,25.50093650817871,25.543709940978385,25.295628925659162,25.415391274218994,60862000
2018-01-24,25.67203140258789,25.731912587192795,25.466723784668257,25.62070490601796,66371000
2018-01-25,25.620702743530273,25.774682220243598,25.5351575020408,25.774682220243598,45423700
2018-01-26,25.80890464782715,25.817459336359303,25.577932952379,25.697696960189152,33871900
2018-01-29,25.706249237060547,25.94577561377275,25.689141492155354,25.826013241236623,41037700
2018-01-30,25.372621536254883,25.680583750896226,25.372621536254883,25.51804795631999,67316900
2018-01-31,25.44106101989746,25.569378083695693,25.35551576681864,25.44106101989746,49504500
2018-02-01,25.680583953857422,25.70624638418718,25.38117642410534,25.389731111428517,60824200
2018-02-02,25.115985870361328,25.6976915141485,25.098876496922962,25.629254020395038,73086000
2018-02-05,23.849918365478516,24.987665516171393,23.610393680052358,24.577050371178373,147871500
2018-02-06,24.286205291748047,24.3460864821464,23.242557725108007,23.30243891550636,159006400
2018-02-07,24.303314208984375,24.64549359880583,24.14077838695417,24.243433019720623,102699400
2018-02-08,23.233999252319336,24.38885595445172,23.21688987738053,24.346082517104712,135270500
2018-02-09,23.6788330078125,23.85847654820985,22.89181971541504,23.584733078095915,149504900
2018-02-12,24.012454986572266,24.251981312093545,23.704492801136283,23.918355067324693,83571800
2018-02-13,24.115108489990234,24.16643497467029,23.80714631863085,23.87558217541743,43365500
2018-02-14,24.688262939453125,24.696817626731992,24.01245732918047,24.09800257032938,57379700
2018-02-15,24.825132369995117,24.927785344540485,24.551388929021325,24.893568230238568,66976000
2018-02-16,24.790918350219727,25.004780658206386,24.671155979871976,24.70537310069708,47508200
2018-02-20,24.713930130004883,24.987673649097594,24.63693956130505,24.739594196784854,58236100
2018-02-21,24.748144149780273,25.15020466255233,24.69681765768251,24.72248008791151,44578800
2018-02-22,24.542835235595703,24.944895726839306,24.48295405941471,24.808024000814264,47602700
2018-02-23,24.91067886352539,24.91067886352539,24.611271347947405,24.619826034865596,41187300
2018-02-26,25.28707504272461,25.28707504272461,24.927786353987265,25.090322140512168,55124200
2018-02-27,25.047555923461914,25.46672588185483,25.03044654598301,25.304190059085318,72752100
2018-02-28,24.69681739807129,25.269968387330657,24.69681739807129,25.175868459774122,65254700
2018-03-01,24.269092559814453,24.902124720838298,24.132219197771715,24.70537018069921,82467900
2018-03-02,24.328975677490234,24.39741154814765,23.858477639035605,24.0980040021565,78991200
2018-03-05,24.671152114868164,24.80802384000599,24.13221826945327,24.14077295622934,58952100
2018-03-06,24.773805618286133,24.825133740031095,24.517171536120124,24.808024366116108,49746100
2018-03-07,24.73103141784668,24.78235790297663,24.44017861604438,24.46584267442913,41530200
2018-03-08,24.808029174804688,24.84224792926749,24.54284035427805,24.790919797573288,50803000
2018-03-09,25.406835556030273,25.423943295717198,24.97055637704428,25.073209341723658,54595700
2018-03-12,25.321290969848633,25.500934478389357,25.278517540453585,25.406836196999237,51784500
2018-03-13,25.03899574279785,25.466720296115316,24.979114566395754,25.44105623552598,47049400
2018-03-14,24.756694793701172,25.150200554914605,24.679704252309065,25.150200554914605,57278900
2018-03-15,24.765254974365234,24.902126715732955,24.688264415890906,24.850798588990166,47451600
2018-03-16,24.78671646118164,25.027113071855688,24.78671646118164,24.821058132315464,61278200
2018-03-19,24.606414794921875,24.838227191778937,24.37460239806481,24.75237056654533,52145000
2018-03-20,24.666515350341797,24.769543634023215,24.606416200518893,24.700858657428608,37146500
2018-03-21,24.657928466796875,24.984183319823103,24.572073477917392,24.7094434252193,53291400
2018-03-22,23.74785614013672,24.426121801597844,23.661999499276178,24.33167933289333,85160300
2018-03-23,23.02665901184082,23.80795119773259,22.98373151759228,23.773609529849544,89289500
2018-03-26,23.77361488342285,23.84229987223503,23.2670624768408,23.490289099875206,84145000
2018-03-27,23.30999183654785,23.953914272019226,23.121108511671512,23.85088759938829,78827400
2018-03-28,23.352909088134766,23.58471980228598,23.052411777104847,23.37007909977584,84244500
2018-03-29,23.670581817626953,23.833709247318147,23.35291442239455,23.45594106608869,58290000
2018-04-02,23.146862030029297,23.69634356651655,22.794851265093964,23.670586082163013,74363900
2018-04-03,23.464529037475586,23.51604236403132,23.086760821715576,23.292815765517638,75160400
2018-04-04,23.71351432800293,23.782199312774832,23.0266628427047,23.043834498292476,70327000
2018-04-05,23.90239906311035,24.07411235414857,23.825128245901087,23.928156548039876,45378300
2018-04-06,23.327163696289062,23.782202810820113,23.112522882608662,23.627661162957512,88521000
2018-04-09,23.45594024658203,23.92815086601544,23.413012752805777,23.45594024658203,54633200
2018-04-10,23.807954788208008,23.945324755614813,23.653413165480558,23.83371227118898,67801500
2018-04-11,23.524629592895508,23.704928702950806,23.464530435403482,23.59331457825485,52480800
2018-04-12,23.936737060546875,24.091278671217868,23.687754628138425,23.704926282119438,63289100
2018-04-13,23.576141357421875,24.24582114840333,23.44735722311982,24.228649493808625,70103900
2018-04-16,23.67917251586914,23.85088580745904,23.610487526749043,23.713515829218846,44633600
2018-04-17,23.67917251586914,23.91098496824171,23.59331587007419,23.885227483229432,50750100
2018-04-18,23.567556381225586,23.833710468245165,23.51604141916059,23.739268008705064,66795500
2018-04-19,23.92815589904785,23.979669229930423,23.593315154362987,23.61048681051693,76142000
2018-04-20,23.936737060546875,24.074108654815912,23.833710411818913,23.971080368508897,49800400
2018-04-23,23.910980224609375,24.031178522328915,23.833709422481387,24.00542104242659,45689200
2018-04-24,23.756439208984375,24.185720725852484,23.593311774052363,24.039764944614166,69592900
2018-04-25,23.739273071289062,23.859473037495235,23.49887641403553,23.730687242447235,51819000
2018-04-26,23.74785614013672,23.87664028263792,23.627657825479492,23.72209865660479,33456200
2018-04-27,23.78220558166504,23.842304754484942,23.670591428502668,23.704934748730977,47185200
2018-04-30,23.567556381225586,23.97108042526037,23.558970554214753,23.842296295256,41731400
2018-05-01,23.576141357421875,23.59331301201658,23.327158916115113,23.516042203919522,46372400
2018-05-02,23.30999183654785,23.584731813669595,23.27565015819735,23.490290970021142,45430300
2018-05-03,23.112516403198242,23.2327147011372,22.717576565203238,23.19837303211707,68947900
2018-05-04,23.413013458251953,23.541797581039972,22.89787532952091,22.97514613070952,40575600
2018-05-07,23.567556381225586,23.66199720318663,23.40442894317788,23.498871402717985,36873600
2018-05-08,23.73067855834961,23.89380597149003,23.57613697090909,23.584722796608986,47718500
2018-05-09,24.08269500732422,24.14279580165599,23.75644174027635,23.84229838031396,43817000
2018-05-10,24.280166625976562,24.331679956782054,24.00542504066234,24.03976835291884,41445500
2018-05-11,24.26299285888672,24.42612030275394,24.21147953256306,24.29733453057612,25894000
2018-05-14,24.245820999145508,24.374605132654768,24.202893500502125,24.33167763401138,31292900
2018-05-15,24.20289421081543,24.33167834810428,24.108451745933333,24.211480038311908,54655800
2018-05-16,24.245820999145508,24.314505979522387,24.125622692880746,24.17713601876863,31984900
2018-05-17,24.19430923461914,24.28016587502571,24.03976760940316,24.220065080435663,45070400
2018-05-18,23.996841430664062,24.20289639644978,23.988255602392243,24.19431056817796,33266100
2018-05-21,24.16855239868164,24.262994869416833,24.125624896117962,24.13421072414655,29647900
2018-05-22,24.331676483154297,24.46904643741063,24.185720702059562,24.185720702059562,52841400
2018-05-23,24.177135467529297,24.245820446340154,23.91956720638334,24.168549640480556,44968500
2018-05-24,23.98825454711914,24.11703869037243,23.747856278821573,24.099867034584197,43245200
2018-05-25,23.910980224609375,23.953907720200927,23.799366115944956,23.876636918072943,39312500
2018-05-29,23.112516403198242,23.610482885832642,22.94080314536059,23.576139579233516,126469700
2018-05-30,23.533212661743164,23.627655119632095,23.275644406237568,23.335743556683607,65843700
2018-05-31,23.33574676513672,23.516044241264094,23.2670617783864,23.48170256667856,66686900
2018-06-01,23.593320846557617,23.72210502362453,23.524635842949955,23.61907833700286,62934300
2018-06-04,23.670581817626953,23.756438445758054,23.627654322350892,23.704925123910982,44196900
2018-06-05,23.567556381225586,23.627655532722358,23.447356440652985,23.593312224679025,44996800
2018-06-06,23.996841430664062,24.014011449628395,23.67917233492402,23.704929819739473,61960000
2018-06-07,24.07410430908203,24.194302590093425,23.910976900867453,24.099860147825183,65166100
2018-06-08,24.10845184326172,24.13420932585514,23.91956855031414,24.048352688122907,47713400
2018-06-11,24.056941986083984,24.27158279258885,24.056941986083984,24.185726142471022,47319600
2018-06-12,23.996841430664062,24.185724739906146,23.876641472437917,24.12562557958272,55517200
2018-06-13,23.910980224609375,24.194305953218993,23.88522274470705,24.00542104242659,61095800
2018-06-14,23.687759399414062,23.996842683012744,23.619074407234287,23.953913539413268,70635500
2018-06-15,23.68689727783203,23.764502826526098,23.376476727728935,23.54030920192914,63387600
2018-06-18,23.64378547668457,23.67827592037626,23.402345792149546,23.479951346297472,49824600
2018-06-19,23.58342170715332,23.643781206216804,23.39371854475609,23.402341565289873,50214700
2018-06-20,23.52306365966797,23.79899375508433,23.497194596470273,23.79899375508433,42833600
2018-06-21,23.454072952270508,23.592037951840243,23.29023889852925,23.445449934213332,75190900
2018-06-22,23.341976165771484,23.643775229472226,23.324730129063425,23.617906174410134,61389400
2018-06-25,23.091920852661133,23.28162236876883,22.936709773721663,23.2385089111403,80746100
2018-06-26,23.014312744140625,23.13503172776322,22.867724702024844,23.109162669270034,56387800
2018-06-27,22.72976303100586,23.178148598294463,22.72114001023663,23.005693116929013,78099200
2018-06-28,22.928083419799805,23.022934986399893,22.68664381603265,22.729758912065755,78544800
2018-06-29,22.928083419799805,23.341978473681145,22.89359134297332,23.21263647492732,77149900
2018-07-02,23.04018211364746,23.048805133877124,22.721138588514606,22.738384628973936,66202800
2018-07-03,22.833234786987305,23.1695260005638,22.78149830977283,23.100543482720177,30717800
2018-07-05,22.884973526000977,23.005692524314437,22.807367985750037,22.95395604570481,40668500
2018-07-06,22.9970645904541,23.091916151534253,22.738380608000696,22.824607505703398,41285000
2018-07-09,23.52306365966797,23.548931078192563,23.091922474411632,23.11778989293623,73447400
2018-07-10,23.436838150024414,23.617916682003006,23.367855617174477,23.540311126962663,51260600
2018-07-11,23.324739456176758,23.445460116734466,23.273002970036735,23.30749505724558,46023700
2018-07-12,23.36785125732422,23.48857025612017,23.22988621736513,23.47132421495703,64876800
2018-07-13,23.264373779296875,23.341979310265128,23.022935811549253,23.27299679881255,64146900
2018-07-16,23.678268432617188,23.69551447134598,23.316111487349183,23.3333558814052,55812000
2018-07-17,23.704139709472656,23.79899128668657,23.574797696245547,23.704139709472656,55502200
2018-07-18,24.083545684814453,24.12665914334637,23.76450049979002,23.798992582353968,59109200
2018-07-19,23.72138214111328,23.971443109354524,23.68689006567439,23.962821735167484,61765100
2018-07-20,23.764495849609375,23.833478356565916,23.592040404554375,23.678267304745525,51562300
2018-07-23,24.09217071533203,24.126661156100305,23.755879460970704,23.764502482331064,81516200
2018-07-24,24.16114616394043,24.3077341947797,24.10078667677238,24.187013575770923,63133700
2018-07-25,24.2128849029541,24.255998356496544,24.01456038518233,24.14390239048249,44197200
2018-07-26,24.204259872436523,24.368093942697676,24.17839246032924,24.27324237917711,40056800
2018-07-27,24.255998611450195,24.37671924304902,24.118033585056835,24.195639117987206,63149400
2018-07-30,24.273244857788086,24.454324984393168,24.23875442323222,24.273244857788086,56474100
2018-07-31,24.100786209106445,24.35084717176071,24.049048097104066,24.342224153093643,84500100
2018-08-01,24.100786209106445,24.376716227761897,24.040425078437,24.255995611095653,64046900
2018-08-02,24.10940933227539,24.152524428738776,23.8679713707715,23.945576899732824,38330700
2018-08-03,24.247371673583984,24.247371673583984,24.074914607820773,24.074914607820773,34894300
2018-08-06,24.37671661376953,24.437076100722127,24.230128583453507,24.281865051602495,38230100
2018-08-07,24.488813400268555,24.626778416464894,24.428453911266747,24.44569994945947,44608600
2018-08-08,24.549169540405273,24.592284630005555,24.437073596789542,24.454319632629655,47522000
2018-08-09,24.402585983276367,24.549174025352848,24.402585983276367,24.488814533557733,29357800
2018-08-10,24.118032455444336,24.204261004069725,23.997313474172454,24.083542022797843,83301400
2018-08-13,23.88521957397461,24.178395677803888,23.876596553900463,24.118034537284874,74413500
2018-08-14,24.10940933227539,24.152524428738776,23.902461803269443,23.971444312938093,43659000
2018-08-15,23.919708251953125,24.040427234774775,23.807612288571995,23.911085232512608,55681100
2018-08-16,24.238754272460938,24.307736785816438,24.03180673239444,24.03180673239444,49534200
2018-08-17,24.29049301147461,24.324983449032278,24.169774013013267,24.169774013013267,43193100
2018-08-20,24.36810302734375,24.411216493377438,24.256005384178863,24.29049747274446,30053700
2018-08-21,24.46294403076172,24.583662999108533,24.333600399335737,24.385338509775167,47940000
2018-08-22,24.37671661376953,24.471566531263896,24.34222453855509,24.35947057616231,27323300
2018-08-23,24.26462173461914,24.393965386503023,24.230131300210196,24.368096327191676,31767800
2018-08-24,24.350852966308594,24.402589445949584,24.307739507386607,24.359475987027597,22064500
2018-08-27,24.67852210998535,24.764749031096382,24.437082454724415,24.445705475770136,52254500
2018-08-28,24.652650833129883,24.76474680731227,24.6095373764458,24.747502411442404,28896800
2018-08-29,24.644031524658203,24.713014052546416,24.523312512022123,24.65265454622838,34015300
2018-08-30,24.454330444335938,24.62678594496529,24.411215335673678,24.531935995254777,43264100
2018-08-31,24.428455352783203,24.445701391993612,24.290490328445586,24.368095860219597,34107800
2018-09-04,24.549169540405273,24.57503859416544,24.316354635253752,24.37671411602165,43145600
2018-09-05,24.566425323486328,24.695767354261317,24.514688840110963,24.531934882793802,32727700
2018-09-06,24.454330444335938,24.600918524441163,24.376724893417098,24.531935995254777,38328900
2018-09-07,24.428455352783203,24.523306923767624,24.32498076219358,24.50606088455722,43644300
2018-09-10,24.402585983276367,24.523306611539397,24.37671856946292,24.488814533557733,29927200
2018-09-11,24.428455352783203,24.497437864952012,24.24737687509239,24.333603781798782,32065200
2018-09-12,24.204259872436523,24.480189899398866,24.187013834583205,24.4284534305116,47963400
2018-09-13,24.16977310180664,24.385343673602257,24.118034980411174,24.264623035019113,44977100
2018-09-14,24.34222984313965,24.368098905187786,24.1956417808796,24.20426480156231,34151000
2018-09-17,24.238754272460938,24.41120973351326,24.212885213200305,24.342227220157763,26907900
2018-09-18,24.35947036743164,24.385339423620803,24.195636300912252,24.29911088099625,36405600
2018-09-19,24.773366928100586,24.85097245678732,24.34222583302885,24.34222583302885,75551800
2018-09-20,24.98893928527832,25.06654481958507,24.8940893558712,24.954448850404695,78555500
2018-09-21,24.89193344116211,25.117121626393672,24.85728999449453,25.07381690506689,64710000
2018-09-24,24.61478042602539,24.900595895442127,24.597457875886363,24.86595079516407,47985100
2018-09-25,24.519506454467773,24.727372086683065,24.510845179962654,24.710051189642023,32964400
2018-09-26,24.22503089904785,24.588796185983895,24.16440362655339,24.554152738259607,60288100
2018-09-27,24.138423919677734,24.337628307358155,24.112440092253113,24.25101720124553,57492200
2018-09-28,23.887252807617188,24.051813750444293,23.852609355004354,24.043152474298708,66454900
2018-10-01,23.982521057128906,24.155741594257787,23.90457123723168,24.02582577841882,49855000
2018-10-02,23.982521057128906,24.02582577841882,23.79197631872714,23.947875958521593,47629500
2018-10-03,24.20770835876465,24.311640346855377,24.0691312733309,24.138419816047772,79591400
2018-10-04,24.37226676940918,24.55415022020953,24.181723696542768,24.19904624461311,94700800
2018-10-05,24.251014709472656,24.51950762406185,24.19038743701406,24.43289652684845,58148700
2018-10-08,24.415573120117188,24.493522934402453,24.16440112920486,24.181723677261388,56594900
2018-10-09,24.3203067779541,24.424240440051598,24.147084558448114,24.3029842256096,47963500
2018-10-10,23.56679344177246,24.37227399415403,23.56679344177246,24.311646709905023,101604400
2018-10-11,22.86524200439453,23.575450024720602,22.79595345733758,23.428211655728422,178628200
2018-10-12,22.8912296295166,23.315622257195834,22.54478683671412,23.280977151930813,137933000
2018-10-15,22.78729248046875,23.064446672321143,22.78729248046875,22.89988740338959,82196400
2018-10-16,23.168380737304688,23.18570328759961,22.787292890663032,22.94319253937868,75137300
2018-10-17,23.402233123779297,23.54947151567755,23.00382267724363,23.116417616208516,79472100
2018-10-18,23.012481689453125,23.445535546317412,22.943193138433614,23.272314994753316,81706000
2018-10-19,23.099088668823242,23.280970463301273,22.882561779033736,22.995155034857888,73614300
2018-10-22,22.605409622192383,23.17704052959757,22.605409622192383,23.12507453400688,58645800
2018-10-23,22.42353057861328,22.553448071146292,22.016460504322527,22.146376344886,93698200
2018-10-24,21.86056137084961,22.38888767432704,21.773950257693862,22.38888767432704,98050700
2018-10-25,22.19833755493164,22.380221014001563,21.938505929939392,21.964489753226292,72439400
2018-10-26,21.877878189086914,22.103066363476067,21.670012563182112,21.929844182570825,115308900
2018-10-29,22.068422317504883,22.458171417118706,21.83457285773659,22.146372137427647,97946100
2018-10-30,22.44951820373535,22.46684075926494,22.033786782844096,22.189686478670772,82719100
2018-10-31,22.761314392089844,23.047129910224747,22.63139689587159,22.666042002055015,93781100
2018-11-01,22.86524200439453,22.960514376086316,22.709342360524072,22.821937281972414,62346600
2018-11-02,22.847925186157227,23.220351839501955,22.67470460104621,23.09043598767627,73034200
2018-11-05,23.211687088012695,23.28097564207959,22.943194147499653,22.943194147499653,58705800
2018-11-06,23.33294105529785,23.33294105529785,23.08176903845147,23.19436396047546,51010900
2018-11-07,23.63608741760254,23.662069599577435,23.22901561231732,23.46286516191055,59990800
2018-11-08,23.70536994934082,23.83528578202224,23.419554456653923,23.497502634687223,46730100
2018-11-09,23.488845825195312,23.71403241444011,23.36758960179084,23.644743851910253,47051200
2018-11-12,23.021141052246094,23.540805967703704,22.977836330945138,23.436872323824492,47135500
2018-11-13,23.151052474975586,23.376240617341168,23.038459229777253,23.0557817757982,69820600
2018-11-14,22.839265823364258,23.367590513785327,22.588093741909727,23.33294705715315,104274200
2018-11-15,23.17704200744629,23.19436455773747,22.54478378954212,22.683360887932917,93998000
2018-11-16,23.203031539916992,23.306963563288623,22.925875622996617,23.055793130165746,80518300
2018-11-19,23.194364547729492,23.29829654549308,22.986498900232988,23.185703272587638,65491300
2018-11-20,22.683364868164062,23.021146398265707,22.61407630681066,22.92587400691617,103778300
2018-11-21,22.70068359375,23.02980546761078,22.631395039037645,22.813278527638488,48618000
2018-11-23,22.518800735473633,22.709343839295588,22.458173459347073,22.579428011600193,24252300
2018-11-26,22.977840423583984,23.06444988161212,22.743990922181172,22.75265219837789,50168800
2018-11-27,22.995159149169922,23.064447700220963,22.88256587320049,22.934531873496432,47174300
2018-11-28,23.436880111694336,23.436880111694336,22.865249010333724,23.064453437662774,61375300
2018-11-29,23.2376651763916,23.39356479753276,23.142392818589997,23.26364899723814,43664100
2018-11-30,23.358924865722656,23.4541972445808,23.13373665785666,23.168381759975762,45435200
2018-12-03,23.506160736083984,23.791976190173074,23.341601474496084,23.696705473456188,65332700
2018-12-04,22.48415756225586,23.393571738066278,22.371564275787463,23.38491046188109,110918600
2018-12-06,22.17235565185547,22.18101692638922,21.592063473847823,21.98181091605137,134687100
2018-12-07,21.74796485900879,22.4321890824618,21.644031208221715,22.12039143403925,86740000
2018-12-10,21.4448184967041,21.721972588427466,21.046408250875242,21.661345337359066,101121800
2018-12-11,21.236957550048828,21.843231844654646,21.159007738290086,21.71331604237976,92308200
2018-12-12,21.358213424682617,21.670012691368807,21.254281437099994,21.531435606612536,86748900
2018-12-13,21.202322006225586,21.462155379793472,21.1243721593522,21.349560422323115,67232900
2018-12-14,20.994443893432617,21.288920551628383,20.95113918274393,20.994443893432617,66817000
2018-12-17,20.786584854125977,21.19365487947698,20.69131247824771,20.87319595474537,101180400
2018-12-18,20.70863914489746,21.133031805120194,20.578723294130448,20.907843559538193,90844000
2018-12-19,20.44880485534668,21.124367854623237,20.284243917484932,20.66533179654444,129331700
2018-12-20,20.266921997070312,20.570060054584406,20.154328711006542,20.24959944476219,107016900
2018-12-21,19.861671447753906,20.628597884932635,19.818095043086444,20.245133835208335,118502300
2018-12-24,19.443342208862305,19.826806178407633,19.41719803379822,19.600213908324918,71752700
2018-12-26,20.32356834411621,20.33228362446769,19.21675267352478,19.495636657962827,108133500
2018-12-27,20.567590713500977,20.567590713500977,19.791947403533335,19.98368024212453,98005000
2018-12-28,20.55887794494629,20.829045013283878,20.47172679514612,20.663457994890553,76348400
2018-12-31,20.759323120117188,20.846474264435468,20.497871349432163,20.672171975798907,56435400
2019-01-02,20.933624267578125,20.977199006226925,20.393288532076504,20.45429383109271,62945000
2019-01-03,20.4630069732666,20.829040391389782,20.41071695989745,20.77675037802063,65729700
2019-01-04,21.142786026000977,21.18636076469269,20.759322008888926,20.811612027772927,64638400
2019-01-07,21.168935775756836,21.3606669885842,20.968487618857733,21.09921352134321,48167000
2019-01-08,21.186363220214844,21.395524982262653,20.94234199562736,21.360665519722982,90114700
2019-01-09,21.29094696044922,21.369382836472322,21.090500460510217,21.238656930523845,61037100
2019-01-10,21.299659729003906,21.369380314767017,21.099211590448814,21.16893383848181,48630500
2019-01-11,21.35194969177246,21.395524434398737,21.07306734951657,21.195077958686053,44961600
2019-01-14,21.50010871887207,21.569829312786233,21.116644621209137,21.14279046727823,50610600
2019-01-15,21.69183349609375,21.72669461383533,21.351945909461246,21.41295120323943,59156500
2019-01-16,22.153732299804688,22.28445816070236,21.883565298980223,21.944570589914505,72982400
2019-01-17,22.27574348449707,22.354179335612198,21.93585590451121,22.066581768946577,55771300
2019-01-18,22.659208297729492,22.685354136490087,22.24960013076452,22.432616015279844,58400200
2019-01-22,22.39775848388672,22.58077438412897,22.28446150179125,22.467479064303255,79651700
2019-01-23,22.423906326293945,22.511057481621012,22.17116980434248,22.484911636341884,44072000
2019-01-24,22.476198196411133,22.537203506946433,22.27575003887652,22.345470631241156,25496900
2019-01-25,22.659208297729492,22.80736472616697,22.572057164130456,22.633062458968897,63140000
2019-01-28,22.58949089050293,22.61563673292935,22.406473318057696,22.44133444129292,66894900
2019-01-29,22.511051177978516,22.667922881185333,22.502335898659297,22.580771750262706,29442100
2019-01-30,22.641780853271484,22.781222021304316,22.423903820436454,22.58077555004085,62076800
2019-01-31,22.60692024230957,22.64177970140944,22.415187399316128,22.45004852068576,64021500
2019-02-01,22.702787399291992,22.80736911217652,22.61563791120314,22.641782092721822,42920300
2019-02-04,22.798654556274414,22.807369837814573,22.589492786120612,22.711503403142835,30362500
2019-02-05,22.737646102905273,22.859656703052135,22.650494961827622,22.842226142382653,39094900
2019-02-06,22.711498260498047,22.83351051216259,22.63306240666713,22.667923524934032,51542800
2019-02-07,22.48490333557129,22.70278031232012,22.30188747299159,22.641775024793553,80395700
2019-02-08,22.371610641479492,22.467477054327027,22.084013065206495,22.36289536192339,54911100
2019-02-11,22.44133186340332,22.484906600171968,22.328036550443038,22.44133186340332,53115700
2019-02-12,22.772506713867188,22.859657859353174,22.59820608516506,22.606921365940643,37671300
2019-02-13,22.833507537841797,23.03395395495725,22.824792259410334,22.877082267729715,42969600
2019-02-14,22.554628372192383,22.728930653047662,22.423902492685798,22.6592100731595,47630100
2019-02-15,23.03395652770996,23.03395652770996,22.554626134057607,22.737643677021474,46880800
2019-02-19,23.06882095336914,23.138541541360507,22.850943908112374,22.920664496103743,23868300
2019-02-20,23.21697425842285,23.225689538522225,23.007812522847026,23.060102541173556,27509100
2019-02-21,23.094961166381836,23.25183286668265,23.01652531623143,23.173397016532245,46619900
2019-02-22,23.060102462768555,23.164684161335742,22.972952986610554,23.09496358304752,26343700
2019-02-25,23.15596580505371,23.373842791043707,23.12982163058738,23.164681083965647,33835900
2019-02-26,23.08625030517578,23.260552597147885,22.972954978982813,22.990383878364142,35659700
2019-02-27,23.173397064208984,23.21697179781796,23.016525363585426,23.04267120111253,42542400
2019-02-28,23.112396240234375,23.225691566881178,23.103680959373875,23.182116824848528,39835900
2019-03-01,23.26055145263672,23.47842847574651,23.190830871732377,23.312841472747536,82657300
2019-03-04,23.112396240234375,23.478429725026135,22.920663385843067,23.32155799407683,76611900
2019-03-05,23.025239944458008,23.164681082501232,22.850937690769236,23.155965803589844,39868100
2019-03-06,22.8770809173584,23.10367315639312,22.859650361524352,23.025237317409204,43158900
2019-03-07,22.641780853271484,22.7899373020901,22.511054966024435,22.7899373020901,62622100
2019-03-08,22.633068084716797,22.650498648223124,22.380331562955167,22.389046844708332,55826400
2019-03-11,22.868375778198242,22.93809637017595,22.64178343870319,22.746365157804764,63343500
2019-03-12,22.9206600189209,22.999095872873745,22.868370003708872,22.903231122029965,32521100
2019-03-13,23.07752799987793,23.164679119336416,22.938086873652093,23.00780743676501,42817500
2019-03-14,23.164682388305664,23.251833520062803,23.033956521804747,23.04267180120742,37665700
2019-03-15,23.326732635498047,23.39680912404337,23.15154224951238,23.16906178933753,70020400
2019-03-18,23.563243865966797,23.63332036181351,23.3705339200772,23.3705339200772,43980700
2019-03-19,23.379295349121094,23.73843762465274,23.31797861975065,23.694638767419875,45029300
2019-03-20,22.897518157958984,23.335496709844996,22.871240514129397,23.326736938316607,65860300
2019-03-21,22.827438354492188,22.923794156611002,22.582171470197515,22.739842322634658,104914100
2019-03-22,22.19675636291504,22.678532171569696,22.10040053288178,22.555898693895237,121855900
2019-03-25,22.100393295288086,22.363181380931138,21.9690000878442,22.17046978397518,72835600
2019-03-26,22.36318588256836,22.415742841974406,22.144196602494954,22.275589836387873,51171500
2019-03-27,22.266826629638672,22.424499154288622,22.16171105628692,22.31062381059461,73148100
2019-03-28,22.45953941345215,22.468299184905412,22.205512724329786,22.31062664025781,52089300
2019-03-29,22.520854949951172,22.669767715257677,22.433260581569506,22.652249844034632,50234400
2019-04-01,23.072711944580078,23.090231488925852,22.696050094924487,22.704809867097374,62485300
2019-04-02,23.05518913269043,23.17782258421895,22.976352865063387,23.011391948788948,41002400
2019-04-03,23.125268936157227,23.31798058269345,23.028914783644826,23.212864987241353,52030900
2019-04-04,23.26541519165039,23.361770986929894,23.12526221892851,23.12526221892851,54378900
2019-04-05,23.300458908081055,23.388054951156715,23.230382407771636,23.309218679464173,37088800
2019-04-08,23.326732635498047,23.335492405410623,23.186579658407403,23.23913827788285,34998000
2019-04-09,23.13402557373047,23.221621612945523,23.02891166327679,23.221621612945523,65954800
2019-04-10,23.204105377197266,23.239144466178036,23.020155172315373,23.13402886999144,48232700
2019-04-11,23.344257354736328,23.43185340254182,23.221623890262027,23.291700394355292,62205000
2019-04-12,23.773473739624023,23.93990604649637,23.56324424866944,23.685879371459556,84627600
2019-04-15,23.62456512451172,23.790997460619106,23.572008160229935,23.782237688112847,40030400
2019-04-16,23.957429885864258,23.983707532725035,23.65960430256641,23.677123847644115,56093400
2019-04-17,24.018741607666016,24.053779019749683,23.82603166431726,24.045020919795338,58834000
2019-04-18,23.948665618896484,24.045021427985052,23.91362653531684,23.97494493158122,52495700
2019-04-22,23.87858772277832,23.94866421507441,23.7997514601008,23.87858772277832,39324100
2019-04-23,24.027503967285156,24.05378161149041,23.773475601596996,23.86983141903121,54250300
2019-04-24,24.001224517822266,24.106340106321035,23.896110600079094,23.948667558950678,39505200
2019-04-25,24.045019149780273,24.141373278984066,23.826029910422548,23.887346630121865,44532300
2019-04-26,24.264009475708008,24.281527345867065,24.009981144714825,24.045020226543695,41527900
2019-04-29,24.50927734375,24.64067056434193,24.290288085844967,24.351604810737506,61643200
2019-04-30,24.544313430786133,24.579350838980993,24.334083969351237,24.544313430786133,38800300
2019-05-01,24.34284782409668,24.64943146258211,24.325328281681646,24.57059519246999,67969500
2019-05-02,24.369125366210938,24.483000720682305,24.193934955051507,24.32532818110996,50972900
2019-05-03,24.588111877441406,24.631910728389013,24.430439355540674,24.47423820648828,34598900
2019-05-06,24.42168426513672,24.509280313062128,24.115100603531257,24.15889779211614,42517000
2019-05-07,24.018741607666016,24.43044080649285,23.852309305691154,24.19393368035065,60090800
2019-05-08,23.966190338134766,24.167660099975127,23.861074735443022,23.922391474198278,44254200
2019-05-09,23.913625717163086,23.966184340734372,23.563243247131524,23.67711859411391,56468300
2019-05-10,24.071304321289062,24.11510318531874,23.5720089666415,23.782238501716485,63453600
2019-05-13,23.370534896850586,23.642081120761464,23.291698626883637,23.58952416436867,54962500
2019-05-14,23.554481506347656,23.755952871674936,23.396808990332946,23.423088299920487,52398400
2019-05-15,23.466890335083008,23.58076401724457,23.23038152895266,23.31797756871451,49061700
2019-05-16,23.70339584350586,23.83478905875233,23.52820544676236,23.545723316907946,44872600
2019-05-17,23.545724868774414,23.773473903231434,23.431851186923648,23.466890271034956,62711500
2019-05-20,23.572006225585938,23.677121816278042,23.458132533862152,23.458132533862152,44357300
2019-05-21,23.817272186279297,23.817272186279297,23.668359423894113,23.668359423894113,36851400
2019-05-22,23.677120208740234,23.74719670752531,23.607043709955157,23.694638080369863,25867600
2019-05-23,23.344257354736328,23.45813271811016,23.14278761431265,23.449372946254048,51832900
2019-05-24,23.528209686279297,23.53696945830819,23.361777359241678,23.431853864717148,30582000
2019-05-28,23.25666046142578,23.52820836682614,23.25666046142578,23.45813186528053,35177700
2019-05-29,23.212860107421875,23.25665728837902,22.967591550097943,23.072707123452588,39700600
2019-05-30,23.13402557373047,23.396812020620146,23.02015189227974,23.265418797175307,40641200
2019-05-31,22.78364372253418,22.95007603460518,22.766124180051857,22.836200679225616,49259200
2019-06-03,22.932552337646484,23.028908133087842,22.70480333890205,22.748600516417998,63329300
2019-06-04,23.554481506347656,23.580760815935196,23.151542117203636,23.212858835485964,45454400
2019-06-05,23.70339584350586,23.720915384406823,23.39681056076051,23.598281939610835,46599700
2019-06-06,23.79098892211914,23.887344714350476,23.580759469686818,23.712152668612624,37297600
2019-06-07,23.755956649780273,23.869830334592685,23.720917564757666,23.79099406404735,33054800
2019-06-10,23.957429885864258,24.132620324373956,23.896113148848073,23.896113148848073,37081400
2019-06-11,23.966190338134766,24.18517964554972,23.896113826592213,24.088823815645277,34273400
2019-06-12,23.729677200317383,23.983703882256535,23.677120243839546,23.93990669698426,36866000
2019-06-13,23.80851173400879,23.88734799835362,23.712155928530574,23.77347265174202,31020000
2019-06-14,23.861068725585938,23.939904990059397,23.65083924390851,23.83478941384298,29724100
2019-06-17,23.64208221435547,23.922388222423635,23.61580289956573,23.852311720406593,40981600
2019-06-18,23.957429885864258,24.05378404228007,23.589527793011374,23.589527793011374,46237400
2019-06-19,23.913625717163086,24.167654052158095,23.887348076132845,24.001221752359825,58118500
2019-06-20,24.018741607666016,24.115097414718107,23.75595516939449,24.045020919795338,50583800
2019-06-21,23.965036392211914,24.193945837631322,23.929820458676424,24.035469938551103,65322300
2019-06-24,23.868192672729492,24.088297727463573,23.841779461624814,23.921017415670548,48377800
2019-06-25,23.788955688476562,23.903409582726116,23.674500114958636,23.868193645752548,47748500
2019-06-26,23.744935989379883,23.956236669682266,23.736131584458718,23.841782764244176,31448000
2019-06-27,23.956233978271484,24.026669209727626,23.832975681759926,23.832975681759926,59459800
2019-06-28,24.299598693847656,24.387641052737532,23.982646873551438,24.237969546405242,76728100
2019-07-01,24.59014129638672,24.69579080079847,24.45807857623773,24.581336891140975,48971100
2019-07-02,24.52851104736328,24.6341605470734,24.39644665382285,24.55492258265655,56626800
2019-07-03,24.722200393676758,24.73100479763228,24.537312948415806,24.60774650079165,23706800
2019-07-05,24.792638778686523,24.889485561806513,24.67818486349181,24.80144318435822,40683100
2019-07-08,24.66937255859375,24.766217631434905,24.598939015041935,24.660568155741256,26286700
2019-07-09,24.713396072387695,24.757418092312566,24.484486606583424,24.502095414553374,25895800
2019-07-10,24.62535285949707,24.854262317378545,24.590136924044387,24.722199620711464,36566700
2019-07-11,24.766218185424805,24.801435797622556,24.616546692120714,24.660568707367904,40907500
2019-07-12,24.933502197265625,24.933502197265625,24.73981033914305,24.801439490397126,31109900
2019-07-15,24.792638778686523,24.959919127911416,24.72220521258162,24.942310316568022,28346100
2019-07-16,24.731000900268555,24.880672385388998,24.678176164128423,24.836650372548817,47287700
2019-07-17,24.519699096679688,24.722195308197197,24.48448148810203,24.642957368165476,35062600
2019-07-18,24.704586029052734,24.748608038928644,24.45806949081954,24.484481017477115,46369800
2019-07-19,24.598939895629883,24.810240533849424,24.581331089294537,24.76621851801106,29338500
2019-07-22,24.651765823364258,24.69578616205581,24.502094320837386,24.54611465952894,26683300
2019-07-23,24.90708351135254,24.94229943941324,24.704585627748706,24.713390029580868,45307600
2019-07-24,25.162410736083984,25.162410736083984,24.83665450395173,24.854263312016904,36374200
2019-07-25,24.986326217651367,25.188824153514847,24.933501472293596,25.153606537097417,34180400
2019-07-26,25.259258270263672,25.27686539959658,24.986326774748402,25.039153200552374,33642800
2019-07-29,25.0655574798584,25.285662485868187,25.039145953868697,25.215228951115773,35955100
2019-07-30,24.995132446289062,25.021545660530187,24.819049389153758,24.8718741383675,30726100
2019-07-31,24.871877670288086,25.11839600040645,24.827857319570292,24.995135995712896,64485400
2019-08-01,24.308401107788086,25.02154096580893,24.273183495407707,24.854260665538497,107976300
2019-08-02,24.299598693847656,24.422856988732487,23.97384246973562,24.26438107858438,66036400
2019-08-05,23.489608764648438,23.876994082603055,23.313524071232315,23.762538528102148,85527900
2019-08-06,23.868192672729492,23.885799800864312,23.410373755858213,23.639283214293854,53445000
2019-08-07,23.551239013671875,23.656890170555126,23.10222453563735,23.419176327018935,82354600
2019-08-08,24.000253677368164,24.00905808044889,23.66569307737324,23.780148638154518,66653200
2019-08-09,23.921016693115234,24.044274982677337,23.68330283815839,23.868191951769795,53782700
2019-08-12,23.463197708129883,23.727324772471132,23.3927641601592,23.639282417690715,56837600
2019-08-13,23.753734588623047,23.921014882702963,23.331133331306745,23.41917567973134,72255900
2019-08-14,22.87331771850586,23.34874546010611,22.85570891046103,23.22548548306066,92067300
2019-08-15,22.987775802612305,23.137447328806097,22.820495466450172,22.987775802612305,59504500
2019-08-16,23.392765045166016,23.45439419206342,23.10222643888661,23.10222643888661,48451800
2019-08-19,23.630477905273438,23.797758210657705,23.586457567720426,23.75373619383646,38297700
2019-08-20,23.31352424621582,23.542433677667663,23.28711271749283,23.498413343617276,40579300
2019-08-21,23.419178009033203,23.498415962569634,23.357548862786707,23.463198347989756,44913500
2019-08-22,23.57765007019043,23.639279206384163,23.392760982341215,23.542432461355144,43896700
2019-08-23,22.978965759277344,23.586456119976727,22.820489866984623,23.41037142203634,86245300
2019-08-26,23.199073791503906,23.216682599428232,22.987773134217015,23.128640239074944,34175500
2019-08-27,23.058204650878906,23.357547642090637,22.91733755845788,23.287114095880124,54240800
2019-08-28,23.269502639770508,23.304718569231564,22.91733494881991,22.93494207391643,51870400
2019-08-29,23.621671676635742,23.700909621522943,23.436784258077672,23.480804592229184,49818300
2019-08-30,23.700910568237305,23.824168852199474,23.612868217149394,23.75373530718278,40561000
2019-09-03,23.454397201538086,23.533635166078568,23.25190092738731,23.50722363074409,59997200
2019-09-04,23.683307647705078,23.727329673823036,23.57765814355917,23.630482895632124,43945700
2019-09-05,24.16753578186035,24.37003203003214,24.009059873110843,24.01786427684896,68639200
2019-09-06,24.15873146057129,24.26438094725265,24.070689102157946,24.193947396375638,35660800
2019-09-09,24.52851104736328,24.62535614221947,24.27318834440487,24.32601309425993,67797700
2019-09-10,24.616546630859375,24.722197787921527,24.387638869216364,24.60774390710002,77540100
2019-09-11,24.75741195678711,24.78382348292822,24.41404700354122,24.634152010812816,53285900
2019-09-12,24.88947868347168,24.98632376055936,24.60774449691076,24.686982446789546,72872200
2019-09-13,25.083171844482422,25.180018605964086,24.968717954859972,25.083171844482422,56248700
2019-09-16,24.995132446289062,25.030350065277226,24.83665651937934,24.8718741383675,36693600
2019-09-17,25.021541595458984,25.021541595458984,24.819045356980673,24.907087710878965,40868800
2019-09-18,25.109582901000977,25.17121204237622,24.854260253282792,24.92469379760709,57268900
2019-09-19,24.995132446289062,25.241650741400694,24.986328041542023,25.09197921923801,42335000
2019-09-20,24.848236083984375,25.13140659628492,24.83053750500824,25.034067787574976,82921100
2019-09-23,24.892480850219727,24.963273478313702,24.6801029659378,24.724349413389902,35827300
2019-09-24,24.65355682373047,25.01636925425639,24.582764195526128,24.96327351723109,61659700
2019-09-25,24.857084274291992,24.901329031946428,24.609309243070935,24.70664973530587,53544400
2019-09-26,24.74204444885254,24.848234226943813,24.706648981374958,24.821686360463676,53107500
2019-09-27,24.839385986328125,25.0340669730727,24.706650023984583,24.94557576890056,73386900
2019-09-30,24.77744483947754,24.92787939351612,24.759746259513122,24.901331523569493,30608000
2019-10-01,24.255342483520508,24.910174588085166,24.255342483520508,24.892476012543916,54786200
2019-10-02,23.75979995727539,24.113763114975185,23.70670590557779,24.104913825054005,78141700
2019-10-03,23.857139587402344,23.857139587402344,23.40583760078002,23.724403609699923,81128700
2019-10-04,24.299591064453125,24.317289642783884,23.86598602232551,23.88368460065627,40697200
2019-10-07,24.175703048706055,24.396930202062194,24.149156870514027,24.202250914727315,36922900
2019-10-08,23.69784927368164,23.94562256339261,23.680150699322585,23.93677327621308,60008900
2019-10-09,23.919086456298828,24.03412386238957,23.83059523508998,23.848293816897684,45131000
2019-10-10,24.166851043701172,24.343833421625124,23.981021065927163,23.981021065927163,54305400
2019-10-11,24.467727661132812,24.768596784208277,24.458878370709467,24.54736958711335,78702500
2019-10-14,24.50312042236328,24.55621446753874,24.361535176675886,24.388081355348984,35821000
2019-10-15,24.857084274291992,25.007518813278114,24.547365907223,24.644706399457935,65130200
2019-10-16,24.79513931274414,24.91902597631735,24.733195980957536,24.857082644530745,44595200
2019-10-17,24.81283950805664,24.998669515536186,24.750894484400813,24.92787689061598,32013600
2019-10-18,24.874784469604492,24.972123280338145,24.74204681235323,24.74204681235323,40523700
2019-10-21,25.21989631652832,25.255293472393788,25.07831106872503,25.087160357691396,44145400
2019-10-22,25.14910316467285,25.31723627584563,25.069461253476756,25.17565103101463,50423000
2019-10-23,25.25528907775879,25.25528907775879,25.087155992312987,25.0960052797395,30615400
2019-10-24,25.21989631652832,25.32608609629543,25.122555825727574,25.2818396514636,33469600
2019-10-25,25.34378433227539,25.42342624937277,24.98097190453372,25.19334978751694,28330200
2019-10-28,25.476516723632812,25.591554086884244,25.4322702855907,25.441119573199124,50104600
2019-10-29,25.53846549987793,25.6623521771796,25.39688024358191,25.423426424244045,48458100
2019-10-30,25.520769119262695,25.591561753508838,25.34378668973257,25.538467699781616,51106700
2019-10-31,25.396881103515625,25.441125864670227,25.193350813847882,25.432276574873416,56795500
2019-11-01,25.768543243408203,25.79508942538906,25.538466768540424,25.591560820331612,42302300
2019-11-04,25.989768981933594,26.034013741325655,25.918976354208663,25.989768981933594,37319100
2019-11-05,26.087112426757812,26.21100081316779,26.025169077467666,26.069413844723577,39516100
2019-11-06,26.21984100341797,26.21984100341797,26.034011008085834,26.069406474317535,40179900
2019-11-07,26.41452407836914,26.573807908667884,26.317183584780054,26.379126921489714,61738600
2019-11-08,26.405677795410156,26.414527085637495,26.22869536652242,26.38797921495548,53808800
2019-11-11,26.334880828857422,26.387974873657,26.21099416171532,26.246389628971954,19702400
2019-11-12,26.370275497436523,26.4499174061384,26.27293669955694,26.343729319755365,44640600
2019-11-13,26.2021484375,26.290637961594385,26.06056317355361,26.166751277598664,43495400
2019-11-14,26.255239486694336,26.255239486694336,26.078257083088193,26.13135281686761,46158400
2019-11-15,26.326026916503906,26.370271664761404,26.246385019377243,26.34372549093849,30097000
2019-11-18,26.379127502441406,26.38797679185615,26.246391536878967,26.326033453782305,25440500
2019-11-19,26.432222366333008,26.520711881900446,26.361429741181464,26.441069967626294,30770900
2019-11-20,26.308338165283203,26.379130801625685,26.12250812782028,26.32603674632622,46719500
2019-11-21,26.28178596496582,26.4056726282469,26.19329476783825,26.361427873597716,37192700
2019-11-22,26.476469039916992,26.50301690920578,26.317185199843134,26.317185199843134,35195000
2019-11-25,26.644601821899414,26.679997292659593,26.503016563199864,26.511864165017844,50094100
2019-11-26,26.618051528930664,26.644599395455227,26.485315571966378,26.644599395455227,33516200
2019-11-27,26.7242431640625,26.733090765689507,26.600354799502416,26.68884600623694,31012300
2019-11-29,26.67999839782715,26.75964032012334,26.626904345572854,26.671149107813186,19444200
2019-12-02,26.51186180114746,26.777335403410834,26.485315622401615,26.724241358089866,52427800
2019-12-03,26.140201568603516,26.2109941910252,25.972068457416043,26.202144902243834,66912000
2019-12-04,26.387975692749023,26.458768317288975,26.1490499519907,26.166748530083012,41793900
2019-12-05,26.51186180114746,26.556108245439326,26.396824421647157,26.494164911259986,44933500
2019-12-06,26.86583137512207,26.954320903761634,26.79503873951268,26.803888029942552,40811300
2019-12-09,26.803884506225586,26.918921891031605,26.795035216959068,26.812732107662754,21627500
2019-12-10,26.81273078918457,26.86582652217276,26.66229625470989,26.733088877531547,37362100
2019-12-11,26.75078582763672,26.848126311030132,26.724239650586995,26.803881557394487,24490200
2019-12-12,27.272890090942383,27.35253202131235,26.768492323819032,26.78619090564117,68427500
2019-12-13,27.1755428314209,27.40561927449478,27.016260698058282,27.246337141132162,48135700
2019-12-16,27.272890090942383,27.449872533504454,27.24634390603883,27.396776788038036,45914900
2019-12-17,27.379074096679688,27.467565299223207,27.281733605098886,27.29058289413617,30911900
2019-12-18,27.264036178588867,27.46756645938436,27.264036178588867,27.46756645938436,39079700
2019-12-19,27.255184173583984,27.334826082518905,27.228637995825146,27.27288275064268,36946900
2019-12-20,27.28720474243164,27.46508641343795,27.251627390377468,27.393933405751124,97416000
2019-12-23,27.22494888305664,27.367254913119847,27.189371527329993,27.358360574188186,38293100
2019-12-24,27.28720474243164,27.296099080445185,27.216051734744816,27.2783104044181,12315900
2019-12-26,27.43840789794922,27.43840789794922,27.313888849464703,27.313888849464703,15891300
2019-12-27,27.367252349853516,27.491769690390882,27.349463673656313,27.48287535229228,19417400
2019-12-30,27.28720474243164,27.536239421124776,27.260521728391012,27.49176942747858,18819300
2019-12-31,27.376148223876953,27.385042562474567,27.233842199158374,27.269417857127205,15788100
2020-01-02,27.64297103881836,27.64297103881836,27.393934652370774,27.473982001713868,28843300
2020-01-03,27.349464416503906,27.46508742208314,27.207158395904116,27.287205744544195,51363600
2020-01-06,27.331674575805664,27.349463251728437,27.091532540112738,27.100426878074124,27956100
2020-01-07,27.153797149658203,27.31389016871928,27.153797149658203,27.26942016838372,39627500
2020-01-08,27.331674575805664,27.482874928306224,27.1804742233051,27.1804742233051,47966600
2020-01-09,27.50066375732422,27.55402808896811,27.420616411647625,27.527346771356925,27705300
2020-01-10,27.29610252380371,27.5273502520628,27.260525167261516,27.51845591292725,33458200
2020-01-13,27.48287582397461,27.50955883872837,27.287205471711715,27.358358481300183,27542700
2020-01-14,27.429513931274414,27.64297297903113,27.393936575104103,27.482878269108163,37575400
2020-01-15,27.27831268310547,27.385043051762164,27.189370991961834,27.29610136061853,41457300
2020-01-16,27.51845359802246,27.51845359802246,27.349464561506167,27.411723233795964,34444000
2020-01-17,27.598501205444336,27.660759878316956,27.491770840218706,27.598501205444336,38819400
2020-01-21,27.367252349853516,27.589605713053974,27.367252349853516,27.465086676095076,41276500
2020-01-22,27.447301864624023,27.518454878612314,27.411724509419045,27.456196203425268,27391000
2020-01-23,27.376148223876953,27.438406897638625,27.118217493811013,27.304995211517664,43072300
2020-01-24,27.029279708862305,27.38504651847387,26.86029234036087,27.38504651847387,58924900
2020-01-27,26.61125373840332,26.735771093739423,26.460053365600164,26.4956307222229,50289300
2020-01-28,26.922548294067383,27.038171307975514,26.7090892477912,26.753559246273934,34257900
2020-01-29,26.87807846069336,27.109326200947148,26.83360845913071,27.01149185822495,41167500
2020-01-30,27.216054916381836,27.233843594488473,26.62014777118329,26.637936449289924,51210000
2020-01-31,26.646827697753906,27.02038143634025,26.548993366129558,26.984805778410024,58958800
2020-02-03,26.833608627319336,27.100432031211284,26.815819948014052,26.833608627319336,40168200
2020-02-04,27.091533660888672,27.349464383174954,27.0826410189809,27.198264024419238,79273300
2020-02-05,27.634082794189453,27.660765815328414,27.393940693204712,27.45620107586229,51086900
2020-02-06,27.598501205444336,27.811960239473997,27.545135174620718,27.785277224062188,37044400
2020-02-07,27.50066375732422,27.580711103000816,27.385040756025536,27.447299425680328,27982500
2020-02-10,27.580707550048828,27.580707550048828,27.4028242055888,27.411718542453933,17723700
2020-02-11,27.678552627563477,27.803069991628767,27.651869608225834,27.651869608225834,27997400
2020-02-12,27.69633674621582,27.909795789574474,27.660761087200218,27.820855793824627,26964200
2020-02-13,27.68744468688965,27.749705064030845,27.52735166350631,27.607399023408888,22758700
2020-02-14,27.7230167388916,27.740805414669932,27.5896050633971,27.660758070088935,22080200
2020-02-18,27.48287582397461,27.71412352924252,27.322781128295166,27.642970519654053,37768900
2020-02-19,27.68744468688965,27.758597707200625,27.54513864626769,27.580716004634088,25643300
2020-02-20,27.634082794189453,27.82086054931824,27.447306735482634,27.589612788713154,50344300
2020-02-21,27.367252349853516,27.562922698758168,27.216051995020344,27.500664028489485,51128200
2020-02-24,26.477842330932617,26.73577138355647,26.353323277824984,26.50452365226716,70455400
2020-02-25,25.579532623291016,26.540099141431995,25.45501527536844,26.486734806096838,111826900
2020-02-26,25.39275550842285,25.98866263916183,25.39275550842285,25.748522276236077,95015700
2020-02-27,24.307668685913086,25.25044643553989,24.289880010382785,24.850211414636952,143536200
2020-02-28,23.649505615234375,23.880753333836015,23.098068486811748,23.48051657155978,192063500
2020-03-02,24.859107971191406,24.859107971191406,23.444940372319532,23.693975066285343,127115500
2020-03-03,23.925228118896484,25.12593694957658,23.685086013476067,24.779066150472865,256525000
2020-03-04,24.716798782348633,24.725691423347406,23.8362780383864,24.245409077607594,124408000
2020-03-05,23.524986267089844,23.96079865098147,23.258161216096806,23.898539981342882,130265700
2020-03-06,22.724512100219727,22.982442805141893,22.262018413180275,22.45768875398845,160606600
2020-03-09,20.287521362304688,21.239193531294323,20.02959233068602,20.456510401488952,134165700
2020-03-10,21.47933578491211,21.49712446213545,20.314204569529323,21.23030108947185,149282300
2020-03-11,20.314205169677734,21.03462965429047,20.029593111382415,20.82117061056898,146915400
2020-03-12,18.11735725402832,19.75387685060971,18.05509687196308,18.624322775891603,161437500
2020-03-13,20.5009822845459,20.53655964193137,18.58874343204299,19.47815700961846,160945700
2020-03-16,17.690425872802734,18.98007553592126,16.836590118003237,17.210143684833227,110661600
2020-03-17,18.651002883911133,18.846674964795984,17.379142840268813,18.099567392959997,122295100
2020-03-18,17.067848205566406,17.832742781456986,16.25848192987749,17.476977665179753,145056400
2020-03-19,17.44139862060547,17.69043330551118,16.10727842087952,16.712079849516066,105652800
2020-03-20,16.81880760192871,17.717115357853537,16.605348585137882,17.62817367675199,157840900
2020-03-23,15.840229988098145,16.683368423945282,15.687747523219475,16.539855717095524,144547900
2020-03-24,17.8045654296875,17.903229362541865,16.66543163566023,16.78203508750873,158551100
2020-03-25,18.288917541503906,19.04236011067485,17.391962264948635,18.064678722365088,162949600
2020-03-26,19.437021255493164,19.571564207197085,18.504186930173933,18.531096204837297,129753900
2020-03-27,18.845033645629883,19.437024088042826,18.43243326136246,18.6477040684278,109305600
2020-03-30,19.20381736755371,19.311452781706688,18.477283882143446,18.8719447862952,67297200
2020-03-31,18.674606323242188,19.239689037109798,18.513154119280014,19.024418291289425,83819900
2020-04-01,17.53547477722168,17.88528849453434,17.37402426631553,17.68795724097171,79185000
2020-04-02,17.97498893737793,18.118501679684563,17.365058927171308,17.427845538079605,68398300
2020-04-03,17.616201400756836,18.06467904709632,17.365055013722856,17.804562901838775,68418100
2020-04-06,18.880910873413086,19.03339336297671,18.360676799161897,18.495221480570212,69015100
2020-04-07,19.069272994995117,19.930349402317304,19.060303235234667,19.91241159360315,70950900
2020-04-08,19.9034423828125,20.029015601308817,19.14102989021317,19.356298997981195,80003400
2020-04-09,20.97081184387207,21.221959916009357,20.387791305459867,20.423670334682168,147845500
2020-04-13,20.208398818969727,20.92596220754848,20.029007116422004,20.908022695132495,66236300
2020-04-14,20.298097610473633,20.755545017062786,19.921376317447653,20.6927584200262,96169000
2020-04-15,19.41908073425293,19.607442225537223,19.320416820538643,19.490837085502573,63482000
2020-04-16,19.0782413482666,19.410113880903143,18.889879828797074,19.374236555313043,68907600
2020-04-17,20.082828521728516,20.199433668212208,19.661260148672092,19.82271237561477,88698600
2020-04-20,19.733015060424805,20.05591949068978,19.50877625291998,19.688167983246373,59063100
2020-04-21,19.09617805480957,19.4728976166685,19.024419992581546,19.132055375117215,71957900
2020-04-22,19.302478790283203,19.544657135937925,19.25762999804724,19.490838585254767,47507800
2020-04-23,19.221757888793945,19.60744905260602,19.194848606153467,19.356300880382424,71740200
2020-04-24,19.49981117248535,19.580537299414306,19.13205957683422,19.428054805304807,33825300
2020-04-27,20.163555145263672,20.27119053621706,19.661260646029703,19.697137969143164,109435100
2020-04-28,20.378826141357422,20.92596948467476,20.333979055527692,20.77348699772435,46452300
2020-04-29,20.97081184387207,21.221959916009357,20.791421830179388,21.00669087309437,70064400
2020-04-30,20.441614151000977,20.773486687114733,20.34294851068285,20.54924783970563,56745700
2020-05-01,19.786834716796875,20.01107355627809,19.65229175526946,19.957256713828443,37534300
2020-05-04,19.607446670532227,19.634354239096794,19.23072531336752,19.52672054322502,50177200
2020-05-05,19.544660568237305,19.98416854449416,19.544660568237305,19.87653313503215,65123000
2020-05-06,19.123085021972656,19.77786192216067,19.105145506974168,19.72404508797152,63738400
2020-05-07,19.571563720703125,19.8944681654112,19.374234177162858,19.374234177162858,61339000
2020-05-08,19.993141174316406,20.020048747439105,19.741992990059963,19.94829236776684,42218300
2020-05-11,19.607446670532227,19.777866974130326,19.4998112638537,19.715080366404,54994900
2020-05-12,19.09617805480957,19.759924733161498,19.078238539252563,19.68816838173984,62202700
2020-05-13,18.531097412109375,18.961635569933392,18.3875846928347,18.934728004323492,86848300
2020-05-14,19.006484985351562,19.024422792742428,18.019833724976067,18.208193533629778,103763100
2020-05-15,18.880910873413086,19.04236312245771,18.65667201880815,18.82709402733377,70285000
2020-05-18,19.849620819091797,20.00210329453779,19.445991944657006,19.580534902801936,79548500
2020-05-19,19.365266799926758,19.831684008333795,19.356297040825858,19.733018369030525,56673200
2020-05-20,19.795804977416992,19.91241013495438,19.670231771582838,19.688171289789608,50402600
2020-05-21,19.733015060424805,19.92137483754182,19.625379680067702,19.733015060424805,49939900
2020-05-22,19.6612606048584,19.750956478663976,19.463931051131322,19.724047203280353,37584500
2020-05-26,20.68378448486328,20.899053507291324,20.387789365173955,20.40572887807782,108349200
2020-05-27,21.58074378967285,21.61662282244548,21.114328339273808,21.60765306425232,121521200
2020-05-28,21.239900588989258,21.831890916992645,21.17711399523229,21.822921159197882,101590100
2020-05-29,20.997724533081055,21.18608604554064,20.782455455131924,20.988754774315687,86969000
2020-06-01,21.239900588989258,21.33856621392528,20.934935667192804,21.078448370296268,52619200
2020-06-02,21.41031837463379,21.562800805685196,21.257835943582382,21.428256175905812,52572800
2020-06-03,22.208614349365234,22.307279983893096,21.831893039393847,21.885709880587893,77622900
2020-06-04,22.692970275878906,22.692970275878906,21.993346179136747,22.172736227436985,97575100
2020-06-05,23.536109924316406,24.065313756930628,23.455383799964633,24.02046667042706,135859300
2020-06-08,23.984588623046875,24.038405471234917,23.652716063279392,23.921802015026365,80298400
2020-06-09,23.47332191467285,23.67962123753878,23.249083073955994,23.41950507192665,92833100
2020-06-10,22.59430503845215,23.464351084834277,22.57636552141998,23.338777887222108,110848900
2020-06-11,20.74657440185547,21.849830671379635,20.710697081090682,21.526926230464625,233116600
2020-06-12,21.37444305419922,21.580742346425893,20.82729981665285,21.580742346425893,127502900
2020-06-15,21.670442581176758,21.742198945585685,20.594095404236143,20.638944201245895,92469500
2020-06-16,22.01128387451172,22.53151787987442,21.48208011085578,22.53151787987442,108121300
2020-06-17,21.679414749145508,22.07407565264449,21.64353570755157,22.07407565264449,56320900
2020-06-18,21.65250015258789,21.85880116949551,21.401353766310443,21.464140362879807,61206500
2020-06-19,21.508987426757812,22.074070217066776,21.26680908805397,22.06510045887703,99903900
2020-06-22,21.4024715423584,21.55592670623745,21.239991123298047,21.375392333374908,47929500
2020-06-23,21.501768112182617,21.862838605582677,21.483714157082634,21.727437385772646,47218900
2020-06-24,20.743518829345703,21.230965277659045,20.680331709390984,21.22193830027696,90217500
2020-06-25,21.294147491455078,21.339280646246973,20.63519378986429,20.671299969353907,110208900
2020-06-26,20.382444381713867,20.99626495065207,20.328284249666247,20.933077842976587,123959100
2020-06-29,20.608116149902344,20.74351735758711,20.427580058509477,20.599089173160724,69107100
2020-06-30,20.88794708251953,21.032375277597634,20.481743429507326,20.499795662602168,60653100
2020-07-01,20.70741081237793,21.077508243752014,20.644223698004755,20.978213223040033,60500300
2020-07-02,20.73448944091797,21.23998978521495,20.689356280975595,21.16777569627534,50841900
2020-07-06,21.131669998168945,21.357339264891568,21.01432273702992,21.1948571173761,60271700
2020-07-07,20.698383331298828,20.969185735360497,20.644223194830435,20.960158758995814,43810900
2020-07-08,20.91503143310547,20.96919158468175,20.617148016855673,20.689362126197434,53046100
2020-07-09,20.472713470458984,20.95113115133361,20.30120436813732,20.905997992589842,71163700
2020-07-10,21.176801681518555,21.203882611450126,20.463687743851366,20.463687743851366,94440600
2020-07-13,21.267070770263672,21.583008081429405,21.14069653448531,21.447606868564044,102487100
2020-07-14,21.375389099121094,21.438576206148298,20.98723775970307,21.17679908078469,102468300
2020-07-15,21.799652099609375,21.898947133741334,21.564955841846544,21.88992015593661,90561800
2020-07-16,21.799652099609375,22.025321379567483,21.52884965234763,21.610090730870148,74678500
2020-07-17,21.619115829467773,21.862837322130254,21.61008885244771,21.844785089809942,47033200
2020-07-20,21.51982307434082,21.646197322514766,21.438581994308997,21.50176911839597,40127600
2020-07-21,21.94408416748047,22.052406198502936,21.637173754923797,21.66425469310948,46491300
2020-07-22,21.94408416748047,21.962138126270926,21.76354974473672,21.835763858178275,44437400
2020-07-23,21.96213150024414,22.088505730209388,21.826730293607124,21.898944385261515,49916100
2020-07-24,21.907968521118164,22.097529841485542,21.8357544388278,21.980182603408526,41245600
2020-07-27,21.72743797302246,21.826733007036196,21.53787660450893,21.80867905144825,43060200
2020-07-28,21.673276901245117,21.772571931013072,21.573981871477166,21.646195969021157,35370500
2020-07-29,22.07948112487793,22.10656205780173,21.601063361930333,21.63716955077546,36491600
2020-07-30,21.68229866027832,21.72743181473596,21.402467593138613,21.664244709807473,53994600
2020-07-31,21.69133186340332,21.71841107516494,21.40247373809292,21.673277907748925,50115900
2020-08-03,21.754520416259766,21.926029562808775,21.628144440093084,21.78159962980113,42982100
2020-08-04,21.66425323486328,21.700361150013727,21.54690595406464,21.66425323486328,30754400
2020-08-05,21.96213150024414,22.016291638554996,21.781595410248283,21.808676340263588,34860700
2020-08-06,21.95310401916504,22.043372062088917,21.799648862710363,21.88991690563424,33115400
2020-08-07,22.422494888305664,22.440548839964876,21.799647329819507,21.844782208967544,63302800
2020-08-10,22.584980010986328,22.666221082528853,22.449578798988725,22.548872102869726,45436100
2020-08-11,22.846755981445312,23.216853439521476,22.792595839749254,23.009238128253358,73758600
2020-08-12,22.783571243286133,23.2619907564668,22.62108907949949,23.252963778287537,58793600
2020-08-13,22.63913345336914,22.801615548381825,22.503732281431677,22.612052530293923,35222500
2020-08-14,22.729406356811523,22.837726628937634,22.503737114542496,22.53081632171418,28276900
2020-08-17,22.350282669067383,22.666219962597975,22.341255692484253,22.648166009431716,53397000
2020-08-18,22.205856323242188,22.422498613990907,22.18780236858316,22.368338471733697,35502500
2020-08-19,22.196826934814453,22.512764220149723,22.133639822091336,22.287094976584488,59847200
2020-08-20,21.989212036132812,22.115586263832977,21.926024922282732,21.944077153582953,45586100
2020-08-21,21.94408416748047,22.142674270734947,21.871870054038915,21.9531111468757,35349200
2020-08-24,22.467632293701172,22.467632293701172,22.01629374720355,22.070455612421608,51010900
2020-08-25,22.53081703186035,22.720380096635385,22.386388849993534,22.657192982283618,55236900
2020-08-26,22.422494888305664,22.530815154821763,22.34125382755879,22.47665502156371,30646600
2020-08-27,22.80162239074707,22.909942672114326,22.404444008387532,22.404444008387532,66463900
2020-08-28,22.891889572143555,22.97313064095004,22.70232650435517,22.9641036642249,49170600
2020-08-31,22.62108612060547,22.873836311404347,22.62108612060547,22.873836311404347,52259000
2020-09-01,22.684274673461914,22.76551574987009,22.43152618838753,22.503740287225913,42036100
2020-09-02,23.009241104125977,23.090482188037218,22.612062662973255,22.67525151179762,48432500
2020-09-03,22.657190322875977,23.47862615647165,22.512762157961543,23.14463494903231,98405500
2020-09-04,22.828706741333008,23.18977726950631,22.46763449143962,23.063401293355586,111105500
2020-09-08,22.241962432861328,22.657194779963834,22.1607213589004,22.603034637896506,84687600
2020-09-09,22.467632293701172,22.630114445915503,22.30515014148684,22.449580060348406,52321200
2020-09-10,22.15169334411621,22.69329814076715,22.10655846324886,22.539842989257476,55515300
2020-09-11,22.30514907836914,22.422498059028538,22.115587724300656,22.18780181942958,69285700
2020-09-14,22.612062454223633,22.810652533826694,22.440555031301074,22.503742157822025,51021000
2020-09-15,22.30514907836914,22.675248252839687,22.28709684587679,22.6571942986275,48459900
2020-09-16,22.55790138244629,22.810651599901934,22.305151164990647,22.35028605474344,62119900
2020-09-17,22.32320213317871,22.458603340875143,22.18780092548228,22.250988040959296,47334200
2020-09-18,22.278072357177734,22.503741644877316,22.2329374666058,22.32320552602964,61707200
2020-09-21,21.71986961364746,21.937703448562385,21.384041369493556,21.810634144326038,72307300
2020-09-22,21.53834342956543,21.874171718582133,21.35681607514774,21.66541448196644,84561500
2020-09-23,21.057294845581055,21.738026337599543,21.057294845581055,21.583727130161098,54282500
2020-09-24,21.102678298950195,21.402200115236088,20.82130973969736,21.066371784884087,56512300
2020-09-25,21.32050895690918,21.393120242841338,20.902994495596673,20.948375900108168,46026600
2020-09-28,21.82878875732422,21.983087961975798,21.62003151902787,21.62003151902787,62803500
2020-09-29,21.556489944458008,21.801553614048814,21.43849728753787,21.76524711580316,53250800
2020-09-30,21.846940994262695,22.02847007287275,21.638183765693846,21.64726039274331,66732200
2020-10-01,21.883241653442383,22.082922201590556,21.710789247975384,21.937699669993858,65766100
2020-10-02,22.05569839477539,22.1827694432689,21.538342767249958,21.592802529971294,63368100
2020-10-05,22.41875648498535,22.49136777053132,22.209997524249786,22.264457286801466,58911700
2020-10-06,22.191848754882812,22.76366248311088,22.11016083210883,22.609363265781113,88404900
2020-10-07,22.56397819519043,22.672894253759093,22.4006023761479,22.4006023761479,53815200
2020-10-08,22.872573852539062,22.92703187533001,22.636586778859183,22.69104480165013,57646300
2020-10-09,22.899803161621094,23.02687419617413,22.718275832700133,22.999644317800747,52031600
2020-10-12,23.153947830200195,23.226559121587517,22.881654189105433,22.881654189105433,45931400
2020-10-13,22.709199905395508,23.153944212043495,22.636588625354808,23.081332932002795,60377800
2020-10-14,22.491365432739258,22.80903869198985,22.46413555429374,22.727352519032145,48982200
2020-10-15,22.663816452026367,22.672893078301442,22.246302030509632,22.282606804420485,41637200
2020-10-16,22.681970596313477,22.827193160045166,22.573054539109467,22.709200476209237,40103600
2020-10-19,22.33707046508789,22.77273821528018,22.300763953643656,22.763661587419122,42989000
2020-10-20,22.518592834472656,22.78180979049674,22.47321143642199,22.482288062269998,67293900
2020-10-21,22.400602340698242,22.627512815411652,22.400602340698242,22.482290250090234,44307200
2020-10-22,22.845348358154297,22.87257824036816,22.382450747656573,22.391527375061195,39511800
2020-10-23,22.917959213256836,23.063181786608045,22.73643013097301,22.990570499932442,45092700
2020-10-26,22.400602340698242,22.627512815411652,22.191845119447393,22.59120630848653,54015100
2020-10-27,21.992156982421875,22.39151979712094,21.974003733756216,22.39151979712094,46083300
2020-10-28,21.429426193237305,21.719871329400814,21.302355147773596,21.529265626800033,89288300
2020-10-29,21.592802047729492,21.747099511758456,21.102674581321356,21.374966464088384,60908400
2020-10-30,21.656335830688477,21.69264060570331,21.302354319954215,21.46573013549472,66221600
2020-11-02,22.064775466918945,22.164616636065478,21.747100436062414,22.019394061592145,65136000
2020-11-03,22.554901123046875,22.781811593638515,22.445983335439507,22.473213215138724,79834200
2020-11-04,22.29168128967285,22.691044151471754,21.95585480569707,22.15553537100188,87397400
2020-11-05,22.836271286010742,22.99964711373284,22.48229148007261,22.48229148007261,65942300
2020-11-06,22.654739379882812,22.972414368500456,22.58212810230073,22.945186221400558,60783500
2020-11-09,24.515399932861328,24.905686099588735,24.197725025209554,24.488170061512097,162966800
2020-11-10,24.64248275756836,24.73324731413344,24.315732777599965,24.542643303417705,85851200
2020-11-11,24.54263687133789,24.79677548568812,24.397412580179868,24.778622232894683,65062400
2020-11-12,24.134197235107422,24.297573047163183,23.91636339609623,24.243113289018286,62733800
2020-11-13,24.5335636138916,24.63340305558652,24.29757648873957,24.361111151051713,45031800
2020-11-16,25.07814598083496,25.168910520857025,24.83308397332188,25.15075726661469,67556100
2020-11-17,25.041841506958008,25.087222911924098,24.624325310273548,24.796777765286016,63679700
2020-11-18,24.80585289001465,25.359514999251424,24.79677626333328,25.159832674640377,71578400
2020-11-19,24.88753890991211,24.914768787889376,24.524482526162174,24.678781705654572,47194800
2020-11-20,24.669706344604492,24.86031030665043,24.61524831704701,24.76047087799329,39974700
2020-11-23,25.132600784301758,25.205212055753556,24.860307217965566,24.987378241398165,51870500
2020-11-24,26.013015747070312,26.04024562628481,25.50473678672602,25.568271440370374,60983200
2020-11-25,25.9222469329834,25.940400182794935,25.613648610944022,25.867788914737975,45204600
2020-11-27,25.840564727783203,25.949482519437115,25.740725294222482,25.922252638726246,26981200
2020-11-30,25.305057525634766,25.758878513571606,25.259676119316953,25.6862672247493,72524200
2020-12-01,25.69533920288086,25.93132628165077,25.677187682351917,25.77702710442388,53972100
2020-12-02,25.97671127319336,26.022092674553114,25.613653137557346,25.659036270106593,57471800
2020-12-03,25.98578643798828,26.140085627876832,25.83148724809973,25.994863064592256,49566000
2020-12-04,26.303457260131836,26.348840385932363,26.14008146962841,26.15823471994862,52713100
2020-12-07,26.121932983398438,26.19454426192062,25.967633800140124,26.149161130850857,34631600
2020-12-08,26.112857818603516,26.17639247446749,25.876870717401935,25.876870717401935,31628500
2020-12-09,26.0493221282959,26.276232593764718,25.949480969508993,26.25807934104174,47589600
2020-12-10,26.094703674316406,26.121933553552598,25.767952048239984,25.84963995475909,41298300
2020-12-11,25.83148956298828,25.89502595490992,25.622732325957617,25.80426141192582,48216300
2020-12-14,25.531963348388672,26.176389933576196,25.513811827896276,26.176389933576196,38302900
2020-12-15,25.967636108398438,26.040247393375022,25.586426429473978,25.731648999427144,38604200
2020-12-16,26.013015747070312,26.031168999879977,25.88594643978161,26.013015747070312,55602800
2020-12-17,26.085622787475586,26.13100591212372,25.940400250979945,26.058392912686706,38510900
2020-12-18,25.858713150024414,26.12193008748007,25.70441398387195,26.12193008748007,56080100
2020-12-21,26.207294464111328,26.335047086098808,25.760164638343202,26.161669646564157,77688100
2020-12-22,25.951793670654297,26.26204731489686,25.93354304676349,26.225546067115246,42317900
2020-12-23,26.380672454833984,26.526673962605702,26.09779475108569,26.106920062880832,52681400
2020-12-24,26.417173385620117,26.444547580202418,26.19816938611026,26.43542226851657,16071000
2020-12-28,26.544925689697266,26.754802648284514,26.453674308427708,26.599675822268868,32824800
2020-12-29,26.453678131103516,26.663555120018934,26.4263021906241,26.654429806525794,23607000
2020-12-30,26.572298049926758,26.654422367493602,26.481046680938476,26.544922117087744,16616700
2020-12-31,26.900802612304688,26.937303858899718,26.462798096015725,26.53579884873055,26239300
2021-01-04,26.535799026489258,27.010304792551885,26.30767145516783,27.001179480841998,47086300
2021-01-05,26.6544246673584,26.7730519794214,26.389797588981768,26.526673784036937,35265400
2021-01-06,27.831567764282227,28.05057005586542,27.165435576490577,27.165435576490577,102254900
2021-01-07,28.23306655883789,28.525069549362566,28.17831469275818,28.242191869851176,64342700
2021-01-08,28.214818954467773,28.379071089323926,27.840689865284453,28.36994577733466,54266400
2021-01-11,28.30606460571289,28.35168941595102,27.822433611003955,27.941060902383008,56590400
2021-01-12,28.59807014465332,28.734946328173244,28.3881932138911,28.470319272098074,60546600
2021-01-13,28.579824447631836,28.65282520745371,28.369947480703377,28.552450250495763,55394700
2021-01-14,28.707571029663086,28.853574267849186,28.552445961260943,28.66194621430659,49828800
2021-01-15,28.23306655883789,28.461194112744682,28.023187886482553,28.28781668444249,68732700
2021-01-19,28.30606460571289,28.452066087044845,28.132687193953092,28.37906534637887,97457200
2021-01-20,28.187442779541016,28.39732147256424,28.08706782946064,28.39732147256424,56113100
2021-01-21,27.88631248474121,28.223942039806417,27.88631248474121,28.169191912665493,43713800
2021-01-22,27.685565948486328,27.795066222900804,27.557815048177613,27.60343987243773,37928000
2021-01-25,27.48480987548828,27.5213093809454,27.13805500103206,27.411809124098845,68321500
2021-01-26,27.26580810546875,27.630813632672023,27.247559221488864,27.594312383761558,55504600
2021-01-27,26.462797164916992,26.919052288450043,26.408047037426073,26.891676354467,84059200
2021-01-28,26.955554962158203,27.26580686136403,26.718302076491767,26.80042814231766,62985900
2021-01-29,26.417173385620117,26.955554591758435,26.298546074179338,26.882552098271656,78260700
2021-02-01,26.763925552368164,26.80042679778191,26.481047862312327,26.70917542472272,41947400
2021-02-02,27.411808013916016,27.548684199668298,27.065053153503424,27.074178464616924,54263000
2021-02-03,27.566932678222656,27.57605798920269,27.32055624366213,27.375306369067236,46195200
2021-02-04,28.178316116333008,28.187441427807304,27.649060234150124,27.658185545624423,63061800
2021-02-05,28.187442779541016,28.406445044000858,28.123567336632973,28.37907084874043,38461900
2021-02-08,28.552448272705078,28.552448272705078,28.278694136979095,28.278694136979095,48756300
2021-02-09,28.561573028564453,28.652824410923916,28.36082137975392,28.46119807439686,33572000
2021-02-10,28.561573028564453,28.744075793283375,28.424696825262934,28.707574544149452,38899600
2021-02-11,28.470321655273438,28.689323915332434,28.278693589924785,28.57982191506531,31909500
2021-02-12,28.76232147216797,28.789695663836067,28.415566626921592,28.442942559064747,38271800
2021-02-16,29.255081176757812,29.391955631810163,28.926576915111358,29.054327798873754,71330600
2021-02-17,29.401086807250977,29.437584578479733,29.063457186490226,29.163832149033556,60460900
2021-02-18,29.227705001831055,29.382833569330188,28.990453845653818,29.19120549337123,45188200
2021-02-19,29.574453353881836,29.674830025744136,29.38282706084468,29.41932830169459,54361800
2021-02-22,29.848209381103516,29.957713117164097,29.464956747742523,29.474080318605733,65930200
2021-02-23,30.03071403503418,30.06721528270695,29.72046039171677,30.058088230313473,94331400
2021-02-24,30.614713668823242,30.696839718429377,30.0580819415983,30.07633256161631,66000600
2021-02-25,30.05809783935547,30.879358769782538,29.975971746312762,30.86110814011175,92189400
2021-02-26,29.48320960998535,30.103716904328106,29.373705865606784,30.012463784012635,103105700
2021-03-01,30.40484046936035,30.587343210855543,29.98508660058659,29.98508660058659,67590700
2021-03-02,30.295345306396484,30.54172352666347,30.26796762795514,30.36834432668808,49987000
2021-03-03,30.5325984954834,30.988853715610592,30.37747339149667,30.41397464453511,72541700
2021-03-04,30.18584442138672,30.74247281775758,29.747836384744517,30.450469780629962,101311800
2021-03-05,30.760723114013672,30.842849184887708,29.912088208632216,30.69684766788395,109299800
2021-03-08,31.15310287475586,31.554609657630287,30.86109984045668,30.98885073284373,90538200
2021-03-09,30.870222091674805,31.326477196918947,30.587342673281363,30.90671985457218,117224600
2021-03-10,31.499849319458008,31.618476608064473,30.961468216951506,31.01622007652752,73269300
2021-03-11,31.408607482910156,31.654985717925765,31.153105675168515,31.335608458248714,50904800
2021-03-12,31.727994918823242,31.89224711016104,31.62761819289995,31.773619753983343,68126000
2021-03-15,31.545482635498047,31.85573629486194,31.253479600914467,31.84661272294716,57836400
2021-03-16,31.216983795166016,31.417737221807393,30.97060553909288,31.38123596588144,67373600
2021-03-17,31.42685890197754,31.609361689660915,31.098358061288838,31.44510952884099,64051100
2021-03-18,31.591110229492188,32.20249402996184,31.481609952151,31.746238813264,96690500
2021-03-19,31.226102828979492,31.37210433423043,30.89759857192727,31.344726658842436,98510500
2021-03-22,30.823740005493164,31.062042723610006,30.71375090816612,30.9978841650255,68170600
2021-03-23,30.392955780029297,30.851233161209702,30.282970187532108,30.64042598543219,70441900
2021-03-24,30.502933502197266,30.979542275216353,30.502933502197266,30.612922562694163,63357100
2021-03-25,31.01621437072754,31.062041411154553,30.246308203864906,30.48461091191281,60532600
2021-03-26,31.50198745727539,31.55698200390249,31.117036120022956,31.33700731377318,53779900
2021-03-29,31.227020263671875,31.42866342887486,30.906227497557058,31.06204012784742,71777800
2021-03-30,31.446996688842773,31.593645318116828,31.355339110309544,31.392002141722838,55011400
2021-03-31,31.20868682861328,31.511151557806144,31.190355315052013,31.382834459255974,51138300
2021-04-01,31.593645095825195,31.593645095825195,31.16286322069777,31.16286322069777,51690100
2021-04-05,31.84111213684082,31.996924759147063,31.740290559405604,31.9327662092117,51790700
2021-04-06,31.77695083618164,31.92360294962227,31.666965247479993,31.767786827281014,41336800
2021-04-07,31.932764053344727,32.006086607015476,31.712789399575453,31.868605507740877,38660800
2021-04-08,31.941926956176758,31.9785899799328,31.59363871962955,31.81360986940901,39927400
2021-04-09,32.216896057128906,32.23522407258255,31.978589899691006,32.16190152163284,40133700
2021-04-12,32.3543815612793,32.36354906663405,32.20773294301296,32.28105900033555,44435500
2021-04-13,32.051918029785156,32.20773064591463,31.87777040425385,32.17106761986819,39950900
2021-04-14,32.244388580322266,32.47352721236186,31.92359589401805,31.969422921150358,44065300
2021-04-15,32.216896057128906,32.3543771513015,31.91443135646812,32.31771412763746,55483500
2021-04-16,32.446041107177734,32.565190713008576,32.299392479988256,32.50103215713687,39115700
2021-04-19,32.3543815612793,32.528529199231045,32.24439597167426,32.436871627577794,31172300
2021-04-20,31.749454498291016,32.18023632952033,31.63946891241201,32.16190481581071,50227700
2021-04-21,32.189395904541016,32.21689491950721,31.547806998589145,31.639464554512703,39680000
2021-04-22,31.831937789916992,32.198560993357134,31.776943260487577,32.15273396702161,43611200
2021-04-23,32.42771530151367,32.56519644699788,31.776958625921576,31.831953181943067,50437700
2021-04-26,32.5560302734375,32.858491570516634,32.51936723852504,32.54686276651966,43749700
2021-04-27,32.812652587890625,32.85847961666969,32.52852291163351,32.601845458404384,50852400
2021-04-28,32.940975189208984,33.03263275851066,32.84015710754529,32.940975189208984,35771700
2021-04-29,33.5275764465332,33.55507197184301,33.170117135610134,33.19761615729905,48573000
2021-04-30,33.23426818847656,33.463406838000026,33.17927715027306,33.344257257640216,43940900
2021-05-03,33.39924240112305,33.58255398766433,33.270925339457456,33.51839545683154,33317300
2021-05-04,33.665061950683594,33.665061950683594,33.03264031159989,33.25261153546398,66939700
2021-05-05,33.94001388549805,34.06833096314499,33.765869779602646,33.765869779602646,38954200
2021-05-06,34.444129943847656,34.453293953143294,33.875863468906545,34.07750663720042,43332900
2021-05-07,34.62743377685547,34.63660128138534,33.96751680222502,34.050006861101146,64616700
2021-05-10,34.599937438964844,35.06737876397215,34.57244191878161,34.81074458525273,56341100
2021-05-11,33.9858512878418,34.56327825410694,33.857530687848474,34.2516495040237,82723700
2021-05-12,33.63755798339844,34.37996504817219,33.50007338068842,34.25164795037814,97911900
2021-05-13,34.17833709716797,34.389144329502315,33.490920840972535,33.509252360703336,66882600
2021-05-14,34.71910095214844,34.81075504455007,34.334146072026655,34.37080910753912,44850200
2021-05-17,34.78325653076172,34.8199195631275,34.471627748411024,34.60910887521388,40376700
2021-05-18,34.2974853515625,34.874915962531446,34.279157328948656,34.75576283726299,40299200
2021-05-19,34.0866813659668,34.10501288670189,33.53674972943418,33.90337315137597,63573900
2021-05-20,34.10500717163086,34.34331340487341,33.8667044347678,34.14167020695733,59216100
2021-05-21,34.444129943847656,34.6274381007923,34.22415526058352,34.24248677555378,44950300
2021-05-24,34.60910415649414,34.69159421988057,34.41662850738538,34.59077613918936,29159600
2021-05-25,34.26082229614258,34.92073943033152,34.21499525154853,34.65494117313429,38755900
2021-05-26,34.361637115478516,34.51744973564571,34.114166927819994,34.38913263753656,38601900
2021-05-27,34.75575256347656,34.847410131350564,34.47162284401392,34.67326599695802,39789500
2021-05-28,34.81991195678711,34.91156602130069,34.56327428266786,34.91156602130069,39265000
2021-06-01,35.030723571777344,35.269026267744344,34.93906599919089,35.16820468608869,35710700
2021-06-02,35.08572006225586,35.17737764906235,34.89324437453137,35.14071461433976,37537500
2021-06-03,35.16819763183594,35.37900476193146,34.86573644391738,34.975722012580654,54877500
2021-06-04,35.25986862182617,35.28736415037463,34.9482398115521,35.214038079072715,27250900
2021-06-07,35.030723571777344,35.31485330584813,34.96656501915627,35.31485330584813,37401800
2021-06-08,34.939064025878906,35.049053106770614,34.581608253927584,34.83824244991752,47747700
2021-06-09,34.60910415649414,34.84741033800103,34.51745008445533,34.80158330198162,40776200
2021-06-10,34.205810546875,34.994047904550065,34.17831503321859,34.9023938614436,53775500
2021-06-11,34.4257926940918,34.44412420600832,34.26081258322148,34.269976590990545,40416700
2021-06-14,34.06834030151367,34.41663210515181,33.86670062267398,34.361641054731486,50613400
2021-06-15,34.13249206542969,34.30663616656534,33.912517440920084,34.077497535207776,51315100
2021-06-16,34.0958366394043,34.32497532179763,33.67422230293147,34.02251058277659,84961100
2021-06-17,33.087623596191406,34.28831152367205,32.98680551516003,34.26998000992669,97659900
2021-06-18,32.290225982666016,32.757670900193794,32.24439894080896,32.647681804081856,180960000
2021-06-21,33.043853759765625,33.06225788686892,32.556156677327394,32.61136554840896,89831400
2021-06-22,33.09906768798828,33.2278930735038,32.786204533066964,33.11747181595171,42576400
2021-06-23,33.163475036621094,33.319904833759644,33.080658229245415,33.1266667866257,48094900
2021-06-24,33.577571868896484,33.66038870783116,33.20029593824503,33.35672579499427,42942800
2021-06-25,33.982452392578125,34.074469542810164,33.559167885143914,33.75240600676876,56845000
2021-06-28,33.7339973449707,33.94563957026909,33.54075924929333,33.91803513095198,70250700
2021-06-29,33.61436080932617,34.092857485821796,33.52234370278869,33.90881976251923,61051200
2021-06-30,33.76160430908203,33.835220833071325,33.503953495577626,33.51315380596175,42414100
2021-07-01,34.028465270996094,34.04686940541578,33.75241027516029,33.9272442868027,36615600
2021-07-02,33.991641998291016,34.06525850347552,33.85361631641232,34.02845025088327,27018400
2021-07-06,33.45793533325195,33.927228253369975,33.237089334813554,33.90882412764777,49225300
2021-07-07,33.503936767578125,33.577553254811846,33.18187341149889,33.2554863885053,43747100
2021-07-08,32.83220672607422,33.163473944669526,32.675773423858516,32.9702359038982,75084200
2021-07-09,33.779998779296875,33.826007338517606,33.20948492245804,33.31070585888049,70546500
2021-07-12,34.11127471923828,34.175687420615915,33.43033944460928,33.577568977790875,62953400
2021-07-13,33.74319839477539,34.05606158473712,33.61437299483154,34.000852704891976,44476200
2021-07-14,33.58677291870117,33.9824529900686,33.21869729084285,33.761606911307744,69632700
2021-07-15,33.69717788696289,33.90882004192509,33.255489453533826,33.255489453533826,53977600
2021-07-16,33.237098693847656,33.8720289242517,33.16348568045865,33.8720289242517,56160700
2021-07-19,32.30770492553711,32.76779755390368,32.11446686407791,32.592960108578346,89972200
2021-07-20,33.10826873779297,33.329114768067996,32.20648750877471,32.27090020297397,70635800
2021-07-21,33.67877960205078,33.844413232079575,33.347515852221434,33.37512028715015,59975000
2021-07-22,33.31071090698242,33.64197819993881,33.172681698174394,33.55916137669971,35292300
2021-07-23,33.36592102050781,33.724796274680564,33.27390388470684,33.63277562865086,36766900
2021-07-26,33.55916213989258,33.62357483607355,33.283103715998486,33.30150784494,25396000
2021-07-27,33.549957275390625,33.69718679210862,33.14507698197329,33.30150680776116,38988400
2021-07-28,33.503936767578125,33.71557890303409,33.27389051031373,33.669570353626675,42908200
2021-07-29,33.87202835083008,34.01925788534468,33.577569281800876,33.72479881631548,41434200
2021-07-30,33.60517501831055,34.028459507582234,33.52235818256356,33.78000900034125,52385300
2021-08-02,33.61436080932617,34.22168283906531,33.56835225605743,33.83520677933477,47589900
2021-08-03,33.991641998291016,34.03765406914541,33.2370903712907,33.73399125060159,42169600
2021-08-04,33.706390380859375,34.06526210601555,33.52235260866354,33.6695821243745,52346400
2021-08-05,34.14807891845703,34.14807891845703,33.908828761600695,33.91803258083361,37168200
2021-08-06,34.83821487426758,34.90262756233163,34.460939054080335,34.470139362277386,58081000
2021-08-09,34.930233001708984,35.095866635845205,34.59896573343655,34.79220731341436,48015600
2021-08-10,35.298309326171875,35.39953027269108,34.865821103854685,34.902629358994105,40907400
2021-08-11,35.70318603515625,35.71238985313582,35.233893114811934,35.39952673616359,48372100
2021-08-12,35.767608642578125,35.81361721455527,35.519158141626704,35.74000420143765,44566400
2021-08-13,35.500755310058594,35.841222933760235,35.41793848156589,35.795214364648466,43077200
2021-08-16,35.40874481201172,35.445553081944254,34.95785579114252,35.27071906510944,48011800
2021-08-17,35.1602897644043,35.42714442198599,34.8106217753966,35.16949358582677,52414800
2021-08-18,34.72779846191406,35.270707987094646,34.700190513021,35.022257508429426,39550400
2021-08-19,34.47014236450195,34.727796649427134,34.24929984625584,34.35052079638053,48961300
2021-08-20,34.681785583496094,34.73699796977938,34.34131797698744,34.47014336808647,33898600
2021-08-23,34.967044830322266,35.11427435235658,34.856623566353704,34.856623566353704,28807400
2021-08-24,35.178680419921875,35.26149722984979,35.00384649239763,35.03145092563092,37677300
2021-08-25,35.592769622802734,35.813612141099476,35.19708964144016,35.270706154358095,47904800
2021-08-26,35.41793441772461,35.79521025751869,35.381126162567035,35.749198183457516,38484300
2021-08-27,35.88722610473633,35.89642641308325,35.45473789763697,35.463941716212176,38511100
2021-08-30,35.381126403808594,35.92403588528509,35.36272227610432,35.90563175758082,30096500
2021-08-31,35.335121154785156,35.60197225596184,35.206292248768584,35.353521773987325,49876200
2021-09-01,35.13268280029297,35.38113330743607,35.01305770198796,35.36272917614076,43976200
2021-09-02,35.2523078918457,35.38113330065913,35.114278662271815,35.21549962926212,29611500
2021-09-03,35.03145217895508,35.26149849140434,34.94863536606422,35.18788549673921,34847500
2021-09-07,34.8198127746582,35.15108005268824,34.8198127746582,35.15108005268824,39214900
2021-09-08,34.73699951171875,34.90263316769227,34.5529617261672,34.73699951171875,32523900
2021-09-09,34.83821487426758,35.169482133013105,34.66337742646953,34.69098537151715,33421000
2021-09-10,34.580562591552734,35.06825963966136,34.57135877353479,35.031451388045745,39350500
2021-09-13,34.97624969482422,35.03146208911338,34.72780269609586,34.8290201536156,40357300
2021-09-14,34.50695037841797,35.22469382301594,34.396529120071015,35.09586843657308,45670600
2021-09-15,34.83821487426758,34.92103168895396,34.45173523565505,34.488543488899715,36371300
2021-09-16,34.73699951171875,35.14187983174913,34.58056967564865,34.967045866100996,42630200
2021-09-17,34.580562591552734,34.91182632540904,34.4885419625137,34.690983836171505,82987200
2021-09-20,33.77839660644531,33.90777978036916,33.29782801370881,33.81536423483129,95008800
2021-09-21,33.732177734375,34.12032712842912,33.64900236058827,33.99094399707775,45837600
2021-09-22,34.29591751098633,34.536199937330736,34.083359030836334,34.157290729163265,58347800
2021-09-23,35.13691711425781,35.30326786984312,34.57317327871052,34.628624705714316,71805000
2021-09-24,35.32175064086914,35.44189010770778,35.062980847881796,35.10919213174002,48066100
2021-09-27,35.80232238769531,35.90397805545481,35.57128004879167,35.63597162165059,58794500
2021-09-28,35.210838317871094,35.96865663365845,35.15539043283912,35.79306578868212,96152700
2021-09-29,35.23857116699219,35.395678232474204,35.07222043564324,35.32174653266666,49882500
2021-09-30,34.6840705871582,35.451132751616676,34.674830445908796,35.44188908494139,73319300
2021-10-01,35.25706481933594,35.49734731759472,34.64711314252733,34.7764962973918,70444000
2021-10-04,34.95207214355469,35.66368271382154,34.896620733060175,35.201598202642415,69772700
2021-10-05,35.63596725463867,35.811558141534164,35.081463593965836,35.2108467238284,56058400
2021-10-06,35.67293167114258,35.700659145956536,35.0537399653035,35.31250622739435,63405900
2021-10-07,35.8854866027832,36.264395779647664,35.83927532904285,36.04259365213971,53295600
2021-10-08,36.06108474731445,36.19046787892536,35.75610720100937,35.92245794891652,38607500
2021-10-11,35.70065689086914,36.41226759209489,35.68217308396937,36.14425768018668,50748300
2021-10-12,35.58974838256836,35.830034308579386,35.49733288821035,35.65444345912912,58527700
2021-10-13,35.386444091796875,35.61748642168519,34.87815167112781,35.58051880280078,72105100
2021-10-14,35.977909088134766,35.987149229422606,35.44188923236654,35.783834392256985,51893500
2021-10-15,36.513919830322266,36.6987543566248,36.20894585853464,36.32908882944509,58411100
2021-10-18,36.523170471191406,36.73572898313705,36.33833590958727,36.43999509474085,56312700
2021-10-19,36.88359451293945,36.88359451293945,36.550893019895504,36.68951981713912,33082600
2021-10-20,37.179325103759766,37.179325103759766,36.71724052102535,36.81889969329502,44670200
2021-10-21,37.022220611572266,37.253262919001244,36.828142394008296,37.17008754730978,35067600
2021-10-22,37.53974914550781,37.6044407026979,37.16083994249782,37.19780755387087,41458200
2021-10-25,37.49354553222656,37.678380084066774,37.40113001901938,37.63217232746318,33121000
2021-10-26,37.52127456665039,37.76156057423823,37.46582666138114,37.585966139748734,41586900
2021-10-27,36.902076721191406,37.595203626509914,36.892833054882075,37.42885288719941,62449500
2021-10-28,37.354923248291016,37.37340705824989,37.02222524531018,37.049949197535355,44566600
2021-10-29,37.207054138183594,37.47506407891868,37.133122428058165,37.40113236879325,42092000
2021-11-01,37.22554016113281,37.54900154777001,37.0776732066612,37.46582616554059,37503800
2021-11-02,37.317962646484375,37.42886199119067,37.114644243333984,37.21630344490918,31436800
2021-11-03,37.456581115722656,37.595207922798586,37.123879599081334,37.197814836302136,42946800
2021-11-04,36.96677780151367,37.410378712080636,36.680284004398345,37.317963177747515,48279700
2021-11-05,36.985252380371094,37.41961303924049,36.86510939538952,37.26250243958369,57866300
2021-11-08,37.18857192993164,37.45657833136929,37.09615289027565,37.21629587911549,32864600
2021-11-09,36.985252380371094,37.11463550630859,36.74496641040794,36.99449252132701,48420400
2021-11-10,36.92056655883789,37.15160889834823,36.82814750777796,36.94829051144271,60695100
2021-11-11,37.022220611572266,37.142360073128735,36.8189022528985,36.97600932974581,31438900
2021-11-12,37.10540008544922,37.11464022758055,36.772698561901564,37.07767260820276,39218800
2021-11-15,37.10540008544922,37.299474799043274,37.03146484669364,37.207055750598805,30081100
2021-11-16,37.06842803955078,37.29022667847902,36.96676886111459,37.151603410505324,32599500
2021-11-17,36.64331817626953,37.01298382157958,36.54165897804566,37.01298382157958,53557200
2021-11-18,36.45847702026367,36.75421089338441,36.29212627595503,36.6802756623913,42990100
2021-11-19,36.06108474731445,36.27364325287894,35.78383467594451,36.144260121268026,71858100
2021-11-22,36.56937789916992,36.929803352050705,36.24592006336051,36.541653949079404,81965800
2021-11-23,37.14236068725586,37.17008816189536,36.652552115544,36.80966272041487,61571200
2021-11-24,37.05918502807617,37.20705196511698,36.920561757652465,37.068428694693274,40410300
2021-11-26,35.83005142211914,36.051850124686325,35.423418117128094,35.89474300415347,76492200
2021-11-29,35.940940856933594,36.375301523971146,35.672930933636984,36.2459183956006,79316500
2021-11-30,35.08146286010742,35.654450316692454,35.026014962998154,35.50657985659892,121263700
2021-12-01,34.69330978393555,35.931696551929036,34.69330978393555,35.70065427077671,101946500
2021-12-02,35.7283935546875,35.922468308070236,34.8873994312687,35.01678260019052,98076400
2021-12-03,35.14616012573242,35.86701463393526,34.86891001892812,35.77459558138291,97178200
2021-12-06,35.68217468261719,36.02411631201863,35.42340842527836,35.700658490345084,69716600
2021-12-07,36.319847106933594,36.42150627810911,35.92245408802505,36.0980484838466,115475500
2021-12-08,36.12577819824219,36.48620366237349,36.03336267810507,36.33833671489844,53033200
2021-12-09,36.05183410644531,36.236668626745086,35.8207918374269,35.95017846943442,45521100
2021-12-10,36.088809967041016,36.31061214719929,35.85776764519642,36.301368480086914,38900900
2021-12-13,35.70065689086914,36.014874557313945,35.580513908733444,36.00563089115121,44343000
2021-12-14,35.91322326660156,36.18123323734969,35.61748934213,35.64521329585344,51734400
2021-12-15,36.01487731933594,36.1257766438139,35.5620328291265,36.0056336524643,70424900
2021-12-16,36.467708587646484,36.726478309858194,36.245909997665045,36.430740980841236,71156600
2021-12-17,35.66368865966797,36.273640175098464,35.44188650613614,36.227432421361804,97654400
2021-12-20,34.97096252441406,35.156682630997935,34.55309317017946,35.11025348993107,85242300
2021-12-21,35.69526290893555,35.85312622105715,35.323826281107976,35.323826281107976,57667900
2021-12-22,35.86241149902344,35.89027181496373,35.53740399902068,35.593121088585185,49702700
2021-12-23,36.048133850097656,36.37314137049002,36.02956148574434,36.066706214450974,39057300
2021-12-27,36.41957092285156,36.41957092285156,35.973844843623795,36.15956138656504,36120300
2021-12-28,36.43814468383789,36.670293913738625,36.34528286648792,36.35457081938098,34055200
2021-12-29,36.39170837402344,36.61457317111704,36.34527924113771,36.51242695337896,27150500
2021-12-30,36.32670593261719,36.70743048006134,36.21527530813286,36.50314159222602,30089100
2021-12-31,36.2617073059082,36.43814297946239,36.187421397819044,36.25242289576554,28497800
2022-01-03,36.707427978515625,36.84671890636537,36.51242351337834,36.530995873246,49884400
2022-01-04,37.67317581176758,37.79389440017436,37.11601909073265,37.13459145374262,74210200
2022-01-05,37.23673629760742,37.979616691850126,37.20887952263401,37.78460864008748,76288400
2022-01-06,37.784610748291016,37.81247106713516,37.28317105921034,37.62675095821217,57725200
2022-01-07,38.2303352355957,38.32319705721066,37.73817997914345,37.8681829870881,62185500
2022-01-10,38.10033416748047,38.499631164963745,37.70103716999719,38.47177438821912,73620000
2022-01-11,38.43463134765625,38.45320371374146,37.88675894625081,38.239626817236505,60706300
2022-01-12,38.46247863769531,38.68534343342486,38.27676210728907,38.53676808371041,51560600
2022-01-13,38.313907623291016,38.722492537974915,38.18390462037019,38.518200080632965,51659600
2022-01-14,37.91461181640625,37.95175299896189,37.45959779251939,37.701031419552706,81135500
2022-01-18,37.069580078125,37.701026143307246,36.8374308936408,37.66388496594951,82526700
2022-01-19,36.44742202758789,37.3667343583675,36.41956525894214,37.34816199849852,85975100
2022-01-20,36.21527862548828,37.02315692605454,36.14098917414995,36.54957407187874,80314000
2022-01-21,35.4724006652832,36.16884830841449,35.3238253097745,36.06670208731802,117914300
2022-01-24,35.57455062866211,35.64883654307306,34.19093960680599,34.859530548085864,169153300
2022-01-25,35.72312545776367,35.98313146773125,34.59952046686903,35.1752531208204,97364900
2022-01-26,35.815975189208984,36.41027652294307,35.38882154837703,36.11312585607603,106682000
2022-01-27,35.490970611572266,36.53099802933652,35.25882141299802,36.15955789469146,91498900
2022-01-28,35.95527267456055,35.96455708483123,34.90595719817301,35.35168327980195,79753600
2022-01-31,36.270999908447266,36.29885668476255,35.49097829077152,35.704555174593686,58740900
2022-02-01,36.772430419921875,36.86529222166687,36.131699928301295,36.31741998947576,64601500
2022-02-02,37.023155212402344,37.08815670815672,36.521715608342284,36.7538648195553,46649400
2022-02-03,36.61457061767578,37.143870488755304,36.55885353670906,37.013867508815146,50677000
2022-02-04,37.23673629760742,37.55245940246569,36.66100718015395,36.67957954424164,77792400
2022-02-07,37.348167419433594,37.58960104814257,37.069585523279294,37.28316592161518,52710400
2022-02-08,37.868167877197266,37.96102966175916,37.515303722806685,37.608161965053704,56921200
2022-02-09,38.109615325927734,38.36033689887256,37.97961233454505,38.07247060201387,67505300
2022-02-10,37.77531051635742,38.434613261713395,37.617447250076225,37.933170240323655,67260800
2022-02-11,37.24602508544922,38.10962055213972,37.02316025371902,37.65460647758554,77962800
2022-02-14,36.828155517578125,37.3574555046362,36.52172036090486,37.22745249621019,71521600
2022-02-15,37.32959747314453,37.524601979222055,37.14387737779233,37.273880381844016,55439600
2022-02-16,37.35744857788086,37.52459628409814,37.097442609238705,37.14387174045114,41168800
2022-02-17,36.428855895996094,37.088158843647086,36.32670967041038,36.96744379733311,59107800
2022-02-18,36.41957092285156,36.7260060525574,36.233850837594325,36.39171060755758,47816500
2022-02-22,36.23385238647461,36.58672020931572,35.92741370135351,36.252424750025845,60719700
2022-02-23,35.6024055480957,36.61457631819156,35.50954727434294,36.503145681225035,64169800
2022-02-24,35.17525100708008,35.28668164146781,34.17236467064247,34.42308625475187,143075700
2022-02-25,36.30813980102539,36.40100162262476,35.39811520324931,35.40740315656739,99127100
2022-02-28,35.769561767578125,36.001711049396015,35.398121499742736,35.444550647642934,107370200
2022-03-01,34.45094299316406,35.52811523733948,34.218793772071805,35.425972555604325,129873100
2022-03-02,35.34239196777344,35.54668083467844,34.72023033165487,34.73880269088538,88182500
2022-03-03,35.2309684753418,35.68598255841494,34.93381772234903,35.50026245221537,71952600
2022-03-04,34.57167053222656,34.618099680004526,34.17237348516565,34.6088152673757,105904100
2022-03-07,33.30876922607422,34.293083198018266,33.29019686332252,34.25593847251487,116046200
2022-03-08,33.113765716552734,34.051647038383116,32.955905941937324,33.448061171404305,114915000
2022-03-09,34.330230712890625,34.61809350314113,34.079509108845286,34.21879652732628,88716400
2022-03-10,34.042362213134766,34.265227027759245,33.66163762581815,33.76378385159121,71547300
2022-03-11,33.800926208496094,34.55308737770989,33.78235384671953,34.33951053075315,76788200
2022-03-14,34.22808837890625,34.785245200918304,34.07022503586894,34.311662256439725,70969700
2022-03-15,34.71096420288086,34.766677767597265,34.274522386910654,34.57167320645546,51828700
2022-03-16,35.68597412109375,35.74169120247522,35.04524362562689,35.15667424607426,87007600
2022-03-17,36.1317138671875,36.14099827978597,35.249545893022855,35.481695173470555,58266400
2022-03-18,36.21527862548828,36.30813689734518,35.778836954665636,36.122420353631384,82342500
2022-03-21,36.17985916137695,36.48749331063936,35.99341239046039,36.375626670559974,46828600
2022-03-22,36.76716232299805,37.00021990161887,36.56207407201169,36.60868487650057,61053100
2022-03-23,36.08663558959961,36.61800659863576,36.06799055606789,36.53410572583129,42142600
2022-03-24,36.3756217956543,36.412911856075425,36.07730842463703,36.33833173523316,30421500
2022-03-25,36.84173583984375,36.916312402399754,36.44087659209983,36.49681168114868,48613100
2022-03-28,36.73918914794922,36.76715491377167,36.31968487973391,36.72986841140031,44761000
2022-03-29,36.823089599609375,37.29852539427944,36.60867709956792,37.18665877603513,67968600
2022-03-30,36.562068939208984,36.84173728305717,36.34765642371951,36.82309225264383,47405300
2022-03-31,35.72305679321289,36.66461117633311,35.7137360570226,36.51545094788386,66619600
2022-04-01,35.62984085083008,36.04002087551655,35.37813825971242,35.96544430565362,68422500
2022-04-04,35.47136306762695,35.76035574788852,35.21966045375587,35.54594320040792,134312400
2022-04-05,35.24762725830078,35.71374238628382,35.16372639301679,35.331528123584775,56165700
2022-04-06,35.0052375793457,35.15439424472832,34.874725941657836,34.9679475239562,55835100
2022-04-07,34.967952728271484,35.135754446322956,34.47387186743989,34.97727702159431,53346900
2022-04-08,35.32220458984375,35.480685585980765,35.01457044796504,35.10779205309767,44672300
2022-04-11,35.163719177246094,35.57389912547676,35.107784093142854,35.228974997278804,54435500
2022-04-12,34.78150939941406,35.462037006095876,34.63235271241772,35.135754308420424,67215400
2022-04-13,34.78150939941406,34.8001544298106,34.389970873438706,34.45522670173861,57445600
2022-04-14,34.38996887207031,34.94930908288703,34.38064813550244,34.706927258013735,68544200
2022-04-18,34.595062255859375,34.75353967815305,34.16623723017261,34.17555796717628,52748400
2022-04-19,35.070499420166016,35.12643451285493,34.678964439871706,34.68828517723185,41519100
2022-04-20,35.3128776550293,35.56458021212969,35.228976802662494,35.34084342042634,54635800
2022-04-21,34.75354766845703,35.72306812383566,34.688291825900464,35.55526636978256,54998100
2022-04-22,33.71875762939453,34.70692271654436,33.68147113182634,34.69760198119613,73170900
2022-04-25,33.77470016479492,33.849280288743216,32.935695107432856,33.439096719379684,91392800
2022-04-26,32.92637252807617,33.746736153337274,32.90772749611839,33.392487658491945,81457500
2022-04-27,32.898406982421875,33.23401044759648,32.77721605195855,32.879761950337034,81603000
2022-04-28,33.31791305541992,33.43910043604147,32.73992769910732,33.23401218474076,62680000
2022-04-29,32.171260833740234,33.271292692565794,32.09668427113257,33.15010533380636,74631700
2022-05-02,32.18058776855469,32.43229035584882,31.546670931556744,32.32042016848959,104408800
2022-05-03,32.60009002685547,32.926369162323574,32.292452365263365,32.40431898939874,73896300
2022-05-04,33.59757614135742,33.653507675540055,32.54415505474863,32.65602167928977,87794900
2022-05-05,32.61873245239258,33.271290671223845,32.21787322872447,33.20603484934072,101093900
2022-05-06,32.38567352294922,32.53483018879999,31.919558497643635,32.488215841329094,99281900
2022-05-09,31.611923217773438,32.143294101525086,31.46276654086378,31.947526629864097,85922800
2022-05-10,31.332258224487305,32.10600745692003,30.940719683359365,31.90091922697308,107581200
2022-05-11,31.043262481689453,32.00346192958,30.996651686628912,31.369545159464657,110212200
2022-05-12,30.81020736694336,31.09920000886824,30.21358060854773,30.782241598948563,114304100
2022-05-13,31.25768280029297,31.518709719021405,30.978014403819348,31.183106220782417,64036200
2022-05-16,30.99665641784668,31.276324787073204,30.754278112830693,31.136492380548066,55662200
2022-05-17,31.826345443725586,31.919570617890685,31.425486085257603,31.6026121380829,62859300
2022-05-18,30.950037002563477,31.574629401478568,30.82884610569366,31.528018612274874,74279300
2022-05-19,30.744956970214844,30.96869382223606,30.483933606337278,30.530544413290183,71525400
2022-05-20,30.68901252746582,31.11784106697083,30.045775052471615,30.959360104155262,77984600
2022-05-23,31.686506271362305,31.91956382289691,31.11784527662971,31.27632270470875,78189300
2022-05-24,31.62125015258789,31.723796054847067,30.96869178580474,31.500062773714667,77871200
2022-05-25,31.87295150756836,32.06872256608086,31.453450732898173,31.546672337007937,72192600
2022-05-26,32.609405517578125,32.721272123716346,32.189901299340676,32.2178706180067,50803200
2022-05-27,33.15943145751953,33.22468729396838,32.693316307926985,32.749251406101585,43862500
2022-05-31,33.06621170043945,33.31791432204574,32.711963171196174,32.88908565772953,64778900
2022-06-01,32.53483963012695,33.06621062868052,32.22720191718728,32.9823097575312,48642400
2022-06-02,32.98230743408203,33.01027320376959,32.311100512170825,32.562803107887525,45334700
2022-06-03,32.50686264038086,32.81450028080992,32.469576139017995,32.67466434312842,36699400
2022-06-06,32.60009002685547,33.112815906666434,32.5907657337416,32.77721247808446,32829600
2022-06-07,32.85179138183594,32.87975714779028,32.348386257603366,32.37635202355771,32031400
2022-06-08,32.273807525634766,32.69331181383741,32.15262016384636,32.600090219203885,38251800
2022-06-09,31.462764739990234,32.25515887393461,31.444119711921772,32.236517402041635,49715100
2022-06-10,30.325443267822266,30.894104183798884,30.29747750348752,30.782237570284387,74190900
2022-06-13,29.421184539794922,29.924587921917183,29.244062082465828,29.561018713823994,104065100
2022-06-14,29.169485092163086,29.747466845809992,28.945748269622527,29.54237683291723,75592200
2022-06-15,29.495763778686523,29.91526809157957,28.99236038130292,29.477120525515314,87858800
2022-06-16,28.74997901916504,28.908458221581554,28.507598957934604,28.899135706370235,100838500
2022-06-17,28.833879470825195,29.160160386262245,28.55420935269861,28.815234440665837,116937700
2022-06-21,29.409318923950195,29.596759535155616,29.23125230962781,29.49366702023602,58065800
2022-06-22,29.343717575073242,29.61550630413418,29.034441793335866,29.0719306335786,48035800
2022-06-23,29.231258392333984,29.418697254977243,28.753286343108922,29.36246577494092,69348900
2022-06-24,30.309030532836914,30.337145372458647,29.306227401496844,29.3530866592438,65489300
2022-06-27,30.20594024658203,30.54333264743398,30.06536246298203,30.54333264743398,47244800
2022-06-28,29.906036376953125,30.805747053210283,29.887291957639547,30.5152174916809,42459900
2022-06-29,29.73733901977539,30.046616563702145,29.634248292699283,29.934151839768223,64507500
2022-06-30,29.474924087524414,29.737338795447098,28.912604047229035,29.2687390597953,75294300
2022-07-01,29.877920150756836,29.971640461021924,29.184392714901183,29.38120554521449,77308400
2022-07-05,29.774831771850586,29.793576192898517,29.071932070650522,29.409322711681416,51536800
2022-07-06,29.699857711791992,29.94352983778407,29.418696741385833,29.709229922895513,48001700
2022-07-07,30.130970001220703,30.2153181122324,29.9247849353848,29.952899780677722,33120100
2022-07-08,30.06536102294922,30.30903131459769,29.943524089558835,30.215312796686497,29062200
2022-07-11,29.821685791015625,30.046615228891056,29.737337698703858,29.896661674452083,30564300
2022-07-12,29.634248733520508,30.177824367560397,29.578015476933984,29.596759895796158,38211000
2022-07-13,29.37183380126953,29.568644847138028,29.006326551761603,29.315602329245145,51441600
2022-07-14,28.80950927734375,28.903229574648268,28.46274650115282,28.772022230961536,57782300
2022-07-15,29.784198760986328,29.95289315814522,29.14690285761029,29.22187874109182,59650200
2022-07-18,29.671735763549805,30.41212422000792,29.540528406735927,30.205939187796208,38671600
2022-07-19,30.56207275390625,30.655791263080346,29.981008344170572,30.065358220046022,40568000
2022-07-20,30.674537658691406,30.730770912902525,30.40274895936927,30.496471049721137,38507700
2022-07-21,30.871356964111328,30.871356964111328,30.355897841914594,30.590197767925215,40561800
2022-07-22,30.693279266357422,31.077530863785935,30.458979424629504,30.918208687474245,25741200
2022-07-25,30.890092849731445,31.03067419653687,30.665166985001356,30.880722428339425,24699300
2022-07-26,30.458986282348633,30.918215648587033,30.38400860005148,30.740145440697624,26357800
2022-07-27,30.927583694458008,31.07753547239554,30.477728360645415,30.58082087831479,44817200
2022-07-28,31.152509689331055,31.161880110291108,30.45898055893116,30.95569509784995,40974600
2022-07-29,31.592992782592773,31.696085294704957,31.19937072739956,31.227485567018448,38724000
2022-08-01,31.33057403564453,31.508640622136756,31.115018617743925,31.293085204236146,35131300
2022-08-02,30.98381805419922,31.38681414208142,30.946329214597963,31.18062909940703,36806900
2022-08-03,31.45241928100586,31.527393388549395,31.040049176552003,31.21811938534169,27314900
2022-08-04,31.349323272705078,31.508645467996,31.293090016944127,31.42429737192072,24505800
2022-08-05,31.574249267578125,31.724201041721546,31.152512360703213,31.2649752975277,34366100
2022-08-08,31.555511474609375,31.911648353652446,31.52739662828307,31.808555816945262,24369100
2022-08-09,31.71483612060547,31.799184231636318,31.555510321932566,31.611743587664105,26425400
2022-08-10,32.42709732055664,32.548934241754836,32.20217147002514,32.267775141024494,45366000
2022-08-11,32.81135559082031,33.01754064163378,32.68952222000568,32.72700748595413,46985200
2022-08-12,33.326812744140625,33.33618316530554,32.801979780603425,32.97067596262852,36370300
2022-08-15,33.317440032958984,33.41116212388356,32.92381797647241,32.9894216525535,25366000
2022-08-16,33.56112289428711,33.71107470484666,33.167497157110056,33.167497157110056,41300800
2022-08-17,33.392417907714844,33.54236967896912,33.15811804168427,33.17686245998258,33158000
2022-08-18,33.42990493774414,33.47676777353526,33.20497905652943,33.36430125779548,15966200
2022-08-19,32.76449203491211,33.23309176164185,32.652029101533984,33.23309176164185,33587400
2022-08-22,32.0428466796875,32.29589095049973,31.958498589416756,32.286520529417224,36810100
2022-08-23,31.911649703979492,32.23967175057636,31.911649703979492,32.005371820921404,23244000
2022-08-24,32.08033752441406,32.18343003844157,31.789804400803103,31.855411653019736,20682200
2022-08-25,32.57705307006836,32.605171486178335,32.061594059728904,32.14594215779408,26402600
2022-08-26,31.602365493774414,32.72700193437098,31.574247080167062,32.71763151325657,38230600
2022-08-29,31.37744140625,31.602370877769058,31.19000077583956,31.368070983539173,34872100
2022-08-30,31.2087459564209,31.583627226371263,31.021305321445713,31.480534698378275,41870700
2022-08-31,30.974449157714844,31.480537850278722,30.92758988806258,31.368074888086674,39768200
2022-09-01,31.068166732788086,31.11502599559375,30.468356013424817,30.843237266135286,40604600
2022-09-02,30.824491500854492,31.686716914409388,30.67453972134048,31.424298618910544,43208800
2022-09-06,30.749515533447266,31.058789495814416,30.440237995947903,30.983815398171433,45877100
2022-09-07,31.35869789123535,31.41493115452212,30.6089389230756,30.65579818824819,35023000
2022-09-08,31.911649703979492,31.930394127367872,31.068172102301542,31.19937949088701,50760900
2022-09-09,32.20217514038086,32.286523237727025,32.04284936755706,32.05222336455794,41327100
2022-09-12,32.464595794677734,32.633292020238194,32.258410724518725,32.33338841371582,41969600
2022-09-13,31.255605697631836,31.93976456198589,31.152516743200806,31.827298034207445,60771600
2022-09-14,31.161882400512695,31.471159941904578,30.880723274331515,31.32120459446687,39233200
2022-09-15,31.264978408813477,31.667974512264756,31.115026619747837,31.199374724543052,47653000
2022-09-16,30.98381805419922,31.040047738468584,30.65579607038701,30.955699636932017,53893300
2022-09-19,31.33523178100586,31.3540748060022,30.61921480084263,30.61921480084263,36491400
2022-09-20,30.87359046936035,31.146808942862375,30.5909522802622,31.08086015187079,42193600
2022-09-21,30.232938766479492,31.18448807355227,30.214095743357166,31.0714335287575,49644600
2022-09-22,29.72418975830078,30.345995183952983,29.667662482415043,30.298889420209818,52299500
2022-09-23,29.25312614440918,29.498080079350906,28.829168862254853,29.432131288591552,56801000
2022-09-26,28.791479110717773,29.309651451583665,28.584211252553146,29.036433014168452,49969700
2022-09-27,28.66900634765625,29.16833392621456,28.376946651049522,29.017593321709818,60630400
2022-09-28,29.234283447265625,29.403865273423857,28.67842681455509,28.753797114059754,46088700
2022-09-29,28.866851806640625,29.036435430601625,28.508843331477166,28.923380879274088,41860000
2022-09-30,28.603055953979492,29.243704385687174,28.527685655953274,28.8856941223354,37984300
2022-10-03,29.37560272216797,29.526343322141773,28.546527625342343,28.88569487376825,47086100
2022-10-04,30.468467712402344,30.49673044691396,29.79013512958268,29.827819374587968,53441800
2022-10-05,30.232938766479492,30.402522380641244,29.89377153815599,29.99740636835919,41766800
2022-10-06,29.80898094177246,30.270626042171294,29.74303215513539,30.063356373346597,34717900
2022-10-07,29.102380752563477,29.639394299840475,28.942218659781787,29.54518278394376,36380700
2022-10-10,28.970483779907227,29.385021286738663,28.80090017270484,29.262543438439376,31011700
2022-10-11,28.603055953979492,29.083542277760255,28.480578096580857,28.78205928868573,50431900
2022-10-12,28.537107467651367,28.91395896174183,28.433472632912867,28.61247776646946,48265700
2022-10-13,29.714767456054688,29.79013774966356,27.877614078505196,27.962405883436375,83086100
2022-10-14,29.21544075012207,30.32715223101557,29.149491961938608,29.978565265768793,60886900
2022-10-17,29.95030403137207,30.148150405865056,29.752455859909286,29.837247676683365,47222200
2022-10-18,30.430788040161133,30.76995530104971,30.082201063776548,30.73226925118664,48150700
2022-10-19,29.931459426879883,30.421367276399877,29.761875802279135,30.16699183949876,35205700
2022-10-20,29.450971603393555,30.195253055288237,29.36617979537181,29.893771869864082,43124400
2022-10-21,30.3271484375,30.355414767428183,29.31907191954563,29.535761281320582,54487300
2022-10-24,30.732267379760742,30.87358826117183,30.41194316330968,30.50615828223017,40117200
2022-10-25,31.099700927734375,31.156230005574002,30.51558149915043,30.572110576990056,33950300
2022-10-26,31.17506217956543,31.52364905338502,31.10911340867898,31.19390519895277,38012100
2022-10-27,31.429445266723633,31.778032226125845,31.372916194682997,31.467131314750723,41232200
2022-10-28,32.211402893066406,32.24908893161267,31.457700091833406,31.5142291496528,36421300
2022-10-31,32.01356506347656,32.230254451620915,31.96645929978247,32.00414534831351,40083800
2022-11-01,32.098365783691406,32.362161008738724,31.957044859450118,32.277369172982034,38946100
2022-11-02,31.693241119384766,32.59768472849919,31.66497837970601,32.03240837128753,58039800
2022-11-03,31.372913360595703,31.617869056704254,31.165647303048885,31.29754486528932,40828100
2022-11-04,31.94761848449707,32.117202120672985,31.49539665267451,31.82514061527232,41825600
2022-11-07,32.26793670654297,32.28677972859319,31.975875255673017,32.183144904286465,30060300
2022-11-08,32.456363677978516,32.61652397619875,32.117196465348606,32.27735676356883,34839600
2022-11-09,31.909936904907227,32.36215880009975,31.84398810314624,32.23968450765229,42126200
2022-11-10,33.520965576171875,33.56807132710184,32.79552551124742,32.88031730049673,67677700
2022-11-11,33.794193267822266,33.944933884696404,33.56808413948096,33.69055841985759,46076100
2022-11-14,33.31370544433594,33.72824120205887,33.28544270451876,33.69997846224169,38002700
2022-11-15,33.389076232910156,33.80361561293451,33.04991255008072,33.67171802617756,57802100
2022-11-16,33.228912353515625,33.45502145123959,33.11585780465364,33.370229641108274,32852400
2022-11-17,33.04990768432617,33.06874711342666,32.7484229096309,32.84263802482916,35706900
2022-11-18,33.3231201171875,33.53980947552192,33.04990528777213,33.492703718308164,39455400
2022-11-21,33.426761627197266,33.49271041927885,33.23833496670432,33.276021017590836,24630900
2022-11-22,33.765926361083984,33.80361240913984,33.60576245381628,33.60576245381628,29582300
2022-11-23,33.90724182128906,33.99203361888368,33.7093918976091,33.7093918976091,27916900
2022-11-25,34.020301818847656,34.067407581981435,33.87898093550696,33.94492972268212,11266500
2022-11-28,33.436180114746094,33.9731936836425,33.37965104656891,33.83187281016909,34196600
2022-11-29,33.63402557373047,33.709394068702785,33.36080714233543,33.39849318679109,31489600
2022-11-30,34.208736419677734,34.218156136919056,33.10644261755273,33.58693085748472,58607000
2022-12-01,34.01087188720703,34.37830539355775,33.74707678987296,34.37830539355775,58157600
2022-12-02,33.850711822509766,33.87897455628045,33.5492306824936,33.65286549823766,40483300
2022-12-05,33.0122184753418,33.65286682155273,32.833211570585355,33.596337757849824,53402000
2022-12-06,32.720157623291016,33.1629596453827,32.45636250916264,32.9745330236029,45102200
2022-12-07,32.58826446533203,32.95569445073579,32.51289236887005,32.58826446533203,37775900
2022-12-08,32.61653137207031,32.84264409640816,32.503476806871305,32.68248016793139,46600900
2022-12-09,32.53173065185547,32.76726302806395,32.48462489540154,32.494048203055634,40885600
2022-12-12,32.96512222290039,33.00280468229383,32.39984220472053,32.55058282411385,72570900
2022-12-13,33.04990768432617,33.822453659256105,32.83321471633975,33.822453659256105,55659000
2022-12-14,32.63536834716797,33.28544006288709,32.49405106535798,32.965115859269616,54685100
2022-12-15,31.99472427368164,32.25852303788285,31.78745818016455,32.12662185881242,70330100
2022-12-16,31.749773025512695,31.843984562140726,31.4577115116622,31.655557894944916,59619300
2022-12-19,31.664438247680664,31.98677098253038,31.46534772286594,31.664438247680664,37456800
2022-12-20,31.79716682434082,32.01521493448934,31.673920982439576,31.78768442763126,45446400
2022-12-21,32.29014587402344,32.38494814021131,32.08157654864056,32.10053772517306,31318100
2022-12-22,32.0057373046875,32.11002198517642,31.484317518718182,32.08158202376135,25605100
2022-12-23,32.18585968017578,32.23326081101473,31.825604576145707,31.986772760767504,17116200
2022-12-27,32.1763801574707,32.32806595958556,32.04365553267956,32.25222486676552,25601100
2022-12-28,32.062625885009766,32.318596427415855,32.02470351951053,32.233272913280494,24395100
2022-12-29,32.50819396972656,32.56507388283244,32.15741762869201,32.23326233479936,26624200
2022-12-30,32.42287063598633,32.48923294590486,32.15741777983755,32.271184839533305,24735700
2023-01-03,32.53664016723633,32.88741295907909,32.29963083990129,32.65988603006364,37396500
2023-01-04,33.05805969238281,33.29506901776993,32.773649225213326,32.86845150877805,44669300
2023-01-05,32.81156539916992,32.94429001772771,32.584034898446134,32.94429001772771,45585700
2023-01-06,33.54155731201172,33.645841983155734,32.80208583320642,33.0296163535638,41229700
2023-01-09,33.41830825805664,33.84492568251824,33.33298477316432,33.65531753648257,48726600
2023-01-10,33.60791778564453,33.63635774295288,33.247662655014885,33.36142610072303,34663700
2023-01-11,33.92076110839844,33.92076110839844,33.626871966755154,33.693234264318086,32014700
2023-01-12,33.98713302612305,34.18622359163902,33.769084898629366,34.03453778049233,56642400
2023-01-13,34.24310302734375,34.290504164569185,33.42779044775641,33.551036297722504,65920900
2023-01-17,34.01557922363281,34.17674382818937,33.911294542343136,34.157782648275315,65345200
2023-01-18,33.3803825378418,34.0345303948448,33.35194258457183,33.825961093600455,53693000
2023-01-19,32.9916877746582,33.16233472862073,32.764160913691,32.97272660016523,61169500
2023-01-20,33.513118743896484,33.53207992479885,32.934819000513905,33.08650483125737,42330100
2023-01-23,33.90181350708008,34.04402055391492,33.43727723817373,33.54156192365589,44997300
2023-01-24,33.92076110839844,34.07244687661,33.46570380376375,33.84492003252965,34333500
2023-01-25,34.18622589111328,34.19570467273971,33.617401348695985,33.62688374679766,38458700
2023-01-26,34.3663444519043,34.423227979134815,34.04401169721366,34.271542189661254,29944200
2023-01-27,34.3663444519043,34.56543137249938,34.271542189661254,34.31894332078277,30787400
2023-01-30,34.19570541381836,34.44219713915032,34.13882187340129,34.18622663198651,31595000
2023-01-31,34.66024398803711,34.66972276951398,34.10090185254652,34.26206645297973,30282100
2023-02-01,34.66024398803711,34.96361562594978,34.22414409412185,34.299988811837615,51418700
2023-02-02,34.75504684448242,34.897253884317784,34.48011516292086,34.849849126722496,42107300
2023-02-03,34.688682556152344,34.98257540078801,34.470634426187196,34.48011320728349,43155000
2023-02-06,34.67919921875,34.68867799860092,34.41374636875462,34.48959107346032,32273600
2023-02-07,35.07737350463867,35.18165816666678,34.461147928913284,34.461147928913284,33000500
2023-02-08,34.868804931640625,35.17217652781618,34.77400266401378,34.8214037978272,34555500
2023-02-09,34.4801139831543,35.11530082515013,34.404272883252254,35.01101614836909,44329600
2023-02-10,34.59387969970703,34.62231965899447,34.195702187307965,34.30946564093271,28108900
2023-02-13,34.99205780029297,34.99205780029297,34.546479096715565,34.574922675895785,32209000
2023-02-14,34.802452087402344,35.1532285292785,34.58440391937093,34.92569796202034,33525300
2023-02-15,34.840362548828125,34.85932372432823,34.48010744727502,34.52750857778806,28510000
2023-02-16,34.489601135253906,34.755050446215336,34.42323880751355,34.50856231696196,34379100
2023-02-17,34.49907302856445,34.546474165130974,34.21466259269042,34.31894726302171,35889800
2023-02-21,33.78804397583008,34.25258377784465,33.63635817411661,34.20518264289821,36425200
2023-02-22,33.7501220703125,33.92076905156988,33.56999630852963,33.7880444253641,31065200
2023-02-23,33.77857208251953,34.05350016785368,33.46571801843084,33.89233555288109,42357600
2023-02-24,33.807010650634766,33.91129533436007,33.42779427644738,33.4846778175181,48732600
2023-02-27,33.797523498535156,34.17673616233289,33.73116119195869,34.11985625182419,31664600
2023-02-28,33.8638916015625,34.034538595247035,33.759606925813614,33.84493042265588,32531400
2023-03-01,33.7501220703125,33.90180787404408,33.61739744410672,33.71220333173573,32790300
2023-03-02,33.588951110839844,33.626873458693744,33.19077369132214,33.551028762985936,38401900
2023-03-03,34.11985778808594,34.12933656810602,33.6553180046601,33.72168031422456,33091600
2023-03-06,34.14830780029297,34.3568771868986,34.044023106990146,34.13882540100597,30111100
2023-03-07,33.266624450683594,34.05349342147037,33.181300960697094,34.025053463633135,53804400
2023-03-08,33.143375396728516,33.408828237913724,32.972728433278895,33.22869887845332,50860300
2023-03-09,31.79716682434082,33.010653216984686,31.635998628550777,32.95376968615149,107108500
2023-03-10,31.218860626220703,31.967810770401492,30.839644356224905,31.427429936365826,166569400
2023-03-13,29.986417770385742,30.640563986794923,29.73992967377004,30.10966362693117,165965900
2023-03-14,30.593162536621094,31.143022261865426,30.213947997709028,31.133543480600487,128115500
2023-03-15,29.77785301208496,29.901098880170135,29.351235481386652,29.73045186789081,132235000
2023-03-16,30.34667205810547,30.65952609967704,29.29435189593,29.57876416783935,133892600
2023-03-17,29.370189666748047,30.06225633327236,29.294346769159592,30.06225633327236,136760600
2023-03-20,29.696983337402344,29.954224244546165,29.554072328059803,29.601708725436627,75384500
2023-03-21,30.44965171813965,30.52587286839657,30.306740695832403,30.37343238509497,115899200
2023-03-22,29.744619369506836,30.535395549850822,29.725565901117335,30.44964858185588,67874100
2023-03-23,29.544546127319336,30.10666436642284,29.334943424532938,29.801787047020024,82366300
2023-03-24,29.52549171447754,29.55407464547214,28.95384581507105,29.1825038113912,76619100
2023-03-27,29.93516731262207,30.097133598893897,29.763673383956377,30.03044191934879,61393300
2023-03-28,29.925642013549805,30.03044427087691,29.744620428315383,29.897059084130014,42980100
2023-03-29,30.363901138305664,30.373426963175095,30.116187895826354,30.2495712505414,52147200
2023-03-30,30.297208786010742,30.602086075260804,30.12571667371657,30.58303079037968,45061700
2023-03-31,30.63067626953125,30.64020209645464,30.354380041232925,30.46870813643669,49034400
2023-04-03,30.687833786010742,30.811691323536948,30.50681402687556,30.602086819173223,51213500
2023-04-04,30.402013778686523,30.8116933545344,30.201938721018763,30.764056955245543,45939300
2023-04-05,30.363901138305664,30.44964628261397,30.16382428902118,30.173351931102527,57965300
2023-04-06,30.47823143005371,30.535395469495892,30.278156383400052,30.30673749451512,36762300
2023-04-10,30.544923782348633,30.55444960755454,30.297208713907505,30.36390221083272,27900700
2023-04-11,30.811689376831055,30.945072731390145,30.6020848857103,30.621140169850715,53912600
2023-04-12,30.744997024536133,31.126091795705932,30.66877588964792,30.964127335704113,63645800
2023-04-13,31.021297454833984,31.040352741177696,30.55445202547367,30.76405654083025,58550300
2023-04-14,31.326175689697266,31.583416611273925,31.173737028884176,31.345230976601947,65276200
2023-04-17,31.688217163085938,31.697746624329497,31.17373892309571,31.3071223051089,69670600
2023-04-18,31.783489227294922,31.850180909119086,31.516722499998266,31.754908116348588,49507500
2023-04-19,31.85970687866211,31.945453846312844,31.678687117810153,31.73585297438534,39478900
2023-04-20,31.764434814453125,31.85018178407175,31.640577272909738,31.65010673310302,39291800
2023-04-21,31.65011215209961,31.6882190961247,31.469088721675025,31.669167441324557,41545000
2023-04-24,31.573890686035156,31.745384652955636,31.49767316430648,31.631056553150238,32774200
2023-04-25,31.03082275390625,31.43097649148129,31.02129692810826,31.373810633420803,58534300
2023-04-26,30.7354736328125,31.11657211363696,30.60209025485128,30.945078160708402,54294200
2023-04-27,31.23090171813965,31.28806758336197,30.849806853264774,30.849806853264774,46398800
2023-04-28,31.602460861206055,31.631045602079574,31.011761643223526,31.0784533145559,54598700
2023-05-01,31.5167236328125,31.850182053918907,31.47861306056485,31.688213939078505,31950600
2023-05-02,30.802167892456055,31.402393072552602,30.516342224496547,31.39286724635198,76096700
2023-05-03,30.44965171813965,30.992714693234525,30.421070604005543,30.840276027145165,65642400
2023-05-04,30.05902671813965,30.344850573395885,29.782732323658703,30.182884267247676,76076600
2023-05-05,30.802167892456055,30.84980429230786,30.506816398295925,30.55445279814773,55019400
2023-05-08,30.84980583190918,31.078462016378975,30.811695256356042,30.9736597508201,34323600
2023-05-09,30.7354736328125,30.85933118424412,30.554453853354342,30.62114554233495,29736200
2023-05-10,30.563980102539062,31.002240765336108,30.297209740225313,30.935549083363693,39706100
2023-05-11,30.516342163085938,30.563982197266213,30.240047773519578,30.373431146605945,36693200
2023-05-12,30.392484664916992,30.716419069814553,30.192409616929393,30.716419069814553,36253000
2023-05-15,30.640195846557617,30.697361699711287,30.392482601194207,30.449646637135935,33208500
2023-05-16,30.354379653930664,30.668782820335586,30.3353243659024,30.583035841420685,31241400
2023-05-17,30.964134216308594,31.04988119489997,30.525873496585813,30.59256518722082,46818800
2023-05-18,31.192794799804688,31.23090174222431,30.79264101178914,30.906969107897307,42232500
2023-05-19,31.059406280517578,31.364283611695274,30.916497075891797,31.26901080861142,40132900
2023-05-22,31.116573333740234,31.230901428700673,30.926024085856433,31.164209737105033,35286200
2023-05-23,30.754531860351562,31.14515620504832,30.735476571046252,30.98319169759043,42217200
2023-05-24,30.354379653930664,30.554454726590574,30.28768796304403,30.525873611760467,46610700
2023-05-25,30.344850540161133,30.449650984815992,30.163828947084998,30.278158852504713,41658900
2023-05-26,30.592561721801758,30.668779230569015,30.363903743863762,30.411540141146318,44183000
2023-05-30,30.58303451538086,30.70689206498199,30.38295945139594,30.640200376987014,57900500
2023-05-31,30.259103775024414,30.430597725735943,30.00186284895712,30.402014794879953,67667900
2023-06-01,30.58303451538086,30.649726203375835,30.220993144602915,30.43059766940107,48643400
2023-06-02,31.24995231628418,31.36428039514483,30.87838333416899,30.87838333416899,65752900
2023-06-05,31.087989807128906,31.288064866396116,30.945076973695567,31.288064866396116,53591100
2023-06-06,31.478614807128906,31.52625120786943,31.040354105237046,31.05940575799373,46236100
2023-06-07,31.602460861206055,31.669156166961933,31.31663889343538,31.507188083423664,48467100
2023-06-08,31.573890686035156,31.621527091418677,31.326179197386,31.49767316430648,36261200
2023-06-09,31.583417892456055,31.716801271775164,31.497670915118842,31.5167262027965,34021700
2023-06-12,31.573890686035156,31.697748247572118,31.3357050246928,31.61200126411188,33655200
2023-06-13,31.764434814453125,31.89781818176561,31.50719390559725,31.545304477522013,46054400
2023-06-14,31.640581130981445,32.0026243395638,31.53577886262145,31.840656206346186,57195400
2023-06-15,32.05978012084961,32.13599761559625,31.507187837636696,31.53576894386375,52241800
2023-06-16,31.99309730529785,32.23128294824584,31.954986730164297,32.20269819968343,49861100
2023-06-20,31.753841400146484,31.83997312241832,31.562437167238837,31.782550757326398,50683100
2023-06-21,31.715560913085938,31.86868357452655,31.58157904066693,31.67727933504273,35967600
2023-06-22,31.466733932495117,31.667706715418063,31.361461431707358,31.658138147497247,38690000
2023-06-23,31.332752227783203,31.43802107834508,31.122207225195908,31.227479726489555,35529600
2023-06-26,31.265758514404297,31.524153665440515,31.179630448124097,31.284899301599413,25728300
2023-06-27,31.514583587646484,31.58157451425455,31.30403858931731,31.323179375595576,34348100
2023-06-28,31.438026428222656,31.48588022839535,31.294475979901744,31.476308008067853,36663200
2023-06-29,31.9835205078125,31.9835205078125,31.562434156173115,31.60071572924899,47471000
2023-06-30,32.26105880737305,32.39504067225316,32.13664916183124,32.19406787493299,44762300
2023-07-03,32.442893981933594,32.53859426949226,32.213208180768056,32.26105832454739,19128000
2023-07-05,32.37590408325195,32.462032154362966,32.155786843528,32.25149078487148,39831600
2023-07-06,32.098365783691406,32.136647357431166,31.820829850175894,32.10793435176044,45808400
2023-07-07,32.14622116088867,32.41418491924438,31.96438913210907,31.96438913210907,33488700
2023-07-10,32.28977584838867,32.47160788047924,32.12708095590135,32.15579031603868,27254400
2023-07-11,32.67258071899414,32.710862299684415,32.3376260147854,32.40461695562715,33744600
2023-07-12,32.88312530517578,33.11280748466126,32.796993575185624,32.94054402468094,46546000
2023-07-13,32.997962951660156,33.04581309649888,32.873549654493836,32.93097201873953,40453700
2023-07-14,32.7778434753418,33.24678357225974,32.72999333910071,33.237211354572686,47552700
2023-07-17,33.09366226196289,33.189362538251,32.73956320808754,32.73956320808754,38568900
2023-07-18,33.46690368652344,33.49561304375524,33.12237679681339,33.17022694244376,47160800
2023-07-19,33.610450744628906,33.74443259921789,33.45732810356554,33.4669003221686,45599800
2023-07-20,33.85927963256836,33.86884820109376,33.54346211025036,33.553034329507746,45591500
2023-07-21,33.74443054199219,33.935834744335395,33.65829883347432,33.916693959027924,30615700
2023-07-24,34.06981658935547,34.17508908317648,33.75400275862395,33.763571325911535,32299800
2023-07-25,33.84969711303711,34.05067349823438,33.82098776546501,33.97411037040097,36218600
2023-07-26,34.05068588256836,34.15595474552959,33.76357769950185,33.81143149716774,35638700
2023-07-27,33.62002182006836,34.13680843437787,33.57217168087528,34.05068037426929,44072800
2023-07-28,33.687015533447266,33.897556893470195,33.5051798784383,33.887988325132206,32422700
2023-07-31,33.81142807006836,33.91669692235962,33.66787399308563,33.754005709128904,28627000
2023-08-01,33.81142807006836,33.84013742517217,33.62959241912599,33.744433490273074,26480300
2023-08-02,33.524322509765625,33.64873580939397,33.33292192662308,33.524322509765625,48923800
2023-08-03,33.543460845947266,33.62002399419263,33.227646986264745,33.323347270839605,31861600
2023-08-04,33.40947723388672,33.84013579333589,33.380767880167326,33.51474973183336,36195700
2023-08-07,33.878414154052734,33.9358328560487,33.610446825390106,33.620019042876976,33119300
2023-08-08,33.57217788696289,33.600887245639576,33.17979718114272,33.438192361429714,37254800
2023-08-09,33.32334518432617,33.64873124253151,33.28506361260046,33.55303096394884,38304200
2023-08-10,33.35205841064453,33.744435439567454,33.265926689625736,33.49561249591986,38097500
2023-08-11,33.41905212402344,33.47647449305749,33.17022915967392,33.246792318385985,27518700
2023-08-14,33.35205841064453,33.419049343577804,33.198935756692464,33.32334905388228,23773800
2023-08-15,32.739566802978516,33.11280303250859,32.70128522796724,33.074525108229246,57472100
2023-08-16,32.691715240478516,32.94053816578686,32.65343366712899,32.682146672507024,33566500
2023-08-17,32.52902603149414,32.84483990423168,32.43332209223125,32.79698975996623,38205400
2023-08-18,32.51945114135742,32.61515507276008,32.2706282211739,32.29933757522885,40860000
2023-08-21,32.48117446899414,32.6342971316072,32.22277929132231,32.56730619488475,32308300
2023-08-22,32.17491912841797,32.52901814170732,32.127068995758385,32.49073657528721,43133000
2023-08-23,32.49073791503906,32.50030648167309,32.18449267251242,32.232342807145095,30240500
2023-08-24,32.37590408325195,32.835272049504404,32.37590408325195,32.44289501682635,35784900
2023-08-25,32.52902603149414,32.6534356764379,32.26105865229005,32.50988524364156,40347200
2023-08-28,32.71085739135742,32.82569846546365,32.60558488562174,32.63429424146532,34905300
2023-08-29,33.00753402709961,33.017102595442914,32.63429414853632,32.68214794244857,43394300
2023-08-30,33.026668548583984,33.21807275688102,32.959677623289764,33.05538155280409,33799900
2023-08-31,32.902259826660156,33.13194196238621,32.86397825379524,33.122373394535835,27999700
2023-09-01,33.19893264770508,33.304205146950906,33.07452301289791,33.10323236697162,41075700
2023-09-05,32.86397933959961,33.29463792172928,32.8544107714331,33.160656063007124,38612300
2023-09-06,32.8448371887207,32.911828115300125,32.6055828364423,32.77784626214129,35672800
2023-09-07,32.75870895385742,32.90226304075826,32.66300866307826,32.71085880846784,47632600
2023-09-08,32.82570266723633,32.892693606600965,32.663011428988604,32.787421087390136,39720800
2023-09-11,32.97882080078125,33.15108423566778,32.892689083337984,32.97882080078125,28965100
2023-09-12,33.19893264770508,33.43818700027043,32.93096894106603,32.96925051365209,48615200
2023-09-13,33.19893264770508,33.3903368599037,33.07452301289791,33.35205528731763,31994900
2023-09-14,33.50517272949219,33.553026513167374,33.26591841404079,33.428613246927924,65685500
2023-09-15,33.33292007446289,33.53389286603468,33.26592549320705,33.28506628060416,51800200
2023-09-18,33.42424392700195,33.4723079670846,33.183920059537506,33.28966314795005,32458700
2023-09-19,33.38579177856445,33.52037255983526,33.17430559825247,33.45308216919986,36112900
2023-09-20,33.15508270263672,33.606889084422946,33.145467694292684,33.501145994945986,31618000
2023-09-21,32.607139587402344,33.039723269114866,32.607139587402344,33.039723269114866,48103300
2023-09-22,32.357200622558594,32.68404118105113,32.357200622558594,32.65520349464171,41688300
2023-09-25,32.434112548828125,32.45333523227655,32.18417365938175,32.289916753605105,40141700
2023-09-26,32.00152587890625,32.337977813995856,31.943846832726148,32.193785699122195,46165400
2023-09-27,31.953466415405273,32.0880472087091,31.674689819532155,32.0880472087091,49360900
2023-09-28,32.184173583984375,32.29952801966171,31.972687396033102,31.982302404786193,63638100
2023-09-29,31.88616943359375,32.386043525155266,31.80926770176573,32.33797948438135,52860500
2023-10-02,31.617002487182617,31.857326317175858,31.443969036223432,31.78042459844435,49350600
2023-10-03,31.117130279541016,31.54971393194537,30.992164520997076,31.4631972014645,52921800
2023-10-04,31.34784698486328,31.36707333499723,30.963327316287028,31.126749458899905,40136000
2023-10-05,31.492034912109375,31.549713954822057,31.194035692387615,31.261326075360323,41407800
2023-10-06,31.761201858520508,31.943846669916677,31.251712787487328,31.357455871419706,54057800
2023-10-09,31.780427932739258,31.847718318833195,31.44397233521856,31.472813691438116,61396600
2023-10-10,32.01113510131836,32.213006249012736,31.866942995987014,31.876554336188775,44743400
2023-10-11,32.0592041015625,32.232237588399144,31.81888022173954,32.107271811168204,35746400
2023-10-12,31.857332229614258,32.1553351542508,31.636234705032813,32.1553351542508,41991200
2023-10-13,31.92462158203125,32.357205275632865,31.751588104590603,32.059202360695934,53213800
2023-10-16,32.26107406616211,32.414881179294255,32.09765194574311,32.164942328547745,45589300
2023-10-17,32.41488265991211,32.626365158221944,32.10726841959689,32.11687976027193,41925200
2023-10-18,31.857332229614258,32.280304595814684,31.7900418380917,32.25146323726837,46942100
2023-10-19,31.434362411499023,31.97268552451684,31.415136062169648,31.79965571465481,66656200
2023-10-20,30.953712463378906,31.482424197406075,30.924871107924062,31.42474515354731,59921300
2023-10-23,30.76145362854004,31.10752056858928,30.732614105694097,30.886423060680272,55913700
2023-10-24,30.972942352294922,31.117134477850147,30.809520209537396,30.905651960292214,35825000
2023-10-25,30.857580184936523,31.069066341675864,30.77106345418414,30.857580184936523,59240100
2023-10-26,30.79029083251953,31.09790507059199,30.732613621262317,30.78067949191457,56046100
2023-10-27,30.23274040222168,30.790289815161618,30.14622367143176,30.75183895343578,73057300
2023-10-30,30.77106285095215,30.847968239913666,30.36732056005652,30.44422411549265,48978100
2023-10-31,31.107521057128906,31.117132398036315,30.771065452552136,30.828744499149863,41050100
2023-11-01,31.309389114379883,31.43435853608828,31.09790296488117,31.165193345712446,51764100
2023-11-02,32.04958724975586,32.06881359688238,31.540101885580757,31.597777259909556,47417000
2023-11-03,32.472557067871094,32.62636418343335,32.34759130757424,32.35720264796212,58801300
2023-11-06,32.376434326171875,32.60714320397321,32.203400834295124,32.55907916001889,40599700
2023-11-07,32.32836151123047,32.40526322728293,32.22261844298915,32.28029748031637,27442000
2023-11-08,32.366817474365234,32.395658832736956,32.164946301019604,32.318753433147414,30165800
2023-11-09,32.23223876953125,32.520630369527865,32.17456338317315,32.47256265816075,34336600
2023-11-10,32.5975341796875,32.626371874700155,32.19379178130333,32.386047970790024,35146100
2023-11-13,32.54946517944336,32.6359819183683,32.43411074989384,32.48217478995188,28327300
2023-11-14,33.164695739746094,33.34734057005836,32.87630781454989,32.905145506954085,54296300
2023-11-15,33.34733581542969,33.44346755482301,33.21275504732994,33.22237005479472,35000200
2023-11-16,33.4819221496582,33.52037118054544,33.33772636591496,33.44346945171986,33222500
2023-11-17,33.654945373535156,33.66456037966465,33.52036462412539,33.60688134403887,31336100
2023-11-20,33.78953552246094,33.86643724929146,33.53959665939696,33.606887045517794,37285400
2023-11-21,33.77030563354492,33.85682235906581,33.71262659418078,33.74146428033754,27285700
2023-11-22,33.90489196777344,33.97218235790639,33.78953753712427,33.84721291892324,32719200
2023-11-24,34.0106315612793,34.06830693714997,33.89527347543624,33.90488848278193,13168500
2023-11-27,33.89527130126953,33.95295034049131,33.818369582691105,33.88565996159121,35017000
2023-11-28,33.885658264160156,34.00101266977467,33.79914154318667,33.85682057951914,39329300
2023-11-29,34.12598419189453,34.32785533096569,33.981788425671894,33.981788425671894,36651300
2023-11-30,34.510498046875,34.510498046875,34.097140830685824,34.20288388604353,37334500
2023-12-01,34.770057678222656,34.80851037964584,34.39515300697525,34.45283205911002,51267600
2023-12-04,34.73160171508789,34.86618247616946,34.52972690641482,34.5681796001669,41366600
2023-12-05,34.558570861816406,34.635472588059,34.404763742280224,34.6258612474228,39510900
2023-12-06,34.38554000854492,34.8757990933911,34.33747596760726,34.750833320363434,35616100
2023-12-07,34.548954010009766,34.568180357306915,34.38553555856017,34.47205228787195,26050900
2023-12-08,34.73160171508789,34.7892770886653,34.47205153283741,34.51050422658949,33213100
2023-12-11,34.943084716796875,35.01037509833937,34.7412135721694,34.7412135721694,31165700
2023-12-12,35.19302749633789,35.20263883746788,34.88541324146175,35.029605360718655,37245700
2023-12-13,35.760196685791016,35.798649389488126,35.13535308539381,35.202643483337916,56989000
2023-12-14,36.115867614746094,36.250448383012234,35.92360780277264,36.04857723061302,66865700
2023-12-15,35.904380798339844,35.99089752879335,35.750573684983706,35.81786406788634,69246200
2023-12-18,36.02417755126953,36.14976199812741,35.985534482141304,36.08213846975596,43434000
2023-12-19,36.294673919677734,36.30433653016306,35.908250574799496,36.004858253622125,32509000
2023-12-20,35.64741516113281,36.28501103089134,35.64741516113281,36.19806597205128,52985700
2023-12-21,35.99518585205078,36.00484845990778,35.66672720381048,35.801977917372476,27522200
2023-12-22,36.072479248046875,36.21738891348155,35.937232192417646,36.10145970705146,30331400
2023-12-26,36.21739196777344,36.28501550129089,36.04350182866964,36.10146275156678,17837600
2023-12-27,36.33331298828125,36.33331298828125,36.08213673622122,36.140101337128705,32640800
2023-12-28,36.439579010009766,36.51686145813706,36.26568889521627,36.27534781928006,25308000
2023-12-29,36.32365036010742,36.4878815533243,36.217387452973824,36.429916952446746,30218300
2024-01-02,36.47821807861328,36.49753961178081,36.159421994363164,36.22704551784669,31351900
2024-01-03,36.16907501220703,36.37194923473543,36.11111410737467,36.313984644698024,46909000
2024-01-04,36.31399154663086,36.60380718149093,36.246368021337034,36.29467001294609,36904200
2024-01-05,36.468563079833984,36.66177474709948,36.29467294781565,36.3139944830628,44852300
2024-01-08,36.700416564941406,36.71973441432317,36.285012784321204,36.47822075978612,39098300
2024-01-09,36.468563079833984,36.516865075348846,36.3526375535571,36.507206150328294,36338100
2024-01-10,36.526519775390625,36.555500229382325,36.29466508784129,36.41059058901334,37095500
2024-01-11,36.39127731323242,36.52652806135393,36.10146165195563,36.47822238013607,49043500
2024-01-12,36.32365036010742,36.70041473800295,36.17874438572212,36.565164002621984,41333900
2024-01-16,36.072479248046875,36.14010277586149,35.869608664603035,36.014514644831834,44042100
2024-01-17,36.00485610961914,36.14976209141508,35.744020920139356,35.763342454753335,38715900
2024-01-18,36.06282043457031,36.10145981829353,35.6957186501556,35.95655383761822,42064900
2024-01-19,36.64244842529297,36.690750414498204,36.082135031936716,36.19806422827594,59417700
2024-01-22,36.816341400146484,36.999890447494884,36.72939633872759,36.79701986591942,51828800
2024-01-23,36.874298095703125,36.90328223632812,36.71972952478972,36.79701565284913,46255500
2024-01-24,37.01921463012695,37.22208522621606,36.99023416931597,37.02887724053468,43975500
2024-01-25,37.2027587890625,37.24140185518991,36.97090776270928,37.164119408140714,50693800
2024-01-26,37.338008880615234,37.405632402576465,37.106154173029886,37.14479723849504,38620200
2024-01-29,37.43461608886719,37.46359654786365,37.12547890888527,37.22208289567742,44175600
2024-01-30,37.907981872558594,37.946621253505754,37.45393505827745,37.473256591353845,43229300
2024-01-31,37.444271087646484,38.110851056325174,37.424953240478125,37.83069436471255,65780900
2024-02-01,37.50224685668945,37.531227321280774,36.951595918214934,37.37665870144944,63445600
2024-02-02,37.65680694580078,37.830697064369026,37.35732870044308,37.37665023419574,61778400
2024-02-05,37.43461608886719,37.560204219861674,37.27038857427936,37.44427501346405,37351300
2024-02-06,37.51190185546875,37.56986277288845,37.33801173279798,37.38631372571634,41055700
2024-02-07,37.792057037353516,37.84035903301835,37.45393938249361,37.714774581330985,39018700
2024-02-08,37.64714431762695,37.763069823531914,37.40563069728848,37.61816017724667,47331500
2024-02-09,37.753421783447266,37.77273963566239,37.502245482173244,37.59884948407467,50680400
2024-02-12,37.927303314208984,38.09153451831713,37.66647180597682,37.7534168704562,39952700
2024-02-13,37.4152946472168,37.73409443779173,37.11581639108936,37.63748676555423,62948300
2024-02-14,37.772727966308594,37.80171210608994,37.49257497326122,37.637480931346694,58722500
2024-02-15,38.419986724853516,38.497269166168316,37.87899489482852,37.888657503246215,58107900
2024-02-16,38.28474426269531,38.45863438293571,38.207458126941454,38.381348247181855,37900000
2024-02-20,38.17847442626953,38.31372146714694,37.98526278849947,38.014243244343064,39952200
2024-02-21,38.29440689086914,38.29440689086914,37.99493229887242,38.130179364316895,40242400
2024-02-22,38.73878479003906,38.87403551845403,38.4393102472769,38.506933768881616,55188200
2024-02-23,38.9319953918457,39.09622657221979,38.85471294859146,38.88369340416112,42190500
2024-02-26,38.73878479003906,39.154188528585486,38.671161268434346,38.89335336587921,38370000
2024-02-27,38.84505081176758,38.854713420545124,38.58421565285606,38.77742729114669,42599500
2024-02-28,38.989959716796875,39.12520675545447,38.75810501823714,38.76776762683006,40040800
2024-02-29,38.970645904541016,39.17351650271419,38.80641469277739,39.086571434181955,37629700
2024-03-01,38.922340393066406,39.04792483666834,38.796752264258664,38.96098346119276,40794900
2024-03-04,39.018943786621094,39.125210379754584,38.84505366789461,38.854716277382614,53413200
2024-03-05,39.028602600097656,39.25079468903597,38.883692953517915,38.883692953517915,50770200
2024-03-06,39.231475830078125,39.34740134411696,38.91267605996428,39.08656617362535,58459500
2024-03-07,39.17351531982422,39.45367205276913,39.028609333450184,39.37638591187148,35505100
2024-03-08,39.24113845825195,39.44401273347732,39.19283646327677,39.23147953333932,47266600
2024-03-11,39.30875778198242,39.347400847909924,39.02860476702203,39.096228289792364,36233100
2024-03-12,39.472991943359375,39.58891746466979,39.260458749952036,39.39570580568184,53199300
2024-03-13,39.7628059387207,39.77246486292652,39.52129229631224,39.55027275413542,43471400
2024-03-14,39.44401550292969,39.84975671145642,39.231482287869255,39.772470565904904,65563400
2024-03-15,39.40536880493164,39.58891785592095,39.14453361550099,39.221816068736416,67568000
2024-03-18,39.63130569458008,39.67978954826808,39.350097863557295,39.5440332783093,39140600
2024-03-19,39.82523727416992,39.84463155179225,39.64099718537817,39.660391463000494,36748300
2024-03-20,40.30038833618164,40.32947790344168,39.708875808025795,39.77675393101939,52255300
2024-03-21,40.63008499145508,40.72705268488217,40.34887350180398,40.397357348517524,49209200
2024-03-22,40.16463088989258,40.765842443925365,40.13554132082278,40.67857003763548,32033000
2024-03-25,40.009483337402344,40.20342244350545,40.009483337402344,40.13554431123148,31784000
2024-03-26,40.145240783691406,40.27129805053524,40.019179817767025,40.15493607380226,30135500
2024-03-27,40.62039566040039,40.63009465149733,40.232521095392215,40.3391841038896,36670300
2024-03-28,40.843421936035156,40.940393345825136,40.60099896018177,40.66887709749423,41490200
2024-04-01,40.62039566040039,40.921001500023785,40.542822227031266,40.882212933798584,37537700
2024-04-02,40.40705108642578,40.55250632006071,40.33917296381755,40.494323486790684,36359800
2024-04-03,40.38766860961914,40.688270727448504,40.281001910099945,40.416758182549465,39715900
2024-04-04,39.931915283203125,40.80463952846334,39.88343142492895,40.72706239595964,52657500
2024-04-05,40.31008529663086,40.41675197977989,39.95130038892266,40.08705664053763,47540300
2024-04-08,40.48463439941406,40.55251253242074,40.30039428112175,40.31978856184949,35165700
2024-04-09,40.25189971923828,40.61068830159139,39.93190339066518,40.50402162570696,51953600
2024-04-10,39.650691986083984,40.01917585820736,39.52463103263227,39.864025338220706,59492800
2024-04-11,39.36948776245117,39.68948784958357,39.12706479913785,39.63130500671926,56870800
2024-04-12,38.84585189819336,39.27251492621666,38.700396659575226,39.10766910825778,81234800
2024-04-15,38.65191650390625,39.50524634051707,38.535554521348644,39.35009579741335,71800600
2024-04-16,38.390098571777344,38.76827778253337,38.33191573201462,38.68100537242962,66751300
2024-04-17,38.487064361572266,38.73918628894654,38.33191382898828,38.5646414774045,41561900
2024-04-18,38.622825622558594,38.962216268119676,38.53555321383137,38.661610482708,48893400
2024-04-19,39.156150817871094,39.233724228241684,38.758577379636364,38.836150790006954,55513600
2024-04-22,39.63130569458008,39.854334380809625,39.20464260341236,39.36948844576776,50701200
2024-04-23,39.883426666259766,39.98039437123846,39.70888183803344,39.81554853295851,36488600
2024-04-24,39.87372970581055,39.93191255120766,39.670095295542176,39.77676199589637,33957500
2024-04-25,39.64100646972656,39.78645803733998,39.3016120804664,39.679791334974816,50365700
2024-04-26,39.582820892333984,39.8058495732189,39.485853187281705,39.57312560146109,35796900
2024-04-29,39.52463912963867,39.74767151569751,39.37918756808662,39.5731266825703,36596100
2024-04-30,39.13676071166992,39.52463520302254,39.13676071166992,39.437362795129104,34481600
2024-05-01,39.13676071166992,39.611907610915985,39.059183593951055,39.107671142065634,54717600
2024-05-02,39.23373031616211,39.46645798154671,38.9525187993876,39.408275140430376,37085100
2024-05-03,39.32100296020508,39.55373062696228,39.12706385442088,39.46645821431342,45012600
2024-05-06,39.82523727416992,39.82523727416992,39.534330507995485,39.62160290775584,42335600
2024-05-07,39.96099853515625,40.0385756553846,39.85433184438262,39.92220997504208,42601200
2024-05-08,40.10645294189453,40.17433107112531,39.815546145322536,39.92220913477047,28390900
2024-05-09,40.40705108642578,40.40705108642578,39.9997823507764,40.00947764011461,31594800
2024-05-10,40.56221008300781,40.63978350408533,40.504027242889165,40.5525110934477,34306800
2024-05-13,40.397361755371094,40.746451408318606,40.397361755371094,40.678573275698895,29570100
2024-05-14,40.60098648071289,40.63007974424806,40.397352131366304,40.55250264026083,30638300
2024-05-15,40.90159606933594,40.94038462498946,40.68826271232181,40.69796170077532,36138300
2024-05-16,40.90159606933594,41.095535148523304,40.882201791509175,40.94038462498946,36032700
2024-05-17,41.20220184326172,41.20220184326172,40.92099036328327,40.969474208329146,29813200
2024-05-20,40.63978576660156,41.173115550598574,40.62039148548229,41.11493640632163,35719600
2024-05-21,40.90159606933594,40.94038462498946,40.69796170077532,40.717355978602086,33413400
2024-05-22,40.66887283325195,40.98887290338444,40.581600423132244,40.81432808314502,38661100
2024-05-23,40.10645294189453,40.66887225538964,39.9513024037841,40.63008739517249,51768500
2024-05-24,40.348876953125,40.35857224366486,40.18402742130175,40.18402742130175,23477300
2024-05-28,39.90282440185547,40.26160938023723,39.75736913271308,40.26160938023723,31004900
2024-05-29,39.582820892333984,39.70888186816662,39.46645890645508,39.582820892333984,40620200
2024-05-30,39.7961540222168,39.883426435825726,39.52463779149968,39.62160919499894,32769300
2024-05-31,40.377967834472656,40.416756396052556,39.75736564551751,39.87372763117639,38664000
2024-06-03,40.125850677490234,40.41675749911736,39.77676101190531,40.368273645359665,37855000
2024-06-04,39.94160079956055,40.24220656581752,39.75736070357875,39.91251123153194,27586400
2024-06-05,40.05796432495117,40.10644816876293,39.767053863920275,40.06765961408146,23817300
2024-06-06,40.038578033447266,40.24221243752036,39.883427482856206,40.12585044934729,39040200
2024-06-07,40.22281265258789,40.44584130735277,39.97069442953032,40.04826784467096,42273300
2024-06-10,40.067665100097656,40.11614895054776,39.80584786877026,40.04827082010148,31615200
2024-06-11,39.61191177368164,39.89312330634384,39.41797635716519,39.873729024876006,54584900
2024-06-12,39.573123931884766,40.06766512531622,39.514941091859605,40.019181274835596,46399800
2024-06-13,39.54403305053711,39.58282161289646,39.272520512183455,39.57312632184708,39497900
2024-06-14,39.4179801940918,39.49555362843314,39.14646392619378,39.27252491846495,29083000
2024-06-17,39.76705551147461,39.776754500086895,39.25312008743325,39.32099821139794,36076900
2024-06-18,40.019187927246094,40.019187927246094,39.679793519302656,39.718582085767274,38900300
2024-06-20,40.23251724243164,40.3391802407142,39.89312286908594,39.93191143159646,42869100
2024-06-21,40.077362060546875,40.17432975653769,39.84463441145625,40.135541198509166,42530600
2024-06-24,40.48916244506836,40.74227892108135,40.14842801318033,40.24577964694069,45252000
2024-06-25,40.18737030029297,40.537842157472035,40.070547585808995,40.411282050440235,32845400
2024-06-26,39.93425369262695,40.02187165668623,39.7395466931922,40.00240058537004,37978500
2024-06-27,39.885581970214844,39.93425779664413,39.6421991243409,39.81743507046834,25466100
2024-06-28,40.02186965942383,40.27498614644841,39.85636741835907,39.973193840426056,44045100
2024-07-01,40.109493255615234,40.45022775020931,39.94399099129278,40.18737383421068,36131100
2024-07-02,40.57678985595703,40.57678985595703,40.01213985013988,40.031610924174366,27033100
2024-07-03,40.450225830078125,40.654666517129975,40.43075475792167,40.61572808654435,21113200
2024-07-05,40.440486907958984,40.53783854239283,40.20683778610023,40.53783854239283,21421100
2024-07-08,40.33340072631836,40.742282076248614,40.284724905668625,40.498899259272875,27779300
2024-07-09,40.64493179321289,40.907785689977935,40.32366468147988,40.372344217483445,33140000
2024-07-10,40.800697326660156,40.81043100578533,40.43075438654024,40.450225458517835,28445400
2024-07-11,41.12196731567383,41.190114215491214,40.713082203042006,40.839642322871796,45836600
2024-07-12,41.25825500488281,41.43349092523975,40.96619637553024,41.073281692435515,39041200
2024-07-15,41.861846923828125,41.90078906807507,41.37508126192315,41.404286013244715,46561200
2024-07-16,42.338871002197266,42.35833835695905,41.81316329419088,41.891043854417795,52243100
2024-07-17,42.66014099121094,42.73802527729301,42.22205116631719,42.29019805977542,54773300
2024-07-18,42.14417266845703,42.942468071457554,42.046817306062245,42.514111904375184,58731300
2024-07-19,41.71581268310547,42.21231570155535,41.66713686322707,42.12469774028343,47220000
2024-07-22,41.949462890625,42.027343461676885,41.618462107768515,41.81316910598888,29071100
2024-07-23,42.027339935302734,42.24151798674687,41.95919304870265,42.056548396507615,23800400
2024-07-24,41.452964782714844,41.98840625814858,41.452964782714844,41.90078829207926,47786900
2024-07-25,41.608726501464844,42.22204850391458,41.521108542011035,41.530842220293934,44862000
2024-07-26,42.260990142822266,42.38755024135914,41.813166672586405,41.832637742648,32636300
2024-07-29,42.202579498291016,42.38755281825788,41.98840514204686,42.35834435452636,35195700
2024-07-30,42.68935012817383,42.83538132271957,42.44596727974928,42.46543835327056,31418700
2024-07-31,42.58226013183594,42.9424656682197,42.553051667888454,42.78670081083263,38694800
2024-08-01,41.978668212890625,42.796434645583886,41.79369860460931,42.73802514493039,47060900
2024-08-02,40.94672775268555,41.64766776228534,40.69360753538317,41.50164029574367,78599800
2024-08-05,39.75901794433594,40.13869455240103,39.5837820154248,40.05107658794546,107913600
2024-08-06,40.401546478271484,40.878578420127084,39.82716289786264,39.934251928507386,57668900
2024-08-07,40.450225830078125,41.23878754064178,40.391816327336045,40.84937352496724,43912600
2024-08-08,41.10249710083008,41.151172928326666,40.6546698321697,40.713083053402165,41260500
2024-08-09,41.27772903442383,41.38481435900576,40.92725716858559,41.0927557087163,23838800
2024-08-12,41.06354522705078,41.462692859945065,40.97592727281903,41.35560383658107,20509300
2024-08-13,41.40427780151367,41.43348626076959,41.00513018646382,41.30692617393138,24922000
2024-08-14,41.9105224609375,41.98840674889928,41.472432625470624,41.50164109031992,30673000
2024-08-15,42.29993438720703,42.53357981211529,42.163640603722705,42.309668065858595,33329000
2024-08-16,42.61146545410156,42.61146545410156,42.25125991288216,42.25125991288216,25338900
2024-08-19,42.84510803222656,42.85484542426681,42.62119629375107,42.62119629375107,24458600
2024-08-20,42.70882034301758,42.835380461497515,42.621202370797235,42.79643831523792,19620400
2024-08-21,42.64067459106445,42.825647933910005,42.41676281463924,42.77696839291218,19914100
2024-08-22,42.88404846191406,42.88404846191406,42.650403054447416,42.689341479873995,24738700
2024-08-23,43.253990173339844,43.36107919621914,42.922989427043255,43.01060738087843,32762500
2024-08-26,43.39028549194336,43.623934615087265,43.292933856974045,43.400022883676385,23716300
2024-08-27,43.614192962646484,43.633664030483565,43.4000186438915,43.47789920151337,21583500
2024-08-28,43.72128677368164,43.964669577746605,43.45843289964425,43.497375039589095,24726200
2024-08-29,44.110694885253906,44.25672232005597,43.565516139637616,43.867312113524086,33726600
2024-08-30,44.52931594848633,44.56825437162864,44.032812987724505,44.237253635696284,28967700
2024-09-03,44.19832229614258,44.665616872281944,43.99387790167828,44.29567394019059,39893900
2024-09-04,44.24699783325195,44.558527548672195,44.0230860824016,44.276202583532864,32006100
2024-09-05,43.760231018066406,44.45143732355674,43.56552402270555,44.431966252647946,39523500
2024-09-06,43.11770248413086,44.00361582507107,43.02034712518142,43.760232998288295,51331300
2024-09-09,43.760231018066406,44.00361383383571,43.46817238188865,43.526581880887974,41010900
2024-09-10,43.31241226196289,43.94520542388488,42.815909183843495,43.906263277811306,59115000
2024-09-11,43.10796356201172,43.176110453995044,42.23178764491455,43.14690570420993,59397500
2024-09-12,43.205322265625,43.341616060153484,42.835379313528136,43.18585119301702,37732700
2024-09-13,43.331878662109375,43.5071146018341,43.2345270128078,43.331878662109375,32912300
2024-09-16,43.89652633666992,43.906260015601376,43.51684972498099,43.51684972498099,37063700
2024-09-17,44.13017654418945,44.27620401403913,43.945203216495024,43.99387903977825,27893300
2024-09-18,43.99387741088867,44.48064305315278,43.896525767926704,44.1496422678641,41783900
2024-09-19,44.48064422607422,44.597470657181766,44.13990975299528,44.44170579609893,46457700
2024-09-20,44.45143508911133,44.45143508911133,44.13990539768448,44.383288201219635,48699200
2024-09-23,44.39769744873047,44.62242126911265,44.319534424212954,44.44655353214927,31615300
2024-09-24,44.02642059326172,44.26091341549374,43.8700908027083,44.26091341549374,40341400
2024-09-25,43.76260757446289,44.10457778123983,43.62581949175212,44.045956447047054,32546900
2024-09-26,43.98733139038086,44.07526711887518,43.74306589202947,43.889622954722874,31445200
2024-09-27,44.11435317993164,44.3976983426077,44.016644738322704,44.08503878385099,23226100
2024-09-30,44.280452728271484,44.2999944169412,43.811463381786226,44.00687654128742,23593400
2024-10-01,44.045963287353516,44.27068713344863,43.752841662085174,44.163209701143074,32703000
2024-10-02,44.094810485839844,44.19251519802427,43.80169262209073,44.02641644187158,37709400
2024-10-03,43.860313415527344,44.016643189404554,43.64535857874776,43.92870745864889,23545700
2024-10-04,44.60287857055664,44.64195821506633,44.114347605828506,44.29021905130627,40432000
2024-10-07,44.05572509765625,44.62241911139228,43.870084662107416,44.602881151604564,26599300
2024-10-08,44.30976486206055,44.417242289697995,44.14366609367258,44.221829123738644,28763000
2024-10-09,44.72012710571289,44.808062832674004,44.22182341053469,44.3097591374958,28334300
2024-10-10,44.583335876464844,44.80805966789427,44.39769172866134,44.76897629707296,34127400
2024-10-11,45.44315719604492,45.531092935226106,44.837379730127985,44.86669040078966,52850300
2024-10-14,45.72650146484375,45.77535382005661,45.39430023132224,45.52131933663229,35850800
2024-10-15,45.824214935302734,46.30297328704446,45.765589866291094,46.03916606728637,42356800
2024-10-16,46.390899658203125,46.41044134392718,45.91214140314786,46.00007712530837,44973700
2024-10-17,46.517921447753906,46.71333458912416,46.48861078106685,46.58631548815414,45823400
2024-10-18,46.52769088745117,46.62539932269985,46.26388370307328,46.517921907524155,34279600
2024-10-21,46.156410217285156,46.557005485570336,46.06847448877399,46.44952806992382,26207400
2024-10-22,46.0684814453125,46.1466444784611,45.70696576951187,45.921920633263994,30018700
2024-10-23,46.02939224243164,46.13686966071183,45.80466842566205,46.019619535026635,20697200
2024-10-24,46.0684814453125,46.12710278837488,45.78513252985674,46.03916704658503,19617500
2024-10-25,45.56040573120117,46.332281939990324,45.45292830629234,46.254118911908655,25526500
2024-10-28,46.127098083496094,46.1661814596821,45.785127859858285,45.79489684030684,31415900
2024-10-29,45.84375,46.13687159933384,45.80467035032532,46.00985248810224,27930900
2024-10-30,46.04893493652344,46.34205280275141,45.86329076372888,45.90237413981151,28704300
2024-10-31,45.41384506225586,46.127099933881084,45.41384506225586,45.990311838938716,53417100
2024-11-01,45.570167541503906,45.92191043051444,45.452921154232214,45.560398562229366,40139900
2024-11-04,45.21842956542969,45.57994520018851,44.97416405787711,45.540861824453096,41705600
2024-11-05,45.63856506347656,45.65810675071351,45.16957575137714,45.257511480345514,35221800
2024-11-06,48.413421630859375,48.54044073519909,47.58292041699795,47.91512164798167,153473400
2024-11-07,47.63177490234375,48.30594637455562,47.54383916882082,48.30594637455562,70611400
2024-11-08,48.06167984008789,48.33525974256086,47.729478601310305,47.97374410843512,60376500
2024-11-11,48.74562454223633,48.98989005205086,48.53066970089686,48.540442408519134,63654700
2024-11-12,48.599063873291016,48.794473284913394,48.452503087378616,48.72607924540644,58512400
2024-11-13,48.62837600708008,48.98011892212808,48.55020925831576,48.696770048651,31880700
2024-11-14,48.5013542175293,48.84332813363827,48.413418493637906,48.73585072363818,38252800
2024-11-15,48.72608184814453,48.862869934465074,48.47204736314864,48.501358031018526,40741500
2024-11-18,48.87264633178711,48.960582069231755,48.55998676024973,48.76516890522187,27141600
2024-11-19,48.550209045410156,48.73585320931346,48.28640186028102,48.481815004139165,27014700
2024-11-20,48.40365219116211,48.774933066174675,48.169155672084315,48.745622398988345,33932500
2024-11-21,49.019203186035156,49.24393074629999,48.52090316091681,48.64792227602387,50881800
2024-11-22,49.56635284423828,49.61520519685899,48.98011715839858,48.98988613804448,42050800
2024-11-25,49.888790130615234,50.074430580244126,49.69337697315557,49.83993404585334,47492500
2024-11-26,49.98649597167969,50.084200689012306,49.59566964795711,49.90833294325281,28418400
2024-11-27,50.084197998046875,50.43594092505925,50.035345642005346,50.054887329861124,31803700
2024-11-29,50.1623649597168,50.387088780206405,50.07442922759514,50.26006967220937,15178400
2024-12-02,49.6640625,50.308923261186116,49.53704339830095,50.24052549319764,55483600
2024-12-03,49.292781829833984,49.957184330931135,49.292781829833984,49.957184330931135,46924300
2024-12-04,49.10713577270508,49.28300723551029,48.94103701738673,49.24392758715034,41017400
2024-12-05,49.25369644165039,49.50773092772255,49.14621902274438,49.185302398200356,33599300
2024-12-06,49.243927001953125,49.41002575529761,49.10713518913345,49.243927001953125,23439400
2024-12-09,48.56975555419922,49.33186651818373,48.550213865153864,49.2830104319723,41998300
2024-12-10,48.55998229980469,48.83355846797171,48.25709173705137,48.608834654520834,38861800
2024-12-11,48.65768814086914,48.77493454035385,48.442737029679826,48.75539657976959,35035900
2024-12-12,48.4427375793457,48.82379117739158,48.4427375793457,48.784707801387924,23107300
2024-12-13,48.40365219116211,48.65768667023364,48.29617477521794,48.63814498304418,39160400
2024-12-16,48.315711975097656,48.49158341627305,48.227776254509955,48.43295836014946,35242800
2024-12-17,47.9737434387207,48.13984591938863,47.807644685248576,48.13007321201038,46103300
2024-12-18,46.5374641418457,48.169155894132196,46.49838076728662,48.06167847769258,72399500
2024-12-19,46.70356369018555,47.41681851568368,46.693794709976885,47.06507559303894,63641000
2024-12-20,47.397274017333984,47.768558605574064,46.50814778324013,46.605856215511515,56066100
2024-12-23,47.51110076904297,47.550350822746864,46.971425631433405,47.157861514981334,43033300
2024-12-24,48.070404052734375,48.09002533624054,47.52091453728458,47.609225285426675,18350500
2024-12-26,48.188148498535156,48.20777352432983,47.825094879061076,47.85453054620761,20805600
2024-12-27,47.83490753173828,48.24702186148184,47.57978967186243,47.933028921746434,33852400
2024-12-30,47.37373352050781,47.589605091909874,46.96161914938549,47.344297849168065,34819800
2024-12-31,47.422794342041016,47.65828718095828,47.2559834833077,47.49148006531615,25170500
2025-01-02,47.3050422668457,47.85453177392091,47.04011002645718,47.668099638725,35879100
2025-01-03,47.67790603637695,47.707341701658514,47.17748101113696,47.5797846567113,25198100
2025-01-06,47.530723571777344,48.099838094579674,47.4424128266215,47.88396655240072,54289900
2025-01-07,47.422794342041016,47.84471932369205,47.21673342912443,47.73678728932483,57682700
2025-01-08,47.57978820800781,47.589598849470356,47.11860945435785,47.432602384432855,36422000
2025-01-10,46.4317512512207,47.23635864981964,46.2649441348949,47.1971085954755,53128700
2025-01-13,46.76536560058594,46.78499062623621,46.1570047777913,46.196254829091835,36002800
2025-01-14,47.34429168701172,47.38354173908372,46.84386662391214,46.95179865247367,39353300
2025-01-15,48.551204681396484,48.67876548425129,48.090025908599905,48.35495815617936,61176900
2025-01-16,48.8750114440918,48.914257754208315,48.531579093161795,48.531579093161795,33830400
2025-01-17,49.28712463378906,49.375435379918564,48.79651020931205,48.973131701571056,43693100
2025-01-21,49.699241638183594,49.75811297228866,49.44412004675858,49.45393443117003,33267500
2025-01-22,49.4637451171875,49.70905232442273,49.26749860278113,49.69924168309333,37226400
2025-01-23,49.74829864501953,49.83660938272494,49.53242712105285,49.54224150473714,32048800
2025-01-24,49.89548110961914,49.94454554224985,49.5324275153141,49.58148820485413,39088700
2025-01-27,50.444976806640625,50.474412475388924,49.66980508947891,49.80717653442582,61707400
2025-01-28,50.356666564941406,50.582348761499404,50.150609395443816,50.386102233986435,39885300
2025-01-29,50.31741714477539,50.76878528666941,50.209481366128806,50.219295751328254,43612200
2025-01-30,50.7982177734375,51.063150010855516,50.464599816291596,50.77859274735939,64250500
2025-01-31,50.503849029541016,50.99446344407134,50.474409619367364,50.8570920068974,40424200
2025-02-03,50.29779052734375,50.43516571415446,49.463747480136995,49.79736544763792,77416200
2025-02-04,50.1800422668457,50.42534947678772,50.042670828172724,50.35666375745124,41742700
2025-02-05,50.70990753173828,50.71971817332937,50.18004305163488,50.39591459754909,34758600
2025-02-06,51.1318359375,51.15146096365753,50.788403594379766,51.004275139021566,34355900
2025-02-07,50.8472785949707,51.279017940502015,50.80802854271576,51.1907071944739,40601400
2025-02-10,50.444976806640625,51.00427697140511,50.22910525424341,50.93559124893166,37921500
2025-02-11,50.57253646850586,50.67065785751345,50.06229701086607,50.36647930573529,45162900
2025-02-12,50.39591598510742,50.415541011920965,49.96417288139176,50.31741587785326,45473100
2025-02-13,50.72953414916992,50.798219871734986,50.31741607068841,50.533287623373546,36372200
2025-02-14,50.82765579223633,51.04352734599052,50.778595096317055,50.798220123303,29574300
2025-02-18,51.190711975097656,51.22015138858366,50.77859761720707,50.90615842740283,33496800
2025-02-19,51.21033477783203,51.269209859154415,50.92578124250182,51.063152689162855,31748500
2025-02-20,50.42534637451172,51.171082342987134,50.08191779895774,51.13183229346932,47078900
2025-02-21,49.797359466552734,50.533281035023954,49.69923808799283,50.444970297083785,51789900
2025-02-24,50.01323699951172,50.44497635736988,49.728679727175354,50.03286202619952,56673900
2025-02-25,50.003421783447266,50.444975518855216,49.365625270605605,50.3076040774152,50132800
2025-02-26,49.89548110961914,50.356659826094926,49.79735973053908,50.01323125622403,31250500
2025-02-27,50.17023468017578,50.82765624616585,50.03286323313853,50.072109544369745,44378600
2025-02-28,51.200523376464844,51.27901974063931,50.20948010923784,50.42535166112712,63537100
2025-03-03,50.76878356933594,51.65188730976149,50.40572619106182,51.337894369642484,76100100
2025-03-04,48.98294448852539,50.31741638044651,48.70820159657381,50.25854504250898,99342400
2025-03-05,49.26749801635742,49.50299457946017,48.62970153099199,49.00256578652591,75561700
2025-03-06,48.45308303833008,49.02219384109956,48.1390900968522,48.688575872892926,55477700
2025-03-07,48.19796371459961,48.40402463345648,47.34429559850559,48.276463825229136,87351400
2025-03-10,47.11861038208008,47.69753556013392,46.56912087208439,47.38354262387669,78221400
2025-03-11,46.716304779052734,47.177483522833725,46.392497471353515,47.04992272800455,72972200
2025-03-12,46.78498840332031,47.28541343280702,46.33362406408278,47.21672771784004,60700100
2025-03-13,46.52987289428711,47.177487565175575,46.39250144643485,46.90274092637983,49986300
2025-03-14,47.60922622680664,47.68772259165667,46.726118727924,46.971425950603496,49535700
2025-03-17,48.16852569580078,48.40402227311448,47.412979011745364,47.42279339664112,43570500
2025-03-18,48.109649658203125,48.364771257139694,47.93302816450582,48.20777478975221,32714200
2025-03-19,48.6395149230957,48.89463652614343,47.94284332178041,48.13908984494994,44290700
2025-03-20,48.708194732666016,49.041812658633205,48.27645542856933,48.36476616612213,46326000
2025-03-21,48.53158187866211,48.70820338514259,48.109653140191114,48.46289615315207,53382800
2025-03-24,49.387367248535156,49.505541348995884,48.90481705689956,49.03284119046605,43158200
2025-03-25,49.66310501098633,49.74188648754764,49.31842900724304,49.56462722611301,24873700
2025-03-26,49.515384674072266,50.13580523871331,49.32827537977144,49.81082554264485,39729200
2025-03-27,49.41690444946289,49.68279896403989,49.03283584730272,49.42675072480877,32299800
2025-03-28,48.4616584777832,49.535082906114745,48.27454917621599,49.269188368085445,45365400
2025-03-31,49.05253601074219,49.29873423729477,47.84124118690594,47.97911159270549,38042300
2025-04-01,48.993446350097656,49.21010198835845,48.45181101113242,48.86542222233567,37959100
2025-04-02,49.39720916748047,49.56462590532785,48.520744132729035,48.599525607191005,41792100
2025-04-03,46.96477508544922,47.910179185663296,46.876143568450615,47.46702160067029,101160600
2025-04-04,43.5278434753418,45.70423470993727,43.41951566387285,45.36940500025439,128135300
2025-04-07,43.41952133178711,44.95579968676123,41.56810953323168,42.188530143832935,179993200
2025-04-08,43.25210189819336,45.51712854910803,42.582446189569346,45.103513582092916,98804200
2025-04-09,46.51176834106445,46.8859906959414,42.4150300163337,42.58244676326028,177242900
2025-04-10,45.21184539794922,45.891351199283314,43.86268007210309,45.8224159914677,93318200
2025-04-11,45.96028518676758,46.25572607720379,44.68005510272956,44.906557030493545,63647400
2025-04-14,46.432987213134766,46.895837326327204,46.157242643764214,46.62994278980211,52008900
2025-04-15,46.55116271972656,47.17158332373392,46.51177010052582,46.69887940669893,41840100
2025-04-16,45.822410583496094,46.620094152674504,45.47773458509676,46.45267741296152,47934300
2025-04-17,45.94059371948242,46.4920753803991,45.72393806315826,45.792873270772844,61866600
2025-04-21,44.95579528808594,45.84210660268011,44.453548828797956,45.704236204189016,43082300
2025-04-22,46.442832946777344,46.56100704273468,45.49743266574512,45.635303070476475,38154800
2025-04-23,46.99431228637695,47.98895133324805,46.83674559310966,47.30944567291154,50290900
2025-04-24,47.51625442504883,47.60488593072053,46.63978940045456,46.82689868723413,26817900
2025-04-25,47.28975296020508,47.49655855645483,46.97461954972358,47.27990292799133,28113000
2025-04-28,47.437469482421875,47.83138812261472,47.1026435219505,47.48671212996091,33922800
2025-04-29,47.929866790771484,48.01849829861977,47.230664760349846,47.44732039213156,42475300
2025-04-30,48.018497467041016,48.185914204160305,46.77766013534039,47.41777698723547,33759900
2025-05-01,48.0086555480957,48.32378898654312,47.70336838604924,47.84124255247104,34420200
2025-05-02,49.003292083740234,49.18055510277603,48.57983460125106,48.73740131187324,35032100
2025-05-05,48.68815994262695,49.072232331760524,48.35333020416548,48.58968215465638,24139900
2025-05-06,48.412418365478516,48.80633702450591,48.225309068618216,48.25485165320491,28949100
2025-05-07,48.6980094909668,48.96390402386628,48.51089643632266,48.56998536252925,30070100
2025-05-08,49.10177230834961,49.60401501101746,48.973748185439526,49.08207600046447,31294200
2025-05-09,49.10177230834961,49.27903532262923,48.96390190984026,49.200250091088684,22075000
2025-05-12,50.096412658691406,50.42139611168451,49.78127923822417,50.33276460238518,44274100
2025-05-13,50.303226470947266,50.53957467887553,50.135809713368296,50.22444123051315,33986100
2025-05-14,50.165348052978516,50.39184996501943,50.01763137470142,50.33276479638328,38764200
2025-05-15,50.50017547607422,50.57896070623885,50.05702170480106,50.096410563196834,34742500
2025-05-16,50.80546569824219,50.88424717651226,50.38200445206605,50.49033227178833,53401000
2025-05-19,50.83501052856445,50.98273097229048,50.46079191604922,50.539573397799344,26348400
2025-05-20,50.55926513671875,50.736528150490166,50.332763231718964,50.598657752376084,26903000
2025-05-21,49.525238037109375,50.39185312269532,49.48584541775902,50.24413643516195,40022000
2025-05-22,49.466148376464844,49.751739227500465,49.21010386784845,49.41690948134864,33662800
2025-05-23,49.288883209228516,49.52523515488868,48.81618307459493,48.83587938312384,33645600
2025-05-27,50.15550231933594,50.1850449039734,49.495689127834154,49.67295214903244,38636400
2025-05-28,49.820674896240234,50.24413616022188,49.74188965797065,50.11611202637729,31730200
2025-05-29,50.07671356201172,50.086563593989126,49.59416718234029,49.98808205764747,34098400
2025-05-30,50.18504333496094,50.273674842789056,49.69264690406842,49.90930253580085,37953200
2025-06-02,50.204742431640625,50.22443874077276,49.52523667167273,49.84037010441322,30142300
2025-06-03,50.303226470947266,50.35246536787506,49.643413230716206,50.04717819622344,33705400
2025-06-04,50.017635345458984,50.43124658549432,50.007785312113185,50.372161412167564,24600500
2025-06-05,49.8797607421875,50.10626265318348,49.682801415373305,50.02747741978312,42014400
2025-06-06,50.50017547607422,50.65774217971694,50.273673574380716,50.39184766294112,34982800
2025-06-09,50.22443771362305,50.57896375737732,49.91915056334869,50.559267448648,28322100
2025-06-10,50.28352737426758,50.30322368328459,50.10626434980128,50.21459217105144,27728600
2025-06-11,50.22443771362305,50.559267448648,50.03732841572463,50.33276553329094,39368400
2025-06-12,50.22443771362305,50.234283989644325,49.73204126545027,49.92900059605673,25500900
2025-06-13,49.20024871826172,49.69264513159105,49.05253204827482,49.584317319588756,54921900
2025-06-16,49.76158142089844,50.106261171804576,49.54492954882611,49.5547758243667,35632400
2025-06-17,49.47599792480469,49.71234612172181,49.32827748421634,49.50554051024761,31130700
2025-06-18,49.456302642822266,49.99793800841788,49.38736743756575,49.456302642822266,45728200
2025-06-20,49.59416961669922,49.81082525059905,49.45629921573994,49.60401589247345,44456100
2025-06-23,50.21868896484375,50.238452773848465,49.25028494097935,49.60602596394201,43022700
2025-06-24,50.969703674316406,51.15745422410513,50.673250279460575,50.712777901382886,41225000
2025-06-25,50.80170822143555,50.989458752950654,50.69300915650954,50.97957873321244,33123900
2025-06-26,51.177215576171875,51.21674319619502,50.80171072507468,50.83135455531137,37866000
2025-06-27,51.325439453125,51.61200904928967,51.08828126769047,51.13768890885921,38954100
2025-06-30,51.75035095214844,51.81952240236,51.52307279151596,51.56260041151152,42472900
2025-07-01,52.03691864013672,52.14561770636945,51.592242355348795,51.62188995404211,33844800
2025-07-02,51.99739456176758,52.13573746655136,51.72070875220002,52.125857446021705,40791100
2025-07-03,52.56064987182617,52.63970511416,52.07644970599649,52.12585734767442,25904800
2025-07-07,52.05668258666992,52.6199379590327,51.79975683497671,52.50135887263033,34049000
2025-07-08,51.592247009277344,51.97763190100383,51.56260317747116,51.93810804844942,53715000
2025-07-09,51.779998779296875,51.87881406015836,51.52307301775889,51.85905025007379,36634900
2025-07-10,52.08633041381836,52.13573805614825,51.66141790457064,51.66141790457064,27992600
2025-07-11,51.5428352355957,51.78987719967919,51.46378376726082,51.740469560774734,30289900
2025-07-14,51.92822265625,51.95787025670313,51.40449487283532,51.53295775596848,27636500
2025-07-15,51.038875579833984,51.82940917747264,51.038875579833984,51.72071010100454,47704600
2025-07-16,51.39461135864258,51.444022769809166,50.72266064760179,51.3155598859866,46726500
2025-07-17,51.888694763183594,51.97763002495369,51.19698024892881,51.256267910401284,48213900
2025-07-18,51.91834259033203,52.0270416629217,51.809643517742366,51.957870211193985,29791300
2025-07-21,51.770118713378906,52.31361033633392,51.750354901872704,51.947989247373144,36871400
2025-07-22,52.05668258666992,52.12585403453474,51.84916824307547,51.87881207228576,32289100
2025-07-23,52.47171401977539,52.47171401977539,51.938106218259676,52.17526440347524,32111300
2025-07-24,52.44207000732422,52.80769107384231,52.382778576445055,52.491477648276174,32371900
2025-07-25,52.80768966674805,52.857101075944776,52.3630171404677,52.471712439841184,28964700
2025-07-28,52.44207000732422,52.80769107384231,52.33337093549311,52.74840341252452,29119300
2025-07-29,52.17526626586914,52.6693502338595,52.056687169028685,52.61994259097276,37883200
2025-07-30,52.076446533203125,52.402539964059116,51.819520780832995,52.15549800115926,37260100
2025-07-31,51.75035095214844,52.36301775339562,51.651535671720865,51.85905002235556,46179400
2025-08-01,50.791831970214844,51.147569250601556,50.445970940737986,51.10804539915509,63060800
2025-08-04,51.29579162597656,51.29579162597656,50.88076294901955,50.98945824329798,40053100
2025-08-05,51.08828353881836,51.47366843445279,50.752306286549086,51.43414081193604,33551000
2025-08-06,51.335323333740234,51.41437480583753,51.04875373706956,51.196980430398916,34198700
2025-08-07,50.76218032836914,51.63176907350529,50.61395741573211,51.56259762702912,43119400
2025-08-08,51.236507415771484,51.35509028551317,50.890650136262316,51.05863688072059,39484400
2025-08-11,51.21674346923828,51.41437403128494,51.10804439837582,51.34520258065634,29351200
2025-08-12,51.83928680419922,51.928222065423924,51.4242580981915,51.43413811852253,37510000
2025-08-13,52.135738372802734,52.28396507025416,51.868936348688564,52.03692308754278,41154900
2025-08-14,52.38277816772461,52.422305788002305,51.90845803307633,52.0863285547646,35841500
2025-08-15,51.83928680419922,52.53100508377344,51.79975918375238,52.50136125321899,46108500
2025-08-18,51.87881088256836,51.938102309190434,51.67129654373275,51.77011181854177,25405100
2025-08-19,51.977630615234375,52.24443640357464,51.829407690308514,51.829407690308514,24870800
2025-08-20,52.24443435668945,52.38277725569136,51.88869331950669,52.01715619839186,39138800
2025-08-21,52.076446533203125,52.175261810538586,51.730585523406596,52.09621034258246,29037000
2025-08-22,52.9361572265625,53.044856305109455,52.32349414787065,52.343257959384786,47249800
2025-08-25,52.629817962646484,52.94603514222373,52.610057922886526,52.83733607573799,24756500
2025-08-26,53.034969329833984,53.05473314016131,52.471713928970026,52.471713928970026,27907000
2025-08-27,53.1436653137207,53.30177201759049,52.87685954414773,52.90650714269661,39530100
2025-08-28,53.21283721923828,53.2721286472854,53.06461430346229,53.25236483793636,28837300
2025-08-29,53.3511848449707,53.49940776341462,53.163430537555975,53.26224958607985,36062400
2025-09-02,52.95591735839844,53.064616429392366,52.49147724399214,53.064616429392366,38733100
2025-09-03,52.86698532104492,52.965800608212895,52.501364235049515,52.86698532104492,36420100
2025-09-04,53.42035675048828,53.44012056036188,52.936152832488254,53.05473192216857,32730000
2025-09-05,52.44207000732422,53.608108427684854,52.244435673955046,53.469765525194845,58377100
2025-09-08,52.48159408569336,52.54088174300956,52.214788319087084,52.46183027673425,49490900
2025-09-09,52.70887756347656,52.95591954610074,52.3333726944106,52.353136505367914,38884500
2025-09-10,52.531005859375,52.76816781599628,52.303727692792044,52.540885879851906,32915900
2025-09-11,53.390708923339844,53.43023654291858,52.55076773987878,52.560647759992825,36635400
2025-09-12,53.163429260253906,53.43023503051621,53.07449400349981,53.32153596453218,25705900
2025-09-15,53.04485321044922,53.450001898948486,52.985561779365895,53.25236756489878,31922000
2025-09-16,52.926273345947266,53.034968647006025,52.639703754232706,52.97568098634876,28482500
2025-09-17,53.440120697021484,53.687162666731325,53.01520820755566,53.0349682479185,47976100
2025-09-18,53.489532470703125,53.85515355865159,53.35118956010434,53.46976865925164,36609100
2025-09-19,53.60810852050781,53.766215233564644,53.282011304449824,53.61798854089076,46731400
2025-09-22,53.53672409057617,53.596210701075,53.17981199152375,53.23929860202258,32393000
2025-09-23,53.29878234863281,54.022522885272494,53.16990036328741,53.487154727472046,28698900
2025-09-24,53.15007400512695,53.49706980049028,53.04101710316404,53.36818780905277,23893400
2025-09-25,53.01127624511719,53.24921514102278,52.78324989405326,53.01127624511719,24757500
2025-09-26,53.397926330566406,53.63586521106831,53.179812538464404,53.24921169377498,30686100
2025-09-29,53.665611267089844,53.68544013777762,53.27895774360407,53.57638323998002,20713800
2025-09-30,53.407840728759766,53.774669170387234,52.96170058486855,53.596213112830746,32442200
2025-10-01,52.93195724487305,53.298781891193805,52.9121283745354,53.15007103661689,33210100
2025-10-02,52.892303466796875,53.021189242662345,52.60479428028703,52.85264950512108,32443400
2025-10-03,53.259132385253906,53.50698761224117,52.9220491252724,52.96170308729269,32111600
2025-10-06,53.23929977416992,53.606124425396565,52.842729926053835,53.46732611314704,32001300
2025-10-07,53.30870056152344,53.586297194516845,53.06084534435919,53.417757462190984,31250500
2025-10-08,53.050926208496094,53.487153788066166,52.88238648509513,53.467324917906595,26848700
2025-10-09,52.8625602722168,53.34835816062063,52.73367450068591,53.16990210218415,33922400
2025-10-10,51.7125129699707,53.21947316200309,51.7125129699707,53.00135935808627,73596200
2025-10-13,52.208221435546875,52.36684861913118,51.89096706837825,52.099164537713214,39651900
2025-10-14,52.78324890136719,53.18973130770094,51.80174057379666,52.00002550463591,62588700
2025-10-15,52.78324890136719,53.29878442679056,52.40650791096966,52.97161750558071,39526600
2025-10-16,51.315940856933594,52.66427380031316,51.09783084454244,52.6345323854349,85420100
2025-10-17,51.732337951660156,51.910793999270254,51.286197832634905,51.45474133625344,52288900
2025-10-20,52.33710479736328,52.44616169018198,51.84139439871117,51.910793551964844,39479600
2025-10-21,52.27762222290039,52.67419208521817,52.20822306429036,52.20822306429036,31213600
2025-10-22,51.980194091796875,52.36684760794432,51.67285227492491,52.32718986732143,53727500
2025-10-23,52.08925247192383,52.22805078608902,51.84139725892302,52.13882275812991,29483700
2025-10-24,52.654361724853516,52.822901453291486,52.35693622751155,52.39659018704552,31947800
2025-10-27,52.872474670410156,52.97161524060546,52.743588903580005,52.91212862930608,27154100
2025-10-28,52.53539276123047,52.9418751604298,52.48581869291289,52.8724760031497,33648000
2025-10-29,51.64311218261719,52.12891006275934,51.424998385577396,52.00002429342033,61846300
2025-10-30,51.78190994262695,52.36684838863894,51.57371247420838,51.57371247420838,48568700
2025-10-31,51.92070770263672,52.049593469226494,51.49439644404543,51.56379559944677,40425800
2025-11-03,51.702598571777344,51.89096717078973,51.20688814935175,51.881054626408186,38693200
2025-11-04,51.97027587890625,52.08924909645568,51.395253788631344,51.504310680399904,44675200
2025-11-05,52.14873504638672,52.36684884298642,51.73234010593682,52.03968193005726,38036300
2025-11-06,51.96036911010742,52.2478820781849,51.722426430533154,52.05950968711385,42625700
2025-11-07,52.32719039916992,52.34701926968291,51.643111385338464,51.83147998225631,46218700
2025-11-10,52.51556396484375,52.69402002152316,52.19830959340712,52.475906222921566,42010600
2025-11-11,52.753501892089844,52.88238766000544,52.42633498211376,52.61470357985936,29995800
2025-11-12,53.209556579589844,53.42767038245849,52.763420211133806,52.763420211133806,46052700
2025-11-13,52.52547836303711,53.29878544795869,52.426337786703264,53.11041684013616,50455300
2025-11-14,52.000022888183594,52.35693498934163,51.82156683760458,52.35693498934163,46154600
2025-11-17,51.00860595703125,52.03968459859462,50.81032102104282,52.01985572679872,70048500
2025-11-18,50.92928695678711,51.30602793098078,50.71117694601841,50.84005893084572,66043600
2025-11-19,51.11766052246094,51.20688855047531,50.75083208397381,50.93920446643217,46003900
2025-11-20,50.6715202331543,51.94053771053656,50.6417788178939,51.5836255995302,70096400
2025-11-21,51.226715087890625,51.52414437766234,50.70126323137617,51.018517610626844,68942900
2025-11-24,51.444828033447266,51.52414351792172,50.889634770007895,51.29611717301334,43789100
2025-11-25,52.08925247192383,52.208221915212505,51.464656276210064,51.6629412030048,50989800
2025-11-26,52.49573516845703,52.69402009637921,52.148735599100604,52.218134756577804,35268500
2025-11-28,52.872474670410156,53.090584681233885,52.5750453958836,52.644444551414374,16136100
2025-12-01,52.436248779296875,52.94187553675506,52.38667849259736,52.61470483699148,29296300
2025-12-02,52.38667678833008,52.68410228082162,52.188391866012275,52.53539142556101,29771500
2025-12-03,53.0905876159668,53.140157903804585,52.426337438605245,52.48582027122238,32018000
2025-12-04,53.199642181396484,53.44749739166799,53.011273583099474,53.130243025078094,33678700
2025-12-05,53.2194709777832,53.46732618770881,52.99144463848809,53.080672665340124,28532300
2025-12-08,53.02118682861328,53.24921317124212,52.82290190137982,53.23930062676713,31164200
2025-12-09,52.82290267944336,53.48715662816413,52.7931612636099,53.04101648080995,46335400
2025-12-10,53.427669525146484,53.616041908954195,52.75350303797987,52.822902195602566,45437500
2025-12-11,54.399261474609375,54.50831837421511,53.467327228654774,53.49706864419436,51786500
2025-12-12,54.47857666015625,54.73634441801789,54.24063399123207,54.686774131733394,64428900
2025-12-15,54.51823425292969,54.83548862264767,54.349690741658655,54.706602853083986,35356800
2025-12-16,54.171234130859375,54.68677342186103,54.01260694762582,54.56780397992845,37342300
2025-12-17,54.16132354736328,54.59754737155591,54.1117532599276,54.32986328103867,41112400
2025-12-18,54.07209396362305,54.547975516879674,53.893637908405516,54.30012030485203,35021600
2025-12-19,54.3695182800293,54.54797433136838,54.091921658821974,54.091921658821974,46595300
2025-12-22,55.03709030151367,55.156475552537906,54.460058425572626,54.47000561516269,37987800
2025-12-23,55.14652633666992,55.275862567720644,55.02714109003232,55.02714109003232,24732900
2025-12-24,55.44499206542969,55.60417366139419,55.12662887350067,55.22611594778276,15685800
2025-12-26,55.33555221557617,55.514631979638594,55.15647245151375,55.42509209760738,20410100
2025-12-29,55.03709030151367,55.39524984977507,54.9773957784072,55.30570996270972,34223800
2025-12-30,54.897804260253906,55.116680372692855,54.85800791341255,55.116680372692855,16160900
2025-12-31,54.48990249633789,54.977394473644075,54.470004322441305,54.937601921039516,22996200
2026-01-02,54.64908218383789,54.71872389244957,54.06209935754771,54.54959511301792,36087100
2026-01-05,55.84294891357422,56.22100283850052,54.53964696500259,54.53964696500259,58044100
2026-01-06,56.111568450927734,56.23095370089799,55.70366536793972,55.75340890582827,38950800
2026-01-07,55.32560729980469,56.051873574926546,55.255965588162084,55.94243551514856,44720900
2026-01-08,55.6141242980957,55.96233285109374,55.126628528709865,55.16642487624924,35358300
2026-01-09,55.44499206542969,55.87279331618216,55.43504487607692,55.693713546323515,29544900
2026-01-12,55.00724411010742,55.07688582175636,54.5595446815152,54.74857164239251,42021600
2026-01-13,53.95266342163086,54.94754934966061,53.87307452088657,54.86796044891632,77045100
2026-01-14,53.87307357788086,53.90291894073897,53.41542317465463,53.77358270970622,59754600
2026-01-15,54.09194564819336,54.42025981887373,53.93276405503612,53.942715039402,48490800
2026-01-16,54.16158676147461,54.4799499442827,54.01235615432685,54.09194505243462,44363200
2026-01-20,52.92793273925781,53.83327879237508,52.828441868196826,53.33583582263617,57030800
2026-01-21,53.18659973144531,53.554710249945295,52.967727412411016,53.09705984791674,49360300
2026-01-22,53.534812927246094,53.773583423658266,53.36568034669791,53.37563133124177,46919300
2026-01-23,52.7985954284668,53.23634386664805,52.609568470086195,53.21644948802996,47057500
2026-01-26,53.13685607910156,53.276139498688984,52.81849289284788,52.82844008202332,31072700
2026-01-27,52.72895431518555,53.15675556890498,52.569772718117065,53.04731750932252,38633700
2026-01-28,52.7190055847168,52.937877902295135,52.49017848763042,52.659311064365326,45450800
2026-01-29,53.27614212036133,53.35573481843571,52.719008414595585,53.04731880618058,51975400
2026-01-30,53.16670227050781,53.385578387664474,52.74885200523266,53.10701154414771,42767000
2026-02-02,53.753684997558594,53.81337951897587,52.92793165815687,53.17665313794596,48031500
2026-02-03,53.25624084472656,53.892967211490046,52.888134125539274,53.445271594051576,66887100
2026-02-04,53.684043884277344,53.90292000338795,53.12691019227019,53.23634445663685,59506400
2026-02-05,53.01747131347656,53.783533923337664,52.908033255612324,53.66414488101927,64475000
2026-02-06,53.98250961303711,54.072049499740764,53.55471214899596,53.55471214899596,53073800
2026-02-09,53.664146423339844,54.11184585692937,53.62435386994531,53.80343364338112,31699900
2026-02-10,53.27614212036133,53.98251023742216,52.84834085618336,53.425376531656426,57920800
2026-02-11,52.47028350830078,53.65419635112882,52.42053617765017,53.395523894424166,60339900
2026-02-12,51.42565155029297,52.83839152227268,51.166982882425785,52.62946639108896,94645100
2026-02-13,51.385860443115234,51.664427292527286,50.98790454807914,51.28636957176187,56449300
2026-02-17,51.93304443359375,52.14196956051971,51.554986731164504,51.554986731164504,54064700
2026-02-18,52.32105255126953,52.51007951654557,52.012636538798255,52.08227825206778,45224000
2026-02-19,51.88330078125,52.112124080966986,51.47539771737391,51.873349797025334,47344400
2026-02-20,52.22156524658203,52.23151243621066,51.455502608761634,51.77386580951963,52934100
2026-02-23,50.47056198120117,52.20166514210968,50.381022097099205,51.92309450535435,94600400
2026-02-24,50.71928405761719,50.91826200187673,49.983070597602115,50.19199573123974,64114100
2026-02-25,51.604732513427734,51.624630687599584,50.90831159816759,50.9779571053634,47652800
2026-02-26,52.231510162353516,52.39069175580267,51.71416903484663,51.80370891836106,60884300
2026-02-27,51.16698455810547,51.793763767371736,50.749130486865056,51.614683993295664,81998700
2026-03-02,51.03764724731445,51.36596142460141,50.20194291762512,50.35117732460803,70107200
2026-03-03,50.9481086730957,51.28637004846388,49.82389028026831,50.03281541926928,94738700
2026-03-04,51.23662567138672,51.38586007976719,50.818775400223245,51.06749688406493,51472400
2026-03-05,50.9680061340332,51.554988989096245,50.64964293757752,50.97795711871607,58430700
2026-03-06,50.31138229370117,50.36112583226805,49.495576116600446,50.18204605727631,75632700
2026-03-09,50.072608947753906,50.26163590165199,48.928488649726724,49.66470208717274,78178700
2026-03-10,49.80398941040039,50.43076479348199,49.495573415812885,50.072609058230434,70834200
2026-03-11,49.38613510131836,49.86367987434262,48.96828484811781,49.72439645660911,56301200
2026-03-12,48.58028030395508,48.96828519760722,48.54048395712191,48.7295109117967,67871700
2026-03-13,48.63997268676758,49.20705736530791,48.60017633857806,48.85884880662127,47595200
2026-03-16,49.047874450683594,49.49557386782221,48.8588474946422,48.99813091437676,45720100
2026-03-17,49.306549072265625,49.9333244885348,49.25680173859044,49.44583249810322,46974000
2026-03-18,48.719566345214844,49.4557798253157,48.66981901140126,49.117518449402446,49239100
2026-03-19,48.739463806152344,48.92849076823492,48.271866200509145,48.52058768518086,58374000
2026-03-20,48.829002380371094,49.08767104759605,48.5404845550593,48.70961333840089,82914000
2026-03-23,49.27000045776367,49.86000061035156,49.220001220703125,49.70000076293945,81044800
2026-03-24,49.279998779296875,49.59000015258789,48.779998779296875,48.79999923706055,43296400
2026-03-25,49.34000015258789,49.95000076293945,48.9900016784668,49.59000015258789,40438800
2026-03-26,49.04999923706055,49.4900016784668,48.880001068115234,49.11000061035156,45035700
2026-03-27,47.810001373291016,48.84000015258789,47.66999816894531,48.790000915527344,64823900
2026-03-30,48.36000061035156,48.720001220703125,48.09000015258789,48.22999954223633,58128900
2026-03-31,49.369998931884766,49.459999084472656,48.5099983215332,48.91999816894531,85361900
2026-04-01,49.439998626708984,49.849998474121094,49.13999938964844,49.79999923706055,61558300
2026-04-02,49.529998779296875,49.810001373291016,48.599998474121094,48.83000183105469,39519800
2026-04-06,49.880001068115234,50.0099983215332,49.45000076293945,49.5099983215332,27345800
2026-04-07,49.880001068115234,50.02000045776367,49.5,49.619998931884766,31750000
2026-04-08,51.20000076293945,51.47999954223633,50.959999084472656,51.189998626708984,48175400
2026-04-09,51.33000183105469,51.540000915527344,50.79999923706055,50.939998626708984,30330500
2026-04-10,50.77000045776367,51.290000915527344,50.63999938964844,51.22999954223633,35427500
2026-04-13,51.65999984741211,51.66999816894531,50.41999816894531,50.5,33635900
2026-04-14,51.779998779296875,51.90999984741211,51.439998626708984,51.5099983215332,36498400
2026-04-15,52.16999816894531,52.33000183105469,51.81999969482422,52.06999969482422,33804700
2026-04-16,52.029998779296875,52.40999984741211,51.91999816894531,52.09000015258789,25432000
2026-04-17,52.43000030517578,52.97999954223633,52.29999923706055,52.369998931884766,45183400
2026-04-20,52.630001068115234,52.7599983215332,52.2599983215332,52.34000015258789,26160600
2026-04-21,52.29999923706055,53.189998626708984,52.20000076293945,52.709999084472656,34150100
2026-04-22,52.209999084472656,52.650001525878906,52.06999969482422,52.47999954223633,31838400
2026-04-23,51.79999923706055,52.16999816894531,51.29999923706055,52.08000183105469,44647900
2026-04-24,51.41999816894531,51.66999816894531,51.31999969482422,51.58000183105469,27225300
2026-04-27,51.810001373291016,51.900001525878906,51.27000045776367,51.310001373291016,25764300
2026-04-28,51.849998474121094,52.400001525878906,51.79999923706055,52.20000076293945,24337500
2026-04-29,51.91999816894531,52.29999923706055,51.70000076293945,52.130001068115234,22153100
2026-04-30,52.130001068115234,52.25,51.20000076293945,51.5099983215332,31406400
2026-05-01,51.91999816894531,52.61000061035156,51.91999816894531,52.400001525878906,39618200
2026-05-04,51.58000183105469,52.189998626708984,51.4900016784668,51.779998779296875,44456300
2026-05-05,51.59000015258789,51.77000045776367,51.380001068115234,51.56999969482422,27419600
2026-05-06,51.84000015258789,52.2400016784668,51.779998779296875,51.91999816894531,39084600
2026-05-07,51.54999923706055,52.08000183105469,51.41999816894531,51.779998779296875,36983100
2026-05-08,51.2400016784668,51.7400016784668,51.13999938964844,51.68000030517578,29627700
2026-05-11,51.18000030517578,51.459999084472656,50.959999084472656,51.2599983215332,30759200
2026-05-12,51.58000183105469,51.70000076293945,50.810001373291016,51.18000030517578,44193700
2026-05-13,50.9900016784668,51.33000183105469,50.959999084472656,51.13999938964844,33440200
2026-05-14,51.290000915527344,51.489898681640625,51.095001220703125,51.27000045776367,36672312
