Date,Close,High,Low,Open,Volume
2005-01-03,8.019576072692871,8.16134552027053,8.008080956339377,8.149851134740123,2647800
2005-01-04,7.870144844055176,8.073220159260524,7.8394911940977385,8.038735533881646,1529400
2005-01-05,7.843322277069092,7.946776144984714,7.843322277069091,7.873975193767441,1627000
2005-01-06,7.820335388183594,7.9007997781969,7.816503680961682,7.85865172957929,963400
2005-01-07,7.835657119750977,7.900794638502805,7.793509098551867,7.816498596104586,791200
2005-01-10,7.835657119750977,7.9122890218676885,7.812666891375308,7.9122890218676885,987600
2005-01-11,7.759023189544678,7.824160697405866,7.70921249803804,7.70921249803804,1467800
2005-01-12,7.801174640655518,7.812669027162679,7.716878575212873,7.759026607934196,5578800
2005-01-13,7.724541187286377,7.805005538624295,7.7015516858282895,7.7973421278639075,2369200
2005-01-14,7.74752950668335,7.778182414225029,7.71687659914167,7.71687659914167,8207000
2005-01-18,7.831827640533447,7.831827640533447,7.716878658459763,7.73603718755029,1050600
2005-01-19,7.66706657409668,7.831826240711077,7.66706657409668,7.831826240711077,2025000
2005-01-20,7.613424301147461,7.678561827941002,7.586602364731146,7.655571596727017,2012600
2005-01-21,7.559783458709717,7.66323733817263,7.555951752341839,7.66323733817263,3038400
2005-01-24,7.498477935791016,7.586604993511781,7.483151840494196,7.567447191684934,1966200
2005-01-25,7.5099711418151855,7.5866030604197965,7.506139436261489,7.506139436261489,2121400
2005-01-26,7.586599349975586,7.605757868374046,7.529125256425707,7.5674415623998765,727200
2005-01-27,7.578943729400635,7.601933242059167,7.536795680507134,7.552121778671679,1442000
2005-01-28,7.578943729400635,7.632586169211686,7.517637875095596,7.6057649493061605,686400
2005-01-31,7.632582664489746,7.66323557756709,7.586602929462181,7.586602929462181,2628400
2005-02-01,7.67855978012085,7.693885866019769,7.6364117649588446,7.663232963399086,1404400
2005-02-02,7.682394504547119,7.716879128185987,7.6479098809082515,7.663236705113617,928800
2005-02-03,7.632582664489746,7.67856239951731,7.594266340437291,7.674730694029755,1973400
2005-02-04,7.762857913970947,7.778184005465677,7.617256025243892,7.644077964300116,1695000
2005-02-07,7.739869117736816,7.793511539098996,7.732205705878454,7.762858622488725,1863400
2005-02-08,7.778183937072754,7.812668556161566,7.7168781099866655,7.720709815532434,971600
2005-02-09,7.644076347351074,7.782014064918174,7.644076347351074,7.770519681434307,2332400
2005-02-10,7.659403324127197,7.686224529798203,7.609592617998622,7.644077234096498,824800
2005-02-11,7.732203006744385,7.751360798879567,7.598096269329331,7.598096269329331,1134600
2005-02-14,7.74752950668335,7.766688030661251,7.693887101191152,7.693887101191152,1926800
2005-02-15,7.78584623336792,7.835657667507686,7.716877005065475,7.716877005065475,2085200
2005-02-16,7.759023189544678,7.785844387342315,7.728370287658402,7.728370287658402,1080200
2005-02-17,7.632582664489746,7.766689433261789,7.632582664489745,7.736036520184444,919000
2005-02-18,7.617252349853516,7.6708954712595805,7.617252349853516,7.624915757314776,695600
2005-02-22,7.575109481811523,7.67856335031641,7.529129741090511,7.529129741090511,1974800
2005-02-23,7.552117824554443,7.6019292618617955,7.509970528551739,7.555949529795243,2073200
2005-02-24,7.617252349853516,7.632579164776037,7.529125356517297,7.55977825553958,1755200
2005-02-25,7.66706657409668,7.686224368939877,7.605760753610814,7.624918548454012,1155000
2005-02-28,7.644076347351074,7.720708250261028,7.617254413968484,7.651739026065999,1688600
2005-03-01,7.7360358238220215,7.751361913569562,7.678561708328443,7.701551208361269,1192800
2005-03-02,7.716879844665527,7.774354709948739,7.663237416612684,7.693890337046205,902800
2005-03-03,7.659403324127197,7.739867671963256,7.628750413242757,7.70538305586538,804600
2005-03-04,7.709218502044678,7.7475341111259315,7.624922408089764,7.624922408089764,1489600
2005-03-07,7.766694068908691,7.831831639429096,7.663240151466249,7.663240151466249,1081600
2005-03-08,7.7015533447265625,7.812669901394151,7.7015533447265625,7.739869675958681,1477200
2005-03-09,7.686221599578857,7.75519080548147,7.624915801181594,7.624915801181594,1192800
2005-03-10,7.720705986022949,7.728369393313398,7.636410698296246,7.663231892990073,1145000
2005-03-11,7.621091842651367,7.759030394641856,7.601934035240914,7.667071603589366,1131400
2005-03-14,7.651738166809082,7.659401575486397,7.586600654697654,7.621085262922697,1297400
2005-03-15,7.575109481811523,7.69388944334129,7.5751094818115225,7.6517414085822955,657600
2005-03-16,7.498477935791016,7.586604993511781,7.47548842743414,7.567447191684934,1133600
2005-03-17,7.49464750289917,7.532963843887625,7.471657990635464,7.486984819360213,673600
2005-03-18,7.452496528625488,7.517634057095962,7.425674591518657,7.471654324307309,2694600
2005-03-21,7.452496528625488,7.4946438252901055,7.414180206438788,7.456327503103405,1698200
2005-03-22,7.387357711791992,7.490810813583776,7.368199188628379,7.452495228902413,3089200
2005-03-23,7.4180145263671875,7.456330131235929,7.318392345897162,7.318392345897162,1324600
2005-03-24,7.421840667724609,7.494640847044394,7.395018741276366,7.395018741276366,901000
2005-03-28,7.429508686065674,7.5138047681496944,7.429508686065674,7.429508686065674,1290000
2005-03-29,7.372030735015869,7.463989451758466,7.356704647636895,7.375862439566342,1471600
2005-03-30,7.48314905166626,7.50230684635336,7.383526911482695,7.383526911482695,1858800
2005-03-31,7.49464750289917,7.529132136706438,7.463994576273089,7.483153112179026,1091200
2005-04-01,7.429508686065674,7.548289396125286,7.4141825907561305,7.471656727107685,847800
2005-04-04,7.456328392028809,7.4793186265755045,7.3911915866159426,7.414181090339492,1927200
2005-04-05,7.471652507781982,7.502305411914326,7.463989099043175,7.4831476208901915,1091000
2005-04-06,7.460160255432129,7.5329612047221115,7.456328549593376,7.506139994674003,906400
2005-04-07,7.559783458709717,7.563615165077595,7.467824698350436,7.467824698350436,1317200
2005-04-08,7.506139278411865,7.578940220754927,7.494644161992511,7.5712768098086904,852600
2005-04-11,7.4639892578125,7.540621885184883,7.456325848910683,7.540621885184883,1434000
2005-04-12,7.5099711418151855,7.517634552922579,7.379696076281929,7.45632799488654,1070200
2005-04-13,7.402682781219482,7.494641487286596,7.375861583302762,7.479315401686826,1576000
2005-04-14,7.299229621887207,7.391189067080224,7.2915669438068695,7.372030544822138,1327200
2005-04-15,7.076997756958008,7.218767935987418,7.073166051489852,7.20727281958295,2733000
2005-04-18,7.084665775299072,7.145971641012726,7.077002359378975,7.107655292235801,4085000
2005-04-19,7.17278528213501,7.188112097770188,7.126806296875061,7.172785282135009,1412600
2005-04-20,7.107650279998779,7.260915567025479,7.080829074016022,7.260915567025479,1590400
2005-04-21,7.299229621887207,7.303061326338824,7.145965097937007,7.145965097937007,2932600
2005-04-22,7.211105823516846,7.27624336655829,7.161295105107847,7.241758741958512,1300800
2005-04-25,7.260916233062744,7.299231827511022,7.234094293796583,7.249421116234389,1544200
2005-04-26,7.211105823516846,7.3183914034742905,7.203442411200624,7.23409532964229,1077000
2005-04-27,7.237926483154297,7.272411105121029,7.165126264178456,7.165126264178456,853400
2005-04-28,7.165124416351318,7.249419731184718,7.165124416351318,7.2072717083565285,721000
2005-04-29,7.230262279510498,7.253251779038873,7.138302819750973,7.237924958804614,847400
2005-05-02,7.222601890563965,7.291571148821525,7.203443357257243,7.264749202192115,512400
2005-05-03,7.272413730621338,7.299234950540027,7.218771290783958,7.218771290783958,570000
2005-05-04,7.3222246170043945,7.35287754175635,7.260918767500481,7.291571692252438,831000
2005-05-05,7.310725212097168,7.364367616272935,7.283904010009284,7.322220326201808,1447200
2005-05-06,7.329885005950928,7.35670694618455,7.318390619531092,7.337548417446249,701600
2005-05-09,7.36053466796875,7.3720297801312284,7.29922886474784,7.3490402866290925,543200
2005-05-10,7.283905982971191,7.345211813155713,7.260916479357782,7.341380107416287,691400
2005-05-11,7.318389892578125,7.341379393957341,7.222599450871142,7.283905275097766,3711000
2005-05-12,7.326056003570557,7.395024533128819,7.299234056115112,7.333718686305914,602400
2005-05-13,7.4180145263671875,7.456330131235929,7.34138185498307,7.372034777372053,3716000
2005-05-16,7.486981391906738,7.490812366510732,7.398853628730136,7.4295065413236685,1432400
2005-05-17,7.513801574707031,7.532959368407526,7.421842849463286,7.467821846673667,841400
2005-05-18,7.621091842651367,7.64408208853212,7.517638659482008,7.517638659482008,2766600
2005-05-19,7.663235664367676,7.678562486491501,7.6210876343502605,7.647908842243851,1719800
2005-05-20,7.674727439880371,7.697716932234866,7.628747724348595,7.628747724348595,940800
2005-05-23,7.7015533447265625,7.732206263547611,7.678563838316584,7.693889932315493,2038200
2005-05-24,7.739869117736816,7.743700092842818,7.667068166728731,7.686225965551458,1684600
2005-05-25,7.705381393432617,7.72070748015672,7.663233376001287,7.72070748015672,1371200
2005-05-26,7.793512344360352,7.805007463335624,7.743700892957428,7.743700892957428,1561400
2005-05-27,7.782014846801758,7.81649946236405,7.755193641547315,7.81649946236405,895000
2005-05-31,7.732203006744385,7.789677113972857,7.732203006744385,7.789677113972857,943000
2005-06-01,7.808835983276367,7.835657919117595,7.724540663101583,7.739867483582285,1676800
2005-06-02,7.843322277069092,7.843322277069091,7.728374022156076,7.801174973373349,918800
2005-06-03,7.759023189544678,7.831824105583142,7.743696373190125,7.827992401494504,1169800
2005-06-06,7.74752950668335,7.778182414225029,7.709213920373473,7.778182414225029,3478000
2005-06-07,7.716879844665527,7.827997138001581,7.713048138258428,7.762859590727442,2060400
2005-06-08,7.732203006744385,7.774351026429296,7.70921351001758,7.770519321837674,1197400
2005-06-09,7.770519733428955,7.789677526578894,7.697718803977854,7.7590246190452135,3505400
2005-06-10,7.728374004364014,7.774353744717275,7.682394264010752,7.774353744717275,905000
2005-06-13,7.759023189544678,7.8011712036968675,7.701549089860764,7.701549089860764,1469400
2005-06-14,7.7130446434021,7.778182161161789,7.705381964883207,7.7551926639592335,1080400
2005-06-15,7.759023189544678,7.77435000589923,7.6555693716199364,7.770518301810592,998000
2005-06-16,7.774355411529541,7.793513214470622,7.736039074824045,7.759028584518008,1186200
2005-06-17,7.778183937072754,7.827995378344641,7.759026140167015,7.827995378344641,1151200
2005-06-20,7.766694068908691,7.816504808330868,7.713050890888426,7.755198945585021,1397200
2005-06-21,7.801174640655518,7.812669027162679,7.759026607934196,7.785847817548437,1425800
2005-06-22,7.816501140594482,7.847154057584139,7.782016517628219,7.805006753487853,1486600
2005-06-23,7.755197048187256,7.89313557102894,7.755197048187256,7.816502895933926,1734600
2005-06-24,7.659403324127197,7.770520582847697,7.644077234096498,7.770520582847697,1546400
2005-06-27,7.598100185394287,7.667069441944417,7.586605065694831,7.628753107102867,2275400
2005-06-28,7.6938862800598145,7.705381393219738,7.624917062746047,7.632580471519329,1116400
2005-06-29,7.705381393432617,7.736034297703707,7.6823911671121365,7.701549689045871,1177400
2005-06-30,7.632582664489746,7.728373109209334,7.617255842539525,7.724541403721779,1650800
2005-07-01,7.651738166809082,7.69388618371144,7.6325803759386694,7.678560097179685,1481800
2005-07-05,7.7015533447265625,7.724542851136541,7.6019311758523465,7.6019311758523465,1272600
2005-07-06,7.682394504547119,7.755195457876195,7.682394504547119,7.690057916649802,1080600
2005-07-07,7.697723388671875,7.713049486155318,7.594269490070893,7.605764611301024,2298600
2005-07-08,7.835657119750977,7.839488093657304,7.690055263330208,7.7092137869765995,2544400
2005-07-11,7.9161224365234375,7.9161224365234375,7.839489787030697,7.854816609258488,1587200
2005-07-12,7.958268165588379,7.988921070357161,7.8931306516018545,7.988921070357161,1242200
2005-07-13,7.992753028869629,8.015742525471254,7.958268418555734,7.981257915157357,1377200
2005-07-14,8.061723709106445,8.088544915134918,8.031070066990416,8.065554683547896,2943800
2005-07-15,8.057890892028809,8.080880389620729,8.027237984965264,8.073216980149104,2910600
2005-07-18,8.011910438537598,8.084711360261771,7.996584351808916,8.073216247098097,2811800
2005-07-19,8.130690574645996,8.146017392618639,8.05789038174466,8.103869374016776,3799800
2005-07-20,8.103869438171387,8.134522343536432,8.000415608505769,8.031068513870814,2700400
2005-07-21,8.050230979919434,8.115368527080852,8.034904154317562,8.103873407879448,3232000
2005-07-22,8.031070709228516,8.077050445256468,8.008081206626095,8.069387034114625,2046600
2005-07-25,7.9889235496521,8.077050586858968,7.9889235496521,8.031070850024923,1493800
2005-07-26,8.050230979919434,8.069388781098505,8.01957805953896,8.065557074698036,1601400
2005-07-27,8.103869438171387,8.149849161630408,8.023405835646736,8.08087994185333,1823600
2005-07-28,8.107706069946289,8.119201190502638,8.069389732248478,8.103874363094173,3899200
2005-07-29,8.065558433532715,8.14219111280613,8.054064043218077,8.134527698714109,3616400
2005-08-01,8.069385528564453,8.100038436589635,8.04639603025131,8.096206731733615,1932800
2005-08-02,8.149853706359863,8.172843215497915,8.069389328141702,8.073221034801929,2161600
2005-08-03,8.203492164611816,8.211155574220518,8.115365146580658,8.149849758996844,2441400
2005-08-04,8.126862525939941,8.188169094585747,8.1077047256791,8.169010563501672,2102400
2005-08-05,8.107706069946289,8.142190700791982,8.077053145952712,8.123032897354754,2127800
2005-08-08,8.042563438415527,8.126858743482465,8.03873173398209,8.084711456360443,2301800
2005-08-09,8.103869438171387,8.14218575258342,8.077048237329835,8.077048237329835,1284400
2005-08-10,8.011910438537598,8.157512281985946,7.996584351808916,8.119195968929914,2003400
2005-08-11,8.073221206665039,8.080884620148636,8.004251946959341,8.019578773926535,1652200
2005-08-12,7.965935707092285,8.00041960337685,7.755196238008448,7.801175984426662,3060200
2005-08-15,8.008081436157227,8.042566056460826,7.95060731259227,7.958270723953766,1876000
2005-08-16,7.931448459625244,8.008080370573897,7.916121638941693,8.008080370573897,1094400
2005-08-17,8.000417709350586,8.038734033824175,7.950606999111092,7.950606999111092,2953600
2005-08-18,7.946773052215576,8.00807886175294,7.946773052215576,7.981257661433206,3174600
2005-08-19,7.954440116882324,8.000419129755322,7.954440116882324,7.981261329528778,994000
2005-08-22,7.969764232635498,8.038733465648612,7.939111321387787,7.950606437164323,1858400
2005-08-23,7.965935707092285,8.008083016250431,7.942945468471541,7.969766682705799,2616000
2005-08-24,7.9161224365234375,8.034902385496387,7.91229073096649,7.958270466826756,2100000
2005-08-25,7.919954776763916,7.950607692852832,7.919954776763917,7.935280869396791,1545600
2005-08-26,7.893136978149414,8.04640162483879,7.877810148068734,8.04640162483879,3208000
2005-08-29,7.946773052215576,7.969762548086364,7.85481433790953,7.885467242678212,922800
2005-08-30,7.946773052215576,7.946773052215576,7.877803833780317,7.904625034100052,1775600
2005-08-31,7.9889235496521,8.008081347019463,7.912290898536399,7.919954309812594,1711400
2005-09-01,7.969764232635498,8.0080805544009,7.950606437164323,7.992754464188571,933000
2005-09-02,7.946773052215576,8.004247157303993,7.935277938868734,7.981257661433206,988000
2005-09-06,8.03873348236084,8.054060303428084,7.965933274760583,7.973595954471153,1359400
2005-09-07,8.03873348236084,8.050228598161274,7.950606453693338,7.950606453693338,4556000
2005-09-08,8.057890892028809,8.08471209435654,8.023406280229452,8.046395777821372,980200
2005-09-09,8.065558433532715,8.096211359077401,8.042568922080047,8.069390140578724,2782000
2005-09-12,8.08471393585205,8.115366849897562,8.065555407809157,8.069387113417736,1168400
2005-09-13,8.092375755310059,8.134523047067875,8.061722847293932,8.107701843906636,2110400
2005-09-14,8.008081436157227,8.10770359138728,8.008081436157227,8.09237749948742,3189400
2005-09-15,7.9889235496521,8.042565966939215,7.969765021461612,8.023408169571852,2218800
2005-09-16,8.03873348236084,8.050228598161274,7.9889227755383985,8.02723909738346,2218000
2005-09-19,7.973593711853027,8.0348995172333,7.95443592173026,8.0348995172333,2378400
2005-09-20,7.942941188812256,8.061721831883894,7.931446806518337,7.992752614828848,1874000
2005-09-21,7.847152233123779,7.9276165782781876,7.839488822952308,7.923784873192452,1541400
2005-09-22,7.877806186676025,7.893133009049539,7.801174267277808,7.8241637700149615,2168600
2005-09-23,7.881641864776611,7.9046313791009455,7.824167713554032,7.850988935403003,1335600
2005-09-26,7.870144844055176,7.950608482723731,7.843322900342418,7.919955563589533,1636400
2005-09-27,7.843322277069092,7.885470311588015,7.820332772251125,7.881638605647823,1860200
2005-09-28,7.893136978149414,7.91229478492678,7.84332551121069,7.8663157563317085,1955800
2005-09-29,7.954440116882324,7.977429623318823,7.843322829263317,7.881639160539638,1854600
2005-09-30,8.008081436157227,8.011913141837974,7.95060731259227,7.962102429634514,1342000
2005-10-03,7.996588230133057,8.061725774672984,7.988924817640538,7.988924817640538,2112600
2005-10-04,7.923788547515869,8.03490512323576,7.916125133790812,8.015747319746476,1570200
2005-10-05,7.812671661376953,7.927620680968202,7.80500897806292,7.927620680968202,3649200
2005-10-06,7.724541187286377,7.839489425399889,7.674730478990009,7.801173833244102,2504400
2005-10-07,7.74370002746582,7.785848061507796,7.728373934701667,7.739869052392161,1952800
2005-10-10,7.690060138702393,7.770524527384437,7.682396724385357,7.732208186622674,1885000
2005-10-11,7.632582664489746,7.716877992746669,7.617255842539525,7.68239337418177,1714800
2005-10-12,7.582772731781006,7.655572951034878,7.471655453725353,7.471655453725353,4102000
2005-10-13,7.636413097381592,7.659402595652665,7.563612166896394,7.567443871745401,5529600
2005-10-14,7.66706657409668,7.678561689496415,7.605760753610814,7.6555714586969446,1950200
2005-10-17,7.659403324127197,7.682392824584767,7.6210870028158855,7.674730144980939,2850600
2005-10-18,7.644076347351074,7.678560959448589,7.6364129378131915,7.670897549910706,2856600
2005-10-19,7.739869117736816,7.739869117736816,7.555950887252012,7.555950887252012,4312400
2005-10-20,7.682394504547119,7.789680081515063,7.655573293010934,7.743700339722172,3020000
2005-10-21,7.728374004364014,7.774353744717275,7.678563288902562,7.678563288902562,903600
2005-10-24,7.8279924392700195,7.82799243927002,7.720706916738914,7.80500294545008,1982800
2005-10-25,7.774355411529541,7.854819060870082,7.701554444871431,7.854819060870082,1999400
2005-10-26,7.755197048187256,7.847155819807261,7.755197048187256,7.770523875535599,1975800
2005-10-27,7.67090368270874,7.770525893879138,7.67090368270874,7.766694186046791,1965000
2005-10-28,7.74370002746582,7.7513634392594835,7.647909572514546,7.701552724247017,2169000
2005-10-31,7.824165344238281,7.870145089786837,7.755196091327081,7.762859504055717,1963000
2005-11-01,7.808835983276367,7.827994508877245,7.785846483378339,7.808835983276367,3015400
2005-11-02,7.896960735321045,7.916118522811106,7.770517437747499,7.778180114249875,1356400
2005-11-03,7.969764232635498,7.988922758929725,7.927616936434302,7.950606437164323,2678400
2005-11-04,8.004249572753906,8.008081278359152,7.931449358723608,7.969764953129821,1935000
2005-11-07,8.019576072692871,8.046397280027938,7.977428043553147,8.027239483595201,2171400
2005-11-08,8.02341079711914,8.050232014546248,7.969767631441566,7.969767631441566,1776600
2005-11-09,8.015748023986816,8.050232657955933,7.9889268044160415,8.000421195190134,1887600
2005-11-10,8.08471393585205,8.08471393585205,7.973596665672624,8.031070788155068,2278600
2005-11-11,8.103869438171387,8.123027960788859,8.084711646376824,8.103869438171387,1777600
2005-11-14,8.11153507232666,8.14218798610023,8.08088215855309,8.123030189050416,7584200
2005-11-15,8.08471393585205,8.207325592034096,8.057892727415119,8.207325592034096,5602400
2005-11-16,8.115367889404297,8.115367889404297,8.046398641261767,8.046398641261767,2356600
2005-11-17,8.211153984069824,8.218817392194449,8.12302698310511,8.12302698310511,9564000
2005-11-18,8.257136344909668,8.295452670365425,8.218820750277034,8.276294873049107,2480000
2005-11-21,8.25330924987793,8.264803641341834,8.065559239968206,8.257140226483587,2490600
2005-11-22,8.306941032409668,8.329930516659836,8.234140146324526,8.237971848836642,2615600
2005-11-23,8.352926254272461,8.398905988017743,8.310778956730951,8.329936752811358,4545400
2005-11-25,8.3759183883667,8.42956081423018,8.352928150862429,8.391244482546306,1202000
2005-11-28,8.345264434814453,8.40657026558069,8.345264434814453,8.398906854029123,2189800
2005-11-29,8.345264434814453,8.414232946309106,8.337601023262886,8.35292711554287,3807800
2005-11-30,8.318441390991211,8.383578918893118,8.314610416546733,8.329936506793802,2791400
2005-12-01,8.44488525390625,8.464043048925292,8.372084317352428,8.39124211237147,4256600
2005-12-02,8.43722152709961,8.483200525749908,8.425726412025531,8.43722152709961,5787600
2005-12-05,8.395073890686035,8.444885327486405,8.36442097989467,8.444885327486405,4013200
2005-12-06,8.406569480895996,8.483201396789253,8.406569480895996,8.437222393417915,2684200
2005-12-07,8.391242027282715,8.441053463143982,8.360589117069253,8.43339005288486,3021400
2005-12-08,8.329936027526855,8.402736961775187,8.280125323560952,8.398905256728115,2264400
2005-12-09,8.360590934753418,8.379749464566498,8.306948512923165,8.329938017875676,2272200
2005-12-12,8.383576393127441,8.410398321919365,8.35292349104522,8.4027349136931,1893600
2005-12-13,8.356762886047363,8.398910939258641,8.333773371033715,8.368258008965942,2075800
2005-12-14,8.368252754211426,8.387410549555618,8.318441316999653,8.372084459444872,2581200
2005-12-15,8.333768844604492,8.379748580481719,8.314611047635793,8.379748580481719,1973400
2005-12-16,8.32142162322998,8.371574322097041,8.30984848951448,8.371574322097041,2159000
2005-12-19,8.22111701965332,8.317563725726593,8.205685929313182,8.313705769184065,3899000
2005-12-20,8.19025707244873,8.228835916030453,8.170968018572989,8.209546862154712,2371400
2005-12-21,8.19797134399414,8.251981272677178,8.178682293987366,8.217260394000913,1966200
2005-12-22,8.236554145812988,8.263559123157648,8.197975291393284,8.263559123157648,2098000
2005-12-23,8.251977920532227,8.282840829503888,8.23268887836111,8.251977920532227,1482200
2005-12-27,8.182539939880371,8.294418496048793,8.17482476097541,8.275129445041197,2966400
2005-12-28,8.16325569152832,8.205692511707873,8.151681812616472,8.20183455207059,1814400
2005-12-29,8.11695671081543,8.194113649142617,8.113098753524554,8.178682555809225,3287400
2005-12-30,8.062944412231445,8.097665284989985,8.05137127853191,8.097665284989985,2059800
2006-01-03,8.22111701965332,8.236548845823432,8.039797477134359,8.101523310154855,5416600
2006-01-04,8.3175687789917,8.3175687789917,8.22112201432305,8.236553849868637,5459200
2006-01-05,8.356144905090332,8.367718777972517,8.282845181830192,8.282845181830192,2564400
2006-01-06,8.487313270568848,8.495029186504986,8.387008570889767,8.410155582867942,9017400
2006-01-09,8.51431941986084,8.522035336865736,8.456451513984813,8.495030363178946,4916600
2006-01-10,8.506603240966797,8.514319157734146,8.456451253639674,8.47188235134405,4844800
2006-01-11,8.587615966796875,8.606905016306934,8.514316254164523,8.525890125368601,4685000
2006-01-12,8.54132080078125,8.606904596075426,8.529747665972302,8.595331461266477,3250800
2006-01-13,8.537466049194336,8.564471757490947,8.498887937574086,8.549039924178597,2902200
2006-01-17,8.452590942382812,8.726500024735467,8.421728019734779,8.726500024735467,4761200
2006-01-18,8.352287292480469,8.379292261157579,8.282845523979212,8.286703481765972,8722200
2006-01-19,8.42558479309082,8.464163624937338,8.360000999700745,8.402437788314916,7723400
2006-01-20,8.2056884765625,8.410155085978163,8.190256645601966,8.38315011762743,6537200
2006-01-23,8.174822807312012,8.240406595226453,8.167106894420913,8.232690682335353,3652400
2006-01-24,8.201831817626953,8.267415637934374,8.19411590092483,8.213405692680139,4566800
2006-01-25,8.22883415222168,8.240408023564468,8.167108310053639,8.236550066450205,3708800
2006-01-26,8.282841682434082,8.30984737441628,8.236547682124336,8.271268550271579,4260400
2006-01-27,8.375431060791016,8.42172580047874,8.329137056933215,8.371573840327802,4760200
2006-01-30,8.402438163757324,8.42172721262746,8.363859330187006,8.375432465177068,7540800
2006-01-31,8.332995414733887,8.406295116175437,8.332995414733887,8.402437159696413,2206800
2006-02-01,8.383146286010742,8.402436065894786,8.286699594080117,8.286699594080117,6163800
2006-02-02,8.267411231994629,8.383146977526334,8.263553275699582,8.363857931881025,4836400
2006-02-03,8.209542274475098,8.255836272238833,8.19796840711925,8.228831317571682,3067800
2006-02-06,8.186396598815918,8.22497543054231,8.147818502919538,8.20568638259412,2963200
2006-02-07,8.16325569152832,8.213408430982438,8.14782458880975,8.159397731891037,7051000
2006-02-08,8.32142162322998,8.33299549277545,8.194112001549701,8.197969958064858,3871400
2006-02-09,8.282841682434082,8.387004286875815,8.278983726436625,8.340710286566068,2608400
2006-02-10,8.348430633544922,8.352288591931904,8.232694825256756,8.282846812626875,4046000
2006-02-13,8.271269798278809,8.325279718732734,8.240406881472282,8.294416801926209,3745600
2006-02-14,8.383146286010742,8.41015124201854,8.275126461979555,8.290557550056926,3486600
2006-02-15,8.429443359375,8.441016494684776,8.375432696552464,8.383148610645693,4090800
2006-02-16,8.506603240966797,8.522035074501495,8.452593295256,8.475740309727724,3170400
2006-02-17,8.460307121276855,8.487312087458674,8.441017334125455,8.487312087458674,2311000
2006-02-21,8.367713928222656,8.452586739344317,8.340708976312571,8.437155653608448,4018200
2006-02-22,8.410150527954102,8.437156217498842,8.329135666809284,8.356140620524224,3358800
2006-02-23,8.367713928222656,8.429439742825638,8.359998017439846,8.37928705856712,3354400
2006-02-24,8.371576309204102,8.383149445666643,8.332997470725298,8.371576309204102,2996000
2006-02-27,8.448736190795898,8.471883207607119,8.363863305267826,8.363863305267826,5171400
2006-02-28,8.352287292480469,8.448734029658835,8.344571376906949,8.444876071872075,3014800
2006-03-01,8.518176078796387,8.549039006277054,8.394724368873723,8.394724368873723,3393400
2006-03-02,8.537466049194336,8.556755840834773,8.47959814593365,8.483456104261737,2490800
2006-03-03,8.487313270568848,8.572186138375647,8.441018510782255,8.441018510782255,3699600
2006-03-06,8.452590942382812,8.552895624946451,8.429443934354317,8.537463795707376,5595600
2006-03-07,8.398582458496094,8.425587428486395,8.344571782685245,8.402440416470457,2635000
2006-03-08,8.390867233276367,8.437161996949433,8.33685728884971,8.394725191568314,2818600
2006-03-09,8.340716361999512,8.464168100521732,8.340716361999512,8.437163124698797,2857200
2006-03-10,8.379291534423828,8.425586288019604,8.321423644301717,8.356144525541012,5768000
2006-03-13,8.410150527954102,8.452587304266036,8.383145574239164,8.421724394901847,3341800
2006-03-14,8.506603240966797,8.514319157734146,8.387009474394178,8.398583349545202,3509600
2006-03-15,8.556753158569336,8.576042208332968,8.495027316329617,8.495027316329617,1738000
2006-03-16,8.502745628356934,8.603049598409816,8.491171753736852,8.57604462679325,3904200
2006-03-17,8.529747009277344,8.556751969525859,8.491168179280901,8.510457226364133,1845400
2006-03-20,8.545178413391113,8.556752283563808,8.5181734521515,8.541320456666881,888600
2006-03-21,8.510457038879395,8.6416246164797,8.495025948718752,8.541319955030644,3823000
2006-03-22,8.51431941986084,8.525893295368183,8.425588581795576,8.448735596979917,2426400
2006-03-23,8.49502944946289,8.525892378332545,8.456450604418256,8.502745365637871,1829800
2006-03-24,8.522031784057617,8.545178789592045,8.471879080264644,8.49888477852319,3206000
2006-03-27,8.533608436584473,8.564471365967966,8.487313674594091,8.487313674594091,1480400
2006-03-28,8.437155723571777,8.560607353801437,8.429439812724985,8.487307672416417,1454000
2006-03-29,8.564468383789062,8.60304648021269,8.452589843836483,8.468021671069952,2189800
2006-03-30,8.591476440429688,8.653202299938338,8.556755552477286,8.59919235682584,4259600
2006-03-31,8.54132080078125,8.61847846671441,8.54132080078125,8.614620509834749,3247000
2006-04-03,8.591476440429688,8.66091821633449,8.568328691241229,8.59919235682584,6607600
2006-04-04,8.622337341308594,8.637768434639606,8.568326675074767,8.583758504235893,3987200
2006-04-05,8.695635795593262,8.699493016493376,8.626194046111078,8.64162513720156,5473600
2006-04-06,8.687920570373535,8.726499404900892,8.641625821774696,8.668630785194825,3302800
2006-04-07,8.587615966796875,8.726499477925527,8.587615966796875,8.68406268600731,3346400
2006-04-10,8.576040267944336,8.618477050818806,8.556751222544985,8.587614136681895,2341200
2006-04-11,8.498887062072754,8.61462285667176,8.479597272419428,8.599191760779336,4942400
2006-04-12,8.51431941986084,8.53746643504518,8.4911724046765,8.510461461358393,5234000
2006-04-13,8.525886535644531,8.614617303359871,8.495023627924859,8.614617303359871,1794600
2006-04-17,8.433303833007812,8.552897593820623,8.406298861453012,8.522034664067952,5201800
2006-04-18,8.603045463562012,8.61076137626693,8.452588844965767,8.487309716307967,1703000
2006-04-19,8.595335006713867,8.618482021709598,8.533609142838355,8.58376113130083,2348400
2006-04-20,8.603045463562012,8.668629249893952,8.57218254857227,8.591472330334568,4032000
2006-04-21,8.510457038879395,8.630051482816707,8.487310035723448,8.6146196568261,2783200
2006-04-24,8.498887062072754,8.518176115895843,8.45259230273501,8.491171146211423,1183400
2006-04-25,8.49502944946289,8.525892378332545,8.441018772068295,8.49888740755038,4229000
2006-04-26,8.525886535644531,8.545175577033167,8.487307717037499,8.525886535644531,4900600
2006-04-27,8.610761642456055,8.637766601928154,8.471878152793874,8.471878152793874,5294800
2006-04-28,8.429443359375,8.52589007805016,8.414011531188542,8.52589007805016,5820000
2006-05-01,8.360004425048828,8.47188227383047,8.360004425048828,8.47188227383047,7702800
2006-05-02,8.398582458496094,8.437161302409487,8.383150626598638,8.402440416470457,1752400
2006-05-03,8.379291534423828,8.414012415663123,8.340713431562518,8.387007449328149,1630800
2006-05-04,8.410150527954102,8.44101343731829,8.325277711160036,8.39471944118691,3366400
2006-05-05,8.456448554992676,8.468022426450212,8.421727676450157,8.44487468353514,2252400
2006-05-08,8.468021392822266,8.487310440400266,8.448731609414267,8.464163436140666,1530400
2006-05-09,8.433303833007812,8.498887650711023,8.406298861453012,8.498887650711023,3140400
2006-05-10,8.344569206237793,8.468021615809855,8.321422201368664,8.4487318318939,5227800
2006-05-11,8.170967102050781,8.321423765729797,8.140104177813287,8.30213471401767,5251000
2006-05-12,8.0938081741333,8.167107883818677,8.086092260307463,8.140102921258286,9414200
2006-05-15,8.10152816772461,8.128533143884159,8.016655280390253,8.070665232709352,5769200
2006-05-16,8.024368286132812,8.10538392847114,8.005079232915703,8.101525970661676,3114000
2006-05-17,7.916347026824951,8.012793747709768,7.9086311125549456,7.985788783594833,3303000
2006-05-18,7.889342308044434,8.005078082373208,7.8854843507894605,8.005078082373208,8081800
2006-05-19,7.947214603424072,7.962645705173288,7.846909866647368,7.900919826515395,4114800
2006-05-22,7.877768039703369,7.931777966893859,7.835331247865086,7.87005212558185,3216800
2006-05-23,7.819901943206787,7.978074539708355,7.819901943206787,7.966500665880104,2050400
2006-05-24,7.897059440612793,7.920207189869845,7.79289751227722,7.858481330178287,4181200
2006-05-25,7.970358371734619,7.970358371734619,7.897058644801182,7.96650041391389,2522400
2006-05-26,8.008938789367676,8.020512665106299,7.966501980823084,7.9973649136290526,4045600
2006-05-30,7.850761890411377,7.981929467346738,7.850761890411376,7.954924507830039,1965200
2006-05-31,7.881628513336182,7.927922541186648,7.843049666240589,7.912491443846594,2706000
2006-06-01,8.01664924621582,8.02436442228957,7.877765775270277,7.877765775270277,1342800
2006-06-02,7.989641189575195,8.074514723732152,7.954921067946017,8.051367730702818,3067400
2006-06-05,7.870049476623535,7.981927986238466,7.862333565099094,7.981927986238466,1464600
2006-06-06,7.870049476623535,7.893196475367037,7.80060774456321,7.877765388147977,7301800
2006-06-07,7.762034893035889,7.893201798256487,7.762034893035889,7.831475936094916,3079600
2006-06-08,7.723458290100098,7.954930708400093,7.588432651439223,7.954930708400093,11834000
2006-06-09,7.692587375640869,7.792892010785889,7.681013509183062,7.762029102728173,1643800
2006-06-12,7.549849510192871,7.711880037517173,7.549849510192871,7.696448944159205,1602600
2006-06-13,7.5575642585754395,7.642437098522785,7.538275210896953,7.549848345172045,3274800
2006-06-14,7.607722282409668,7.6385852247708,7.530565294422132,7.530565294422132,2461600
2006-06-15,7.8006110191345215,7.819900806043168,7.642438445634281,7.642438445634281,3628800
2006-06-16,7.789037227630615,7.823758105315438,7.746600435831372,7.808326277086596,4521200
2006-06-19,7.754316329956055,7.823758085146687,7.723453409408004,7.804468299910362,2331800
2006-06-20,7.742746353149414,7.804472225291508,7.711883417078368,7.758178189100157,2047200
2006-06-21,7.843047142028809,7.893199112030921,7.71573750266799,7.71573750266799,3030400
2006-06-22,7.750462055206299,7.870055837171062,7.735030219685469,7.870055837171062,1339000
2006-06-23,7.727311134338379,7.792894930511706,7.70802134968149,7.731169091269757,967800
2006-06-26,7.742746353149414,7.792899084158889,7.719599335053739,7.735030435174043,1923400
2006-06-27,7.638577938079834,7.773603458040968,7.638577938079833,7.773603458040968,2653200
2006-06-28,7.688732147216797,7.688732147216797,7.60771652493683,7.619290395499691,1740000
2006-06-29,7.8854827880859375,7.8854827880859375,7.715736381657092,7.715736381657092,2171800
2006-06-30,7.843047142028809,7.873910062606278,7.819900135553224,7.873910062606278,3577600
2006-07-03,7.900913238525391,7.9086291508815245,7.827614278631823,7.827614278631823,822000
2006-07-05,7.777462959289551,7.873909673304381,7.77746295928955,7.873909673304381,1862600
2006-07-06,7.785179615020752,7.831473630095367,7.765889828881244,7.792895529476556,1589000
2006-07-07,7.7080230712890625,7.785180755489899,7.67716014477477,7.785180755489899,1667600
2006-07-10,7.619289398193359,7.746599014400862,7.588426483228812,7.73502514535293,3933400
2006-07-11,7.650155067443848,7.661728940658722,7.542134458262295,7.619292141367718,4488200
2006-07-12,7.5112714767456055,7.627008000549492,7.491982424026721,7.607718212000414,2064600
2006-07-13,7.387819766998291,7.518987385698433,7.2720839791241385,7.2720839791241385,3806600
2006-07-14,7.368528842926025,7.395533804182921,7.287513223325332,7.287513223325332,1841200
2006-07-17,7.3916778564453125,7.418682825041906,7.356956972298205,7.356956972298205,1976000
2006-07-18,7.407111167907715,7.430258183355139,7.302948494648773,7.387821375176233,4505000
2006-07-19,7.5151262283325195,7.5344160086521414,7.399390489734313,7.414821578160129,4155200
2006-07-20,7.407111167907715,7.545993996422616,7.407111167907715,7.503557924074063,1419800
2006-07-21,7.329954147338867,7.407111853748287,7.3029491708446965,7.380106141423695,2674400
2006-07-24,7.441827774047852,7.464974776167414,7.353096250234659,7.383959165004051,3587000
2006-07-25,7.522843360900879,7.542132408519906,7.445685698764767,7.457259568834184,3102800
2006-07-26,7.5421295166015625,7.588424243298199,7.4649726198801245,7.4649726198801245,1477400
2006-07-27,7.518986701965332,7.627007300433915,7.518986701965332,7.5807125479959145,1823400
2006-07-28,7.650155067443848,7.673302078043395,7.565282204692042,7.5768553420767155,1601400
2006-07-31,7.638577938079834,7.681014719281018,7.599999848802269,7.599999848802269,7260600
2006-08-01,7.530562400817871,7.6077193591579935,7.4881255954411055,7.6077193591579935,2605000
2006-08-02,7.623151779174805,7.650156753464278,7.561425913418763,7.572999053354044,2071800
2006-08-03,7.646300315856934,7.673305295518164,7.526706519144126,7.580716478466586,1288800
2006-08-04,7.623151779174805,7.746603510686888,7.569141830595858,7.692593562107942,1985000
2006-08-07,7.59614372253418,7.619290728842549,7.561422845156593,7.580711894441891,3739600
2006-08-08,7.569141387939453,7.630867250085661,7.5344204985034215,7.592288402286701,2160200
2006-08-09,7.615434646606445,7.754318190307493,7.600003550545354,7.715739346409397,3368400
2006-08-10,7.646300315856934,7.657874193924822,7.5768585191106235,7.5768585191106235,1538600
2006-08-11,7.603857517242432,7.627005255169177,7.5729946025033685,7.6000002967512374,2045400
2006-08-14,7.669442653656006,7.738884408005306,7.6501536044834495,7.665585432485543,1683000
2006-08-15,7.8469085693359375,7.854624486850148,7.742745890385278,7.754319766656594,2995400
2006-08-16,7.970358371734619,7.981932245196809,7.8661957180655575,7.927921571536806,8387800
2006-08-17,8.005077362060547,8.05137210912443,7.958782614996665,7.966498528812319,3681200
2006-08-18,8.035943984985352,8.055233042584113,7.939497225330784,7.947213142702441,1528400
2006-08-21,7.981934070587158,8.012797004380834,7.958786318369114,8.012797004380834,3181600
2006-08-22,7.985788822174072,8.051372622125784,7.951067943621395,7.962641079252228,2045600
2006-08-23,7.947214603424072,8.043661380805844,7.89320390772553,7.89320390772553,4995400
2006-08-24,7.978076934814453,8.05523390934211,7.93178216143349,8.05523390934211,2274400
2006-08-25,8.001216888427734,8.039795709541272,7.962638067314196,7.978069890091535,1923800
2006-08-28,8.074522972106934,8.08223888960864,7.989649351248951,8.024370244176236,2762000
2006-08-29,8.147818565368652,8.147818565368652,8.0282241125172,8.089949949420523,3534000
2006-08-30,8.2056884765625,8.217261613952699,8.1362467089005,8.155535761770967,4024200
2006-08-31,8.174822807312012,8.236548638780903,8.167106894420913,8.236548638780903,2216800
2006-09-01,8.209542274475098,8.236547229142246,8.1709634524521,8.2249733617864,8053200
2006-09-05,8.251977920532227,8.259693831732589,8.15938919361724,8.20954188058981,4921000
2006-09-06,8.11695671081543,8.205687521015246,8.109240796233676,8.15167685477309,2667000
2006-09-07,8.07066535949707,8.132391230497282,8.035944465080648,8.074523318413387,3678200
2006-09-08,8.136247634887695,8.143963551246111,8.066805859322521,8.066805859322521,3789600
2006-09-11,8.2056884765625,8.2288354871731,8.082236772199035,8.082236772199035,6407800
2006-09-12,8.348430633544922,8.360004508705869,8.178684879499656,8.178684879499656,2847200
2006-09-13,8.348430633544922,8.36386246709285,8.298278646174802,8.34457267515794,3399600
2006-09-14,8.367713928222656,8.394718880132741,8.29441424744546,8.29441424744546,2958600
2006-09-15,8.388593673706055,8.46590745599969,8.376996274565352,8.454310794184892,13820000
2006-09-18,8.384722709655762,8.446573992325455,8.330602284325694,8.349931270988378,2346200
2006-09-19,8.3460693359375,8.400189048986912,8.264889029037594,8.39632324986541,7064800
2006-09-20,8.481366157531738,8.485231955195431,8.34993198626824,8.41564907189999,5118600
2006-09-21,8.400190353393555,8.504564733904234,8.384727891832291,8.481370672899384,3908800
2006-09-22,8.349933624267578,8.38859087116235,8.334470430579406,8.369261879052136,6683000
2006-09-25,8.500697135925293,8.520026130445356,8.38472611810792,8.400188576398222,3340600
2006-09-26,8.55482006072998,8.558685861086714,8.473640465216638,8.543223396985804,5045000
2006-09-27,8.489103317260742,8.605075121284482,8.46204345085302,8.58188105541016,10624200
2006-09-28,8.531625747680664,8.53549154792492,8.462042817936075,8.50456588329688,4533400
2006-09-29,8.50456428527832,8.56254980339459,8.489101087206853,8.535489944095389,2373400
2006-10-02,8.442710876464844,8.531622031375733,8.442710876464844,8.485233923302957,3948400
2006-10-03,8.489103317260742,8.512298120461127,8.384729652163253,8.407923718037578,4122800
2006-10-04,8.620532989501953,8.639861981862447,8.469770535718428,8.473636334190527,12510400
2006-10-05,8.616667747497559,8.639861800517657,8.58574136036989,8.632130203735741,3415600
2006-10-06,8.620532989501953,8.62826458644615,8.199170541276835,8.581876479432298,3297600
2006-10-09,8.64372444152832,8.663052689097238,8.581873164517328,8.593469818128524,1050200
2006-10-10,8.651457786560059,8.663055180832371,8.601203886031229,8.651457786560059,3180400
2006-10-11,8.64759635925293,8.697850280896937,8.60120749999808,8.635998960107742,2959000
2006-10-12,8.775162696838379,8.786759355877546,8.655325146378326,8.655325146378326,4867200
2006-10-13,8.817687034606934,8.844746895015941,8.767433113465332,8.790627174197924,5863400
2006-10-16,8.813817977905273,8.875669275219824,8.813817977905273,8.84860942481041,3802600
2006-10-17,8.740367889404297,8.77515932781587,8.682381667168045,8.77515932781587,14908200
2006-10-18,8.717179298400879,8.83701688798656,8.686253635323341,8.779030624555954,7511400
2006-10-19,8.744236946105957,8.759699403760568,8.66305664711067,8.69784809849069,3963400
2006-10-20,8.798361778259277,8.798361778259277,8.721047232979256,8.751972903626035,3479000
2006-10-23,8.852476119995117,8.879535973146247,8.686250465123097,8.794490615053313,2603000
2006-10-24,8.790624618530273,8.867939114929406,8.755833168883232,8.840879262387414,4397000
2006-10-25,8.867940902709961,8.875671764047873,8.798357989387933,8.813820449389588,2569000
2006-10-26,8.914327621459961,8.922059218910682,8.82928226147916,8.860207913956334,4339800
2006-10-27,8.798361778259277,8.891138790199614,8.759704505619267,8.891138790199614,4705000
2006-10-30,8.82928466796875,8.860210328874953,8.713313623901971,8.744239284808174,4953000
2006-10-31,8.8408784866333,8.887266590541852,8.80608704003908,8.871804135014207,5646200
2006-11-01,8.802227020263672,8.891138225561017,8.755838148576391,8.891138225561017,6624000
2006-11-02,8.748106956481934,8.790630029408161,8.736510291011971,8.744241892876037,5608200
2006-11-03,8.748106956481934,8.813824097674225,8.701718819949809,8.775167563006166,3833800
2006-11-06,8.852476119995117,8.8756701745067,8.763564963262636,8.790624816413766,3029000
2006-11-07,8.898868560791016,8.945256688551355,8.767434303260055,8.910465224068101,6573000
2006-11-08,8.906598091125488,8.941388810196703,8.821551981121248,8.898866492520407,5974800
2006-11-09,8.90273380279541,9.00324238974231,8.898868002836766,9.00324238974231,6209200
2006-11-10,8.92593002319336,8.933661624979873,8.8060931448069,8.8060931448069,3217800
2006-11-13,9.003242492675781,9.010973355355505,8.925927967270866,8.949122029961956,4094800
2006-11-14,9.068962097167969,9.09215690541135,8.95685680662984,9.01870815395975,4866800
2006-11-15,9.088285446166992,9.119211100579323,8.999374281897262,8.999374281897262,3437400
2006-11-16,9.123078346252441,9.146272406408281,9.065092827199901,9.111480947511582,3245800
2006-11-17,9.13853931427002,9.13853931427002,9.07668800574194,9.084419603639388,3094400
2006-11-20,9.13853931427002,9.16946496853406,9.092151201536838,9.123076855800878,2804000
2006-11-21,9.134675025939941,9.161735623056076,9.115346765325723,9.161735623056076,2863200
2006-11-22,9.204256057739258,9.204256057739258,9.138538952861417,9.188793599881622,2136200
2006-11-24,9.184928894042969,9.211988751508105,9.103748584321742,9.15013743806613,847000
2006-11-27,8.9684476852417,9.157867390782126,8.949118692436135,9.123075941057795,6463400
2006-11-28,9.014833450317383,9.018699247873753,8.910459128271865,8.941384771397335,5880200
2006-11-29,9.072821617126465,9.103747269380564,9.030299306105647,9.072821617126465,6330800
2006-11-30,9.092154502868652,9.13081176906647,9.034168972234939,9.068959700754347,3430400
2006-12-01,9.014833450317383,9.092147926793801,8.933653913610085,9.045759093442852,5798800
2006-12-04,9.130813598632812,9.161739270322522,9.030304981309708,9.030304981309708,2834000
2006-12-05,9.134675025939941,9.169466484906236,9.103749366561665,9.103749366561665,2318200
2006-12-06,9.07668685913086,9.165598011742567,9.068955262210103,9.138538159845583,1949000
2006-12-07,9.041898727416992,9.142407312282335,9.026436265228597,9.099884988269796,3126200
2006-12-08,9.041898727416992,9.096019188391214,8.987779003768706,9.030302065107179,1630400
2006-12-11,9.09601879119873,9.138541113354462,8.987778611302705,9.03803253287799,1924200
2006-12-12,9.065091133117676,9.111479244760357,9.007104887575714,9.080553591223323,5957600
2006-12-13,9.080557823181152,9.138543358421302,9.018706487281516,9.138543358421302,2795400
2006-12-14,9.157869338989258,9.177197598580952,9.045763368845078,9.080554825970799,2649000
2006-12-15,9.159815788269043,9.214246438510171,9.155927831712399,9.206470525396885,3691600
2006-12-18,9.124822616577148,9.225907236867966,9.082056588357275,9.179253253073252,4150200
2006-12-19,9.066500663757324,9.113155367993986,9.012070793440692,9.047061636230346,2978400
2006-12-20,9.070391654968262,9.144261319099918,9.06261574473301,9.105382509475277,2549800
2006-12-21,9.027628898620605,9.08594750972766,9.000413942265016,9.07428363919586,3646600
2006-12-22,8.957647323608398,9.035404230827117,8.949871410420958,9.031516274233397,2810800
2006-12-26,9.008185386657715,9.008185386657715,8.934315726376353,8.934315726376353,1788200
2006-12-27,9.074280738830566,9.085944605634305,9.012074932314043,9.015962887915288,1813800
2006-12-28,9.070391654968262,9.085943475438764,9.039288755578873,9.074279610085888,2011600
2006-12-29,9.04317855834961,9.132599319670117,9.039290602437617,9.066505552269792,2130200
2007-01-03,9.070391654968262,9.198691207643446,8.984858867035344,9.08205552032114,9484400
2007-01-04,9.210356712341309,9.233683705647403,9.047066276095158,9.066505313591612,5766000
2007-01-05,9.136486053466797,9.15203787503452,9.078168205691172,9.144261964250658,3298200
2007-01-08,9.16369915008545,9.194802045391512,9.10538131408052,9.136484209386582,3558600
2007-01-09,9.175365447998047,9.202580395916643,9.101495773967777,9.148150500079451,6938000
2007-01-10,9.222015380859375,9.237567196581137,9.124818757252525,9.144258526904729,5318000
2007-01-11,9.31533145904541,9.330883287135585,9.245350457295554,9.276453371923928,7137200
2007-01-12,9.338652610778809,9.354203686342421,9.268670916863917,9.323100793663741,6081200
2007-01-16,9.3192138671875,9.350316763296473,9.288110971078527,9.29199892578609,3113600
2007-01-17,9.198695182800293,9.299779834886793,9.183144097161104,9.280340792449824,3026000
2007-01-18,9.093719482421875,9.183140975267303,9.066504535641316,9.148150117534676,9660800
2007-01-19,9.089827537536621,9.097603445075944,9.031509714094417,9.03928562163374,4741400
2007-01-22,9.023736953735352,9.09371866289384,8.97708297533077,9.078167583942852,6799800
2007-01-23,9.023736953735352,9.082055539068502,8.988746840707725,9.00040996453306,2941600
2007-01-24,9.187026023864746,9.187026023864746,9.050951322033944,9.058726489601769,8763000
2007-01-25,9.074280738830566,9.26089815838014,9.074280738830566,9.222019343919385,2902800
2007-01-26,9.078166961669922,9.140372756313143,9.043176109489163,9.109269858991532,8337200
2007-01-29,9.117045402526855,9.152036253302217,9.078166597048504,9.093717674308923,4681000
2007-01-30,9.171477317810059,9.171477317810059,9.109271511879522,9.109271511879522,4996200
2007-01-31,9.225909233093262,9.249236971589783,9.101497593985933,9.155927500707424,3446800
2007-02-01,9.187026023864746,9.257007722835736,9.159811083498585,9.23756869158891,3014400
2007-02-02,9.233685493469238,9.233685493469238,9.187030756272035,9.21813366721954,3043200
2007-02-05,9.210356712341309,9.233683705647403,9.175365851606294,9.175365851606294,2069000
2007-02-06,9.198695182800293,9.229798095630606,9.128713443544106,9.206471096395855,3391400
2007-02-07,9.24145793914795,9.276448793529116,9.206467084766782,9.253121062907264,3141200
2007-02-08,9.253122329711914,9.26478619661969,9.194804478276463,9.194804478276463,2740200
2007-02-09,9.1520357131958,9.276447290143158,9.105381001064796,9.264783426722534,3774800
2007-02-12,9.113154411315918,9.144257297024794,9.089826690870796,9.117042364723439,5192000
2007-02-13,9.148150444030762,9.163701524938231,9.11704754066411,9.144262488415967,3063400
2007-02-14,9.27645206451416,9.284227235911448,9.179255377305259,9.187030548702547,2036400
2007-02-15,9.311442375183105,9.31532958987368,9.260899685583679,9.292002593971084,6126600
2007-02-16,9.29200267791748,9.29200267791748,9.229796860580688,9.241460729413275,4092600
2007-02-20,9.295888900756836,9.315327936967776,9.218131272809673,9.249234917229897,2642400
2007-02-21,9.280335426330566,9.299774457527407,9.241456622385376,9.264783608131888,2329400
2007-02-22,9.330881118774414,9.361984026174923,9.272563260092436,9.338657031012493,7157200
2007-02-23,9.323104858398438,9.326992814372295,9.28033882578956,9.307553776054785,2015800
2007-02-26,9.299777030944824,9.346431756899564,9.245347135290721,9.292001119693749,1975200
2007-02-27,8.942094802856445,9.233684850775678,8.856561989092134,9.144264080719553,9442800
2007-02-28,8.97708511352539,9.047066839352379,8.8915523050434,8.942094250611897,7235400
2007-03-01,8.969305038452148,9.01984770211381,8.7049300820567,8.837117560254425,7367200
2007-03-02,8.802127838134766,8.95375510694009,8.802127838134766,8.903212436821134,5225800
2007-03-05,8.82157039642334,8.910991159104126,8.732148892190773,8.732148892190773,2813600
2007-03-06,8.957647323608398,8.957647323608398,8.844898807046196,8.891553544618944,4354000
2007-03-07,8.84489917755127,8.926544044783741,8.84489917755127,8.90710500255275,3083800
2007-03-08,8.918764114379883,8.969306042145897,8.883773263791284,8.918764114379883,5550000
2007-03-09,8.942094802856445,8.98486158051452,8.868225116415726,8.9770856679309,2264600
2007-03-12,8.996526718139648,9.008190589621409,8.907105928102176,8.907105928102176,3186800
2007-03-13,8.852672576904297,8.98097214722675,8.82545762888919,8.957645154864045,3314200
2007-03-14,8.934313774108887,8.938201728174292,8.782687273315188,8.852668963389638,5799400
2007-03-15,8.938201904296875,8.949865766722919,8.883772029411531,8.934313950154861,4487400
2007-03-16,8.922653198242188,8.96153126688159,8.883774388051158,8.895437512022328,5810600
2007-03-19,8.980972290039062,9.07428100252536,8.95375734159119,8.969308422896377,1741000
2007-03-20,9.039289474487305,9.054841296194668,8.977083670761203,9.000410661770573,2582600
2007-03-21,9.222015380859375,9.222015380859375,9.015959013405743,9.05483781115876,1716800
2007-03-22,9.187026023864746,9.194801932984081,9.105381202766266,9.179250856296921,3440400
2007-03-23,9.16369915008545,9.206465909213106,9.14037216399378,9.155923240871054,2740200
2007-03-26,9.175365447998047,9.190916529000797,8.97708415973893,9.163701581082199,1917200
2007-03-27,9.179250717163086,9.179250717163086,9.136483959206492,9.152035777209434,3529800
2007-03-28,9.074280738830566,9.1287106341446,9.047065791173551,9.101495686487583,3973600
2007-03-29,9.085941314697266,9.120931419331615,8.98874468452595,9.097604435724902,5708000
2007-03-30,9.066500663757324,9.113155367993986,9.000406931993686,9.089827645099971,7548000
2007-04-02,9.113154411315918,9.132593436802232,9.039284779675606,9.093714644278315,3146600
2007-04-03,9.187026023864746,9.225904827909908,9.09760529364693,9.132596143132426,3981800
2007-04-04,9.24145793914795,9.24145793914795,9.175364185489258,9.179252140592899,4582000
2007-04-05,9.27645206451416,9.28034002098874,9.144264510585904,9.253124325666674,1319400
2007-04-09,9.27645206451416,9.307554974758933,9.253124325666674,9.27645206451416,1535600
2007-04-10,9.268671989440918,9.291998976261478,9.23756909316299,9.268671989440918,3884400
2007-04-11,9.18314266204834,9.292002469166198,9.171478793477789,9.292002469166198,4192200
2007-04-12,9.280335426330566,9.280335426330566,9.152035892397494,9.194801909340846,1541600
2007-04-13,9.28810977935791,9.28810977935791,9.171474119302207,9.222016040912628,2226400
2007-04-16,9.365869522094727,9.365869522094727,9.291999858340459,9.29588781343822,2643400
2007-04-17,9.385306358337402,9.385306358337402,9.319212620255387,9.346428299566812,2745800
2007-04-18,9.361979484558105,9.389194422637258,9.29199779146803,9.29199779146803,2132800
2007-04-19,9.365869522094727,9.389196511129692,9.276448779501019,9.288111903242696,3559200
2007-04-20,9.42030143737793,9.459180255169713,9.385310575520501,9.431965305180995,1973200
2007-04-23,9.400863647460938,9.43585451396429,9.373648693858744,9.408639560362097,3213600
2007-04-24,9.45140266418457,9.486393519825596,9.389196863389778,9.474730395646347,5673200
2007-04-25,9.521383285522461,9.533047149918149,9.439738459407312,9.459177491848571,3426800
2007-04-26,9.575814247131348,9.591366068075589,9.490281456592937,9.51360844645766,1438400
2007-04-27,9.568038940429688,9.603029795498717,9.529160130180584,9.529160130180584,1809800
2007-04-30,9.494174003601074,9.606921793769724,9.494174003601074,9.560267791476488,1851600
2007-05-01,9.540822982788086,9.540822982788086,9.463065370545271,9.521383208951608,6200200
2007-05-02,9.591363906860352,9.634130663268772,9.548597150451931,9.55637305917191,2660000
2007-05-03,9.684672355651855,9.692448264186208,9.60302754069551,9.64190560026437,2133400
2007-05-04,9.723548889160156,9.731324795881104,9.669119025216087,9.719660935799682,5899400
2007-05-07,9.711886405944824,9.735214129414866,9.692447377937842,9.700223285761188,1270600
2007-05-08,9.750767707824707,9.754655662734933,9.673010092723322,9.680786002543774,3855200
2007-05-09,9.739103317260742,9.789645986813218,9.680785479859185,9.700225253360728,11249600
2007-05-10,9.688565254211426,9.781873979586837,9.653574389501667,9.735219987675046,4766400
2007-05-11,9.793538093566895,9.793538093566895,9.669126456617796,9.669126456617796,5076400
2007-05-14,9.746878623962402,9.82074827559746,9.711887775374823,9.82074827559746,1408000
2007-05-15,9.731330871582031,9.820751630048422,9.708003136854654,9.758545820545564,6864200
2007-05-16,9.816861152648926,9.816861152648926,9.70411268841633,9.74687944954615,1182600
2007-05-17,9.78964900970459,9.832415783062164,9.766322015851262,9.816863959458768,1020800
2007-05-18,9.840188980102539,9.844076935223754,9.766320057454312,9.824637901169297,2826400
2007-05-21,9.882953643798828,9.933495566526327,9.832411721071328,9.863514613877049,5695400
2007-05-22,9.871294975280762,9.933500793625473,9.77798624776369,9.77798624776369,3869600
2007-05-23,9.836302757263184,9.921836301890075,9.828527587203077,9.898508567054515,7728400
2007-05-24,9.711886405944824,9.871288808566511,9.676895562291147,9.812970982994178,9670400
2007-05-25,9.793538093566895,9.801313264712325,9.711892493349142,9.731332275092345,3945600
2007-05-29,9.851856231689453,9.871295272425384,9.777986542099546,9.785762455014666,4741600
2007-05-30,9.9257230758667,9.937386200344035,9.746880837847078,9.777983739039405,4505600
2007-05-31,9.972373962402344,9.991813733085078,9.937383116724853,9.964598054129251,4341600
2007-06-01,9.972373962402344,10.042355653757328,9.949046979134492,10.019028670489476,4135800
2007-06-04,10.007366180419922,10.011254135089636,9.937384479468138,9.941272434137852,2835200
2007-06-05,9.972373962402344,9.987925778948531,9.910168179320454,9.956822887407585,2752200
2007-06-06,9.855740547180176,9.941273332992859,9.855740547180176,9.929610209480709,4098000
2007-06-07,9.715775489807129,9.898504895599014,9.69244850517553,9.840187063244283,4947600
2007-06-08,9.851856231689453,9.886847098255625,9.700229637603949,9.700229637603949,3353400
2007-06-11,9.871294975280762,9.902397884453118,9.82464098229815,9.84408002244893,2245200
2007-06-12,9.754659652709961,9.871295381518294,9.746883739708904,9.801313647612544,2585200
2007-06-13,9.879071235656738,9.879071235656738,9.758547551065995,9.797426374287745,2259200
2007-06-14,9.972373962402344,9.980149870675437,9.871289379506415,9.871289379506415,1699400
2007-06-15,10.029961585998535,10.068866971079173,10.010508151385563,10.029961585998535,1735600
2007-06-18,10.05718994140625,10.092205361753432,10.006611782205995,10.092205361753432,1316400
2007-06-19,10.053301811218262,10.072754497655263,9.994943009834842,9.998833695536725,2616800
2007-06-20,9.994939804077148,10.096095373664433,9.940470963793421,10.096095373664433,2223800
2007-06-21,10.045522689819336,10.04941337639266,9.913242314616685,9.932695747483303,3145800
2007-06-22,9.932696342468262,10.033851973216303,9.893790216477072,9.940476974008394,3794000
2007-06-25,9.897679328918457,10.002724887691276,9.847101150553293,9.936585448721083,2923400
2007-06-26,9.862661361694336,9.956035579990319,9.835427307450383,9.956035579990319,4166000
2007-06-27,9.959931373596191,9.987165441808415,9.812088228911689,9.835432352013054,8159400
2007-06-28,9.994939804077148,10.049407902288692,9.963815070517382,9.963815070517382,3403600
2007-06-29,9.959931373596191,10.057196326967107,9.893791175621063,10.029962258754884,2804800
2007-07-02,10.045522689819336,10.06108543611263,9.99105456193798,9.99105456193798,3356000
2007-07-03,10.115549087524414,10.138892454561546,10.072752296229456,10.076642981081022,3113000
2007-07-05,10.154454231262207,10.438467519849896,10.103876075059244,10.13111086643817,6720400
2007-07-06,10.173909187316895,10.212815298774315,10.142784446565429,10.170018501963916,5459600
2007-07-09,10.232267379760742,10.236158064884169,10.162237273756002,10.193362012671102,2021000
2007-07-10,10.115549087524414,10.205032612893634,10.096096405338846,10.13500176970998,4268400
2007-07-11,10.173909187316895,10.193362614081781,10.068862909003565,10.09998764975503,2182800
2007-07-12,10.345094680786133,10.372328733679216,10.189470991345452,10.197251619263271,2575800
2007-07-13,10.36844253540039,10.500722914184477,10.325646466080322,10.360661162043067,3357000
2007-07-16,10.39956283569336,10.42290694577394,10.3295319895962,10.35676678469021,2787200
2007-07-17,10.434577941894531,10.477374733670441,10.3878912072956,10.39567183501391,2627200
2007-07-18,10.380111694335938,10.387893065518474,10.263393352815088,10.356768322860727,3069800
2007-07-19,10.465704917907715,10.512392404566745,10.430689488431549,10.473486289362958,6020800
2007-07-20,10.42679500579834,10.450139111663336,10.333420808554814,10.434576374420006,3146600
2007-07-23,10.442359924316406,10.481266033479567,10.407344500276793,10.438469239192859,2205400
2007-07-24,10.33731460571289,10.446251573003638,10.267283751174007,10.329533234748041,3476000
2007-07-25,10.348991394042969,10.426802913052184,10.135008047104012,10.337319332258863,8055400
2007-07-26,10.193365097045898,10.348988838711039,10.018287923877281,10.348988838711039,5945600
2007-07-27,9.97549057006836,10.197254482549436,9.97549057006836,10.150567733644207,4116800
2007-07-30,10.010499954223633,10.080530777339838,9.948250498580794,10.018281321697,3211000
2007-07-31,9.940473556518555,10.154456804867309,9.893786815037922,10.154456804867309,5476800
2007-08-01,10.037731170654297,10.220589544406513,9.827639502561077,9.948247696134441,19142200
2007-08-02,10.05718994140625,10.135001409454917,10.006611782205995,10.029955890485605,10085800
2007-08-03,9.862661361694336,10.099987221586172,9.862661361694336,10.080534537718297,5316000
2007-08-06,10.018289566040039,10.022180252978483,9.839322419307598,9.928805992673817,4985000
2007-08-07,10.037731170654297,10.096090668192481,9.87432621010542,9.991044463109953,5314000
2007-08-08,10.193365097045898,10.193365097045898,10.061084731112397,10.107771482575671,10562600
2007-08-09,9.959931373596191,10.271178927554038,9.88600980125394,10.053305639783545,7373200
2007-08-10,9.819869041442871,9.936587424053641,9.699260713943803,9.815978354481913,9740800
2007-08-13,9.956033706665039,9.991049124696579,9.893784239513899,9.959924391121008,5321800
2007-08-14,9.753725051879883,9.979379613300084,9.70703831066046,9.963817613584402,3041400
2007-08-15,9.629227638244629,9.823757489522299,9.582540147426093,9.745945252182235,6147200
2007-08-16,9.566977500915527,9.598102245340966,9.298526116450848,9.559196129291058,8078800
2007-08-17,9.66034984588623,9.815973537593706,9.559194260758296,9.812082852541982,8014800
2007-08-20,9.695363998413086,9.757613466936428,9.644786583514945,9.738160786299959,4386400
2007-08-21,9.72649097442627,9.808193142416712,9.66424149155573,9.66424149155573,5712800
2007-08-22,9.854880332946777,9.878223702811912,9.800412222570682,9.854880332946777,3990400
2007-08-23,9.88211727142334,9.921023393931703,9.82764914515517,9.901570703713803,3812600
2007-08-24,10.022176742553711,10.041629428359661,9.85877165873758,9.8821150301192,5134800
2007-08-27,9.967705726623535,10.029955193566032,9.967705726623535,9.971595668994283,2937600
2007-08-28,9.788738250732422,9.936581295777644,9.749832147190405,9.9287999266548,5599200
2007-08-29,10.022176742553711,10.033848799280719,9.823756230628954,9.823756230628954,6544400
2007-08-30,10.064973831176758,10.135003947334948,9.889896685600238,9.959927543830846,8625200
2007-08-31,10.131112098693848,10.173908149064534,10.068861881471227,10.173908149064534,9307200
2007-09-04,10.286733627319336,10.352873773542374,10.13110997210987,10.146671966594756,8888800
2007-09-05,10.177799224853516,10.25950212792095,10.138893115872467,10.247830072604943,4926000
2007-09-06,10.228379249572754,10.236159879126323,10.142785645831513,10.216707192133736,4577600
2007-09-07,10.018289566040039,10.096101820663588,9.959930746108705,10.068867012094486,9476000
2007-09-10,9.998832702636719,10.115550293813317,9.944363850291605,10.084425553361402,7000200
2007-09-11,10.14278507232666,10.177800500591387,10.05719221549755,10.061082901090563,4962400
2007-09-12,10.115549087524414,10.201141928042068,10.092205720487282,10.115549087524414,5573400
2007-09-13,10.115549087524414,10.173907876153372,10.103877032969718,10.170017191301806,3670800
2007-09-14,10.064973831176758,10.111660575282219,10.029958402061453,10.029958402061453,5792600
2007-09-17,10.061083793640137,10.107770540753231,10.022177676330914,10.061083793640137,1858600
2007-09-18,10.25949764251709,10.263387583849454,9.979374373979951,10.14667005000697,6788000
2007-09-19,10.298410415649414,10.35676996670899,10.259505037706388,10.317863846693445,4144600
2007-09-20,10.33731460571289,10.372330032982331,10.282846493103706,10.282846493103706,3706800
2007-09-21,10.41645336151123,10.435945674465748,10.369673297531808,10.377470222713615,7054000
2007-09-24,10.389162063598633,10.513909858623714,10.389162063598633,10.435942858510794,12531000
2007-09-25,10.494418144226074,10.525605092535812,10.369670350987123,10.393060376330551,5934000
2007-09-26,10.560696601867676,10.665952892039204,10.506119596692482,10.665952892039204,7763600
2007-09-27,10.55289363861084,10.5957759716108,10.533402074641131,10.5957759716108,5407600
2007-09-28,10.513909339904785,10.669844819548345,10.49051931538044,10.669844819548345,5307200
2007-10-01,10.626967430114746,10.669849781313712,10.53340654495358,10.591882005234831,20283200
2007-10-02,10.665949821472168,10.708831423098024,10.615270551065636,10.708831423098024,7112400
2007-10-03,10.5412015914917,10.642558641341395,10.5256077416344,10.611371685182485,4107400
2007-10-04,10.56849193572998,10.59188197105584,10.513914195228553,10.59188197105584,10153000
2007-10-05,10.68154239654541,10.708830889918397,10.60747309770753,10.615270022544292,3861400
2007-10-08,10.701034545898438,10.743916144737137,10.665949128222259,10.67374530938478,1730200
2007-10-09,10.779003143310547,10.802393177339932,10.716629223528336,10.775104680379687,5415000
2007-10-10,10.81408405303955,10.907644893666676,10.771201722252153,10.907644893666676,3587400
2007-10-11,10.697132110595703,10.919339177646087,10.626961301304974,10.860863751088942,9814000
2007-10-12,10.802389144897461,10.814084529324251,10.708828300149635,10.724422146052023,4375000
2007-10-15,10.7244234085083,10.829679650073457,10.665947966601744,10.689337994653249,10147000
2007-10-16,10.7244234085083,10.759508822363353,10.669846428536259,10.69713491852228,11204400
2007-10-17,10.81408405303955,10.876457946790968,10.685437804232821,10.876457946790968,13161600
2007-10-18,10.841381072998047,10.853076466116406,10.755617087464898,10.794600987636711,4794200
2007-10-19,10.584078788757324,10.84526971677224,10.560688767256767,10.841371255929584,6091800
2007-10-22,10.650354385375977,10.662049771472185,10.494419621871213,10.506115007967422,6714200
2007-10-23,10.767309188842773,10.806292333540759,10.673747559611304,10.759512262480847,12859800
2007-10-24,10.658147811889648,10.817980984976037,10.471026157089295,10.817980984976037,11222600
2007-10-25,10.747811317443848,10.755608239775581,10.576282743922913,10.728319755169954,6276400
2007-10-26,10.892054557800293,10.997310065510925,10.790696768827829,10.817985261328943,5234200
2007-10-29,10.92324161529541,10.958327032714045,10.88035927321582,10.92324161529541,5021400
2007-10-30,10.942731857299805,10.985614194182709,10.856967927089567,10.856967927089567,5465200
2007-10-31,11.071379661560059,11.118160466796123,10.95832722620272,11.090871973556617,7755000
2007-11-01,10.950529098510742,11.149346197701936,10.8959521180269,11.149346197701936,14404600
2007-11-02,10.973920822143555,11.067481693236768,10.849172994019272,11.067481693236768,10665200
2007-11-05,10.958324432373047,11.005104482126844,10.42814557812679,10.927137484685355,9410200
2007-11-06,11.016800880432129,11.059683216283304,10.872560769377168,11.059683216283304,6754000
2007-11-07,10.720527648925781,10.977820253015537,10.720527648925781,10.973921790098327,11670800
2007-11-08,10.33848762512207,10.681544196640338,10.24102827890536,10.412556192886592,28626600
2007-11-09,10.124074935913086,10.295603564962777,9.972038619002952,10.022717143454436,12801200
2007-11-12,9.960344314575195,10.186449955085745,9.94085274387226,9.94085274387226,14523800
2007-11-13,10.299498558044434,10.35017706542506,10.088986119181612,10.135766909002939,8956000
2007-11-14,10.241020202636719,10.525601090710072,10.166950949728854,10.525601090710072,12157600
2007-11-15,10.116280555725098,10.260519973459933,10.077296668060939,10.131873664657274,7741400
2007-11-16,10.260515213012695,10.28000751957907,10.096783555632472,10.096783555632472,6969600
2007-11-19,10.057801246643066,10.260516805054312,10.046106604444144,10.256618343136143,9532400
2007-11-20,10.143566131591797,10.248822374893233,9.956444416981864,10.248822374893233,10510400
2007-11-21,9.952545166015625,10.143565327481653,9.913561292673355,9.97593519259877,12597600
2007-11-23,10.050006866455078,10.096786930740876,9.96034371338849,9.96034371338849,1764200
2007-11-26,9.839491844177246,10.16695518512204,9.820000279607768,10.16695518512204,5631200
2007-11-27,9.948644638061523,10.007120064152218,9.82779458144465,9.97983158154692,6741000
2007-11-28,10.241020202636719,10.295597155539769,10.065593220369465,10.166950949728854,8484600
2007-11-29,10.291706085205078,10.342385358051189,10.225433704714145,10.287807622404934,9349400
2007-11-30,10.237127304077148,10.580183791424039,10.147464906010482,10.580183791424039,7207600
2007-12-03,10.174751281738281,10.280007506395322,10.155258975196903,10.268312122470496,5349400
2007-12-04,10.13576889038086,10.221532821004075,10.0578011399557,10.170854303716624,3942800
2007-12-05,10.369667053222656,10.38915861088422,10.23712237916929,10.307293176439337,7732400
2007-12-06,10.474924087524414,10.510008745412298,10.350175580417838,10.4437371466366,4544000
2007-12-07,10.486620903015137,10.57628328374015,10.45543395565185,10.57628328374015,5594600
2007-12-10,10.537300109863281,10.599674004309636,10.482722394556117,10.599674004309636,5049200
2007-12-11,10.373573303222656,10.771206880419761,10.373573303222656,10.665951349031134,7334000
2007-12-12,10.55289363861084,10.662048330085513,10.393060434681622,10.642556022560301,7625600
2007-12-13,10.49831771850586,10.564590083633203,10.455435381201232,10.54509777415129,5037600
2007-12-14,10.432047843933105,10.548998754523208,10.416453992624689,10.53730410959765,4215800
2007-12-17,10.23322582244873,10.408652848255725,10.202038878255864,10.342380498901461,3916800
2007-12-18,10.23322582244873,10.33068511599586,10.143563450838666,10.33068511599586,6774800
2007-12-19,10.299498558044434,10.318990120062653,10.202039260842483,10.315091658947923,3816600
2007-12-20,10.447635650634766,10.447635650634766,10.318989416837473,10.443737933341088,3856200
2007-12-21,10.581969261169434,10.593717823531168,10.515391335512067,10.534972770770874,6097600
2007-12-24,10.660299301147461,10.679881489914829,10.6015542288136,10.679881489914829,1674200
2007-12-26,10.719040870666504,10.742538740886978,10.6054664617972,10.652462949221972,4802600
2007-12-27,10.570223808288574,10.719045459693884,10.531060176498537,10.656383200639338,3367400
2007-12-28,10.519309043884277,10.734707845711212,10.491894732413646,10.734707845711212,2125400
2007-12-31,10.44097900390625,10.570218399796197,10.397898956281681,10.570218399796197,3573400
2008-01-02,10.22949504852295,10.46447518722662,10.170749266863389,10.437060887510102,14921200
2008-01-03,10.245162963867188,10.296075889558551,10.159003604906845,10.296075889558551,4022000
2008-01-04,9.845695495605469,10.08459288651503,9.790866880111679,10.068927140954596,7784000
2008-01-07,9.759535789489746,9.861360891065956,9.65379425166247,9.775200787510174,11198400
2008-01-08,9.501060485839844,9.888778854249555,9.477562606628862,9.802619465819879,10589800
2008-01-09,9.634209632873535,9.649874625716015,9.418810192166623,9.446225236862244,10450000
2008-01-10,9.649881362915039,9.759539377306023,9.465813273350566,9.540224095508165,13048600
2008-01-11,9.508893966674805,9.642049868988668,9.43056670167224,9.638133431040123,6568600
2008-01-14,9.700791358947754,9.732122103972465,9.614631249891886,9.634213432397257,8271000
2008-01-15,9.49714183807373,9.6459627010902,9.46581109075532,9.626381264135171,7326200
2008-01-16,9.289575576782227,9.465811505026211,9.230830516362222,9.395317133728618,13374600
2008-01-17,9.207329750061035,9.410979926079792,9.12900252944344,9.328736269732945,11247000
2008-01-18,9.046761512756348,9.313073222190848,9.046761512756348,9.211248112878605,9112200
2008-01-22,8.87835693359375,8.960599845874365,7.738700240383378,8.028509771775262,17957600
2008-01-23,8.956683158874512,8.956683158874512,8.345732677228394,8.615960746149419,16725200
2008-01-24,9.085925102233887,9.085925102233887,8.878358447723851,9.015430738551842,8270400
2008-01-25,8.944934844970703,9.305238727844584,8.913604105024444,9.305238727844584,7827200
2008-01-28,8.984102249145508,9.003683689759002,8.839197048859772,8.909691430242882,5782200
2008-01-29,9.062430381774902,9.11725976988464,8.937107346639863,9.11725976988464,8515200
2008-01-30,8.99193000793457,9.203413049322243,8.988014319301804,8.988014319301804,10001400
2008-01-31,9.105506896972656,9.222997009752929,8.850944487959453,8.850944487959453,12088600
2008-02-01,9.262158393859863,9.266074829604998,9.097671827482934,9.234744090627665,6269800
2008-02-04,9.070258140563965,9.277824767257535,9.070258140563965,9.277824767257535,3920000
2008-02-05,8.843111991882324,9.003682168125481,8.81569768086285,8.976267857106007,8288800
2008-02-06,8.745198249816895,8.925350506079058,8.698201781710042,8.854856177410538,12319000
2008-02-07,8.800034523010254,8.819616713060846,8.561137780266389,8.615966418439706,9516800
2008-02-08,8.733453750610352,8.823530301787327,8.68645800363308,8.745203060846634,9563600
2008-02-11,8.886190414428711,8.90968828426471,8.76478313514445,8.780448879690992,6383200
2008-02-12,8.905776977539062,8.999769258003086,8.835282580444984,8.999769258003086,9568200
2008-02-13,9.109423637390137,9.144670821796216,8.854861219889298,8.99584921052967,11514400
2008-02-14,8.929266929626465,9.17208066538785,8.929266929626465,9.17208066538785,7289600
2008-02-15,8.897937774658203,8.937101383753767,8.835276298898785,8.835276298898785,4624800
2008-02-19,8.815696716308594,9.003681183003227,8.709955173673912,8.913605386085031,4624400
2008-02-20,8.831365585327148,8.854864214199994,8.662963226976936,8.764787630822479,11570200
2008-02-21,8.815696716308594,8.937103257675894,8.709955173673912,8.917521822514153,6893600
2008-02-22,8.80786418914795,8.811780625730787,8.627712588240836,8.811780625730787,6007200
2008-02-25,8.85877513885498,8.886189441827096,8.737367872858858,8.776531482954905,4957200
2008-02-26,8.960599899291992,8.99193063944049,8.764782586617935,8.823528378007166,6198800
2008-02-27,8.96843433380127,9.027179388442907,8.83136204164819,8.937103588193471,5043000
2008-02-28,8.854864120483398,9.019350785931469,8.854864120483398,8.960604961355294,5410000
2008-02-29,8.67470932006836,8.86661025255389,8.67470932006836,8.807865191096521,8987000
2008-03-03,8.670792579650879,8.713872638471447,8.592466082776342,8.68645832721616,5840000
2008-03-04,8.682541847229004,8.702123284604456,8.510222359785999,8.576800292640073,8617800
2008-03-05,8.745198249816895,8.819609013076278,8.666871051966647,8.753031118998623,10598800
2008-03-06,8.623797416687012,8.784367605217957,8.58855022925495,8.784367605217957,6034600
2008-03-07,8.623797416687012,8.713873230353833,8.494557978430787,8.510222980076144,9228800
2008-03-10,8.529805183410645,8.64729531043655,8.502390123252857,8.600298811435781,18617800
2008-03-11,8.831365585327148,8.831365585327148,8.561138076147195,8.670795356283687,10623800
2008-03-12,8.741286277770996,8.87835857049443,8.717788405213348,8.850944261346525,8805400
2008-03-13,8.706039428710938,8.819613853224368,8.553302130763566,8.608130751158226,7827200
2008-03-14,8.596379280090332,8.815694434466849,8.502386324088148,8.76478152105036,16473800
2008-03-17,8.557221412658691,8.659046560807003,8.26741172038312,8.294826039695323,11432000
2008-03-18,8.941019058227539,8.941019058227539,8.627711636018633,8.760867477203373,12224200
2008-03-19,8.67470932006836,8.925356060995243,8.655127881910564,8.90969031288182,14822600
2008-03-20,8.771076202392578,8.829837919669236,8.630050023612911,8.630050023612911,13974200
2008-03-24,9.08055305480957,9.127561538552204,8.880765130937435,8.919939365513882,8102000
2008-03-25,9.088388442993164,9.115810184223006,8.998287475426869,9.111892685877828,6624800
2008-03-26,8.912104606628418,9.072718300203734,8.892517862411486,9.072718300203734,12907800
2008-03-27,8.841592788696289,8.963032269406801,8.790666795877861,8.90427127855891,14213400
2008-03-28,8.786749839782715,8.931693576350924,8.751493093658214,8.90035432948321,8918600
2008-03-31,8.774993896484375,8.88859908876403,8.759324652796385,8.822003121920924,11624400
2008-04-01,9.029627799987793,9.162819770982376,8.912105824256807,8.9787018097541,15338200
2008-04-02,9.139317512512207,9.221583511160885,9.04529976204705,9.154987511183064,7379000
2008-04-03,9.135393142700195,9.166732369287024,9.01787122979612,9.084467179691389,13018400
2008-04-04,9.104055404663086,9.186321354895634,9.03745944387911,9.151064625822574,8162600
2008-04-07,9.11189079284668,9.213743487101805,9.092303305190164,9.13931252837955,3970600
2008-04-08,9.057047843933105,9.080552083289724,9.002203622519263,9.045295350661647,4401000
2008-04-09,9.017875671386719,9.064884160827086,8.91994044666841,9.064884160827086,3832200
2008-04-10,9.092304229736328,9.151065951494779,8.998286520983669,8.998286520983669,4426400
2008-04-11,8.849430084228516,9.017878849662193,8.833760084101321,9.006126349566797,14447600
2008-04-14,8.81417179107666,8.908189533852418,8.802419293034715,8.849428538015895,4385800
2008-04-15,8.81417179107666,8.86118103605784,8.739740797850876,8.841593539321265,9011200
2008-04-16,9.174569129943848,9.174569129943848,8.923855268956506,8.943442009151301,9298200
2008-04-17,9.170656204223633,9.174573703652792,9.010042463561167,9.084473458341968,5849400
2008-04-18,9.331267356872559,9.382194088140562,9.25683638273508,9.327349858529912,5527400
2008-04-21,9.39002513885498,9.405695126887467,9.284255708380314,9.30775994324289,10590200
2008-04-22,9.343017578125,9.378274307442116,9.245082384952173,9.374356810052856,10162000
2008-04-23,9.40178108215332,9.464459562926095,9.339102601380546,9.350855096720352,7439800
2008-04-24,9.515386581420898,9.625073552475419,9.382194618980595,9.48404659290652,6630000
2008-04-25,9.40178108215332,9.554559785638654,9.33126760448734,9.523220545252267,11315600
2008-04-28,9.40178108215332,9.578064776318266,9.390028586813514,9.578064776318266,20443800
2008-04-29,9.491877555847168,9.52321678385546,9.405694865620895,9.425281602931278,5817800
2008-04-30,9.323433876037598,9.589817829156363,9.323433876037598,9.519304341897099,6563600
2008-05-01,9.715173721313477,9.734761214020885,9.456624795067258,9.468377290691704,15184600
2008-05-02,9.711255073547363,9.797437783070885,9.628989114614013,9.797437783070885,12979000
2008-05-05,9.66816520690918,9.750430434497346,9.62899096878729,9.730843689029625,3073000
2008-05-06,9.785686492919922,9.801356485952487,9.581981066614913,9.636825295042504,6996800
2008-05-07,9.613319396972656,9.809189793026512,9.570227670741204,9.738676330897322,9409600
2008-05-08,9.628990173339844,9.699503646696863,9.585898440246915,9.652494415396722,14934200
2008-05-09,9.597648620605469,9.648574590646753,9.515383419649657,9.589813626080286,5849800
2008-05-12,9.754347801208496,9.754347801208496,9.605486594980752,9.636825835617458,3302200
2008-05-13,9.754347801208496,9.76218279816428,9.668165076254164,9.707339313846655,10994000
2008-05-14,9.773932456970215,9.914958625313023,9.770014959629274,9.801354191170589,8452000
2008-05-15,9.961968421936035,9.981555162586474,9.77001552425394,9.7817672697697,5586000
2008-05-16,9.938465118408203,9.989391097200574,9.852281658193888,9.989391097200574,7263400
2008-05-19,9.989391326904297,10.06382229502282,9.895373615842853,9.98155633085259,8424400
2008-05-20,9.832695007324219,9.891455982535676,9.730842301604063,9.891455982535676,6230400
2008-05-21,9.574146270751953,9.832695163539086,9.570228772717439,9.773934187394072,8440600
2008-05-22,9.609404563903809,9.703422290416727,9.597652067894767,9.605487065234128,5496800
2008-05-23,9.58981704711914,9.636826283853951,9.523221064270265,9.597652044439354,6048600
2008-05-27,9.74651050567627,9.762180495892295,9.574145096417546,9.574145096417546,5138400
2008-05-28,9.801356315612793,9.813108062996589,9.699503604230408,9.801356315612793,10008200
2008-05-29,9.871869087219238,9.926712563610417,9.762181387250552,9.805273117092952,5021800
2008-05-30,9.930632591247559,9.969806833157486,9.891458349337631,9.918880094518626,5478800
2008-06-02,9.789603233337402,9.90712593042471,9.707338017843988,9.903208432469834,7097600
2008-06-03,9.734763145446777,9.887541882944399,9.660332152764036,9.805276638810785,10135000
2008-06-04,9.754347801208496,9.840531273349262,9.68775182145719,9.699504316890868,9887600
2008-06-05,9.954133987426758,9.993308218120223,9.793520314051223,9.813107055804803,7901400
2008-06-06,9.683830261230469,9.90712309769464,9.683830261230469,9.90712309769464,12721000
2008-06-09,9.664243698120117,9.754343885382129,9.562391020142398,9.754343885382129,8162600
2008-06-10,9.62115478515625,9.699503251737374,9.519302077475329,9.531054571618403,8567800
2008-06-11,9.374358177185059,9.585897836751926,9.374358177185059,9.574146090056527,11444600
2008-06-12,9.480130195617676,9.538891181903995,9.354772478437324,9.440955955697971,10051000
2008-06-13,9.581978797912598,9.636823013354853,9.460539369408703,9.503631092859145,6462800
2008-06-16,9.605485916137695,9.668164392981467,9.511468200872038,9.558476684911676,4927200
2008-06-17,9.566313743591309,9.664248978170585,9.542809496504514,9.660331479125029,8100000
2008-06-18,9.464457511901855,9.51538423348502,9.409614039907307,9.503631740692075,8858000
2008-06-19,9.499715805053711,9.59373352129703,9.335184614831306,9.409615587052162,12652600
2008-06-20,9.330391883850098,9.483606500266195,9.259677214944723,9.483606500266195,12916200
2008-06-23,9.243966102600098,9.353966066435998,9.208608757276114,9.330394752659528,8358400
2008-06-24,9.232178688049316,9.330393354943459,9.114321387503724,9.208607377803887,10971200
2008-06-25,9.310751914978027,9.456109220998579,9.255751184929393,9.255751184929393,10264200
2008-06-26,9.133965492248535,9.24396620664105,8.961107440865602,9.224322820507442,10697400
2008-06-27,9.012181282043457,9.059323919472412,8.89432318983365,9.031823922752404,18810000
2008-06-30,9.00039005279541,9.059318690225998,8.933604063889202,8.957175368997783,9530800
2008-07-01,8.937533378601074,8.996462020244667,8.807890067257837,8.894318691713885,18498400
2008-07-02,8.81967830657959,9.027892942544986,8.800034921561188,8.992535598830386,13003000
2008-07-03,8.780391693115234,8.88646371709833,8.733248321572146,8.858962979929089,8578400
2008-07-07,8.8786039352417,8.992532532222734,8.73324593294919,8.8786039352417,13705600
2008-07-08,8.968960762023926,8.97681811294396,8.81574616567441,8.858960097098139,13348200
2008-07-09,8.701817512512207,8.961104118804581,8.68217488297908,8.961104118804581,11885800
2008-07-10,8.811821937561035,8.823607220570917,8.642892554112407,8.737178564784491,13040600
2008-07-11,8.729314804077148,8.855030142038343,8.611457564553719,8.725386129517293,26645200
2008-07-14,8.6625337600708,8.858963103830398,8.615391137186847,8.807891804153034,23662400
2008-07-15,8.642890930175781,8.788248970974315,8.477890255172415,8.56039096733333,22237800
2008-07-16,8.76860523223877,8.831462558330067,8.591819283601408,8.686105272738354,13718800
2008-07-17,8.858963966369629,8.965036002163783,8.776463993630987,8.878607352249224,26019400
2008-07-18,8.957175254821777,8.957175254821777,8.713603356728585,8.91003264520554,19338400
2008-07-21,8.780391693115234,8.855035052509095,8.713605687198301,8.851106375770632,9950200
2008-07-22,8.733248710632324,8.733248710632324,8.54467671469616,8.603605369761398,15545600
2008-07-23,8.890392303466797,8.949321709593073,8.756821031051208,8.800034979740344,16389400
2008-07-24,8.6625337600708,8.929677787474809,8.6625337600708,8.9257491106814,12680000
2008-07-25,8.784320831298828,8.811820820594189,8.697891437149394,8.784320831298828,20218800
2008-07-28,8.599675178527832,8.78824789057666,8.591818575402842,8.78824789057666,10263200
2008-07-29,8.772529602050781,8.792172225816667,8.642886336968969,8.64681501158576,8644400
2008-07-30,8.831459045410156,8.847173745341307,8.705744443233492,8.807887744831566,15122400
2008-07-31,8.780391693115234,8.894320321256787,8.721463040675227,8.760748309422919,11852000
2008-08-01,8.68217658996582,8.831462551995973,8.627175867686557,8.831462551995973,17579200
2008-08-04,8.725388526916504,8.748960580752323,8.642888586445922,8.713603249316856,9051200
2008-08-05,8.890392303466797,8.9218209703855,8.709677656013891,8.7489636769919,9737800
2008-08-06,9.016106605529785,9.016106605529785,8.839319907649424,8.870748570681661,12255600
2008-08-07,9.00039005279541,9.063247365963809,8.886461453672045,8.949318766840442,17818000
2008-08-08,9.173246383666992,9.196817684522932,8.965031103038124,8.976817128125164,11782000
2008-08-11,9.232178688049316,9.346108061319374,9.141821374343133,9.19682134802195,11214400
2008-08-12,9.251819610595703,9.302891647553317,9.204676998823773,9.255748286463081,9625400
2008-08-13,9.21646499633789,9.28325100715129,9.133965026737028,9.24396573552337,9585800
2008-08-14,9.287176132202148,9.330390813647194,9.145747559931689,9.200747518630298,12528000
2008-08-15,9.322538375854492,9.361824402480506,9.24003839432663,9.302895737200801,9372600
2008-08-18,9.20467758178711,9.334320896348125,9.130034234216115,9.334320896348125,9678600
2008-08-19,9.043604850769043,9.161462127118174,9.023961471831996,9.137890821712006,10864800
2008-08-20,9.063250541687012,9.161465221591412,9.027893196975944,9.094679209283678,11079400
2008-08-21,9.027894973754883,9.082895714862644,8.965037626190604,9.023966295867279,8122400
2008-08-22,9.153606414794922,9.224321092995483,9.102535119049195,9.126106428676575,5864200
2008-08-25,9.035747528076172,9.165390832201924,9.016104898394627,9.126104823520544,13372600
2008-08-26,9.00039005279541,9.047533412330848,8.945390091102633,9.03574738511742,12225400
2008-08-27,9.086820602416992,9.13789264854527,8.992534612624521,9.035749305607151,7579600
2008-08-28,9.141820907592773,9.204678231250266,9.122177525625803,9.122177525625803,10645400
2008-08-29,8.937533378601074,9.10646270081282,8.937533378601074,9.07503404198168,17844800
2008-09-02,8.886462211608887,9.165391468919074,8.86289015517154,9.14182016180007,11437600
2008-09-03,8.76860523223877,8.890391207875854,8.717533935784003,8.858962544830206,13292800
2008-09-04,8.454317092895508,8.709675028231125,8.438602389518154,8.701817676542447,17805000
2008-09-05,8.454317092895508,8.517174407768328,8.348245093053263,8.39145977802269,14406200
2008-09-08,8.5564603805542,8.678246333938276,8.37967371490127,8.678246333938276,25333600
2008-09-09,8.407173156738281,8.623245817480214,8.371815825877206,8.525031176047948,16326400
2008-09-10,8.367889404296875,8.47789010208564,8.367889404296875,8.47789010208564,14894600
2008-09-11,8.505389213562012,8.505389213562012,8.234316548290339,8.31288857423871,19512600
2008-09-12,8.544672012329102,8.544672012329102,8.31681412197305,8.399314043798716,14368200
2008-09-15,8.132174491882324,8.422889807867238,8.132174491882324,8.218603126585377,40395400
2008-09-16,8.285386085510254,8.285386085510254,7.967170900311867,8.033956877384925,54852600
2008-09-17,7.825743675231934,8.116458961693843,7.4564563656967096,8.05360164296253,44263200
2008-09-18,8.159673690795898,8.159673690795898,7.664671741281695,7.90824366527415,45571800
2008-09-19,8.219199180603027,8.76320338990205,8.219199180603027,8.76320338990205,22431200
2008-09-22,8.006329536437988,8.337462880067783,7.982677369575525,8.298042100704459,17704400
2008-09-23,8.002388954162598,8.203434291680322,7.907779516252311,8.045751895163178,33454400
2008-09-24,8.022093772888184,8.077282382758165,7.935367955220023,8.018151621913411,14168600
2008-09-25,8.160070419311523,8.286216310503898,8.029982375033285,8.069402402114287,29713800
2008-09-26,8.19948959350586,8.246794673726876,7.939313532012128,7.951139990039567,33362600
2008-09-29,7.489919185638428,8.057576429184097,7.474150573814673,8.010271345601627,41041600
2008-09-30,7.824990272521973,7.856526726565911,7.56087218794585,7.56087218794585,20694600
2008-10-01,7.754037857055664,7.793458636955445,7.600297642524239,7.757980010234526,26947400
2008-10-02,7.450496673583984,7.639715460088474,7.359829432369995,7.592411139406662,21715800
2008-10-03,7.344063758850098,7.698850065176753,7.312527281830942,7.513572604786406,26107600
2008-10-06,6.9380292892456055,7.202147474039418,6.725157579760149,7.154842399079763,40746800
2008-10-07,6.583242416381836,7.123304372474472,6.583242416381836,7.115420069727071,29725000
2008-10-08,6.524111747741699,6.839477131732722,6.421618806224853,6.425560206223616,47608200
2008-10-09,6.30729866027832,6.752751297329496,6.031354419080003,6.654199755762647,46289400
2008-10-10,6.267878532409668,6.535938873107794,5.8894405591658625,6.0155868008766875,63059800
2008-10-13,7.001103401184082,7.001103401184082,6.4846934012763295,6.614781439478704,32866200
2008-10-14,6.764581680297852,7.273108290923652,6.673914389871075,7.249455365855687,48832800
2008-10-15,6.256053447723389,6.7212165897842455,6.244227364910623,6.709390882915875,35791800
2008-10-16,6.583242416381836,6.583242416381836,5.972222487451076,6.271819224855904,39838600
2008-10-17,6.52017068862915,6.815825328640756,6.358545460351932,6.472865615396295,31264800
2008-10-20,6.7803473472595215,6.7803473472595215,6.457097612293168,6.622664256294978,37735000
2008-10-21,6.425560474395752,6.717273711125955,6.386140457654189,6.6739107904438875,20008200
2008-10-22,6.090485095977783,6.362487180925077,5.932802782377075,6.362487180925077,22789600
2008-10-23,6.228458404541016,6.259994872335605,5.834252181164297,6.122022543776014,37059600
2008-10-24,5.936746597290039,6.122023273687168,5.633207588646599,5.652917977354317,28272200
2008-10-27,5.814539909362793,6.1259627098095395,5.755409145407981,5.873670673317604,17504600
2008-10-28,6.622662544250488,6.622662544250488,5.897323596066825,6.003759053441979,24178000
2008-10-29,6.366429805755615,6.650258743213012,6.354604101287315,6.524112131071593,33117600
2008-10-30,6.602952003479004,6.666024917689518,6.417675411971673,6.563531244125321,38308400
2008-10-31,6.56353235244751,6.709388961119043,6.445270806305188,6.457096509786276,46909600
2008-11-03,6.56353235244751,6.63843173267822,6.512285882956124,6.579300959607059,13548200
2008-11-04,6.839477062225342,6.878897828809673,6.638431829344977,6.685736147735307,24448000
2008-11-05,6.425560474395752,6.756693727867518,6.413734770128733,6.705447254970312,18078800
2008-11-06,6.070775985717773,6.394024984350532,6.023471281718665,6.350662808948477,23825000
2008-11-07,6.244225978851318,6.279704595358659,6.1259640491416185,6.153558361560968,18432400
2008-11-10,6.177210807800293,6.394023903837995,6.102311423833849,6.394023903837995,12580400
2008-11-11,6.043181419372559,6.161443362456695,5.964340249297918,6.141732975951947,30540800
2008-11-12,5.759352207183838,5.9682817551763785,5.74358397487726,5.940687066681634,14837000
2008-11-13,6.118078231811523,6.133846459174164,5.467638007228175,5.743582174046477,29438000
2008-11-14,5.838194370269775,6.1377908161988755,5.794831444821772,5.980108476236191,22160000
2008-11-17,5.6726274490356445,5.865788400067578,5.648974911221128,5.739642534241717,19138800
2008-11-18,5.751468658447266,5.783005125140992,5.518886934622783,5.696279653761076,16192000
2008-11-19,5.4321608543396,5.814540940069596,5.420334774641149,5.743583709990301,16502200
2008-11-20,5.199580669403076,5.613497338720808,5.156218113929563,5.349379100963036,38023400
2008-11-21,5.475525856018066,5.475525856018066,5.101029555648105,5.262654460748705,40298400
2008-11-24,5.743582725524902,5.877612858948539,5.538595750128458,5.585900436758406,23877000
2008-11-25,5.8224263191223145,5.936746113171473,5.633207129280457,5.869731022596687,25723400
2008-11-26,6.003761291503906,6.023471680126656,5.660801882867872,5.672628341608158,17516400
2008-11-28,6.011645793914795,6.043182266364697,5.901268140340138,5.901268140340138,3718000
2008-12-01,5.57801628112793,5.905207320886289,5.574074505763217,5.901265545521576,12596000
2008-12-02,5.775120735168457,5.798773272811456,5.578017633272683,5.680511336485125,16009200
2008-12-03,5.940686225891113,5.952512680405472,5.637147702963493,5.65291593303838,19319800
2008-12-04,5.700221538543701,5.936745403589725,5.617438223372025,5.818483471066713,20125000
2008-12-05,5.924919128417969,5.940687361507094,5.526771148931455,5.641090932813701,20803400
2008-12-08,6.200864315032959,6.283647645013653,6.019529795588414,6.066834501871042,18814000
2008-12-09,6.16144323348999,6.338835956430967,6.090485993935861,6.10625422762074,16336600
2008-12-10,6.110195636749268,6.259994026505469,6.074717021288023,6.189036795582979,13966400
2008-12-11,5.980107307434082,6.1811525335508115,5.940686542175958,6.062890613720719,35361800
2008-12-12,6.051064491271973,6.129905645280437,5.798772422500611,5.806656349929319,15700200
2008-12-15,5.98405122756958,6.106254959283994,5.893383591059294,6.106254959283994,11140400
2008-12-16,6.295474052429199,6.295474052429199,6.015587593904449,6.295474052429199,19651200
2008-12-17,6.173269271850586,6.263936896866573,6.086543799214499,6.189037505425843,16309200
2008-12-18,5.999818801879883,6.204805841752819,5.972224110707957,6.192979760361622,17684200
2008-12-19,6.0517377853393555,6.186484736051087,6.0517377853393555,6.111184958360534,34642200
2008-12-22,5.968507289886475,6.083438686842614,5.865465243524241,6.059659607699159,15816000
2008-12-23,5.88528299331665,6.051735467573073,5.88131974917822,6.020029892421396,11170600
2008-12-24,5.924914360046387,5.952656691336886,5.91302500546804,5.940766958802772,3326600
2008-12-26,5.91698694229126,5.972470836701589,5.91698694229126,5.9486921327987865,4247400
2008-12-29,5.920953273773193,5.972474332997353,5.833764137814683,5.972474332997353,6016400
2008-12-30,6.03192138671875,6.051737235243206,5.93680538939253,5.93680538939253,8545800
2008-12-31,6.107218265533447,6.178555135258059,6.027955286925931,6.055697234949638,8277400
2009-01-02,6.337080955505371,6.368786146263111,6.095328781488681,6.1428865676252915,8959600
2009-01-05,6.317266464233398,6.35689852806742,6.230077360030468,6.297450999250039,12531400
2009-01-06,6.463903903961182,6.519388573479943,6.356899321420516,6.3886045228976815,16853800
2009-01-07,6.257820129394531,6.364825090490087,6.2102623269125266,6.364825090490087,12422000
2009-01-08,6.301414489746094,6.31330422346093,6.178556931672551,6.2142253769054525,11421600
2009-01-09,6.162702560424805,6.317265274744421,6.138923477784104,6.301412678969186,7885600
2009-01-12,6.0517377853393555,6.182521868350674,6.004179593375323,6.182521868350674,10259200
2009-01-13,6.023993968963623,6.107220217592152,5.976436166598152,6.071551771329094,17308400
2009-01-14,5.8416876792907715,5.988324301161324,5.809982484181233,5.956619106051785,17025800
2009-01-15,5.881322383880615,5.932843446893211,5.695053983443682,5.83772743473984,15304600
2009-01-16,5.920953273773193,6.00814278768761,5.7980956831244255,5.992290183153707,14892800
2009-01-20,5.679198741912842,5.93680355946027,5.667309387645236,5.909061606850603,33716200
2009-01-21,5.952655792236328,5.95661865786004,5.726755821633501,5.817908534181658,11724800
2009-01-22,5.817911624908447,5.916990499294731,5.722795618251123,5.825837738322276,14986000
2009-01-23,5.901133060455322,6.008137960599783,5.702975474008334,5.710901580929301,14874600
2009-01-26,5.972471714019775,6.083440275052378,5.920950677388011,5.93680327497042,14685600
2009-01-27,6.008138656616211,6.075512274049572,5.948691524977666,5.992286062982223,12281000
2009-01-28,6.178555488586426,6.253855228080751,6.067587312190051,6.099292505446158,14272800
2009-01-29,5.996251106262207,6.123071893412227,5.96850915356208,6.123071893412227,10149800
2009-01-30,5.817911624908447,6.027958732779713,5.817911624908447,6.027958732779713,10148800
2009-02-02,5.909063339233398,5.988326354181545,5.770353157563109,5.786205760552738,9860600
2009-02-03,6.027958393096924,6.055700355415898,5.861505863271298,5.936805637261038,12651800
2009-02-04,6.023993968963623,6.198372955592834,6.01210461286121,6.04380981443819,11547800
2009-02-05,6.119108200073242,6.194408320382015,5.940766386748055,5.956618983977944,17939000
2009-02-06,6.329155921936035,6.384640204165113,6.1468508551327785,6.166666697211431,15331400
2009-02-09,6.3450093269348145,6.396529993753406,6.297451526671331,6.3450093269348145,9208800
2009-02-10,6.087404251098633,6.372751437574513,6.051736183500481,6.321230391547214,17649000
2009-02-11,6.099294185638428,6.154778100143091,6.023994047445214,6.083441584643407,11357000
2009-02-12,6.127034664154053,6.14288726132311,5.944729607732041,6.043808434527575,11572200
2009-02-13,6.099294185638428,6.222151748860884,6.099294185638428,6.119109653415339,7834200
2009-02-17,5.8456501960754395,5.960581608541068,5.8456501960754395,5.944729012958073,12472000
2009-02-18,5.849612712860107,5.944728274543448,5.802054932018437,5.928875680929558,13326400
2009-02-19,5.706940174102783,5.909061067999336,5.702977308345463,5.909061067999336,13666400
2009-02-20,5.762425422668457,5.8020571105618215,5.631641381758454,5.647493981324643,24569200
2009-02-23,5.496894836425781,5.794131401770796,5.4810422347256145,5.786205289898632,28396800
2009-02-24,5.643531322479248,5.722794328533991,5.508784023208272,5.544452470421863,16381400
2009-02-25,5.695052146911621,5.79809423970795,5.552378741624573,5.667310190372537,36860200
2009-02-26,5.635603427886963,5.821871338696119,5.62767694081132,5.722792517984808,14137000
2009-02-27,5.595971584320068,5.710902997856634,5.560303149437049,5.568229636280251,13934400
2009-03-02,5.4612250328063965,5.619751388422629,5.417630483438698,5.524635423870592,14689400
2009-03-03,5.409705638885498,5.528600347225414,5.381963678856666,5.496895142062217,14889600
2009-03-04,5.552379131317139,5.655421231345455,5.485005479602918,5.5167106830030415,12826000
2009-03-05,5.381962776184082,5.564267864273849,5.370073420730952,5.4850048646599925,13908600
2009-03-06,5.409705638885498,5.492931896927853,5.21947440790632,5.473116427167749,46663200
2009-03-09,5.2392897605896,5.417631617270968,5.183805467818493,5.298736920164781,18855000
2009-03-10,5.540488243103027,5.5642673296804785,5.274957314396746,5.290809912796461,49537600
2009-03-11,5.663345813751221,5.722792959582952,5.564266985394513,5.623714131226243,28460000
2009-03-12,5.82583475112915,5.845650591437029,5.623713860309074,5.695050734235152,16177800
2009-03-13,5.82583475112915,5.865466431744909,5.746571767853351,5.84168734778431,13471400
2009-03-16,5.774314880371094,5.905098923603031,5.754499414028396,5.873393723907761,9802400
2009-03-17,5.984361171722412,5.988324037469798,5.758461194069616,5.79016638778304,11355200
2009-03-18,6.067589282989502,6.1666681385853375,5.924915489039763,5.948694580683332,21289600
2009-03-19,6.083441734313965,6.198373188844473,6.039846797038228,6.178557342624213,12457200
2009-03-20,5.990633964538574,6.161908860780702,5.954785695105451,6.11012806936189,10532000
2009-03-23,6.3451337814331055,6.3451337814331055,6.07826372266266,6.138010591997577,10848600
2009-03-24,6.241569995880127,6.349114398906397,6.2375867713595845,6.289367550543047,11955200
2009-03-25,6.277419567108154,6.373014696387257,6.110127900939086,6.30530138484924,18962800
2009-03-26,6.440725803375244,6.4566579396071875,6.301316002664847,6.365046067037207,16755400
2009-03-27,6.301316261291504,6.3889456731918175,6.289366968696535,6.384962449039773,12588600
2009-03-30,6.106145858764648,6.20174100656706,6.046398986353479,6.20174100656706,12785400
2009-03-31,6.221655368804932,6.341149466820494,6.1818242560405885,6.201739622492127,10078200
2009-04-01,6.39691162109375,6.404878069720785,6.134024894180469,6.14995741157336,12126400
2009-04-02,6.564207077026367,6.703616970522866,6.4765783701225,6.512426650156537,14645800
2009-04-03,6.655817985534668,6.683700567718126,6.548273921717778,6.584122196230969,30178400
2009-04-06,6.588104248046875,6.623951756448214,6.476576218358946,6.592086713640598,30654000
2009-04-07,6.404880046844482,6.532340225333313,6.400896821301383,6.508441631797305,12568400
2009-04-08,6.500474452972412,6.580137435470826,6.456659736626033,6.508440903166754,10671000
2009-04-09,6.663784027099609,6.7434470232711865,6.619970062955614,6.655817575537925,30211600
2009-04-13,6.663784027099609,6.727514120147817,6.608020385613087,6.683700156003821,11552800
2009-04-14,6.592087268829346,6.659800585463696,6.556238997686301,6.651834893882828,10869200
2009-04-15,6.572171211242676,6.58810411217917,6.480559310025428,6.540306169092219,11345800
2009-04-16,6.767346382141113,6.799211432262188,6.608021131535738,6.6598015530864645,29548600
2009-04-17,6.755396842956543,6.791245120048401,6.687684274808296,6.771329748207474,17962800
2009-04-20,6.5403056144714355,6.651833632401677,6.5243727148860575,6.647850407505332,10750600
2009-04-21,6.651834011077881,6.663782926724675,6.496491270166953,6.516407395782462,4293800
2009-04-22,6.683701038360596,6.815144467590514,6.612004484285597,6.627936629789632,18245600
2009-04-23,6.7155656814575195,6.739464278124299,6.576155808076375,6.7314978259944755,13641800
2009-04-24,6.811159610748291,6.870906471600304,6.715564481440558,6.77132811693943,10391000
2009-04-27,6.779294013977051,6.878872360505307,6.747428973476909,6.759377888837904,8749200
2009-04-28,6.77531099319458,6.827091400672325,6.69166478453359,6.743445951733849,14151400
2009-04-29,6.850991249084473,6.9505696058460344,6.795226852686651,6.8270918964614475,11049400
2009-04-30,6.870906352996826,7.038198016328259,6.847007761013062,6.962518255370041,25428400
2009-05-01,6.962516784667969,6.962516784667969,6.815141278888789,6.894803488581692,7022400
2009-05-04,7.089979648590088,7.101929326504541,6.97048590833625,7.01031740832842,9104200
2009-05-05,7.046164512634277,7.070063104773169,6.990400118013468,7.050147737944517,9088200
2009-05-06,7.08599853515625,7.125829283029988,6.978453692562397,7.125829283029988,14494800
2009-05-07,6.815140724182129,7.121841384106121,6.783275690954091,7.101926023234467,36639400
2009-05-08,6.807175636291504,6.918703654738571,6.747428782014404,6.902770755079359,13724600
2009-05-11,6.827090263366699,6.898786784640252,6.7314951549094255,6.74344482836248,11392000
2009-05-12,6.791243553161621,6.886839443165695,6.755395284340733,6.874889766984546,11605600
2009-05-13,6.619969367980957,6.767344907787235,6.619969367980957,6.751412766059082,26418800
2009-05-14,6.691664218902588,6.771327195681945,6.6478502654241485,6.667765629757762,13505000
2009-05-15,6.691664218902588,6.795225784826771,6.691664218902588,6.751411831348331,14036600
2009-05-18,6.874888896942139,6.874888896942139,6.731495839805506,6.7713273289792895,8677400
2009-05-19,6.914722919464111,6.970486568904065,6.8310766855814355,6.843026364628316,14238000
2009-05-20,6.84302282333374,6.994381547651698,6.8350563747584925,6.962516513073057,17401600
2009-05-21,6.723530292510986,6.815142957824395,6.65980020516757,6.791243605278687,12901600
2009-05-22,6.747429370880127,6.787260863781882,6.651834243749436,6.751412596142556,10869400
2009-05-26,6.92268180847168,6.938614698207857,6.651829520454639,6.675728095336908,11486800
2009-05-27,6.8549723625183105,7.010315085033228,6.850989897589331,6.926668886798669,15429800
2009-05-28,6.954552173614502,6.986417977579481,6.815143079880627,6.938620031354594,12355800
2009-05-29,7.030231475830078,7.0421811515303725,6.906754532483824,6.9744678420070985,10793600
2009-06-01,7.229386806488037,7.249302928873624,7.101926662109823,7.12582524925014,15874200
2009-06-02,7.213457107543945,7.289136119032996,7.157692705729865,7.181592060674175,13743800
2009-06-03,7.133792400360107,7.18955602908361,7.082011996505778,7.18955602908361,11487800
2009-06-04,7.233371734619141,7.253287101972947,7.173624872835155,7.185574549080978,18743600
2009-06-05,7.305068492889404,7.332950311914368,7.229388727162651,7.301085267354039,19307800
2009-06-08,7.261252403259277,7.30108389138365,7.137775473823925,7.233370589488951,13437600
2009-06-09,7.293118000030518,7.3488823915618315,7.245320818400825,7.309050900388751,12225400
2009-06-10,7.3130364418029785,7.360833638571913,7.209474835839962,7.336935040187446,10700000
2009-06-11,7.340916156768799,7.420578381729784,7.2931182140141875,7.3170175652527565,12335600
2009-06-12,7.3209991455078125,7.344898493856559,7.245320154904087,7.3209991455078125,11411200
2009-06-15,7.245322227478027,7.301085870131803,7.173625681367371,7.265237597076475,13549400
2009-06-16,7.153710842132568,7.281171813605716,7.137778695525168,7.265238907275526,13599400
2009-06-17,7.193541526794434,7.24930593285949,7.1218449759412925,7.173626155878651,15441800
2009-06-18,7.161678314208984,7.221425202001968,7.145746165334875,7.193543371680102,13541800
2009-06-19,7.2501020431518555,7.270107537300831,7.186082782921633,7.226094534380266,22896600
2009-06-22,7.070047855377197,7.202086069457498,7.046041115497279,7.182080580084316,15364400
2009-06-23,7.074049472808838,7.098056213933965,7.01403223841575,7.082051974237394,11561400
2009-06-24,7.174078941345215,7.230094928851257,7.118062953839174,7.138068445616876,13363400
2009-06-25,7.278109550476074,7.302116294471552,7.102058313801098,7.13806881137463,17386600
2009-06-26,7.2661051750183105,7.302115669509835,7.234095931377019,7.254101422467614,17909400
2009-06-29,7.342126369476318,7.3661331079990555,7.27010539074765,7.282109141589247,10663000
2009-06-30,7.286111354827881,7.374137355532507,7.234096615179306,7.358132350618706,15497600
2009-07-01,7.31812047958374,7.390140703503622,7.302115476605625,7.33412471940131,22071400
2009-07-02,7.134068012237549,7.250102014696098,7.134068012237549,7.24610076324987,18547800
2009-07-06,7.114060401916504,7.154071378155176,7.054042411237589,7.10205665114863,11724600
2009-07-07,6.938007831573486,7.14206697522686,6.938007831573486,7.126061977374689,8982600
2009-07-08,6.942010402679443,6.982022141767137,6.861986924504056,6.966017140867881,17221800
2009-07-09,6.986023902893066,7.022034398323285,6.950014170623434,6.978022164144584,28062400
2009-07-10,7.014033317565918,7.0300375597248355,6.934009817289355,6.962017813437955,20055400
2009-07-13,7.146072864532471,7.146072864532471,6.926008580142344,7.006032095040717,16473800
2009-07-14,7.154073238372803,7.158074489669175,7.082053004520064,7.134067745051595,13903600
2009-07-15,7.422148704528809,7.426149954603904,7.262102517327081,7.278107517627464,16611200
2009-07-16,7.530182361602783,7.538184864085151,7.3781386302410095,7.40214537452747,17033000
2009-07-17,7.60220193862915,7.60220193862915,7.498171715258123,7.530180956052247,36892200
2009-07-20,7.670221328735352,7.678223829367216,7.602201599685431,7.6422133396842895,41402200
2009-07-21,7.714237689971924,7.714237689971924,7.6142086778449265,7.698232681714421,31625400
2009-07-22,7.758247375488281,7.7822548799500515,7.694228889911319,7.7102338928858325,14524600
2009-07-23,7.910294532775879,7.950306290616019,7.738244508275844,7.754248753515417,26817200
2009-07-24,7.862276554107666,7.874280304733578,7.746243350698958,7.802259327298993,21417000
2009-07-27,7.862276554107666,7.874280304733578,7.774251338998975,7.874280304733578,11474600
2009-07-28,7.8782806396484375,7.890283625719406,7.7582454368162646,7.806259670581205,11774400
2009-07-29,7.8702802658081055,7.8702802658081055,7.782255037151807,7.8382710223730365,11856800
2009-07-30,7.910294532775879,8.026327791035397,7.894289524375502,7.950306290616019,22961200
2009-07-31,7.882286548614502,7.95830804920149,7.870282792287753,7.914295802325024,13465600
2009-08-03,7.99031400680542,7.990314006805419,7.914292537578259,7.9823122690492125,15641400
2009-08-04,7.966306686401367,7.978310436901235,7.926294947895577,7.942299948562067,11643000
2009-08-05,7.894289493560791,8.002321010359234,7.862280240045787,8.002321010359234,10024200
2009-08-06,7.83827018737793,7.934297907453497,7.81026219775095,7.918293669021143,20416400
2009-08-07,7.918292999267578,7.966306473663995,7.882282511890058,7.950302236585328,23483000
2009-08-10,7.882286548614502,7.906293298107192,7.818268041193456,7.878285296505585,24926200
2009-08-11,7.7702484130859375,7.854272359865682,7.7662471637401955,7.846270624334478,9643600
2009-08-12,7.926298141479492,7.9823149032214795,7.770253137911316,7.782256893247616,10676800
2009-08-13,7.962307453155518,7.978312457876213,7.88228471903393,7.95430495079517,12151400
2009-08-14,7.886285781860352,7.966309284975234,7.830269787576345,7.954305530559797,6912000
2009-08-17,7.698229789733887,7.786255012599475,7.682225550649466,7.762248272392589,10120200
2009-08-18,7.814264297485352,7.818265548318458,7.722237054645027,7.734240807144347,7432200
2009-08-19,7.834268093109131,7.866277329686435,7.698228646865488,7.710232396767126,11440600
2009-08-20,7.922298431396484,7.93430218906874,7.81826891754717,7.842275669730789,7821000
2009-08-21,8.038329124450684,8.050332877132838,7.922295138004919,7.9703093855729605,13267200
2009-08-24,8.014322280883789,8.110350011644764,8.014322280883789,8.062335764683993,8479800
2009-08-25,8.034324645996094,8.110346856122169,8.03032339670943,8.058331378555808,9226800
2009-08-26,8.07033634185791,8.094343078033186,8.018321619618082,8.030324606125529,11368600
2009-08-27,8.086339950561523,8.090341200140207,7.950301280687889,8.050330230674016,18829400
2009-08-28,8.114351272583008,8.230384494544992,8.05833452386566,8.186371498372912,22097000
2009-08-31,8.010319709777832,8.034326447721138,7.970307971098695,8.022322697169265,19650400
2009-09-01,7.84627628326416,8.098349068564838,7.83827377880107,7.978314554261816,27297000
2009-09-02,7.862276554107666,7.898287042824958,7.814263077924905,7.834268565807648,9894400
2009-09-03,7.898288249969482,7.906290751609829,7.8062617705871755,7.906290751609829,10676800
2009-09-04,8.038329124450684,8.038329124450684,7.886284643119031,7.898288395801185,20509600
2009-09-08,8.098345756530762,8.098345756530762,8.034327273329769,8.078340266715646,6249200
2009-09-09,8.158358573913574,8.178364816062027,8.066332149511004,8.082337143229767,14115000
2009-09-10,8.270395278930664,8.270395278930664,8.138357068916521,8.162363808057144,31455000
2009-09-11,8.278398513793945,8.294402753586729,8.206377526825058,8.26639476157895,23523400
2009-09-14,8.250391960144043,8.270397454162879,8.202377706073888,8.20637895750979,9048600
2009-09-15,8.306407928466797,8.330414673847956,8.24238943200992,8.274398680238358,9138000
2009-09-16,8.370424270629883,8.398432260226274,8.286399538680232,8.342416281033493,21677200
2009-09-17,8.338418006896973,8.398435257905735,8.314411259125619,8.346420510541009,11453000
2009-09-18,8.389421463012695,8.405485826299923,8.325165541845793,8.373357865716471,13098600
2009-09-21,8.353272438049316,8.389416467934334,8.301064820432371,8.333192761886771,12015800
2009-09-22,8.39744758605957,8.421543347614781,8.34925606294915,8.417527259690505,11379800
2009-09-23,8.39744758605957,8.5299754235989,8.369335736580084,8.43359161138761,13050800
2009-09-24,8.317130088806152,8.445642646582819,8.28500214085966,8.433594378856371,11164000
2009-09-25,8.264920234680176,8.345240465909413,8.252871970198642,8.289015997652749,18445000
2009-09-28,8.401468276977539,8.465724186989572,8.31311659220871,8.31311659220871,10126000
2009-09-29,8.357290267944336,8.441626610579954,8.341226676865132,8.401466483895884,22216400
2009-09-30,8.381385803222656,8.42957733669927,8.252873259973589,8.377369714434503,29816200
2009-10-01,8.132392883300781,8.341224884388705,8.132392883300781,8.341224884388705,32404800
2009-10-02,8.132392883300781,8.176569089759141,8.068137000810735,8.068137000810735,14310000
2009-10-05,8.200666427612305,8.216730018321579,8.096250407034612,8.152474123503106,12440600
2009-10-06,8.349260330200195,8.357291744163101,8.232796018843391,8.24082819879714,16493000
2009-10-07,8.333194732666016,8.357290502957767,8.293034604852611,8.329178643285601,10382400
2009-10-08,8.385403633117676,8.425563767015815,8.337212085232585,8.401467993073268,9998600
2009-10-09,8.44162654876709,8.44162654876709,8.341226615787436,8.353274117510946,18425600
2009-10-12,8.445643424987793,8.493834968353823,8.40146720524329,8.473755286283106,7997600
2009-10-13,8.477770805358887,8.497850486078283,8.413514907867954,8.449658945955443,9602200
2009-10-14,8.578173637390137,8.598253324889516,8.529981315004258,8.598253324889516,18362400
2009-10-15,8.56210708618164,8.566123175853228,8.501867273089411,8.538011314142906,11443000
2009-10-16,8.48178482055664,8.529976348894674,8.433592526228074,8.525960260534749,14431200
2009-10-19,8.574155807495117,8.578171897378558,8.473755858381569,8.505883811458272,18320800
2009-10-20,8.546045303344727,8.634396996858163,8.50588516411464,8.63038090633606,14169200
2009-10-21,8.550056457519531,8.686599626483561,8.525959928298965,8.550056457519531,18116800
2009-10-22,8.590216636657715,8.614313168203958,8.489816719853428,8.554072605328924,20659400
2009-10-23,8.566120147705078,8.71471234906287,8.529976119428602,8.702664084307207,32998000
2009-10-26,8.509897232055664,8.670536947051568,8.48981678893706,8.586200617934605,21219000
2009-10-27,8.465723991394043,8.562107854185202,8.433596037130323,8.513916305785049,18711800
2009-10-28,8.341224670410156,8.481784696997781,8.337208582108737,8.409496639553259,26111200
2009-10-29,8.50186538696289,8.513913653304758,8.377369698726033,8.42154514333166,21452200
2009-10-30,8.276972770690918,8.493836281342656,8.268940590224696,8.493836281342656,22670000
2009-11-02,8.32516098022461,8.3854007775624,8.216728885422237,8.285000860002555,33501600
2009-11-03,8.293033599853516,8.293033599853516,8.216729442854113,8.256889565800675,30066000
2009-11-04,8.341224670410156,8.4416245799741,8.329176405505896,8.329176405505896,15870800
2009-11-05,8.521950721740723,8.54203117897323,8.43761509933755,8.457694790578937,13478400
2009-11-06,8.533997535705566,8.55407722351083,8.461709434021031,8.477773797058035,9924200
2009-11-09,8.730777740478516,8.758889598061122,8.578170185319792,8.602265953820503,14874800
2009-11-10,8.726760864257812,8.754872719304778,8.682585420322837,8.710697275369803,10734600
2009-11-11,8.778974533081055,8.803070313904465,8.722750023171681,8.778974533081055,10423200
2009-11-12,8.714709281921387,8.819124475759494,8.706677108244536,8.778965139355718,12722800
2009-11-13,8.79503345489502,8.819129222905563,8.694633527861992,8.754873330883678,10872400
2009-11-16,8.891419410705566,8.90748377053261,8.811099909542863,8.835195683292591,16005200
2009-11-17,8.931578636169434,8.931578636169434,8.847243053624739,8.855274466730835,9999800
2009-11-18,8.883386611938477,8.91952988393322,8.831178216630269,8.91952988393322,8421400
2009-11-19,8.754875183105469,8.827163268421353,8.702667547038894,8.823147178571492,21146800
2009-11-20,8.710695266723633,8.730774939701014,8.678567330365569,8.69864700334295,11102600
2009-11-23,8.86330795288086,8.879372313443545,8.791019862330517,8.79905204261186,14472200
2009-11-24,8.847249031066895,8.86331263412285,8.795040597654662,8.859296541861044,14025200
2009-11-25,8.86330795288086,8.879372313443545,8.839212178027703,8.86330795288086,7015200
2009-11-27,8.718730926513672,8.778971506792647,8.618330980703108,8.650459698713655,10515000
2009-11-30,8.734794616699219,8.754874297927518,8.658490449248347,8.714714935470917,13966400
2009-12-01,8.87535572052002,8.895435404095005,8.799051544151585,8.803067634064748,17054200
2009-12-02,8.86330795288086,8.943628223712544,8.847244358309045,8.875356223302873,10424400
2009-12-03,8.86732292175293,8.94362709279532,8.84724323957951,8.903466962457705,12896600
2009-12-04,8.923543930053711,9.015912431528593,8.8351922829805,8.959687959763329,22041600
2009-12-07,8.907480239868164,8.959687856630808,8.88739979804366,8.931576004067036,13269000
2009-12-08,8.827163696289062,8.903467875153403,8.795035741923686,8.867323830743498,17652600
2009-12-09,8.911497116088867,8.911497116088867,8.787000663741946,8.843225139830768,14958600
2009-12-10,8.951661109924316,8.991820482516268,8.935596748094792,8.943628929009554,21856800
2009-12-11,8.931578636169434,8.99583453696275,8.903466775321203,8.983787034308229,8196000
2009-12-14,9.003864288330078,9.015912553726762,8.955671992733894,8.999848199864516,23433000
2009-12-15,8.94764232635498,9.019929634857608,8.915514378356914,8.983786363601645,10167600
2009-12-16,8.97575569152832,9.019931148695553,8.959691331837814,8.991819285227997,8966000
2009-12-17,8.86732292175293,8.94362709279532,8.859290742487252,8.94362709279532,10250200
2009-12-18,8.999919891357422,9.012011417439725,8.9152815150041,8.955585064463246,14629200
2009-12-21,9.080533027648926,9.11680685513053,9.032167668093019,9.056349963500317,12415400
2009-12-22,9.15307903289795,9.15307903289795,9.100683936434882,9.108744957041889,7604000
2009-12-23,9.189352989196777,9.197414009919846,9.136957891979325,9.173231716491888,10980400
2009-12-24,9.273995399475098,9.278025911240475,9.197417213415958,9.217569772242845,3333200
2009-12-28,9.302206993103027,9.31429852681335,9.24981188450779,9.290115459392704,18266600
2009-12-29,9.290114402770996,9.318327978219513,9.273993128398885,9.318327978219513,7698800
2009-12-30,9.322357177734375,9.326387688278174,9.26190105705993,9.273992588691332,11367000
2009-12-31,9.241750717163086,9.342511190278703,9.21756841886293,9.330419656757925,11526200
2010-01-04,9.378782272338867,9.386843292322647,9.310265139959098,9.326386411185478,16898800
2010-01-05,9.366692543029785,9.390874838888786,9.310266929778342,9.390874838888786,39976400
2010-01-06,9.261899948120117,9.370721413549546,9.253838927997672,9.366690903488323,20048200
2010-01-07,9.225627899169922,9.269962749621863,9.193384581225239,9.269962749621863,14584800
2010-01-08,9.286086082458496,9.294146336507934,9.181295092401351,9.213538414823438,23772400
2010-01-11,9.249808311462402,9.330416198836172,9.205473473725103,9.326385689156314,30477800
2010-01-12,9.149046897888184,9.209502999142567,9.112773083387347,9.197411471395275,19485600
2010-01-13,9.237716674804688,9.249808203703392,9.108743441516284,9.189351327950982,20107400
2010-01-14,9.261899948120117,9.294143259868704,9.217565874929052,9.22965663637153,15013200
2010-01-15,9.132926940917969,9.286083252300891,9.104714138489854,9.278022231966798,27066600
2010-01-19,9.290114402770996,9.290114402770996,9.153080111272082,9.153080111272082,14965600
2010-01-20,9.140986442565918,9.217564585534664,9.056347280602338,9.217564585534664,29398000
2010-01-21,9.04426097869873,9.213538617320468,9.016048167052018,9.169203759737657,25606800
2010-01-22,8.72988224029541,9.028132974608273,8.71779071382319,9.028132974608273,67402400
2010-01-25,8.8024320602417,8.858857660390317,8.754066711013493,8.810493079903257,66680200
2010-01-26,8.778250694274902,8.887071396199273,8.737946360464544,8.786310946043992,32250600
2010-01-27,8.850798606872559,8.870951160503207,8.717794827875556,8.78228223075231,35370000
2010-01-28,8.596879005432129,8.818551621981673,8.560605192725331,8.806460863573406,46278600
2010-01-29,8.44775104522705,8.689576144038835,8.407447502709084,8.677485388779765,53794800
2010-02-01,8.54448413848877,8.564635915499421,8.484027269974785,8.488057779125118,38415000
2010-02-02,8.629125595092773,8.653307889859015,8.524334626117339,8.572699984391113,27391200
2010-02-03,8.649277687072754,8.669430240712858,8.588821563635078,8.59688258509112,29566400
2010-02-04,8.40744686126709,8.612998141137634,8.39938584588219,8.596876110367832,32978200
2010-02-05,8.492094993591309,8.508217042922533,8.34699962457679,8.419547309084049,46507400
2010-02-08,8.455816268920898,8.55254620283118,8.44372550764535,8.50418162024663,45887600
2010-02-09,8.528364181518555,8.608972846699515,8.471938577136605,8.548515963443194,31774800
2010-02-10,8.504182815551758,8.56060842607836,8.451786946855952,8.548516894362107,20846800
2010-02-11,8.592851638793945,8.625094954242389,8.443726593122868,8.504182713496041,30349600
2010-02-12,8.608975410461426,8.625096687053828,8.480002122756472,8.532397232608572,30286000
2010-02-16,8.737946510314941,8.737946510314941,8.63718605843168,8.661368351636115,20466600
2010-02-17,8.762127876281738,8.778249915872767,8.717793036147567,8.778249915872767,17806600
2010-02-18,8.81855297088623,8.834675009551312,8.737945083784169,8.758096863374405,11527600
2010-02-19,8.79437255859375,8.8387074056439,8.758098732596588,8.770190264176069,13535600
2010-02-22,8.778250694274902,8.842737320874983,8.762128653254267,8.838706810619826,14074600
2010-02-23,8.669427871704102,8.774218815773507,8.63315405380542,8.770188306146864,20971400
2010-02-24,8.75406551361084,8.782279078567175,8.70167043045973,8.709731449018683,15078000
2010-02-25,8.72988224029541,8.746004275591705,8.584786997592577,8.641213352388654,23315000
2010-02-26,8.741972923278809,8.766155205149014,8.689577082362336,8.729881397973266,19404000
2010-03-01,8.854829788208008,8.862890810270759,8.770191362773257,8.786312638157382,12843600
2010-03-02,8.842737197875977,8.911254333778171,8.814524395223524,8.895132292981787,14023800
2010-03-03,8.846766471862793,8.891100540375344,8.822583414047463,8.866918251301124,16663600
2010-03-04,8.883040428161621,8.891100678817793,8.794370752273633,8.85885736996974,7247600
2010-03-05,8.991861343383789,9.00395287278676,8.915283963388394,8.947527273055176,14095800
2010-03-08,9.040225982666016,9.056347251863441,8.995891147076208,9.007982675530085,11718800
2010-03-09,9.080533027648926,9.136958639846393,9.012015883377154,9.028137157401584,24003800
2010-03-10,9.140986442565918,9.1571077118145,9.076499828089421,9.084560847084253,33817000
2010-03-11,9.177264213562012,9.177264213562012,9.100686037597587,9.11680808253385,10907400
2010-03-12,9.16919994354248,9.253838343256355,9.145017653444393,9.201443253253643,14918400
2010-03-15,9.161136627197266,9.173228153585487,9.092619515145904,9.13695434316177,17564000
2010-03-16,9.229659080505371,9.233689591633926,9.153080906545632,9.16114192880274,13229600
2010-03-17,9.257863998413086,9.310259829681552,9.221590197916685,9.241742736381763,19621000
2010-03-18,9.269968032836914,9.290119829759416,9.241755209648703,9.253845980305494,9003200
2010-03-19,9.214566230773926,9.311604128865108,9.174133580438767,9.214566230773926,18086000
2010-03-22,9.283304214477539,9.323736879972508,9.162006989181583,9.170093676518368,16861600
2010-03-23,9.372252464294434,9.380339148379624,9.275214568838061,9.315647218075377,11956800
2010-03-24,9.327778816223145,9.356081446442507,9.299476186003782,9.327778816223145,11754200
2010-03-25,9.343952178955078,9.453119356663212,9.323735463684066,9.38842741017364,16660400
2010-03-26,9.299480438232422,9.380345793997074,9.279264484885852,9.36821575927562,17161200
2010-03-29,9.327778816223145,9.38034150479239,9.315649558237038,9.339908845398087,15494400
2010-03-30,9.368212699890137,9.400558677394907,9.311607432054025,9.352039325543284,10629000
2010-03-31,9.339912414550781,9.372258400189148,9.29947973970554,9.339912414550781,9356400
2010-04-01,9.323734283447266,9.416729619544522,9.259042345146666,9.364166937682324,18213400
2010-04-05,9.432904243469238,9.436947586879596,9.271174362999487,9.356082261050268,9699200
2010-04-06,9.440991401672363,9.46525069215685,9.364169415417722,9.400558736738924,10143800
2010-04-07,9.4045991897583,9.453117755814635,9.356079852513265,9.412685874497258,11420600
2010-04-08,9.42077350616455,9.432903535485204,9.327778928272739,9.372254931259624,16910400
2010-04-09,9.493551254272461,9.497594597002234,9.408643370513552,9.440989341162961,10978600
2010-04-12,9.513773918151855,9.546119909031523,9.493557191858779,9.50164388237601,8320800
2010-04-13,9.54207706451416,9.55824967520806,9.469298388418377,9.50164438099547,11877200
2010-04-14,9.679544448852539,9.683587792954503,9.602722453293262,9.618895829701124,29962600
2010-04-15,9.724018096923828,9.728061440362714,9.659326144279486,9.687628777162772,18980400
2010-04-16,9.594634056091309,9.711888700595786,9.546115477887929,9.667412694585273,30402400
2010-04-19,9.614850044250488,9.63102264536286,9.509725437859137,9.578460727761604,17533600
2010-04-20,9.667410850524902,9.687626792388633,9.590588883302976,9.647194908661172,13887000
2010-04-21,9.687629699707031,9.736149054405196,9.639111116197848,9.72401902293341,18800600
2010-04-22,9.711889266967773,9.719975954202896,9.525899316504647,9.594634615625312,8321000
2010-04-23,9.7361478805542,9.748277910563512,9.651239984055664,9.70784524838802,25740400
2010-04-26,9.724018096923828,9.768494103562654,9.711888837796081,9.756364073245999,19625800
2010-04-27,9.53398323059082,9.728059040649311,9.517810632013637,9.683583816170522,56498000
2010-04-28,9.562287330627441,9.594633303957021,9.477379439833106,9.594633303957021,25521400
2010-04-29,9.659327507019043,9.675500883056324,9.586548857229307,9.606765577275908,18107200
2010-04-30,9.457164764404297,9.667414021991414,9.453121420467351,9.651241417432637,21095200
2010-05-03,9.586549758911133,9.622939087228671,9.485468462737767,9.485468462737767,13769000
2010-05-04,9.311604499816895,9.485463592163475,9.25499847861716,9.47333433641179,29680600
2010-05-05,9.2711763381958,9.33586830416613,9.21052771649725,9.218613633851742,26930000
2010-05-06,8.992193222045898,9.295437151269883,8.345272685463556,9.206485876325624,51044800
2010-05-07,8.79407024383545,9.020492066364536,8.591907709494404,8.951756773841026,50444200
2010-05-10,9.198396682739258,9.238829349868215,9.109445432006735,9.174137390937476,46776400
2010-05-11,9.137749671936035,9.299479597657472,9.09327365316672,9.101360342250072,25730000
2010-05-12,9.376298904418945,9.376298904418945,9.202438995084393,9.202438995084393,23624200
2010-05-13,9.238825798034668,9.408642317739751,9.218609086647941,9.343950383679594,22879600
2010-05-14,9.060922622680664,9.178177235531688,8.963884721280863,9.157960524080465,32993200
2010-05-17,9.105401039123535,9.1175302980325,8.923454443600146,9.085184322293774,29975200
2010-05-18,8.96793270111084,9.178181981796524,8.92750002848835,9.166051948653049,45030400
2010-05-19,8.89919376373291,9.016447618264278,8.82641513689817,8.943669762618311,53445200
2010-05-20,8.616168022155762,8.777897914620713,8.587865387373014,8.757681967258454,39636800
2010-05-21,8.680859565734863,8.733422260275889,8.434221780667254,8.466567757619838,42044000
2010-05-24,8.640424728393555,8.757678565692274,8.628294701974243,8.684899949553715,25923400
2010-05-25,8.616168022155762,8.632341396996736,8.357400194211838,8.418048807487576,36575800
2010-05-26,8.531262397766113,8.781943605283477,8.507003100210374,8.697035678243806,48645200
2010-05-27,8.822375297546387,8.830461986225657,8.697034707773996,8.725337346962366,38243400
2010-05-28,8.749591827392578,8.830457127311414,8.68894323804778,8.826413785196607,24232600
2010-06-01,8.664684295654297,8.846630070809441,8.652554268835146,8.709160289469162,26467000
2010-06-02,8.85876178741455,8.85876178741455,8.652555919287868,8.713204522574815,20760000
2010-06-03,8.947712898254395,8.963886270210075,8.834502379319908,8.88706429579823,25170000
2010-06-04,8.660640716552734,8.874933224032368,8.628294750441531,8.757678614886343,36989000
2010-06-07,8.53530216217041,8.733421346678488,8.519128789791543,8.70511871620431,21086400
2010-06-08,8.551477432250977,8.57573672720169,8.422093497595062,8.547434087894343,26650400
2010-06-09,8.506999969482422,8.6929891342777,8.466567307643354,8.61616715390236,26627000
2010-06-10,8.713205337524414,8.72129202436938,8.58382143276058,8.59999480645051,28425600
2010-06-11,8.790030479431152,8.806203858934019,8.624257195472687,8.624257195472687,21450600
2010-06-14,8.773855209350586,8.911325808663097,8.761725178403383,8.883022403119625,26047600
2010-06-15,9.00432300567627,9.012409695315412,8.814289655102282,8.826419689560995,23053600
2010-06-16,9.028580665588379,9.056883303002008,8.947715326244554,8.967932046675026,15507600
2010-06-17,9.060922622680664,9.077095991841642,8.967928063571106,9.069009307261153,19837200
2010-06-18,9.060518264770508,9.109209254442556,9.032115509927241,9.06863355870202,14238600
2010-06-21,8.99560260772705,9.17819295606475,8.950969239485065,9.161962358915856,17484400
2010-06-22,8.918506622314453,9.08892398081359,8.90633445136848,9.024003156044136,20366800
2010-06-23,8.902274131774902,8.97125258413374,8.833295679416066,8.946906701712706,18819600
2010-06-24,8.723740577697754,8.88604257319711,8.707509991189337,8.861697467351448,30528200
2010-06-25,8.715624809265137,8.784603250331259,8.646646368199015,8.7764879575195,31331000
2010-06-28,8.73185920715332,8.772434915010253,8.658823087794293,8.703456443828644,20527200
2010-06-29,8.407254219055176,8.597959811558292,8.34639104494626,8.58578686716961,39667200
2010-06-30,8.277411460876465,8.439713494635386,8.253066349291913,8.370735033548202,25000000
2010-07-01,8.244949340820312,8.33421602127592,8.119165387534755,8.281467387567245,45810800
2010-07-02,8.23277759552002,8.309870565779685,8.175971312165977,8.281467811061173,17022000
2010-07-06,8.313929557800293,8.42348372136769,8.228721279859306,8.362620555135964,30672400
2010-07-07,8.581727027893066,8.593899969173666,8.313928511056242,8.326101452336843,25780600
2010-07-08,8.634477615356445,8.666938025515345,8.537096384879751,8.666938025515345,17332800
2010-07-09,8.67911148071289,8.67911148071289,8.61419065078249,8.63042124522376,15716400
2010-07-12,8.719681739807129,8.75619978054509,8.658818596549478,8.658818596549478,17427200
2010-07-13,8.84547233581543,8.873875879721526,8.74809107846113,8.808954267567888,20582000
2010-07-14,8.898215293884277,8.955020797430494,8.849524309475418,8.877927061248528,24766800
2010-07-15,8.926620483398438,8.934735778668916,8.784605911833667,8.877929485692716,24839000
2010-07-16,8.670992851257324,8.86981289550753,8.662877557879689,8.849524662063445,30216200
2010-07-19,8.756199836730957,8.776487293308067,8.662876298209273,8.707508857462289,14704600
2010-07-20,8.813003540039062,8.825176475857154,8.565493369738151,8.602011403275723,31219600
2010-07-21,8.707511901855469,8.890102170555641,8.67910914315036,8.881986875520717,33310200
2010-07-22,8.94284725189209,8.971249999282678,8.81300490480868,8.817062550709739,23437600
2010-07-23,9.00371265411377,9.00371265411377,8.89010086209775,8.918503616622502,20772800
2010-07-26,9.060518264770508,9.064575911736265,8.967194706309195,9.003712755083974,13152600
2010-07-27,9.084864616394043,9.109210501521606,9.036174393973178,9.088922263915304,15588400
2010-07-28,9.011824607849121,9.101091266841257,8.979364215647472,9.068630874639606,26353400
2010-07-29,8.930678367614746,9.056462351970678,8.857642256079954,9.044290182659664,21295400
2010-07-30,8.894158363342285,8.942849351670798,8.80489245430985,8.833295208369398,17912400
2010-08-02,9.080801963806152,9.105147835515,8.971248636783162,8.999651379860113,31420600
2010-08-03,9.032116889953613,9.072692591893752,9.011828652024972,9.068634944308023,10787400
2010-08-04,9.10515022277832,9.109207869126996,8.995596093114822,9.05645924051113,29363200
2010-08-05,9.06457805633545,9.08080787412128,9.007772533209229,9.04429059062386,10129600
2010-08-06,9.040230751037598,9.05240291794672,8.91850366452723,8.979366820823904,31234200
2010-08-09,9.101095199584961,9.117325015740578,9.028059092091858,9.06457714583841,27105600
2010-08-10,9.007774353027344,9.05646459013881,8.942853520933811,9.01588887660101,22578600
2010-08-11,8.792720794677734,8.873872195741777,8.760260389035542,8.869814548296862,36123000
2010-08-12,8.670992851257324,8.707510123622733,8.577668525248473,8.618244218219672,30331600
2010-08-13,8.630417823791504,8.683165686979654,8.618244882786376,8.634475470793213,12157600
2010-08-16,8.646650314331055,8.691283671248451,8.553326726155834,8.577671841784746,20537200
2010-08-17,8.739972114562988,8.817065087109928,8.695338770728517,8.72779917335803,34201200
2010-08-18,8.78866195678711,8.837352945613645,8.711568213610517,8.739971741877586,25232200
2010-08-19,8.6831636428833,8.784602472295296,8.630415792112478,8.756199723886633,27622200
2010-08-20,8.662878036499023,8.691280790973007,8.614187047460039,8.654762742673023,18632800
2010-08-23,8.585782051086426,8.727796560290862,8.585782051086426,8.707508331023478,16367400
2010-08-24,8.46811294555664,8.553321181985407,8.42753726319766,8.492458045405321,21180600
2010-08-25,8.520864486694336,8.557382539264966,8.395080513349448,8.415367976369973,22105800
2010-08-26,8.435656547546387,8.573612694602865,8.42348360490149,8.561440525875106,20309400
2010-08-27,8.537096977233887,8.541153851607667,8.350449025431567,8.4843483233674,29983400
2010-08-30,8.423480987548828,8.557380219368838,8.423480987548828,8.492459426602585,15187000
2010-08-31,8.395079612731934,8.455942769181263,8.35044627017448,8.40319413271936,31040000
2010-09-01,8.610130310058594,8.642590714874459,8.492461632819992,8.508691448269376,29596200
2010-09-02,8.687225341796875,8.687225341796875,8.597959408878987,8.614189226719871,18613000
2010-09-03,8.817068099975586,8.817068099975586,8.727802155720772,8.76432021789713,20718000
2010-09-07,8.744029998779297,8.821123754157568,8.735915477621427,8.776490405162178,15678800
2010-09-08,8.792720794677734,8.813008257985187,8.7480874467008,8.772433331370284,18581600
2010-09-09,8.817068099975586,8.881988927418599,8.800838280073489,8.865759107516501,13895200
2010-09-10,8.821124076843262,8.833297019901067,8.764318557074496,8.825181724529196,16300600
2010-09-13,8.979368209838867,8.995598800117762,8.894159932626094,8.906332875335265,23197400
2010-09-14,9.01588249206543,9.088918569929996,8.946904060072987,8.979364453133147,18854400
2010-09-15,9.072691917419434,9.092979379922738,8.991540519572045,9.007771108708358,14763400
2010-09-16,9.125438690185547,9.133553983780722,9.044288075984783,9.060517889258138,15599600
2010-09-17,9.17471694946289,9.195077749895157,9.129922256454206,9.18693311903635,28835400
2010-09-20,9.30909538269043,9.325383859173673,9.186928313851563,9.207289880348545,19105200
2010-09-21,9.292810440063477,9.370182875213365,9.260232695271108,9.321315869667462,37269200
2010-09-22,9.248015403747559,9.300954722501444,9.199149176744392,9.256160033819645,16811600
2010-09-23,9.235795974731445,9.333529170948545,9.17471282418506,9.186928988265697,19862600
2010-09-24,9.414973258972168,9.423117108909072,9.3253839192371,9.3253839192371,16332600
2010-09-27,9.419046401977539,9.492346500911248,9.398685608591277,9.435335658058133,30638200
2010-09-28,9.431262969970703,9.451623762549405,9.296879719493703,9.443479911546595,29432000
2010-09-29,9.410907745361328,9.451629354611697,9.386473847753216,9.410907745361328,12267000
2010-09-30,9.374252319335938,9.516780200418342,9.321313014815447,9.459768581956702,26278600
2010-10-01,9.378327369689941,9.455699027003943,9.345749625369653,9.439410543201145,24335400
2010-10-04,9.300955772399902,9.378328213389226,9.235800277897765,9.329461204155242,16976000
2010-10-05,9.484200477600098,9.508633579411061,9.362033415116679,9.366105728204223,15425800
2010-10-06,9.439406394958496,9.512706481645353,9.362033994931886,9.48420106498143,14340000
2010-10-07,9.439406394958496,9.480128751641677,9.374250934951146,9.476056438301924,9899400
2010-10-08,9.492350578308105,9.512712157155073,9.378328843624347,9.443484342505013,13341200
2010-10-11,9.508635520935059,9.549357883411108,9.47198547237806,9.51270783485411,12082000
2010-10-12,9.565648078918457,9.586009652167576,9.427192487682854,9.480131801415961,22014600
2010-10-13,9.64301872253418,9.687813398692967,9.594151732477826,9.622657153046342,30959000
2010-10-14,9.64709186553955,9.67966960280549,9.594152557035823,9.663380345815257,11029200
2010-10-15,9.809979438781738,9.81405175256723,9.69595698293123,9.777401705212226,42694000
2010-10-18,9.87513256072998,9.87513256072998,9.77739938323156,9.814049421882748,21501200
2010-10-19,9.700030326843262,9.773330429337618,9.626730224348908,9.687814160903882,50409400
2010-10-20,9.781475067138672,9.838485912815747,9.712247278796001,9.732608073190809,47254600
2010-10-21,9.789619445800781,9.854774918259148,9.687813922995272,9.834413347669345,55292800
2010-10-22,9.818127632141113,9.826271485955383,9.769260625681905,9.789622202004374,11525200
2010-10-25,9.846631050109863,9.919931156462372,9.846631050109863,9.854775678974487,19000000
2010-10-26,9.871061325073242,9.883278264861541,9.769255823647098,9.809978179560423,20635800
2010-10-27,9.899571418762207,9.90771604913609,9.797765869232771,9.830343614013602,23674600
2010-10-28,9.899571418762207,9.948438424290805,9.834415929200544,9.940293793916922,17096200
2010-10-29,9.915858268737793,9.956580633991969,9.899569011950318,9.915858268737793,16677200
2010-11-01,9.924002647399902,10.025808169616209,9.883280283170482,9.96472423491483,16937800
2010-11-02,10.021739959716797,10.046173077574727,9.993234526096744,10.01359532819255,14973800
2010-11-03,10.078743934631348,10.08281624760863,9.956577652170013,10.038021581572808,30232800
2010-11-04,10.229419708251953,10.237563560119687,10.164263456308356,10.184625027764021,27347000
2010-11-05,10.22127628326416,10.233492450861528,10.176481597501484,10.233492450861528,17475400
2010-11-08,10.229419708251953,10.24163587441082,10.180552713472888,10.200913508214022,15004200
2010-11-09,10.20091438293457,10.294576066232983,10.152048160679797,10.261998325824933,18159600
2010-11-10,10.209057807922363,10.225347064562154,10.115396912387085,10.21313012208231,14106000
2010-11-11,10.054313659667969,10.066529825319398,9.952508136762056,10.013591295162703,24255400
2010-11-12,9.911784172058105,10.05023972299448,9.862917187198171,10.001372738134547,21570800
2010-11-15,9.883280754089355,9.968797024002777,9.875136125512498,9.96065239542592,17599200
2010-11-16,9.704103469848633,9.846631372792096,9.667453415471327,9.814053632980555,35830800
2010-11-17,9.708176612854004,9.77333209803708,9.66745424043592,9.716321242680552,20825800
2010-11-18,9.871061325073242,9.911783680986568,9.809978179560423,9.814050492823188,21610400
2010-11-19,9.899571418762207,9.911788364323032,9.838488244387486,9.871065989168317,10239800
2010-11-22,9.956582069396973,9.956582069396973,9.830342641238088,9.85477652994185,18828400
2010-11-23,9.809979438781738,9.879207219706256,9.761112450070254,9.862917964564282,22018800
2010-11-24,9.972869873046875,9.976942187553666,9.8792089695344,9.891425913054773,14432400
2010-11-26,9.87513256072998,9.952504950850741,9.871060247911599,9.891421812003511,4980000
2010-11-29,9.850702285766602,9.89549618618743,9.761112931496001,9.866990764997501,14342000
2010-11-30,9.752968788146973,9.805907314955034,9.720391053946368,9.761112639161285,21385600
2010-12-01,9.960652351379395,9.989158551272343,9.871063767573709,9.895496876481708,21454600
2010-12-02,10.078743934631348,10.086888560585912,9.964721501410295,9.97286612736486,19251200
2010-12-03,10.103181838989258,10.107254153902582,10.021737870866744,10.025810185780067,18354800
2010-12-06,10.103181838989258,10.127615728469198,10.078748726223969,10.09096567096394,12875600
2010-12-07,10.115396499633789,10.221274333328621,10.10725187164623,10.221274333328621,19821200
2010-12-08,10.20091438293457,10.20091438293457,10.103181161710426,10.152048160679797,18021800
2010-12-09,10.209057807922363,10.245707858647386,10.168335443037392,10.241635544487439,12462600
2010-12-10,10.25792407989502,10.266067930927816,10.19684092521956,10.229418659494103,11634000
2010-12-13,10.237564086914062,10.310864194497197,10.22942023462727,10.298648027709723,13802200
2010-12-14,10.253854751586914,10.2905048104063,10.229421637945547,10.237565491349551,12583400
2010-12-15,10.213129997253418,10.294574726027909,10.184624575196695,10.24163541931014,9197000
2010-12-16,10.229419708251953,10.27421361202535,10.180552713472888,10.225347393960819,11870400
2010-12-17,10.24985122680664,10.270285227719059,10.225330269810307,10.253938182890558,11957600
2010-12-20,10.258028984069824,10.286636907873403,10.196726178846804,10.274376035025814,9538400
2010-12-21,10.319332122802734,10.323419080550684,10.274376367082782,10.290724198074578,11115400
2010-12-22,10.307069778442383,10.319330649936248,10.290722729291268,10.307069778442383,10815600
2010-12-23,10.30298137664795,10.31524224642266,10.27028650342265,10.294808242972072,6456400
2010-12-27,10.323416709899902,10.339763757630307,10.23759217591654,10.258026959963678,5982800
2010-12-28,10.311156272888184,10.35202506319302,10.302982358925748,10.343851149230584,5815000
2010-12-29,10.33159065246582,10.356111613883781,10.319329782003186,10.339763786600269,7469800
2010-12-30,10.307069778442383,10.335678478594737,10.29480968645589,10.32341760710087,10092000
2010-12-31,10.294807434082031,10.315241435927065,10.253938650884757,10.302980567115721,12704200
2011-01-03,10.409242630004883,10.466459257733403,10.37246079057493,10.37246079057493,14855000
2011-01-04,10.450108528137207,10.470543310766976,10.380631826210498,10.458282441189114,18383400
2011-01-05,10.51141357421875,10.523674446429494,10.409241977651474,10.42967676466938,23670800
2011-01-06,10.572714805603027,10.572714805603027,10.490977234715322,10.535932976654284,22089000
2011-01-07,10.523673057556152,10.572715760419245,10.433762345065684,10.564541846690844,17831200
2011-01-10,10.53184700012207,10.552281004991707,10.462370292255054,10.511412215745112,20666600
2011-01-11,10.51550006866455,10.576802868004503,10.482805190382752,10.568629733064592,16782800
2011-01-12,10.609498023986816,10.617671938648062,10.540022087888442,10.576803144849238,27155000
2011-01-13,10.601322174072266,10.629930088553376,10.56862730330711,10.617669219701241,26086800
2011-01-14,10.695320129394531,10.695320129394531,10.589061601557304,10.609495604042175,15706800
2011-01-18,10.707582473754883,10.719842565131964,10.617670979617156,10.629931850501574,17266000
2011-01-19,10.629932403564453,10.73210399439513,10.597237525678931,10.73210399439513,22431200
2011-01-20,10.572714805603027,10.59723576506644,10.4828033217251,10.59314880857133,30717200
2011-01-21,10.51141357421875,10.638106915207516,10.507326616815169,10.634019957803934,23263400
2011-01-24,10.658537864685059,10.66671177714705,10.515497514628985,10.515497514628985,36983400
2011-01-25,10.707582473754883,10.711668651209019,10.60949706569421,10.634018807463047,22027000
2011-01-26,10.768887519836426,10.80158240285403,10.707584711616853,10.73619263681882,16571000
2011-01-27,10.8056640625,10.83835892948685,10.744361284338046,10.77296919551315,18093000
2011-01-28,10.556367874145508,10.817926875938495,10.519586042079954,10.817926875938495,32363400
2011-01-31,10.62175464630127,10.62175464630127,10.50323604916115,10.564538825578941,27973000
2011-02-01,10.801579475402832,10.826100436143474,10.687147026101023,10.699407896224988,24745400
2011-02-02,10.822014808654785,10.84244959470464,10.777059838359873,10.777059838359873,17495000
2011-02-03,10.838359832763672,10.862880790170625,10.728014355171611,10.817925052001893,22929000
2011-02-04,10.907837867736816,10.916011001537942,10.817926380358923,10.858795167393668,15135200
2011-02-07,10.960965156555176,11.014094805851965,10.928270287567598,10.93235724362944,19596400
2011-02-08,11.0059232711792,11.014097185068577,10.940533519078839,10.985488486455754,10376000
2011-02-09,10.985487937927246,11.018182812344902,10.95279306350959,10.989574894667864,10374400
2011-02-10,10.936444282531738,10.96505219567417,10.858793675782875,10.899662457203707,15676800
2011-02-11,10.993664741516113,11.010012572776244,10.911927923737952,10.940535848935683,25499200
2011-02-14,11.010011672973633,11.030445680871312,10.981403750113909,10.985489928087496,11883600
2011-02-15,10.96914005279541,10.989574055430733,10.92827126801753,10.989574055430733,12084800
2011-02-16,11.03044319152832,11.042704061204365,10.969140402162623,11.001835275124812,13573000
2011-02-17,11.050880432128906,11.063140525024437,10.969142841790687,10.977316756725996,13297800
2011-02-18,11.034531593322754,11.071313427661085,11.005923673172354,11.063139513473153,12668200
2011-02-22,10.764798164367676,10.948707327571638,10.744364159348269,10.89557766730946,44693600
2011-02-23,10.638106346130371,10.748451072094587,10.572716590185882,10.7280170656772,24511800
2011-02-24,10.674890518188477,10.707585403318145,10.556371072401213,10.646281811630912,22663400
2011-02-25,10.809754371643066,10.822014463374432,10.723929831986709,10.744364617384583,15605800
2011-02-28,10.85470962524414,10.88331754604425,10.78114595489679,10.846536490377952,18504600
2011-03-01,10.646275520324707,10.895574359310077,10.63810238850278,10.875140360494626,29088000
2011-03-02,10.711668968200684,10.793406550834336,10.650366170979124,10.662627042226381,19854600
2011-03-03,10.883315086364746,10.887402042627858,10.809752212150322,10.813838388906232,19117000
2011-03-04,10.797491073608398,10.883314814468035,10.732101334046623,10.883314814468035,27781400
2011-03-07,10.658537864685059,10.842446997543895,10.593148124003514,10.842446997543895,29609400
2011-03-08,10.74845027923584,10.793406025446785,10.62584469076076,10.666713480088227,21926400
2011-03-09,10.70349407196045,10.744362856551085,10.638104328418327,10.715754161682579,23727000
2011-03-10,10.5032377243042,10.58906146907557,10.486889898915052,10.580887556380997,29591200
2011-03-11,10.544103622436523,10.584972398238088,10.446019028217005,10.446019028217005,22764400
2011-03-14,10.495062828063965,10.564539520442391,10.433760047614092,10.490975872099687,19229600
2011-03-15,10.339762687683105,10.39289234120056,10.16402824010637,10.188549198918226,29789400
2011-03-16,10.08637523651123,10.319326238764187,10.020985508843982,10.282544419512979,42762200
2011-03-17,10.192631721496582,10.290716293584316,10.176283903061849,10.22532657885916,21866200
2011-03-18,10.210680961608887,10.333701685328098,10.198379436736165,10.329600916323287,36830200
2011-03-21,10.382905960083008,10.444415910794678,10.358302136226632,10.374704424750396,17801200
2011-03-22,10.366507530212402,10.40751365785597,10.354205222634283,10.399312901612307,18278600
2011-03-23,10.423913955688477,10.452618550243242,10.296793273171001,10.341900157982113,11671200
2011-03-24,10.587940216064453,10.600242519720451,10.456718772299801,10.505927204782296,20801200
2011-03-25,10.61255168914795,10.669961698773513,10.600250158768379,10.62075323082904,12480200
2011-03-28,10.587940216064453,10.678155545258775,10.579738680293787,10.653550937946779,16532200
2011-03-29,10.661751747131348,10.665852514737217,10.526429544703415,10.575637973832412,10271600
2011-03-30,10.70685863494873,10.731462456664568,10.682254031091501,10.723260922045492,12454600
2011-03-31,10.686359405517578,10.723265545073051,10.669957111349438,10.690460174595044,12432000
2011-04-01,10.665853500366211,10.760168817592543,10.633048138629158,10.735564991825134,21874800
2011-04-04,10.628949165344238,10.694559899896724,10.587942260713522,10.690459131219487,11739600
2011-04-05,10.61255168914795,10.690464770834172,10.600250158768379,10.624854001669584,19828400
2011-04-06,10.690458297729492,10.706861371159562,10.628948336649916,10.686357529371975,21893200
2011-04-07,10.694558143615723,10.731464273508406,10.608444361960476,10.678155853742043,18300600
2011-04-08,10.633048057556152,10.735564909970476,10.596141928115676,10.735564909970476,12734000
2011-04-11,10.616643905639648,10.674053869007198,10.583838547490235,10.649449263789062,11592800
2011-04-12,10.530529975891113,10.583838388781494,10.493623850758766,10.555133798598872,16106800
2011-04-13,10.596145629882812,10.637152541602623,10.53873642276015,10.583843321724334,14444400
2011-04-14,10.575639724731445,10.587941247444245,10.485424386749175,10.54283357845311,11015000
2011-04-15,10.55513858795166,10.579742421823312,10.493628612201643,10.546937049280517,20343600
2011-04-18,10.460822105407715,10.464922874298646,10.333701398355617,10.44441902984399,17627000
2011-04-19,10.489522933959961,10.489522933959961,10.423912219578995,10.473120646435424,19927800
2011-04-20,10.710963249206543,10.72736554219435,10.63715097540723,10.6453517308303,18449000
2011-04-21,10.805276870727539,10.813478406991264,10.75196766715488,10.8093776388594,20296000
2011-04-25,10.81347942352295,10.825780946933405,10.7806740575257,10.805277886488232,12519400
2011-04-26,10.903695106506348,10.94060124481872,10.821681292002921,10.838084367760286,14400000
2011-04-27,10.969305038452148,10.985708113003056,10.883191243484811,10.928298134216522,16033800
2011-04-28,10.973407745361328,10.985710053447509,10.924199295158388,10.944703141968688,16963600
2011-04-29,10.965205192565918,10.985709037480007,10.932399822845086,10.965205192565918,15000000
2011-05-02,10.924196243286133,11.026713102272351,10.911894720778387,11.014411579764605,13415000
2011-05-03,10.928295135498047,10.94879897306044,10.85858365206877,10.924194367985569,16303600
2011-05-04,10.895492553710938,10.95290174923064,10.821680283961816,10.932398688585497,21753800
2011-05-05,10.838081359863281,10.94879974407268,10.801175231793481,10.866785952330574,26800000
2011-05-06,10.858590126037598,10.989811636106396,10.850388586122824,10.93240242098677,21269000
2011-05-09,10.903695106506348,10.94060124481872,10.842185136699628,10.883192043951341,7888200
2011-05-10,11.002108573913574,11.014410877778817,10.911894025326344,10.928296315005152,27132000
2011-05-11,10.903695106506348,11.022614277180447,10.842185136699628,10.998010445686099,23684800
2011-05-12,10.985708236694336,10.99800976060438,10.81347986267885,10.874989828654027,21935400
2011-05-13,10.850383758544922,10.957001383574733,10.83808223628788,10.94469986131769,20408200
2011-05-16,10.694558143615723,10.854484185056338,10.674055085738242,10.801175765289974,33938800
2011-05-17,10.694558143615723,10.698658911619523,10.575639000071591,10.633048187841757,110101200
2011-05-18,10.772472381591797,10.788874673308122,10.682257039656372,10.702760881978792,23915400
2011-05-19,10.792974472045898,10.817578298480587,10.727363746792367,10.81347831252609,16237000
2011-05-20,10.731465339660645,10.809378375190336,10.706861511335015,10.780673778453503,26858600
2011-05-23,10.579741477966309,10.620748385521871,10.538735352552454,10.583842246936035,25196800
2011-05-24,10.546936988830566,10.60844774636981,10.542836219518499,10.604346977057743,17531400
2011-05-25,10.579741477966309,10.633050692431052,10.514130738734092,10.530533814613,24816200
2011-05-26,10.64944839477539,10.669952230784022,10.559233862761525,10.56333462996325,22264200
2011-05-27,10.70276165008545,10.70276165008545,10.645351669604135,10.65765397588049,25109200
2011-05-31,10.850383758544922,10.850383758544922,10.739666147523796,10.792974568967928,21345200
2011-06-01,10.624849319458008,10.858587679369625,10.616647781391213,10.821681540210768,33255000
2011-06-02,10.633048057556152,10.674054954950185,10.583839624255013,10.637148825509707,20809800
2011-06-03,10.473124504089355,10.575641380838194,10.460822197308483,10.510029860148574,21554600
2011-06-06,10.39521312713623,10.497730020338476,10.387011587966013,10.464924645799432,16872000
2011-06-07,10.362406730651855,10.452621306201774,10.358305961471165,10.428017473259386,17582000
2011-06-08,10.29269790649414,10.350107125730995,10.263993296875713,10.321402516112567,19987200
2011-06-09,10.300893783569336,10.341899899255113,10.268088421735802,10.296793015572455,10667000
2011-06-10,10.157373428344727,10.276292611448637,10.149171889608793,10.26399108548652,21798400
2011-06-13,10.165570259094238,10.214777904436712,10.128664134016674,10.165570259094238,23329800
2011-06-14,10.29269790649414,10.321402516112567,10.2434894456183,10.255791756372748,18234400
2011-06-15,10.09996509552002,10.243488918366667,10.07946202745989,10.194281242165589,33123400
2011-06-16,10.075357437133789,10.149169705589827,10.001545168677751,10.091760511075849,18411800
2011-06-17,10.066300392150879,10.189812962434516,10.041597249875135,10.181578581675934,39895800
2011-06-20,10.103353500366211,10.132173045408663,10.021011270010316,10.025128460055482,17454200
2011-06-21,10.284509658813477,10.305095618062934,10.111591527488292,10.156879852563046,28681800
2011-06-22,10.21039867401123,10.288623724845275,10.202165078086972,10.226867436407371,22092400
2011-06-23,10.280386924743652,10.28862130400423,10.062181371253722,10.08688372376183,25150400
2011-06-24,10.103353500366211,10.251568415623634,10.091001930230716,10.247451225578468,23521200
2011-06-27,10.239219665527344,10.2927415762031,10.095121126405727,10.123940677175279,23962000
2011-06-28,10.366846084594727,10.370963274124998,10.259801512628485,10.268035891689028,16118800
2011-06-29,10.449186325073242,10.449186325073242,10.342142550615344,10.403898815963677,16565600
2011-06-30,10.580933570861816,10.593284352244083,10.48212260816276,10.494474174818514,18197000
2011-07-01,10.75385570526123,10.77032368184955,10.560351679750395,10.593288418200824,22902600
2011-07-05,10.770325660705566,10.786794425593518,10.720920936589577,10.74562329864757,16311800
2011-07-06,10.81972885131836,10.840314017742758,10.725035044054342,10.766206162176903,13517200
2011-07-07,10.951478958129883,10.97618132201499,10.88148827272709,10.889722655780123,26018200
2011-07-08,10.897953987121582,10.897953987121582,10.786792980119662,10.848549269626023,23908400
2011-07-11,10.716803550720215,10.83208176174637,10.679749615669259,10.7785598473805,23381400
2011-07-12,10.622106552124023,10.720917539594943,10.609755767645419,10.683863615611768,18861800
2011-07-13,10.64681339263916,10.757974417956433,10.61387664712405,10.675632946805637,11160200
2011-07-14,10.556234359741211,10.737386811632405,10.515064026138749,10.667396145124927,21495400
2011-07-15,10.671513557434082,10.683865128935915,10.593288508470058,10.659161985932249,28470800
2011-07-18,10.63446044921875,10.675631572129618,10.539767416215453,10.617992471218715,16761200
2011-07-19,10.889719009399414,10.893835414273578,10.729151734726585,10.737386115022368,24640800
2011-07-20,10.856781005859375,10.972059175445603,10.836195057523524,10.972059175445603,11853600
2011-07-21,10.90618896484375,10.959711661210177,10.786793569972414,10.84031548106497,22424400
2011-07-22,11.000879287719727,11.02146523712199,10.889718302042207,10.902069086409888,12630000
2011-07-25,10.97205924987793,11.029699120335696,10.88560062210174,10.910302974998702,11805600
2011-07-26,11.021468162536621,11.066755692694862,10.963828274184674,10.980297038077769,16658800
2011-07-27,10.72915267944336,10.91853951655347,10.70856751216508,10.910305135532639,26931400
2011-07-28,10.712686538696289,10.832081942866022,10.675632603025768,10.712686538696289,21409200
2011-07-29,10.626224517822266,10.741503488105302,10.543883069283302,10.613873732441977,22955000
2011-08-01,10.617989540100098,10.790906795098627,10.494476205463615,10.762087252598871,23996200
2011-08-02,10.39566707611084,10.613873440010913,10.379198315692546,10.556233563820605,42248200
2011-08-03,10.50271224975586,10.531531796824195,10.259803516931663,10.403902037547098,43071200
2011-08-04,10.078652381896973,10.39978620237673,10.062184403686503,10.37920024802131,67391800
2011-08-05,10.01689338684082,10.193928620164352,9.720462791563945,10.148640318074987,65683400
2011-08-08,9.452855110168457,9.8727992270681,9.452855110168457,9.712232682189882,89921600
2011-08-09,9.885148048400879,9.889265238824557,9.312871929163975,9.559897072394381,83606000
2011-08-10,9.498140335083008,9.794571749306373,9.473437978988974,9.69987794461072,69241200
2011-08-11,9.860445022583008,9.988074775968443,9.588716755234028,9.642238656565429,63193000
2011-08-12,9.930438995361328,10.000429680606157,9.835745161013156,9.988078106054486,29171800
2011-08-15,10.10747241973877,10.119823992947168,9.959257467607491,10.008662189893284,69936400
2011-08-16,10.033367156982422,10.107474253858713,9.897502968131487,10.025132773349263,40466400
2011-08-17,9.988076210021973,10.11570598173205,9.88514879745201,10.025130141369065,43154600
2011-08-18,9.502262115478516,9.708117014674562,9.407569050314123,9.703999822457746,61895000
2011-08-19,9.271699905395508,9.551662544694373,9.25111395528606,9.378744490143527,75489400
2011-08-22,9.321106910705566,9.481674220008836,9.28405297665665,9.461088264829495,40644800
2011-08-23,9.662822723388672,9.671057102741509,9.354040565120014,9.386977297257726,37140400
2011-08-24,9.749287605285645,9.773989971928264,9.584603852211375,9.6545945454272,44978600
2011-08-25,9.609298706054688,9.794568274210977,9.57636198119062,9.749279983045337,40875600
2011-08-26,9.798687934875488,9.82750826582596,9.469320576750189,9.572247974323561,46332800
2011-08-29,10.045714378356934,10.049831568710855,9.893382261630638,9.897499451984562,39852000
2011-08-30,10.086883544921875,10.140405438619439,9.95101943062571,10.02512727210973,24940400
2011-08-31,10.06218147277832,10.210396374596037,9.979839249888983,10.140405720722192,24520600
2011-09-01,9.95102310180664,10.160995135050754,9.946905910730415,10.082770075150263,22643200
2011-09-02,9.724583625793457,9.835744649885921,9.687529689337987,9.782222733491324,28679000
2011-09-06,9.67929458618164,9.699879755891628,9.469322556989443,9.51461087268008,22863200
2011-09-07,9.930438995361328,9.930438995361328,9.79869122263213,9.819277180218249,21515400
2011-09-08,9.881032943725586,10.025131497876373,9.856330581242977,9.893384517603863,18912000
2011-09-09,9.671056747436523,9.86044353922571,9.621652043681854,9.806920860672275,33013800
2011-09-12,9.786336898803711,9.790454088833922,9.559896158784381,9.572247728875011,22505200
2011-09-13,9.901615142822266,9.930435473220799,9.76575101203831,9.831624482401821,32684400
2011-09-14,10.049829483032227,10.160991243697014,9.856326288198915,9.975721642589034,33621600
2011-09-15,10.21039867401123,10.230984627006405,10.070417334739282,10.148642385573327,25153800
2011-09-16,10.323637008666992,10.323637008666992,10.220317981466733,10.245115115543163,30007200
2011-09-19,10.298840522766113,10.340168290736395,10.10873310540746,10.191388641348023,23528800
2011-09-20,10.274043083190918,10.451751914755535,10.265777372824768,10.35669782206785,49468200
2011-09-21,10.121132850646973,10.39389504744138,10.11699999454261,10.315372357981868,44161600
2011-09-22,9.80704116821289,9.951687953555405,9.678925804400523,9.856634644541764,82462000
2011-09-23,9.918627738952637,9.951689799885344,9.736786009691892,9.778113782923203,52197800
2011-09-26,10.042609214782715,10.063273493357155,9.798776245435713,9.964087320984724,41016200
2011-09-27,10.17072868347168,10.323640453323137,10.112869472915936,10.216188534590335,43886800
2011-09-28,10.026076316833496,10.265776376354168,10.017810607269675,10.203785131148408,24657600
2011-09-29,10.005414009094238,10.21205205922765,9.848369437827952,10.174857935404313,39385800
2011-09-30,9.753315925598145,9.955821116019187,9.740917359068108,9.87316558234213,32973200
2011-10-03,9.534276962280273,9.819437616066608,9.521879187068734,9.674790861927951,47078800
2011-10-04,9.728522300720215,9.73265436912389,9.340042445044578,9.430962926899808,33952200
2011-10-05,9.931023597717285,9.947554229542394,9.629331487228706,9.70785415611709,26480200
2011-10-06,10.079801559448242,10.083934414110008,9.852500070881122,9.910358459622985,21334800
2011-10-07,10.042609214782715,10.145928242870033,9.980617955582648,10.092202695099743,19545200
2011-10-10,10.352561950683594,10.360827658641544,10.154189689260544,10.154189689260544,16416600
2011-10-11,10.398026466369629,10.422822811306853,10.290574587292866,10.31537093223009,21544600
2011-10-12,10.443488121032715,10.555072866669788,10.443488121032715,10.480683036245072,19226600
2011-10-13,10.5592041015625,10.567469812793714,10.410425240708685,10.435221586140718,19951400
2011-10-14,10.74517822265625,10.761709644441279,10.654257767623326,10.703850456455257,23006000
2011-10-17,10.575735092163086,10.728646802388335,10.530274470509408,10.72451473520307,17802600
2011-10-18,10.67078685760498,10.732778103808576,10.447618213619746,10.54680436519779,17419600
2011-10-19,10.464149475097656,10.629459737685789,10.443485987872206,10.608796250460339,24489600
2011-10-20,10.418686866760254,10.472413184500235,10.290571536264034,10.460014621576848,17875400
2011-10-21,10.550936698913574,10.604662232766684,10.472414037194637,10.534405280336356,19584600
2011-10-24,10.716249465942383,10.749311522618076,10.567469816770963,10.588134094856777,25305200
2011-10-25,10.546804428100586,10.691451195612647,10.517875232250468,10.687318340739562,24070000
2011-10-26,10.59226131439209,10.650120478290027,10.398021918853743,10.64598762456437,14990200
2011-10-27,10.906355857849121,10.976612825291513,10.765841922964338,10.840231745934116,27882200
2011-10-28,10.943550109863281,10.9683472415333,10.84849680324618,10.86089536908119,18011600
2011-10-31,10.749311447143555,10.877426817329619,10.741045735967266,10.836099049709778,12862400
2011-11-01,10.451752662658691,10.567469463019126,10.431088385264626,10.49721249640247,33196600
2011-11-02,10.57986831665039,10.629461007219197,10.501345636944578,10.584001172241392,17999400
2011-11-03,10.831965446472168,10.844364012380822,10.57160186848284,10.695584374523179,23279200
2011-11-04,10.765839576721191,10.798901625473347,10.662520575838027,10.749308946475823,11387800
2011-11-07,10.831965446472168,10.844364012380822,10.650124542714547,10.757576415804897,12765000
2011-11-08,10.955948829650879,10.968347395660112,10.803036335249894,10.914621064548324,14476200
2011-11-09,10.575735092163086,10.76584171314833,10.546805892296772,10.7451782241757,20789600
2011-11-10,10.608796119689941,10.712115131066641,10.517875673452586,10.707982276020193,11454200
2011-11-11,10.811304092407227,10.844366153095317,10.703852198105512,10.707985054224237,9877200
2011-11-14,10.728644371032715,10.83609622351482,10.699715177722418,10.786503545914709,6522000
2011-11-15,10.873297691345215,10.910492616134984,10.707987352425054,10.712120209430791,15485600
2011-11-16,10.712117195129395,10.885693199218176,10.691453704177112,10.78650702377625,17483000
2011-11-17,10.50547981262207,10.691454396278099,10.41869141082869,10.683188684057452,24996600
2011-11-18,10.418686866760254,10.517873793624624,10.406289092098227,10.497209522085647,14593800
2011-11-21,10.236846923828125,10.31123673150975,10.141793631017794,10.302971022153697,18826000
2011-11-22,10.220317840576172,10.274044175406178,10.137663092912362,10.21618498495374,14135600
2011-11-23,9.976483345031738,10.158325023193223,9.976483345031738,10.13766153651506,25073600
2011-11-25,9.922760009765625,10.06740681341175,9.922760009765625,9.947556356937008,14131800
2011-11-28,10.249246597290039,10.265778019063006,10.170724708653173,10.174857564096415,19591800
2011-11-29,10.19552230834961,10.323637689817692,10.170725960898746,10.257513571107607,9531000
2011-11-30,10.588133811950684,10.596398734702568,10.435221311247794,10.46415051153336,27460600
2011-12-01,10.645987510681152,10.666650990827142,10.559199159893272,10.559199159893272,15959400
2011-12-02,10.637728691101074,10.753446304323397,10.62119805393317,10.724517098083254,11084800
2011-12-05,10.757577896118164,10.840232648765042,10.70385155804912,10.786507098957655,12168000
2011-12-06,10.753446578979492,10.811304992937552,10.707985946148577,10.757579435442464,11733200
2011-12-07,10.765839576721191,10.80716733472674,10.621193606093897,10.712114043096971,11650600
2011-12-08,10.59639835357666,10.774107192666637,10.579867720405868,10.707983083460352,13632200
2011-12-09,10.761710166931152,10.78237365690409,10.617063372335744,10.62532829536795,16561200
2011-12-12,10.625329971313477,10.670790602338435,10.546808066421672,10.666657746039645,116342000
2011-12-13,10.526141166687012,10.732779200657589,10.493079112782182,10.699717146752757,23459600
2011-12-14,10.364968299865723,10.513748001842487,10.327773374371532,10.505482287674468,27793400
2011-12-15,10.340166091918945,10.476547145436568,10.331900382430256,10.468281435947876,18948000
2011-12-16,10.36880874633789,10.497485488117722,10.339752963262029,10.39371438186924,39399000
2011-12-19,10.269187927246094,10.426920442085693,10.23598120702365,10.402014808135865,20306400
2011-12-20,10.559747695922852,10.572199721626884,10.406166114650722,10.406166114650722,17925600
2011-12-21,10.385412216186523,10.493334258706025,10.265037356245687,10.493334258706025,18212600
2011-12-22,10.505784034729004,10.505784034729004,10.418616706577566,10.418616706577566,9373800
2011-12-23,10.609560012817383,10.609560012817383,10.50578888376323,10.50578888376323,9490600
2011-12-27,10.6261625289917,10.659369254731548,10.580502984207861,10.588804863570521,5578000
2011-12-28,10.518241882324219,10.630314893610548,10.493337032608666,10.626163953372807,9702600
2011-12-29,10.5971040725708,10.613707035401552,10.526539699191279,10.54314266202203,11777800
2011-12-30,10.563897132873535,10.630310566220002,10.563897132873535,10.58465103390284,7502600
2012-01-03,10.71332836151123,10.800496498984199,10.705027275041497,10.738233996052466,53679800
2012-01-04,10.742384910583496,10.763139607516692,10.65106661920964,10.709178187201118,9488600
2012-01-05,10.775588989257812,10.796343681097078,10.680119781928815,10.729930250632512,13513800
2012-01-06,10.779739379882812,10.80464500882442,10.729929705420599,10.783890318039747,9978400
2012-01-09,10.763136863708496,10.825399355214257,10.734081087119844,10.817097478557347,8173200
2012-01-10,10.80049991607666,10.887667289417209,10.80049991607666,10.866913379110677,11466200
2012-01-11,10.833704948425293,10.862760734981672,10.77144243556008,10.779743523354185,8307600
2012-01-12,10.887663841247559,10.895965719425302,10.79634555642441,10.858608059336133,9731000
2012-01-13,10.825399398803711,10.83785221383922,10.746533153666567,10.821248460458541,11943000
2012-01-17,10.875205039978027,10.9499195218954,10.85029942096205,10.900109867283819,11066200
2012-01-18,11.032943725585938,11.045396543059185,10.90011683938074,10.904267778538488,14418800
2012-01-19,11.111808776855469,11.136713617380858,11.078602058918081,11.091054083325472,14850400
2012-01-20,11.124258041381836,11.140861792086513,11.086900394006722,11.091051331682891,26720600
2012-01-23,11.161619186401367,11.21973154036762,11.091054807215006,11.140865283227415,58044400
2012-01-24,11.153316497802734,11.174070397995052,11.099355090565838,11.111807905707556,11501800
2012-01-25,11.240483283996582,11.27368999772156,11.140863142821651,11.257087036714324,35868400
2012-01-26,11.165769577026367,11.290295365086587,11.120110833943842,11.27784254876738,17425800
2012-01-27,11.165769577026367,11.194825356727232,11.124260981006293,11.124260981006293,16520400
2012-01-30,11.198978424072266,11.215582182320391,11.062000585368295,11.070302464492359,15382400
2012-01-31,11.219730377197266,11.277841933428329,11.15331694387303,11.273690994881742,16178600
2012-02-01,11.331804275512695,11.381614753940992,11.286145527973344,11.327654128045141,17944800
2012-02-02,11.360859870910645,11.406518614516047,11.331803299166408,11.373311895661832,12041000
2012-02-03,11.50613784790039,11.526892540338194,11.435573477032987,11.45632816947079,14786400
2012-02-06,11.51028823852539,11.518590115105361,11.443874809306669,11.472930585626044,13401200
2012-02-07,11.539342880249023,11.568399445421964,11.452175559861551,11.506136168904685,14776000
2012-02-08,11.60991096496582,11.622363782605895,11.526894555830772,11.56425221704029,22989800
2012-02-09,11.72198486328125,11.738588621430301,11.626515629056497,11.6638732931811,18972800
2012-02-10,11.634818077087402,11.65972292381809,11.593309471395717,11.643119164857096,12739000
2012-02-13,11.709532737731934,11.734438376429623,11.643119284626385,11.71783461729783,16844000
2012-02-14,11.730284690856934,11.738586568479551,11.634815473328706,11.697077972077087,13086000
2012-02-15,11.668020248413086,11.863109589782256,11.647265557813924,11.788394287046257,24426200
2012-02-16,11.838207244873047,11.850659270143368,11.65141894871164,11.668022704686281,20095600
2012-02-17,11.838207244873047,11.875564904105328,11.796698646647105,11.875564904105328,18570000
2012-02-21,11.888015747070312,11.94197715691058,11.817451374617287,11.854809030134216,19440800
2012-02-22,11.84650993347168,11.90047056066026,11.821604297805521,11.871414777427123,16206000
2012-02-23,11.892167091369629,11.91292178498188,11.767642096538566,11.834055532676548,11013400
2012-02-24,11.962735176086426,11.983489876135076,11.92952844771944,11.93367938772917,10992000
2012-02-27,11.983487129211426,12.016693849966577,11.842358368074366,11.90462087052644,17053000
2012-02-28,12.070652961730957,12.070652961730957,11.971032811948886,11.99593765146676,20220200
2012-02-29,12.016693115234375,12.124614357307024,11.971033580096284,12.078955613879558,20911600
2012-03-01,12.087257385253906,12.10801128738302,12.024994095445331,12.078955507718014,27944800
2012-03-02,12.070652961730957,12.116312493939205,12.037446245136934,12.078954838807107,17570800
2012-03-05,11.96688461303711,12.078957604090718,11.921225070375842,12.058202906648889,14492400
2012-03-06,11.850661277770996,11.875566915952236,11.784247826042611,11.850661277770996,28072800
2012-03-07,11.937828063964844,11.954431029144484,11.883866645781927,11.900470402672273,21582000
2012-03-08,12.058205604553223,12.08311124705581,11.975189171344068,12.000094022135722,14517800
2012-03-09,12.112164497375488,12.124616524303663,12.070655893623117,12.074806833169431,12731600
2012-03-12,12.128762245178223,12.141215058459062,12.070650699955156,12.103857410326968,11853600
2012-03-13,12.369512557983398,12.369512557983398,12.186876025167532,12.199328048212397,38024200
2012-03-14,12.415176391601562,12.469137815873749,12.336310120894177,12.37781872609337,25483600
2012-03-15,12.448383331298828,12.477439117924241,12.394422697810318,12.464987090348096,24901000
2012-03-16,12.442547798156738,12.480025416358501,12.421727252157055,12.480025416358501,18957600
2012-03-19,12.534165382385254,12.563314476754815,12.438389559670057,12.467538654039616,17861600
2012-03-20,12.5216703414917,12.538327417736282,12.425894535844684,12.459207894080738,11426200
2012-03-21,12.517509460449219,12.596629005519446,12.513345190260962,12.54249508157876,17650000
2012-03-22,12.488359451293945,12.521672816113622,12.442553276821913,12.463374626242503,15001800
2012-03-23,12.488359451293945,12.509180800714535,12.42173272165459,12.509180800714535,19023200
2012-03-26,12.671576499938965,12.675740767570323,12.542487380378194,12.571636459544868,24374400
2012-03-27,12.6674165725708,12.717387007015743,12.65908803445446,12.684072854550374,12876000
2012-03-28,12.62160587310791,12.713218170971444,12.559143448180025,12.667412022039677,12979000
2012-03-29,12.596627235412598,12.613284313824934,12.50501568690439,12.55498533363497,11474400
2012-03-30,12.559146881103516,12.650758409755365,12.521669257052068,12.63826639790691,16014600
2012-04-02,12.692401885986328,12.709058962866429,12.529999357671063,12.55498417873807,32815600
2012-04-03,12.684070587158203,12.750698085925562,12.617443882643814,12.713220465354595,13552400
2012-04-04,12.534165382385254,12.588299301321115,12.45504584462984,12.579970761714598,18419600
2012-04-05,12.563315391540527,12.575808201859957,12.480031577917622,12.492524388237051,10119800
2012-04-09,12.47586727142334,12.53833052858499,12.400912792485315,12.409240538420669,13779800
2012-04-10,12.300971984863281,12.530001267093999,12.27182209588101,12.48003082309194,28745800
2012-04-11,12.371761322021484,12.434224571206933,12.342612229336652,12.400911208959524,18613200
2012-04-12,12.525834083557129,12.53832689021496,12.388416387333303,12.400909193991133,18139000
2012-04-13,12.330118179321289,12.492520694184705,12.317625372695996,12.492520694184705,21060800
2012-04-16,12.201029777526855,12.405075007072442,12.180209224758453,12.400910737668125,40978000
2012-04-17,12.467535972595215,12.488356522880295,12.23850594819392,12.242670217101553,20538200
2012-04-18,12.375925064086914,12.430059771839833,12.33428395874242,12.396746411012334,14212800
2012-04-19,12.238505363464355,12.446714033379722,12.167714383923007,12.334281955257737,38465200
2012-04-20,12.192700386047363,12.338445824246024,12.180207579521877,12.288476186650216,23242600
2012-04-23,12.096925735473633,12.130239097309495,11.992821380454917,12.096925735473633,31060600
2012-04-24,12.071937561035156,12.159385607983667,12.026131403383413,12.08443036610008,19248800
2012-04-25,12.413400650024414,12.425893456122314,12.33428192749684,12.33428192749684,28710400
2012-04-26,12.509180068969727,12.534164892559641,12.409239186103632,12.409239186103632,18953600
2012-04-27,12.505013465881348,12.54665456600986,12.455043033772832,12.525834015945604,11353200
2012-04-30,12.417564392089844,12.49668390551497,12.400908112252084,12.488355368469588,20123600
2012-05-01,12.459210395812988,12.584135315719061,12.392583665962645,12.409239951298597,23355800
2012-05-02,12.467535972595215,12.471700241502846,12.363431632663648,12.392580720763995,12842600
2012-05-03,12.363433837890625,12.492523020040137,12.330120474940648,12.488358750389738,18397800
2012-05-04,12.10525131225586,12.275982349167215,12.101087043763753,12.255161800959685,24187200
2012-05-07,12.071937561035156,12.134399997853821,12.009475124216491,12.030295671738388,16165400
2012-05-08,12.03029727935791,12.063610636396424,11.876223300899692,12.009476729053745,20341600
2012-05-09,12.03029727935791,12.08859624986512,11.859566225253895,11.905372389026756,20923600
2012-05-10,11.938688278198242,12.055285449689226,11.913703453683476,12.046956910099887,17288600
2012-05-11,11.947017669677734,12.076106865504267,11.897047222831779,11.913704303198198,14323000
2012-05-14,11.842906951904297,11.934518462052477,11.826249880466692,11.863727496948421,28108600
2012-05-15,11.809593200683594,11.951175126065067,11.784607594378967,11.872055627939455,16883200
2012-05-16,11.713822364807129,11.872061438505613,11.701330349793679,11.863732898994483,25618800
2012-05-17,11.54725456237793,11.751298997502793,11.543090292977034,11.730478444751489,22552600
2012-05-18,11.438987731933594,11.630540183103948,11.414002905869042,11.593062546880471,25196200
2012-05-21,11.722149848937988,11.726314118318632,11.438985885079639,11.463971501363496,17104400
2012-05-22,11.684671401977539,11.792940015546494,11.618044685050968,11.759626657083208,15628600
2012-05-23,11.697165489196777,11.730478851305344,11.488956777454938,11.597225402871079,17437400
2012-05-24,11.630537033081055,11.73464137344984,11.543088974159673,11.730477104524718,16600800
2012-05-25,11.605548858642578,11.651354215070509,11.580563252315137,11.622205135274683,10010400
2012-05-29,11.759624481201172,11.809594906776635,11.67634149757936,11.726311128901854,14668400
2012-05-30,11.684671401977539,11.722149029530375,11.618044685050968,11.655522312603804,11103000
2012-05-31,11.630537033081055,11.705492285227074,11.547253243084795,11.663850390228943,23844200
2012-06-01,11.326550483703613,11.497281507224445,11.326550483703613,11.430654805082312,24028600
2012-06-04,11.393178939819336,11.418163758405798,11.25992551502078,11.364029852426285,15706600
2012-06-05,11.463969230651855,11.476461242066271,11.351536362404012,11.364029168071443,14268000
2012-06-06,11.726313591003418,11.738806398583563,11.538925448566912,11.543089717760294,17740600
2012-06-07,11.668012619018555,11.842907912028041,11.659684082624544,11.838743643831036,13362200
2012-06-08,11.797103881835938,11.805432419730668,11.6263728262594,11.659686183585235,15210200
2012-06-11,11.630537033081055,11.901208159189277,11.609715688455447,11.892879621339034,27117400
2012-06-12,11.747133255004883,11.759626061640967,11.588895008879865,11.655521722432828,16018800
2012-06-13,11.676342964172363,11.788775045896356,11.643028813435691,11.730476870613318,22709000
2012-06-14,11.734638214111328,11.776280097898137,11.609712562750902,11.684667794716583,21162400
2012-06-15,11.859635353088379,11.888897631230249,11.763486842617166,11.780208600033822,29203400
2012-06-18,11.947419166564941,11.993403190496236,11.80528745381101,11.822009206999509,17272400
2012-06-19,12.039387702941895,12.089552170528066,11.997584910180107,12.010125429073778,13112000
2012-06-20,12.060290336608887,12.097913489336685,11.964142634009933,12.056109897712778,18961600
2012-06-21,11.776025772094727,12.068650088833651,11.75930401806982,12.051928334808744,12344600
2012-06-22,11.905618667602539,11.918159985745397,11.792749196328664,11.817831832614381,28528600
2012-06-25,11.663154602050781,11.796925425146604,11.642253209943433,11.796925425146604,10928800
2012-06-26,11.709141731262207,11.73840400691891,11.625534545954014,11.696600414264815,11241000
2012-06-27,11.780208587646484,11.813651305107351,11.730044112786544,11.759306390897644,14875400
2012-06-28,11.68405818939209,11.71750089916718,11.550286552954644,11.700779145611087,21093800
2012-06-29,12.010123252868652,12.026845004813156,11.855451034067082,11.884713302632946,17999400
2012-07-02,12.077008247375488,12.081188685216716,11.985041006879417,12.043565541982645,16942800
2012-07-03,12.173161506652832,12.173161506652832,12.06029203259708,12.068652911565055,6851000
2012-07-05,12.173161506652832,12.23586650423804,12.093734751131676,12.143898430264919,14129200
2012-07-06,11.993404388427734,12.093732525568523,11.909797208808499,12.093732525568523,13804400
2012-07-09,11.968323707580566,11.993406343958368,11.897257832518038,11.964144065521554,14639400
2012-07-10,11.834552764892578,12.056111267536894,11.792749168518915,12.01430767116323,14580200
2012-07-11,11.780208587646484,11.855454901267754,11.684060874613651,11.826192623156654,15684200
2012-07-12,11.663154602050781,11.713319059380215,11.567006922617784,11.696597307824737,19515800
2012-07-13,11.817831993103027,11.847094271829802,11.684061120445037,11.688240762545465,13778800
2012-07-16,11.805288314819336,11.863812860573363,11.780206480544344,11.8178296306254,9420600
2012-07-17,11.851273536682129,11.888896690555502,11.704961360212035,11.880535812508704,16763800
2012-07-18,12.056108474731445,12.085370746213199,11.842910900216676,11.851271777022063,16260400
2012-07-19,12.160619735717773,12.20242333166488,12.114635700442228,12.13135745775598,19684800
2012-07-20,12.022666931152344,12.152257344858862,12.014306053535877,12.139716825771337,31410600
2012-07-23,11.905618667602539,11.947422264074783,11.725863760907988,11.817831832614381,13050200
2012-07-24,11.784387588500977,11.93905983887549,11.709141284064863,11.909797564336376,15751800
2012-07-25,11.738402366638184,11.813648663433476,11.671516946672835,11.700779218240537,16461200
2012-07-26,11.91816234588623,11.968326033716957,11.8512768972203,11.909801465468629,14088000
2012-07-27,12.177335739135742,12.198237927270085,11.951597688643488,11.985040392321487,18278200
2012-07-30,12.181520462036133,12.273488527506307,12.156438624788462,12.194061779328582,17853000
2012-07-31,12.231684684753418,12.298570114276476,12.206602848016573,12.214962928704045,17480600
2012-08-01,12.18988037109375,12.311110703270852,12.148076780779675,12.311110703270852,18240600
2012-08-02,12.110455513000488,12.248406824359114,12.047750516444257,12.089554113260842,13260800
2012-08-03,12.348733901977539,12.386356256332997,12.265126721030107,12.31947083050992,16377200
2012-08-06,12.4365234375,12.490867558835435,12.38635895852031,12.394719837906482,22640400
2012-08-07,12.520129203796387,12.570292879697654,12.46160385212857,12.478325608987161,15374800
2012-08-08,12.524310111999512,12.557753629098148,12.474146431026222,12.495047831875537,17118400
2012-08-09,12.56611156463623,12.587013759252605,12.515947892231324,12.545210167357052,8787600
2012-08-10,12.595376968383789,12.599557408345463,12.499229241277495,12.524311083710138,22866200
2012-08-13,12.632997512817383,12.63717795191276,12.545210683826138,12.595374358296212,10418400
2012-08-14,12.607916831970215,12.674802268956478,12.570293673998279,12.670621829477675,12665400
2012-08-15,12.612098693847656,12.641360976162199,12.591197291433668,12.612098693847656,11301600
2012-08-16,12.783489227294922,12.804390623957156,12.662259691447051,12.678980649309404,14334000
2012-08-17,12.854552268981934,12.858732706863668,12.791847295429909,12.804387811738115,16269800
2012-08-20,12.867096900939941,12.883817859442074,12.800211472257011,12.84201426718094,16192600
2012-08-21,12.783489227294922,12.942341915004551,12.745866075433161,12.917260079542435,20252400
2012-08-22,12.804390907287598,12.837833621089482,12.708243204774325,12.754227235253364,37100000
2012-08-23,12.699885368347168,12.779312131649146,12.670623086429963,12.750049849731939,14113800
2012-08-24,12.779308319091797,12.800210512323435,12.628815717172577,12.658078787696871,12511800
2012-08-27,12.791851997375488,12.842015675721147,12.76677015820266,12.833655594221732,9647400
2012-08-28,12.762588500976562,12.808571735516143,12.72496534713868,12.779309459717169,15733800
2012-08-29,12.78766918182373,12.825292332260696,12.737504715462062,12.779308304540596,9583000
2012-08-30,12.64553451538086,12.74586262742576,12.637173640042878,12.729141674086755,12042200
2012-08-31,12.745865821838379,12.787669411668286,12.612094972252402,12.741685383121673,13221200
2012-09-04,12.745865821838379,12.78348897295158,12.620455849685815,12.73332450568826,13611800
2012-09-05,12.733322143554688,12.796027915335703,12.704059875303287,12.73750258149589,17578600
2012-09-06,13.017587661743164,13.021768100364177,12.808570514715369,12.82529226919942,15790800
2012-09-07,12.996686935424805,13.021768771105688,12.950702905562203,12.97996518007943,16006200
2012-09-10,12.858735084533691,13.009227686755283,12.858735084533691,12.971604536199886,12528400
2012-09-11,12.892178535461426,12.959063963096886,12.871277138326791,12.87963721877833,10634400
2012-09-12,12.963245391845703,12.975786709486437,12.883818641462238,12.946523634991394,10383200
2012-09-13,13.138814926147461,13.188978583228613,12.96742096933578,12.97578184462829,17639000
2012-09-14,13.201521873474121,13.26004641461351,13.15971828808724,13.172259602904425,20608200
2012-09-17,13.214068412780762,13.222428495293832,13.168084370940623,13.209887972855531,7630800
2012-09-18,13.22242546081543,13.22242546081543,13.180622665831434,13.184803104797275,10617800
2012-09-19,13.234965324401855,13.268408035119082,13.18898129816425,13.214063929205007,34489800
2012-09-20,13.209882736206055,13.22660369194108,13.142997318591812,13.188980544865935,14270400
2012-09-21,13.226673126220703,13.306427964035144,13.201487682932756,13.268649398787819,17937800
2012-09-24,13.14272403717041,13.163712579288635,13.092353137348704,13.125934004106847,9361400
2012-09-25,12.95803165435791,13.184702339523833,12.953833945291542,13.172109212324726,10879600
2012-09-26,12.865675926208496,12.941233042744646,12.79431651621665,12.932837629656039,14782000
2012-09-27,13.033584594726562,13.062968550478718,12.869877987262058,12.882471111155839,9697200
2012-09-28,12.94123649597168,13.046176785689463,12.920248758280472,13.000002802011759,16246800
2012-10-01,12.911855697631836,13.062969998585393,12.87827483082338,12.991610556538548,29855000
2012-10-02,12.928645133972168,12.99160995688389,12.832100246432965,12.970621415702988,15035400
2012-10-03,12.995805740356445,13.025189695468006,12.911853984787582,12.970620293748878,10537400
2012-10-04,13.033584594726562,13.058770842514125,12.949632837327478,13.00839914756993,7925600
2012-10-05,12.966424942016602,13.104946124475402,12.932844073560863,13.092353799198913,9157800
2012-10-08,12.832100868225098,12.91185572731516,12.811113126658196,12.87407715198992,35163800
2012-10-09,12.668394088745117,12.815310679826437,12.630615513877606,12.806915263048987,30969400
2012-10-10,12.618019104003906,12.693576234069987,12.592833660858812,12.672588498220877,26970200
2012-10-11,12.567649841308594,12.714566413124695,12.567649841308594,12.710368705286417,13798800
2012-10-12,12.55925464630127,12.634811787456018,12.534069199459994,12.571847770037367,14276400
2012-10-15,12.62221908569336,12.639009917902824,12.51308107822468,12.588638221905377,10338200
2012-10-16,12.794320106506348,12.806913229673091,12.639008923937617,12.639008923937617,22450400
2012-10-17,12.727153778076172,12.76913003947596,12.664189786291784,12.68937522287942,21197000
2012-10-18,12.580245018005371,12.739754749520888,12.534071822571795,12.693580753456224,24502400
2012-10-19,12.294809341430664,12.571851746199025,12.294809341430664,12.571851746199025,25686400
2012-10-22,12.378756523132324,12.40813967625704,12.26961852536133,12.294804771437551,12177800
2012-10-23,12.244431495666504,12.361964893589144,12.227640667121511,12.294803180670712,21124000
2012-10-24,12.173072814941406,12.315791663718771,12.152085078616249,12.282210805220029,12784600
2012-10-25,12.147889137268066,12.265421758784987,12.101715149883027,12.248631727410114,10469800
2012-10-26,12.168875694274902,12.223445092360697,12.055539991140583,12.131097126563462,19385400
2012-10-31,12.11850357055664,12.181467576788014,12.080725006691662,12.164676748123233,38869000
2012-11-01,12.3157958984375,12.328389024941163,12.156286165248808,12.181472418256137,12538200
2012-11-02,12.156283378601074,12.370361676302508,12.14369105561511,12.353571645444251,18269000
2012-11-05,12.223443984985352,12.252827134847665,12.135293734767624,12.164676884629937,12036400
2012-11-06,12.278011322021484,12.366160762594799,12.248628175163713,12.278011322021484,12140800
2012-11-07,11.971587181091309,12.152084588478496,11.938006323947004,12.14788688125661,20196800
2012-11-08,11.799487113952637,12.047146276049107,11.795289406045638,12.00936770551704,18926800
2012-11-09,11.854058265686035,11.971591710474605,11.782698817177097,11.79109423479723,28790800
2012-11-12,11.83726692199707,11.91702097867507,11.795290639169647,11.900230945922702,10224000
2012-11-13,11.778498649597168,11.887636653982971,11.715534631852146,11.749115494691553,20176000
2012-11-14,11.660965919494629,11.858253386728109,11.635779672130504,11.8330679399949,30501800
2012-11-15,11.593806266784668,11.715536614946272,11.556027689616673,11.669362620489599,17899000
2012-11-16,11.610596656799316,11.65257294389896,11.421703765166463,11.606398948026243,17345200
2012-11-19,11.929611206054688,11.938006620707156,11.744916086854381,11.753311501506852,21953600
2012-11-20,11.879242897033691,11.91702147308261,11.770105678037964,11.912823764562615,29239400
2012-11-21,11.917017936706543,11.942204180352494,11.86664705067624,11.883437079142741,20198200
2012-11-23,12.110109329223633,12.118504744369213,11.97578588941777,11.992575919078075,16571000
2012-11-26,12.16467571258545,12.16467571258545,12.042945417651387,12.089118591287413,16138400
2012-11-27,12.110109329223633,12.189864171844935,12.080726176844957,12.152085604320678,21487800
2012-11-28,12.181467056274414,12.189862470248068,11.963191096743849,12.030352807271601,22532200
2012-11-29,12.240234375,12.282210647742934,12.185665780875755,12.240234375,27040800
2012-11-30,12.227640151977539,12.26122100702201,12.185664683645003,12.23603556589634,12603600
2012-12-03,12.210848808288574,12.336776800971048,12.198255688768066,12.319986775574357,15813000
2012-12-04,12.189862251281738,12.219245399030976,12.126897448241106,12.210849985208128,21323600
2012-12-05,12.068131446838379,12.164676306261706,11.992574321852905,12.164676306261706,25176600
2012-12-06,12.139493942260742,12.168877098174883,11.984181945903348,12.03455364220684,19477800
2012-12-07,12.076531410217285,12.21085488273436,12.026159707707858,12.19826175694924,47442800
2012-12-10,12.105914115905762,12.164680432771094,12.03875238216509,12.04714779904043,27452400
2012-12-11,12.269620895385742,12.340980338457214,12.181471418984469,12.202459160804478,19842000
2012-12-12,12.248631477355957,12.336780941694087,12.219248322576581,12.328386326493494,13110000
2012-12-13,12.160481452941895,12.286410291012922,12.118505974215823,12.23184088765953,17561400
2012-12-14,12.042948722839355,12.118505864874054,12.009367859782927,12.080727293856706,18332200
2012-12-17,12.189862251281738,12.194059157562434,12.038748004993389,12.042945711904812,17626200
2012-12-18,12.370360374450684,12.382953496742266,12.202456080383733,12.244432354058178,22085000
2012-12-19,12.307398796081543,12.40814139242751,12.303201087821588,12.399746776538585,18421600
2012-12-20,12.328384399414062,12.349372135081282,12.244431855483594,12.315791277635254,14209600
2012-12-21,12.221999168395996,12.238885794710795,12.124898047446946,12.167115821089526,27099200
2012-12-24,12.188222885131836,12.209331365480486,12.162891742429164,12.188222885131836,5188600
2012-12-26,12.120674133300781,12.226218146883282,12.070013457713856,12.188223042811549,8450000
2012-12-27,12.10800838470459,12.141782434101438,11.951802902971131,12.112230241533803,21490400
2012-12-28,11.972912788391113,12.095343421639276,11.960247217267415,12.010908696525311,16506800
2012-12-31,12.179778099060059,12.230438769533373,11.926472330982964,11.943359757965295,30372600
2013-01-02,12.585071563720703,12.593515280485963,12.445753458042509,12.504858670162182,30083000
2013-01-03,12.504853248596191,12.61039724669116,12.466857344863058,12.576623199510243,19579400
2013-01-04,12.454194068908691,12.50485555162885,12.411976300848051,12.492189979639573,13665800
2013-01-07,12.437305450439453,12.466858448922158,12.365536298406361,12.416196971045823,15376000
2013-01-08,12.390867233276367,12.462637194013235,12.32331912966954,12.43730605123299,11130400
2013-01-09,12.41197681427002,12.437307154059413,12.386646474480624,12.403533099261226,23198600
2013-01-10,12.475303649902344,12.504856653815478,12.369759623066496,12.500634796113602,19470600
2013-01-11,12.492191314697266,12.509077940584048,12.445751684343799,12.471082831029529,10115800
2013-01-14,12.41197681427002,12.44152901156381,12.365537992195627,12.407754956765624,19463000
2013-01-15,12.331764221191406,12.357095368454804,12.285325395015953,12.357095368454804,16168400
2013-01-16,12.373980522155762,12.424642005416512,12.323319844131971,12.340206468394248,17444800
2013-01-17,12.424642562866211,12.471082190835734,12.411976990173525,12.437307330321902,12706200
2013-01-18,12.407752990722656,12.411974847558088,12.344426748664898,12.378200798111493,15481000
2013-01-22,12.441526412963867,12.441526412963867,12.348647982977155,12.416196078465093,12799000
2013-01-23,12.57240104675293,12.618839857259596,12.538627000367727,12.555513620941937,18974600
2013-01-24,12.35709285736084,12.471080581171437,12.340205429283614,12.373979480201173,26757000
2013-01-25,12.369760513305664,12.449974204940172,12.352873886519866,12.403534572114339,32417000
2013-01-28,12.41197681427002,12.454194584077,12.361316134691231,12.386646474480624,14428400
2013-01-29,12.42886734008789,12.458419544742588,12.33176620377465,12.390871418321227,13582800
2013-01-30,12.390867233276367,12.479523817296485,12.373979804756205,12.42041942794974,11926600
2013-01-31,12.41197681427002,12.50485606889277,12.399312046993813,12.433086101792,10834600
2013-02-01,12.55129337310791,12.58084556682788,12.471080505935673,12.517519322394104,14645000
2013-02-04,12.386650085449219,12.52596820276052,12.378206367978905,12.509080767819892,21763600
2013-02-05,12.530184745788574,12.576624366936901,12.42041888095236,12.433084451784689,19259200
2013-02-06,12.525967597961426,12.57662909509997,12.475306100822884,12.475306100822884,14869600
2013-02-07,12.525967597961426,12.551297943912108,12.40775797479628,12.538633173555356,19868600
2013-02-08,12.635729789733887,12.665281985528877,12.57240354085363,12.576625398143907,18265200
2013-02-11,12.661059379577637,12.673724950699539,12.610398705563826,12.65261566549637,12871200
2013-02-12,12.618841171264648,12.673724505628618,12.597732692039656,12.648393364274385,10737800
2013-02-13,12.614623069763184,12.665284562316778,12.576627956894372,12.635732360509309,17994600
2013-02-14,12.580849647521973,12.597737080974886,12.521745240911068,12.542853727490064,12739000
2013-02-15,12.57240104675293,12.635727283070588,12.534405143914979,12.58928766732714,10023400
2013-02-19,12.656837463378906,12.656837463378906,12.59351121853918,12.59351121853918,9237200
2013-02-20,12.483747482299805,12.66106148125524,12.479525624558363,12.652617765772355,13324400
2013-02-21,12.382425308227539,12.4499734215948,12.340207536063744,12.441529706114634,33263200
2013-02-22,12.534407615661621,12.538629472946907,12.420419884669736,12.466859509570936,17345400
2013-02-25,12.35709285736084,12.644172692778541,12.348649143322227,12.60195492782237,16158600
2013-02-26,12.42886734008789,12.454197686186605,12.33176620377465,12.390871418321227,15219000
2013-02-27,12.534407615661621,12.59773386446702,12.39931140348025,12.411976170099164,16499400
2013-02-28,12.509075164794922,12.618841027031369,12.509075164794922,12.538628162703734,13330400
2013-03-01,12.530184745788574,12.559736939160462,12.390866687580472,12.44997107432425,11010400
2013-03-04,12.5681791305542,12.576622843419557,12.475299899508828,12.492187325239543,9996800
2013-03-05,12.741275787353516,12.77082798774342,12.639953612343668,12.639953612343668,24873600
2013-03-06,12.732832908630371,12.787716260309061,12.711724422746025,12.783494402084767,14349800
2013-03-07,12.762385368347168,12.783494659894354,12.720167590489936,12.737055023727683,10654000
2013-03-08,12.787714004516602,12.821488059115978,12.749718092437682,12.821488059115978,11980400
2013-03-11,12.81726360321045,12.82570651122094,12.724384367963708,12.762380272339772,10737000
2013-03-12,12.77082633972168,12.804600393699895,12.715943803970942,12.783491911927372,9704200
2013-03-13,12.762385368347168,12.813046862823274,12.720167590489936,12.766607226656605,10970800
2013-03-14,12.855262756347656,12.863705666491827,12.804601269297544,12.804601269297544,11512200
2013-03-15,12.80185317993164,12.865438380095833,12.767941019275424,12.856960137799359,19710200
2013-03-18,12.80609130859375,12.861199074199545,12.683160031179478,12.700115706999178,12344800
2013-03-19,12.789133071899414,12.865435619133558,12.683157491525217,12.840001706232016,14551600
2013-03-20,12.852717399597168,12.882390430754464,12.814566128529371,12.86119563950767,14613800
2013-03-21,12.708593368530273,12.759462010724585,12.678920330804274,12.725549852104924,11593600
2013-03-22,12.789133071899414,12.806088744323938,12.729787005619308,12.742503557805323,6818400
2013-03-25,12.7594575881958,12.865433148216482,12.712828083057307,12.84423755109473,9150200
2013-03-26,12.840001106262207,12.844239417773162,12.793371594346956,12.823044626100488,8449600
2013-03-27,12.80609130859375,12.814569550768438,12.729789554610585,12.75098435151763,14460800
2013-03-28,12.831523895263672,12.844240447875348,12.755221345475459,12.776416138847944,14831800
2013-04-01,12.746743202209473,12.844240546115893,12.71283104743639,12.844240546115893,9260000
2013-04-02,12.797612190246582,12.852719140068317,12.767939155071065,12.793373069717283,8435600
2013-04-03,12.69587516784668,12.831523784733012,12.674679566127232,12.810328183013564,16947400
2013-04-04,12.700117111206055,12.725551840542346,12.640771026480905,12.69587879817977,11271400
2013-04-05,12.602618217468262,12.623813822686154,12.492403495924217,12.52631565574318,14025000
2013-04-08,12.657726287841797,12.657726287841797,12.564467239692753,12.611096763767275,12646000
2013-04-09,12.746743202209473,12.780655356982557,12.63228937665174,12.687397133488965,11940200
2013-04-10,12.97141170501709,12.984128257698682,12.772177088690329,12.780655329497755,21103800
2013-04-11,12.9290189743042,12.950213763965069,12.873912036068297,12.903585065005275,12486400
2013-04-12,12.87391471862793,12.907826874269295,12.789133925259732,12.869675598106564,11499000
2013-04-15,12.66196346282959,12.852719033894793,12.66196346282959,12.82728511945868,32840200
2013-04-16,12.818805694580078,12.835762174991167,12.721308357804773,12.755220510097464,16621000
2013-04-17,12.555986404418945,12.71282980167642,12.500878652981857,12.704351561681566,24093000
2013-04-18,12.42457389831543,12.615330221594666,12.390661752902378,12.61109110235187,31544800
2013-04-19,12.441533088684082,12.488161793465542,12.33555751008972,12.399142695540437,17220000
2013-04-22,12.539031028747559,12.57294318318417,12.42457720432542,12.483924080986643,14642600
2013-04-23,12.6746826171875,12.72131214366545,12.560228765939655,12.598380049688936,24907600
2013-04-24,12.69587516784668,12.729787322068262,12.581421344150263,12.594137896652397,11095800
2013-04-25,12.738266944885254,12.806091264992482,12.70859390590455,12.725550390196194,12937600
2013-04-26,12.734025001525879,12.772175463245,12.68315637168465,12.717068522068988,10734200
2013-04-29,12.916301727294922,12.950213876163764,12.763697461649837,12.763697461649837,16512000
2013-04-30,13.056193351745605,13.060432472689667,12.903589040407562,12.933262078486358,26792000
2013-05-01,12.941743850708008,13.056196913300383,12.929026484406691,13.039241233428497,17378400
2013-05-02,13.107057571411133,13.124013240935845,12.95445250304185,12.95869162255537,12827000
2013-05-03,13.22999095916748,13.259664800597832,13.200317926266637,13.21727440708398,20859400
2013-05-06,13.293574333190918,13.310530002136348,13.246944828664626,13.263901306139404,14483000
2013-05-07,13.2850980758667,13.323249347345692,13.217273772910591,13.302053747340992,12561000
2013-05-08,13.391074180603027,13.395313300771843,13.246947328981351,13.272381241464736,16986800
2013-05-09,13.352923393249512,13.43346506232722,13.31477211887215,13.365640754218475,20527800
2013-05-10,13.391074180603027,13.412268972917598,13.331728115298631,13.378356820096586,9388600
2013-05-13,13.357160568237305,13.395311837058319,13.33596496970929,13.378355358235908,9465800
2013-05-14,13.399553298950195,13.44618200680351,13.34444554167416,13.34444554167416,14746800
2013-05-15,13.441943168640137,13.446182289175743,13.361402304052335,13.391075339272005,12837600
2013-05-16,13.514004707336426,13.594546369169684,13.471615124978404,13.475854244920098,18301800
2013-05-17,13.64965534210205,13.653893653893796,13.530962398694983,13.564874552735642,34379200
2013-05-20,13.64965534210205,13.69628485710653,13.603025827097573,13.615742379531865,16182200
2013-05-21,13.607263565063477,13.64965476648855,13.556395740412379,13.619981734020495,16769000
2013-05-22,13.45889949798584,13.687807153132386,13.403792548707724,13.62846108336679,28816800
2013-05-23,13.45466136932373,13.501290889593795,13.314773617043159,13.344446654113337,34028800
2013-05-24,13.433464050292969,13.441941481770751,13.340205027272132,13.365639747293887,10553400
2013-05-28,13.497052192687988,13.624222586562615,13.467379154685885,13.581832994290837,12611800
2013-05-29,13.463138580322266,13.50552897654738,13.365641234975193,13.429226425048086,16462000
2013-05-30,13.5479154586792,13.603023203698468,13.458896374688743,13.47585285270371,17675000
2013-05-31,13.420746803283691,13.61574147391552,13.412268563205053,13.497049346932485,13932600
2013-06-03,13.488566398620605,13.492805517180246,13.344439601709642,13.43769859296332,20009200
2013-06-04,13.42922592163086,13.577591090062704,13.391074647311378,13.501289349953268,18547200
2013-06-05,13.297816276550293,13.429225770769206,13.280859795474552,13.395313617147243,15854600
2013-06-06,13.327486991882324,13.348681781011118,13.18759928145591,13.30205227469252,29453600
2013-06-07,13.450417518615723,13.463134876543513,13.32748629276443,13.395310584653972,13022800
2013-06-10,13.480095863342285,13.535203627574175,13.458901066963653,13.501291468250571,12782000
2013-06-11,13.340206146240234,13.47585557214605,13.323250473332967,13.357162627677038,14615200
2013-06-12,13.251184463500977,13.437701680332264,13.221511435295191,13.412266963130694,17901400
2013-06-13,13.403792381286621,13.429226295364256,13.204557763511428,13.225753365684081,15217200
2013-06-14,13.302053451538086,13.429224623149933,13.289336900347516,13.386834232612651,11558600
2013-06-17,13.424982070922852,13.505523711498931,13.369875143284004,13.386830810046247,13176800
2013-06-18,13.530961990356445,13.5648741433737,13.441942083355213,13.450420323741904,12637600
2013-06-19,13.374117851257324,13.547917737497764,13.365640419353275,13.543679425810494,22447400
2013-06-20,13.077386856079102,13.297816258588878,13.047713822766154,13.234230263170256,31563000
2013-06-21,12.998564720153809,13.113596460513808,12.909095317892007,13.096554360040292,24222200
2013-06-24,12.840933799743652,12.930403238644299,12.755725700318532,12.883538255762417,22370400
2013-06-25,12.947444915771484,12.998570427026019,12.86649734081942,12.97300807770497,16527600
2013-06-26,13.024130821228027,13.079516851157196,12.985786896696238,13.075256324807851,40940600
2013-06-27,13.08803653717041,13.156203330649506,13.079516297444732,13.100818115677345,13088600
2013-06-28,13.032649040222168,13.100815821765472,12.934659393330184,12.981523547758622,18291200
2013-07-01,13.10081672668457,13.203066906062304,13.088035149532782,13.13063959409322,19152800
2013-07-02,13.122119903564453,13.211589327681535,13.04543287053702,13.09229703306285,28990400
2013-07-03,13.198810577392578,13.258457143788887,13.088039311356518,13.088039311356518,23194200
2013-07-05,13.284016609191895,13.29253766148579,13.143422496791722,13.275495556897999,28408200
2013-07-08,13.275496482849121,13.364965912950863,13.241413083908535,13.35218433361852,15658000
2013-07-09,13.326622009277344,13.34792382892029,13.262714925123843,13.3308825357284,24937800
2013-07-10,13.36922550201416,13.411829953445368,13.31810081038657,13.322361336790923,17662800
2013-07-11,13.5950288772583,13.607810456801815,13.492778678747207,13.505560258290723,20648400
2013-07-12,13.603547096252441,13.620588386147897,13.552421601341727,13.60780762187935,14418000
2013-07-15,13.641894340515137,13.654675107899955,13.56094595909102,13.612071466467402,9100000
2013-07-16,13.650413513183594,13.66319427880756,13.607809065008427,13.633371408868623,9948400
2013-07-17,13.663196563720703,13.71432125999074,13.637633402973288,13.693019438646957,10961000
2013-07-18,13.62911319732666,13.697280813550712,13.599290322323112,13.671717652737044,8532400
2013-07-19,13.399046897888184,13.501297076288312,13.364963505088141,13.488515499258726,27199000
2013-07-22,13.437396049499512,13.4544373462301,13.394791588754293,13.424614467492196,10077200
2013-07-23,13.382006645202637,13.475735785207469,13.377746118937106,13.454433966492102,9169000
2013-07-24,13.471474647521973,13.539641435340181,13.445911492630987,13.531120383709853,11583000
2013-07-25,13.479997634887695,13.497039741622954,13.416091359855223,13.458695814080995,9657600
2013-07-26,13.518340110778809,13.518340110778809,13.386267048212556,13.420350445410696,12054000
2013-07-29,13.497040748596191,13.539645206000554,13.46721787219687,13.488519694592831,7955400
2013-07-30,13.565207481384277,13.620592706879053,13.535384605147673,13.548165373470543,11122600
2013-07-31,13.518340110778809,13.641892933504742,13.49703829225958,13.590767431401389,13681800
2013-08-01,13.663196563720703,13.675977331482013,13.603550813868193,13.60781134065943,15494600
2013-08-02,13.722838401794434,13.731359452947927,13.637629515483823,13.663192668944305,8849800
2013-08-05,13.752667427062988,13.769709537001928,13.688761952629552,13.693021667501759,8738200
2013-08-06,13.680238723754883,13.752665241648605,13.64189479509797,13.752665241648605,9372400
2013-08-07,13.646153450012207,13.684497375692676,13.590768231036161,13.650414789101522,10500000
2013-08-08,13.688760757446289,13.71858363462303,13.60781236752909,13.710062580397544,10117000
2013-08-09,13.620593070983887,13.6972817460333,13.577989425285534,13.667458868999471,7339200
2013-08-12,13.710061073303223,13.722841840624053,13.543904597233485,13.543904597233485,9966200
2013-08-13,13.803790092468262,13.829351625365943,13.658935446891109,13.727102243325968,9431000
2013-08-14,13.791007041931152,13.833612303432869,13.744142066891538,13.799528094231496,10591400
2013-08-15,13.569464683532715,13.654672764386161,13.548162053860178,13.654672764386161,14072200
2013-08-16,13.556682586669922,13.624849373787598,13.526859718882463,13.569464163984062,14471200
2013-08-19,13.514081954956055,13.650416380274295,13.514081954956055,13.56520746602695,9623600
2013-08-20,13.53537654876709,13.599282790181151,13.501293165838796,13.552417833925265,6635800
2013-08-21,13.505559921264648,13.607810117224126,13.47147652261149,13.535382793509623,12131600
2013-08-22,13.565207481384277,13.582248776685582,13.479998567040466,13.54390565910454,12098200
2013-08-23,13.663196563720703,13.693019438646957,13.624852635211976,13.680238670885645,10137000
2013-08-26,13.59929084777832,13.718583165014179,13.595030320811421,13.654676073123136,13585400
2013-08-27,13.360706329345703,13.51834175584031,13.33088345474469,13.471477586872599,13703000
2013-08-28,13.36922550201416,13.437393111871486,13.335142103391659,13.343663156200366,9001200
2013-08-29,13.441657066345215,13.509823885096033,13.377750775342895,13.394792886336889,9575400
2013-08-30,13.377745628356934,13.471475577536856,13.343662232094852,13.471475577536856,14343200
2013-09-03,13.39052963256836,13.488519312997523,13.339404122606997,13.433134088767426,14790000
2013-09-04,13.518340110778809,13.539642741910326,13.403308340505482,13.420350445410696,14321200
2013-09-05,13.526861190795898,13.573726166768447,13.505559372233261,13.535382243265868,7428000
2013-09-06,13.53537654876709,13.59502226573862,13.424605351097142,13.569459931695386,10285800
2013-09-09,13.697281837463379,13.727104714696276,13.603551866031463,13.6163326347813,11429200
2013-09-10,13.782485008239746,13.812307876555117,13.731360323302601,13.778225295005164,13548800
2013-09-11,13.718579292297363,13.752661873186272,13.658933556823474,13.6674546083518,18665400
2013-09-12,13.73136043548584,13.778225407571282,13.693016515163608,13.727100722216456,12104600
2013-09-13,13.744144439697266,13.773968940509677,13.697281081791651,13.75692683296682,7982400
2013-09-16,13.722838401794434,13.850650918648187,13.684494484215875,13.850650918648187,16322400
2013-09-17,13.791007041931152,13.82082991237008,13.73988235335364,13.744142066891538,12802800
2013-09-18,13.965685844421387,13.982727950600383,13.799529372237926,13.833613584595916,17652600
2013-09-19,13.974209785461426,14.021074774526568,13.965688730610943,13.986992180349668,13298400
2013-09-20,13.874884605407715,14.033283016644829,13.862041976496672,14.024720719673747,15559200
2013-09-23,13.91769790649414,13.999038931333168,13.84492081383982,13.964789734960616,16087000
2013-09-24,13.857762336730957,13.921978758243698,13.802109846717448,13.892011530362137,9495000
2013-09-25,13.836358070373535,13.89201219614574,13.79354820937431,13.874887598509446,9182600
2013-09-26,13.887730598449707,13.951947024742879,13.844920736315299,13.892012564518083,10130600
2013-09-27,13.802107810974121,13.827793069317618,13.755015993222782,13.806388143000971,12399000
2013-09-30,13.716485023498535,13.767857167849366,13.618020249826005,13.656549766361884,15044200
2013-10-01,13.836358070373535,13.866325299691297,13.716489153102492,13.729331784783955,16354000
2013-10-02,13.8406343460083,13.857757303513296,13.737888435524113,13.75929335722349,16256000
2013-10-03,13.720771789550781,13.853484993876071,13.652275020597166,13.849203027202337,12985200
2013-10-04,13.776418685913086,13.797823608759265,13.699359657194094,13.707921952950752,10681600
2013-10-07,13.716485023498535,13.797824388144935,13.673674358842502,13.677955506962656,9135400
2013-10-08,13.49815559387207,13.725051615990782,13.485312145491317,13.707927018149777,16185400
2013-10-09,13.549525260925293,13.600898228448907,13.433936696406374,13.536682631453601,20539800
2013-10-10,13.776418685913086,13.793543277426402,13.65654899495627,13.665111290712927,16409600
2013-10-11,13.892010688781738,13.892010688781738,13.737892592960812,13.750735223248777,17817200
2013-10-14,13.939101219177246,13.951943848275349,13.789263469637566,13.810668395831467,14279600
2013-10-15,13.853484153747559,13.973353083874127,13.8492021873335,13.904856319074417,14500600
2013-10-16,13.986194610595703,14.007601174789308,13.904855219171317,13.913417518230448,16384400
2013-10-17,13.99047565460205,14.003318285798546,13.86632477606442,13.896292004250546,14842200
2013-10-18,14.23021411895752,14.23877478376277,14.088938653300778,14.13603047518636,15869400
2013-10-21,14.307271003723145,14.345800526284517,14.277303778741109,14.290148041655751,10803000
2013-10-22,14.302989959716797,14.371486703851588,14.225930918428755,14.358644074667314,32716200
2013-10-23,14.234495162963867,14.264462390554371,14.17027874207483,14.234495162963867,10266600
2013-10-24,14.268745422363281,14.311555284093599,14.213091295640634,14.251620824434537,7067200
2013-10-25,14.341522216796875,14.405738641153464,14.298712355953487,14.371489446005548,6762600
2013-10-28,14.388619422912598,14.401462059348663,14.320122640100049,14.380057120924514,10021000
2013-10-29,14.482796669006348,14.517044228631509,14.414298283573235,14.469952405191941,9950000
2013-10-30,14.452831268310547,14.521328037047875,14.392896799801857,14.512767369911021,11149000
2013-10-31,14.405740737915039,14.487080138593061,14.388616137848588,14.422863704889743,57424000
2013-11-01,14.410015106201172,14.491354473207867,14.354360995569712,14.465669216832634,9270400
2013-11-04,14.465669631958008,14.478512260514174,14.410015519729427,14.452825370310725,11953400
2013-11-05,14.427143096923828,14.469952956358775,14.3757709389836,14.410018499913267,9023800
2013-11-06,14.5726957321167,14.576976063891566,14.482794067024582,14.499917027215151,10501600
2013-11-07,14.384329795837402,14.598382332281956,14.36720683407119,14.57269707308701,21070600
2013-11-08,14.512763023376465,14.521323687949423,14.345800668560466,14.414297416783198,17894400
2013-11-11,14.529882431030273,14.542726690930087,14.469947995134126,14.508477508651778,15659800
2013-11-12,14.568414688110352,14.598381911701932,14.465670388108133,14.465670388108133,9419400
2013-11-13,14.6925687789917,14.696850745070073,14.499921132753995,14.508483431819178,13496800
2013-11-14,14.654037475585938,14.666880106083077,14.576978426420363,14.598383354946051,16957000
2013-11-15,14.684004783630371,14.696849047290158,14.636912960757694,14.645475258833761,15412600
2013-11-18,14.628348350524902,14.713969684660883,14.598381128540977,14.709689352845086,10479800
2013-11-19,14.57697582244873,14.68400207904981,14.55129056604276,14.61122500844479,8898200
2013-11-20,14.529882431030273,14.66259556272238,14.495634881842859,14.589818500017316,8652200
2013-11-21,14.654037475585938,14.658319441145894,14.568416128391814,14.568416128391814,10782000
2013-11-22,14.62407112121582,14.654038349557315,14.602666191413535,14.654038349557315,6221800
2013-11-25,14.62407112121582,14.662600648096522,14.589823560150455,14.649758016833442,18360800
2013-11-26,14.67544174194336,14.713971264787661,14.615507291539174,14.628349921456845,10631800
2013-11-27,14.791028022766113,14.799590319084004,14.705406692678242,14.705406692678242,13210800
2013-11-29,14.85096549987793,14.893776990219322,14.812435975116362,14.816717940696188,8466000
2013-12-02,14.803876876831055,14.893778566425201,14.769627680933356,14.863811336560486,9883200
2013-12-03,14.83812427520752,14.855248872966602,14.752502919503632,14.752502919503632,11455800
2013-12-04,14.85096549987793,14.906619620776054,14.752501521729785,14.795313012071178,13147800
2013-12-05,14.803876876831055,14.889496600392215,14.78247031284922,14.889496600392215,8537400
2013-12-06,14.906620025634766,14.940869218838076,14.859528201525922,14.906620025634766,8796600
2013-12-09,14.953716278076172,14.996526149166433,14.919467074730441,14.949434311112004,7997200
2013-12-10,14.923742294311523,14.957989849081208,14.9066177003811,14.949427552115996,16249800
2013-12-11,14.786748886108398,14.975114521051202,14.765343960129403,14.945147298062373,15075400
2013-12-12,14.688284873962402,14.791029171575094,14.68400290892536,14.791029171575094,11008200
2013-12-13,14.64120101928711,14.761069976052834,14.64120101928711,14.761069976052834,9705400
2013-12-16,14.786748886108398,14.82527840610706,14.701127549101244,14.718252143120909,12029000
2013-12-17,14.782464981079102,14.829556791907494,14.761060057909182,14.773902685192942,11153800
2013-12-18,14.898055076599121,14.906617373376504,14.568413999579986,14.769623891120645,34219600
2013-12-19,14.923742294311523,14.949427552115996,14.868088180583227,14.893775071478862,17322600
2013-12-20,15.040329933166504,15.074747952784085,14.945683661501167,14.962891030168453,17653800
2013-12-23,15.238232612609863,15.242535686759554,15.143586316161795,15.178002703649655,14570800
2013-12-24,15.281254768371582,15.281254768371582,15.238232233654255,15.242535307696935,5228200
2013-12-26,15.31997299194336,15.337182004440645,15.285554966948787,15.311368485694716,7160400
2013-12-27,15.30706787109375,15.358693270202517,15.289858857676878,15.358693270202517,7649000
2013-12-30,15.27694320678711,15.302756713276075,15.255432771950128,15.294152211113087,9277600
2013-12-31,15.375903129577637,15.384505995617541,15.294161131921102,15.311370146284787,13689400
2014-01-02,15.225326538085938,15.324275907810499,15.199514657983306,15.324275907810499,17105000
2014-01-03,15.152186393737793,15.264041671801053,15.143581889095781,15.264041671801053,10409600
2014-01-06,15.126375198364258,15.182303666539262,15.070446730189254,15.13497970432516,9049400
2014-01-07,15.264044761657715,15.285555207046317,15.165095399956714,15.195210351729115,14323600
2014-01-08,15.264044761657715,15.315670158818719,15.21241936449671,15.272649268041512,9392800
2014-01-09,15.165094375610352,15.328576703576315,15.126374920069509,15.328576703576315,12683800
2014-01-10,15.195209503173828,15.23823039154859,15.117770591185897,15.208115441457918,25920200
2014-01-13,15.031726837158203,15.255439062216094,14.984404517460852,15.182303225386105,12890600
2014-01-14,15.285557746887207,15.294162254700726,15.074753049453193,15.091962065080232,12838800
2014-01-15,15.47054672241211,15.509266177392197,15.350086925203687,15.371597368827812,19348000
2014-01-16,15.4662446975708,15.492056572474135,15.43182667617757,15.479150635022467,13862600
2014-01-17,15.380200386047363,15.470545225210326,15.345782366666333,15.44043027882267,12677400
2014-01-21,15.457648277282715,15.500669185384575,15.328583911834682,15.500669185384575,12588400
2014-01-22,15.4404296875,15.46624320104719,15.401710237749928,15.4404296875,8431800
2014-01-23,15.410319328308105,15.410319328308105,15.30706852567522,15.371599867035293,12836000
2014-01-24,15.113471031188965,15.371599675700082,15.109167957133371,15.345786154792211,30993400
2014-01-27,14.97149658203125,15.14358340987019,14.898360746941751,15.13497890436408,16028000
2014-01-28,14.881155967712402,14.90696949157137,14.795112529324594,14.838135069089542,26291000
2014-01-29,14.764998435974121,14.851041879396412,14.709069951578305,14.756393927517674,22438800
2014-01-30,14.945679664611816,14.997305039090625,14.863937710450884,14.941376592739628,16659800
2014-01-31,14.980100631713867,15.053238105719513,14.8209213875485,14.82522281959986,21887000
2014-02-03,14.666044235229492,15.001611749145287,14.610115769196312,14.94568492425375,31951600
2014-02-04,14.721973419189453,14.760692875848044,14.648835938326906,14.691858468581852,11451400
2014-02-05,14.734880447387695,14.777901339682455,14.59290854875967,14.691859555092936,18406200
2014-02-06,14.898360252380371,14.902661684419828,14.74778387273438,14.74778387273438,18279400
2014-02-07,15.100561141967773,15.10486421536562,14.928475952311741,14.993007283004635,20929600
2014-02-10,15.130677223205566,15.156490742098981,15.061842813964898,15.100562271734134,13517400
2014-02-11,15.31567096710205,15.358693501291555,15.17800213997939,15.19521115365519,14082800
2014-02-12,15.375903129577637,15.401715009981226,15.341485100850267,15.354391041052061,16095600
2014-02-13,15.487750053405762,15.500655986618465,15.268340983084576,15.28985141881943,13828600
2014-02-14,15.51786994934082,15.547984897219004,15.4361296109774,15.474849064126719,24752600
2014-02-18,15.52647590637207,15.565195363141745,15.483455017135421,15.535080412447744,11893000
2014-02-19,15.474853515625,15.56519838524817,15.440435484639766,15.496363964419748,17223400
2014-02-20,15.52647590637207,15.560892289533044,15.406016103596071,15.474850511059746,13394000
2014-02-21,15.4662446975708,15.599610427615598,15.461941624325853,15.573798552712264,12745200
2014-02-24,15.52647590637207,15.60391481991142,15.44903699283272,15.44903699283272,15690400
2014-02-25,15.4834566116333,15.556592459095533,15.444737150876268,15.552291026185596,11223200
2014-02-26,15.496359825134277,15.556589722128178,15.436129928140376,15.49205675183951,11641400
2014-02-27,15.621124267578125,15.629728773893694,15.479152375083913,15.492058313986378,10898800
2014-02-28,15.638328552246094,15.681351075331797,15.461940310448337,15.612516679536123,19402000
2014-03-03,15.47054672241211,15.509266177392197,15.345783851793872,15.44473484651982,18054600
2014-03-04,15.672745704650879,15.715766584217832,15.616817248300753,15.63832768808423,23209800
2014-03-05,15.694263458251953,15.72437841621122,15.664148500292686,15.707169399908176,17861600
2014-03-06,15.715775489807129,15.745890450797381,15.681359094879252,15.715775489807129,17330800
2014-03-07,15.668450355529785,15.7674013813646,15.603919004369624,15.75879687298148,14394800
2014-03-10,15.6426362991333,15.694261701120325,15.582406389958116,15.659845313509622,15115400
2014-03-11,15.608219146728516,15.72437753857767,15.565198249514177,15.668449059285404,18913200
2014-03-12,15.634024620056152,15.651233626538083,15.492052778291995,15.543679797737791,12712200
2014-03-13,15.423225402832031,15.681355693948802,15.367298568060708,15.677052619802128,18794800
2014-03-14,15.32857608795166,15.444734449909047,15.315668509195323,15.393107417166915,17879600
2014-03-17,15.509265899658203,15.552288427277675,15.40171204232196,15.431826991084778,32889800
2014-03-18,15.711470603942871,15.728679618197004,15.517873296438673,15.517873296438673,13728000
2014-03-19,15.646936416625977,15.754490285722385,15.547987053994296,15.681354442484892,15578800
2014-03-20,15.767395973205566,15.810416859223,15.603913652284428,15.62972716857985,11791000
2014-03-21,15.68833065032959,15.874119323207541,15.65808613597294,15.839553222112844,18219400
2014-03-24,15.67536449432373,15.796344176459744,15.545744936794236,15.735853511290689,20708200
2014-03-25,15.770421028137207,15.804987125637325,15.645121397002645,15.705610419425607,15252600
2014-03-26,15.580313682556152,15.874118941995764,15.580313682556152,15.843872780163048,15026800
2014-03-27,15.524148941040039,15.597599452367502,15.442056902226488,15.571676518112087,25854800
2014-03-28,15.58462905883789,15.68400409570461,15.519818463915211,15.571667599134113,12711600
2014-03-31,15.705610275268555,15.766100945338536,15.662404301992227,15.684007288630392,14567000
2014-04-01,15.891407012939453,15.891407012939453,15.731542852632755,15.735862792877555,14048400
2014-04-02,15.900040626525879,15.947568186574605,15.839551603991953,15.934606724089408,21009400
2014-04-03,15.822272300720215,15.956213488182593,15.774744729420576,15.921647382436442,15525200
2014-04-04,15.51982593536377,15.930289388338828,15.476619950083316,15.904366456451632,20191600
2014-04-07,15.398845672607422,15.541428370562375,15.338356642518333,15.455014764062627,22362600
2014-04-08,15.53710651397705,15.558709503176312,15.381562354618488,15.429089919778319,14659400
2014-04-09,15.74449634552002,15.748817931778603,15.541426292826896,15.588953852457914,13313800
2014-04-10,15.381563186645508,15.770423606076342,15.35564025748513,15.744499028713449,16173600
2014-04-11,15.208738327026367,15.398846958640759,15.195775213637196,15.277868888359109,28508800
2014-04-14,15.359962463378906,15.416131565187705,15.25194584739424,15.30811494920304,9984600
2014-04-15,15.437729835510254,15.47661587129551,15.17849069574339,15.385882337197332,17178600
2014-04-16,15.588956832885742,15.593276771768013,15.416129609948973,15.524146212233816,27999400
2014-04-17,15.567349433898926,15.627838456741806,15.433409925661767,15.515501935491066,15763400
2014-04-21,15.627837181091309,15.645120228550587,15.537103654233277,15.580311272881476,7052000
2014-04-22,15.69265079498291,15.72721689653162,15.606237189313571,15.636481704067474,10957000
2014-04-23,15.524148941040039,15.666730024053344,15.519827353195575,15.666730024053344,22848200
2014-04-24,15.645123481750488,15.783384593770075,15.541428471837031,15.77906465510804,10021400
2014-04-25,15.446368217468262,15.58895086907412,15.41180212682372,15.55006484119997,12804000
2014-04-28,15.593270301818848,15.645117787906333,15.39019864635688,15.498215203823566,24138200
2014-04-29,15.701285362243652,15.735849800272469,15.601910336633456,15.63215483798431,10952200
2014-04-30,15.748820304870605,15.787706346046186,15.636482120051156,15.679689748136514,18331200
2014-05-01,15.766101837158203,15.843872263814282,15.727215799729002,15.74449720109573,9955400
2014-05-02,15.722895622253418,15.809309229640359,15.709934158016242,15.804989290962125,13440200
2014-05-05,15.804986953735352,15.804986953735352,15.62783817827736,15.68400726200301,8164400
2014-05-06,15.627837181091309,15.774739788090933,15.62351724332755,15.774739788090933,9399800
2014-05-07,15.636479377746582,15.675365412102382,15.459332254170642,15.653762425949648,13653800
2014-05-08,15.679688453674316,15.817949555728127,15.575991803032785,15.597594791190753,7574800
2014-05-09,15.696967124938965,15.70560699923025,15.584628980729597,15.666720972111914,14877000
2014-05-12,15.908682823181152,15.917324347937205,15.761780198732888,15.77042172348894,11186800
2014-05-13,15.91732406616211,15.960530040975206,15.874118091349013,15.93028552896558,11488200
2014-05-14,15.843865394592285,15.921637435732057,15.809300958642169,15.891392936200102,10223200
2014-05-15,15.748820304870605,15.88275983142901,15.684009686843808,15.869798367104643,14576600
2014-05-16,15.84819221496582,15.856833738858645,15.696969667346782,15.744495576454083,11607400
2014-05-19,15.951892852783203,15.97349749426511,15.792028724674049,15.792028724674049,6597000
2014-05-20,15.861152648925781,15.982132327383871,15.809305157130627,15.969169218283547,8474200
2014-05-21,15.969171524047852,15.973493110439296,15.874118050065784,15.874118050065784,8322800
2014-05-22,15.99941349029541,16.05126262952926,15.947565999263583,15.969168983176676,6350000
2014-05-23,16.13335609436035,16.141997618351592,16.01237805488732,16.038300978658874,6624200
2014-05-27,16.271621704101562,16.275941643196713,16.167925035588976,16.172246622886757,11349000
2014-05-28,16.228410720825195,16.293219676502453,16.215447611128045,16.28025821500743,13553800
2014-05-29,16.323461532592773,16.32778311785686,16.24568947985777,16.284575506225274,9328000
2014-05-30,16.340744018554688,16.362346999530946,16.271613490509576,16.32778255960929,12438400
2014-06-02,16.3148250579834,16.3796356713819,16.2456945061861,16.366674207983145,10923000
2014-06-03,16.28890037536621,16.32778640957322,16.237052879157595,16.28890037536621,11338600
2014-06-04,16.31914710998535,16.340750099000154,16.219772041955338,16.26297801998494,6998400
2014-06-05,16.42716407775879,16.444447128645603,16.275939854802836,16.375316573300797,11335200
2014-06-06,16.500608444213867,16.513571551666345,16.45740248124384,16.513571551666345,9597800
2014-06-09,16.552465438842773,16.57838836965557,16.491974754473464,16.52222092075943,12784000
2014-06-10,16.56110382080078,16.582706808443994,16.5265377220098,16.552462296103034,7189400
2014-06-11,16.522212982177734,16.565418944907904,16.479005371245734,16.49196683042442,8509400
2014-06-12,16.3796329498291,16.582704633080883,16.327785456646424,16.530855491696116,9636000
2014-06-13,16.47469139099121,16.504935905478174,16.405560836706375,16.47901132954545,14663400
2014-06-16,16.47469139099121,16.52221895609999,16.418522300571524,16.444446876504244,14128800
2014-06-17,16.513580322265625,16.54382484204831,16.444449755876242,16.461731161321552,14075200
2014-06-18,16.599990844726562,16.608632370796066,16.427165267944158,16.548143336512098,26070600
2014-06-19,16.56974220275879,16.625911284126715,16.504933245674714,16.625911284126715,11837400
2014-06-20,16.533283233642578,16.589711284869015,16.498557769564382,16.581029918849467,10854400
2014-06-23,16.581031799316406,16.581031799316406,16.502901152080874,16.515922374686312,7534200
2014-06-24,16.49422264099121,16.659165331025612,16.455157310609426,16.572353301754784,16942600
2014-06-25,16.559328079223633,16.58537052265663,16.44213211637115,16.459493193392696,10223800
2014-06-26,16.54197120666504,16.581036541455404,16.44647779811039,16.572355171968443,22704600
2014-06-27,16.641796112060547,16.641796112060547,16.52026031190041,16.528941677026292,21766600
2014-06-30,16.646135330200195,16.702563373460148,16.615751381322,16.62877425641339,8980800
2014-07-01,16.815425872802734,16.867512425629226,16.69388837513871,16.706911255196577,14977800
2014-07-02,16.832782745361328,16.854486988098273,16.806740303358985,16.845805622163745,9940000
2014-07-03,16.906574249267578,16.91525561557252,16.837124974629358,16.893551371909506,4386000
2014-07-07,16.923940658569336,16.936961882954925,16.86317108123267,16.90657792218743,20964400
2014-07-08,16.772016525268555,16.915256593882553,16.68086465749678,16.915256593882553,13847800
2014-07-09,16.8544864654541,16.863166175318234,16.76333295386877,16.798058416530075,14236200
2014-07-10,16.80674934387207,16.880538510305605,16.589720046170427,16.589720046170427,8843800
2014-07-11,16.8935489654541,16.8935489654541,16.8023971159386,16.84580394128009,6522600
2014-07-14,17.015087127685547,17.036789713357617,16.95431922548328,16.97168030054025,8418200
2014-07-15,16.984704971313477,17.07585683424865,16.889211597304445,17.05415424628332,14829000
2014-07-16,17.140962600708008,17.18436776738776,17.10623714272343,17.145302455055592,16129600
2014-07-17,16.919597625732422,17.145308211003847,16.867511077070255,17.123605620378072,11341400
2014-07-18,17.12360382080078,17.136625042647495,16.97602390193304,16.99772649027802,9541000
2014-07-21,17.101900100708008,17.149645129586805,17.032450829119195,17.11492132169302,12363200
2014-07-22,17.245132446289062,17.25815366270392,17.171343345537327,17.201727287705765,9579600
2014-07-23,17.275522232055664,17.323268916128427,17.210414472157446,17.284203597869006,10946800
2014-07-24,17.262510299682617,17.327618094613417,17.2277848177445,17.327618094613417,23319200
2014-07-25,17.24080467224121,17.26250726673843,17.158332495029224,17.21042070878474,9499000
2014-07-28,17.27118682861328,17.305910645015317,17.136628107526487,17.25382409251144,15524400
2014-07-29,17.2364559173584,17.397058691918936,17.227774552046927,17.397058691918936,14624800
2014-07-30,17.253814697265625,17.314582584730392,17.171344229392123,17.314582584730392,15524600
2014-07-31,16.928268432617188,17.162660239076313,16.902224346632675,17.14529751508664,34833000
2014-08-01,16.837127685546875,16.954323665831147,16.75465552027188,16.884874380011013,31014800
2014-08-04,16.958662033081055,17.00206721198276,16.802400739752613,16.889212753357462,12667400
2014-08-05,16.79806137084961,16.91091583274448,16.72861208911396,16.854489429697786,24586800
2014-08-06,16.745975494384766,16.828446002311864,16.663503330656116,16.68520592160519,18281800
2014-08-07,16.6765193939209,16.845803524866525,16.620093006073397,16.81541957577909,13730000
2014-08-08,16.785032272338867,16.798055146202096,16.615749814324722,16.6678379981759,12045600
2014-08-11,16.86750602722168,16.91525270578475,16.828440713470172,16.863164516915383,13015400
2014-08-12,16.858827590942383,16.90223276673903,16.776357094608226,16.85014622462279,13409800
2014-08-13,17.023773193359375,17.023773193359375,16.897895843585147,16.897895843585147,10985400
2014-08-14,17.054157257080078,17.054157257080078,16.980366458009104,17.03679452132201,9229200
2014-08-15,17.054157257080078,17.13662776822847,16.93261976257523,17.09322258463492,17821800
2014-08-18,17.214757919311523,17.223439286936376,17.12360604295291,17.171352736988823,8496000
2014-08-19,17.323278427124023,17.327618284512795,17.240807890320344,17.262510488868454,10095600
2014-08-20,17.323278427124023,17.35366239625181,17.284213087416568,17.29723431538501,14010600
2014-08-21,17.40573501586914,17.431779106737764,17.32326454515304,17.32326454515304,6909000
2014-08-22,17.410076141357422,17.444799939281793,17.371010833817024,17.418757504788708,8815400
2014-08-25,17.427444458007812,17.49689373193292,17.39271899314461,17.49255222092437,6861400
2014-08-26,17.436120986938477,17.45782522641836,17.41441840325959,17.453483716201987,6704600
2014-08-27,17.431781768798828,17.45348435326988,17.384035089481877,17.44046313374746,8661400
2014-08-28,17.40573501586914,17.431779106737764,17.34062727239879,17.37101121717845,7056600
2014-08-29,17.483871459960938,17.488212971119783,17.38837973988402,17.4361247720218,15368000
2014-09-02,17.48820686340332,17.522930661540077,17.436118682497018,17.522930661540077,11377600
2014-09-03,17.392711639404297,17.553312706990294,17.37100906094142,17.553312706990294,13783200
2014-09-04,17.384035110473633,17.509912418679214,17.33194857652,17.427441935269208,10426400
2014-09-05,17.48820686340332,17.492546717245123,17.375350793907106,17.418757611329028,14050400
2014-09-08,17.514253616333008,17.557660444457223,17.440464492223622,17.479529809634823,12772200
2014-09-09,17.388376235961914,17.596724022965724,17.34062955764418,17.522933250347133,17125400
2014-09-10,17.492551803588867,17.51425439070994,17.344971893043795,17.392718578190916,14459600
2014-09-11,17.531627655029297,17.5403090262534,17.397070540561337,17.457838483327805,20644400
2014-09-12,17.45782470703125,17.527273966218107,17.401396666504134,17.518592601844635,11111400
2014-09-15,17.353652954101562,17.488211641169677,17.323269001505736,17.488211641169677,13764400
2014-09-16,17.483871459960938,17.50557570415244,17.271183775615594,17.301567730522073,23821200
2014-09-17,17.518596649169922,17.58370441331143,17.414421908421648,17.479531328364487,15309000
2014-09-18,17.62276840209961,17.631449767822563,17.553319132117192,17.553319132117192,14790600
2014-09-19,17.585283279418945,17.685546221636685,17.519893608745967,17.685546221636685,31452600
2014-09-22,17.467573165893555,17.589632042883284,17.41962098909688,17.589632042883284,12760800
2014-09-23,17.4283447265625,17.50681164515703,17.39782999854551,17.441421992018935,11937000
2014-09-24,17.54168701171875,17.546045546004592,17.354238441795516,17.432705362364683,14289000
2014-09-25,17.158069610595703,17.48065433268309,17.158069610595703,17.471937264888602,18703000
2014-09-26,17.34552574157715,17.380399016773815,17.188591845870707,17.188591845870707,9763000
2014-09-29,17.341157913208008,17.367314105293925,17.14935082669482,17.206021744750384,9652800
2014-09-30,17.393476486206055,17.471943427455525,17.323728278754132,17.371678820247975,13519800
2014-10-01,17.123193740844727,17.35859446854744,17.075241555987386,17.336798474410767,26118400
2014-10-02,17.114479064941406,17.175510191080935,16.94010940761292,17.1319165295527,26753600
2014-10-03,17.253978729248047,17.30628946503603,17.15807432786315,17.21910379677052,13410200
2014-10-06,17.25833511352539,17.37167530409573,17.214743116289437,17.341160573444945,13895600
2014-10-07,16.98805809020996,17.223457162062513,16.98805809020996,17.210379897772874,18013400
2014-10-08,17.310644149780273,17.341158877446663,16.89215503070298,17.00985540724246,17341200
2014-10-09,17.022933959960938,17.323724388174902,17.00549649628197,17.293207995272677,30600200
2014-10-10,16.587007522583008,16.996779608771792,16.587007522583008,16.909593952374514,60365200
2014-10-13,16.403915405273438,16.726500098677658,16.382119411869535,16.565207751975546,57207800
2014-10-14,16.430068969726562,16.617517495289388,16.386476985472346,16.539050593289712,43084200
2014-10-15,16.316740036010742,16.382129720296494,15.94620292620148,16.194681065801337,58134400
2014-10-16,16.220827102661133,16.32980874403283,15.998505285951131,16.042097277328658,54246200
2014-10-17,16.412639617919922,16.5303383542042,16.303657951567008,16.382124884375365,25571800
2014-10-20,16.53033447265625,16.539053203468598,16.238264473618027,16.32108992194352,18442800
2014-10-21,16.852922439575195,16.861641171204205,16.648036403613514,16.648036403613514,23145600
2014-10-22,16.77445411682129,16.948825408981765,16.761376851934013,16.909591951392052,24158400
2014-10-23,16.961902618408203,17.053446798175578,16.85727951086843,16.892154434357646,64432000
2014-10-24,17.110116958618164,17.12319422288276,16.940105871467225,17.036010243881726,13806400
2014-10-27,17.127561569213867,17.171153576911166,17.040375890890775,17.057813359141093,11887000
2014-10-28,17.362958908081055,17.37167597752369,17.175510319429264,17.175510319429264,15490800
2014-10-29,17.34552574157715,17.4021950216378,17.23654405432863,17.341165542847204,26352200
2014-10-30,17.402191162109375,17.432707557665204,17.25833623156892,17.332442964256504,18376400
2014-10-31,17.672470092773438,17.676828628399562,17.580925878268218,17.61579915206275,19925800
2014-11-03,17.74657440185547,17.777089135833414,17.668107467932664,17.694263666883025,19059600
2014-11-04,17.74221420288086,17.790166398328534,17.63323254520091,17.720418203930496,12866400
2014-11-05,17.79016876220703,17.859916965872902,17.71170182521688,17.851198232548626,14556200
2014-11-06,17.781442642211914,17.794519905301673,17.672461015323528,17.781442642211914,17179200
2014-11-07,17.803239822387695,17.820677282955465,17.716054182476626,17.798881288709637,14951400
2014-11-10,17.851194381713867,17.868631844600838,17.764008730207006,17.79452345879521,9641800
2014-11-11,17.85991859436035,17.86863732847961,17.78581018581088,17.86427712995573,6108600
2014-11-12,17.91658592224121,17.929664853461237,17.79452698370977,17.803245716880348,9033200
2014-11-13,18.012489318847656,18.073518784707105,17.92966385274244,17.960178585672164,10792200
2014-11-14,18.1389102935791,18.1389102935791,18.016851349443588,18.016851349443588,8686600
2014-11-17,18.104032516479492,18.13018871308491,18.016848520317705,18.086596715004013,8265400
2014-11-18,18.165061950683594,18.20429541406657,18.086596686845773,18.090955221475824,9659800
2014-11-19,18.04736328125,18.16942220641981,17.964536156660653,18.16942220641981,14334000
2014-11-20,18.1389102935791,18.1389102935791,17.951461679126194,17.986334950481314,9794800
2014-11-21,18.165061950683594,18.291481073020755,18.090955221475824,18.282762340832523,12925600
2014-11-24,18.26096534729004,18.265325544610754,18.14762516087207,18.19993588822436,6226400
2014-11-25,18.269689559936523,18.343797970268934,18.25661228990726,18.287127028594565,9489200
2014-11-26,18.43533706665039,18.444055798558132,18.2740430207493,18.2740430207493,20482000
2014-11-28,18.52251434326172,18.561747787633404,18.43532872655494,18.470201975481256,10865000
2014-12-01,18.313274383544922,18.500722940753164,18.2348091312262,18.478926944946416,23329400
2014-12-02,18.31763458251953,18.348149309237982,18.2435262012548,18.30455731761959,11261200
2014-12-03,18.383026123046875,18.41354251859147,18.278404657770178,18.356871588191805,8543400
2014-12-04,18.383026123046875,18.43969705344654,18.313277925219673,18.369948855619338,7533600
2014-12-05,18.36123275756836,18.430980965403315,18.31764075126968,18.39610769295006,14359000
2014-12-08,18.17378044128418,18.356870488946928,18.0953135155613,18.32635575815782,13379800
2014-12-09,18.169424057006836,18.195580256319335,17.872993783178394,17.934023251979255,16443400
2014-12-10,17.894790649414062,18.173783470519208,17.859917378240112,18.173783470519208,16541200
2014-12-11,17.973255157470703,18.17814121029169,17.925302961029352,17.925302961029352,18076400
2014-12-12,17.70733642578125,17.96889335989544,17.68554043033703,17.833755527456717,17966000
2014-12-15,17.59835433959961,17.89914472306096,17.519887427646893,17.82503634491548,20502200
2014-12-16,17.362958908081055,17.790166816681268,17.362958908081055,17.47194056832381,31303000
2014-12-17,17.689905166625977,17.74657443673739,17.384756163318432,17.415270897356358,30566000
2014-12-18,18.19557762145996,18.204294690373523,17.95145811867859,18.00376884680029,21318600
2014-12-19,18.215728759765625,18.312131997498735,18.19381938889297,18.272694461296812,23388800
2014-12-22,18.434833526611328,18.434833526611328,18.255173935743585,18.285847402117696,12214000
2014-12-23,18.483028411865234,18.54437532219701,18.474264328735273,18.51370186703112,13398800
2014-12-24,18.46550178527832,18.526848700725267,18.461120579137003,18.526848700725267,5311200
2014-12-26,18.544376373291016,18.579432707797842,18.49179354310881,18.500557626735517,4557000
2014-12-29,18.45235824584961,18.52685045836566,18.43483007646528,18.474267621790904,9276600
2014-12-30,18.32090187072754,18.44359572365572,18.303373699858263,18.417303467351804,11006800
2014-12-31,18.11932373046875,18.404150538384343,18.10179723845028,18.382241169677993,11910600
2015-01-02,18.084274291992188,18.277079132439148,17.992253913931922,18.233260382385165,16990400
2015-01-05,17.808218002319336,18.018551088380732,17.755635148698683,18.018551088380732,14389400
2015-01-06,17.5935001373291,17.86079723073511,17.51024215845159,17.86079723073511,17491200
2015-01-07,17.742481231689453,17.786299976484287,17.615404531575287,17.72933427098863,13069200
2015-01-08,18.132478713989258,18.17191626374595,17.860797072741644,17.887089329772245,28423400
2015-01-09,18.075511932373047,18.228879243773974,17.944053998089636,18.185060489538944,18339800
2015-01-12,17.86517333984375,18.110562633247337,17.803826434387304,18.066742221080016,11257400
2015-01-13,17.852033615112305,18.237643332883316,17.724956887593567,18.014165011710986,23358400
2015-01-14,17.751245498657227,17.830120584793924,17.589114120077628,17.70742674928268,17661400
2015-01-15,17.52338409423828,17.869556188515393,17.510237133590216,17.825737443896404,18655400
2015-01-16,17.694276809692383,17.71180330189031,17.457651613454516,17.466415695342327,37643000
2015-01-20,17.8432674407959,17.882704983629804,17.619787474211055,17.79944702010371,24031600
2015-01-21,17.873943328857422,17.94843554679168,17.676755587886802,17.76439476960467,27838200
2015-01-22,18.16753387451172,18.180680839170382,17.77316003789967,17.922146155262926,17624400
2015-01-23,18.16315460205078,18.24641091972444,18.10180766570402,18.16315460205078,12957600
2015-01-26,18.088659286499023,18.18944376999204,18.03169523381505,18.14124380346987,19467000
2015-01-27,17.56720733642578,17.790685665722435,17.488332238655577,17.790685665722435,21584000
2015-01-28,17.536535263061523,17.93967319777216,17.536535263061523,17.88270914498382,26094400
2015-01-29,17.703046798706055,17.738101466376598,17.37878234696768,17.545296615242968,33635200
2015-01-30,17.48394775390625,17.742482376666924,17.448891418545717,17.654843209843666,26012600
2015-02-02,17.663612365722656,17.68552174582515,17.260472751206894,17.54529970727494,31247200
2015-02-03,17.86517333984375,17.882701504710678,17.667985664035314,17.716187281630468,19767400
2015-02-04,17.900236129760742,18.031695754404687,17.834507989017336,17.834507989017336,11778800
2015-02-05,18.06675148010254,18.075515567027505,17.917765345535408,17.974731074758367,10183600
2015-02-06,18.00978660583496,18.17630092215675,17.95720375336762,18.093044599785227,9580600
2015-02-09,17.98349380493164,18.071132995990784,17.944056252533954,17.96158442506149,14331400
2015-02-10,18.250789642333984,18.272699018671034,18.040454949079148,18.106184749668568,22491400
2015-02-11,18.32090187072754,18.351575333959584,18.224498602524896,18.277081443554348,12500000
2015-02-12,18.5706729888916,18.583818281632222,18.434832168117627,18.461124425177292,13538400
2015-02-13,18.688983917236328,18.702129208766408,18.579435363610273,18.61449003154991,8631600
2015-02-17,18.697742462158203,18.728417588679125,18.649542512660584,18.706506545224478,10680600
2015-02-18,18.715274810791016,18.73280298084077,18.6451638021703,18.69774664074126,7499600
2015-02-19,18.781002044677734,18.798530212330782,18.667070626510988,18.702126961817083,6250800
2015-02-20,18.877408981323242,18.903699566358426,18.684602442647126,18.781005711985184,13867000
2015-02-23,18.89055633544922,18.90370162940141,18.79415305559025,18.89932042194354,8094000
2015-02-24,18.947519302368164,18.973809886443608,18.781005026384232,18.87740829220309,9311000
2015-02-25,18.829208374023438,18.916845891026966,18.789770822740458,18.894936511776084,11734800
2015-02-26,18.947519302368164,18.973809886443608,18.833587866113454,18.886170705842677,15118800
2015-02-27,18.881784439086914,18.982568884717374,18.864256273348254,18.943131347594335,12112000
2015-03-02,19.03076934814453,19.043914635860695,18.886164496955555,18.9475130733125,13689000
2015-03-03,18.903696060180664,19.013244601717712,18.82043977038062,19.013244601717712,17224200
2015-03-04,18.829208374023438,18.86426304650915,18.728423892206592,18.8554989604931,11765400
2015-03-05,18.80729866027832,18.873028474282442,18.741570517852804,18.873028474282442,15408600
2015-03-06,18.57505226135254,18.824822826881267,18.54437880043345,18.79853224413819,16153400
2015-03-09,18.662694931030273,18.74157003718084,18.583819824879708,18.61011208412275,12498600
2015-03-10,18.281469345092773,18.56191346974275,18.281469345092773,18.557530590032,17595800
2015-03-11,18.16315460205078,18.325286029764175,18.150007635991727,18.325286029764175,23040400
2015-03-12,18.281469345092773,18.294614641067355,18.09304563542254,18.110573811107873,24669800
2015-03-13,18.18067169189453,18.29898261324722,18.079885590393513,18.255163877307528,30375400
2015-03-16,18.395395278930664,18.40854057214336,18.22011857364031,18.27708262528097,17278800
2015-03-17,18.399770736694336,18.452353559915803,18.32089566607323,18.351569118917237,19067400
2015-03-18,18.649539947509766,18.71526805409936,18.303366236107056,18.377858424557473,31710800
2015-03-19,18.596956253051758,18.688978280743797,18.583810965486222,18.623248499760592,17984800
2015-03-20,18.717082977294922,18.809480020187227,18.67748400485245,18.708283019149885,38592200
2015-03-23,18.717082977294922,18.809480020187227,18.712682159012203,18.721482117157244,7506200
2015-03-24,18.655488967895508,18.783084192437073,18.655488967895508,18.730286110612262,14234800
2015-03-25,18.175893783569336,18.66867957264971,18.175893783569336,18.6334797485054,16348600
2015-03-26,18.18909454345703,18.281491572663946,18.013098763464683,18.074698461356107,18004800
2015-03-27,18.202301025390625,18.250699968448192,18.105504817696325,18.193501064978264,15818600
2015-03-30,18.422292709350586,18.43549348753783,18.303495776189138,18.338695613460956,13210800
2015-03-31,18.233095169067383,18.400291015324644,18.233095169067383,18.365092861513862,15927200
2015-04-01,18.206687927246094,18.26828592462503,18.079091116435706,18.250686017254033,20855600
2015-04-02,18.202301025390625,18.27709984968527,18.167102862162015,18.237500867040065,10938600
2015-04-06,18.378286361694336,18.413484504784396,18.057095543305646,18.074695454060613,14689400
2015-04-07,18.338687896728516,18.48828378534407,18.334287079711046,18.37828685778616,9368600
2015-04-08,18.395889282226562,18.453086483908507,18.303490574855452,18.338690402124474,14407000
2015-04-09,18.44428825378418,18.475088944738104,18.29909314875714,18.3958910043887,14580200
2015-04-10,18.51468849182129,18.532286729231497,18.40469153551081,18.461888744329606,8632600
2015-04-13,18.46188735961914,18.629083190628453,18.45748822020163,18.549885253751423,7774400
2015-04-14,18.404687881469727,18.49268408631118,18.31668999820825,18.470685035100818,11702600
2015-04-15,18.567485809326172,18.60708477913189,18.435489802780545,18.45308803947842,25166200
2015-04-16,18.50148582458496,18.55868470597745,18.448687760910452,18.49268586756918,18228600
2015-04-17,18.246294021606445,18.38708997884582,18.189095139471636,18.347491010970984,20318800
2015-04-20,18.558683395385742,18.580682447161557,18.32108960799877,18.329889564393106,9691600
2015-04-21,18.549880981445312,18.673076997804543,18.527881932584,18.668677859400216,10002800
2015-04-22,18.739076614379883,18.75667652558032,18.51908275963413,18.580680770415757,12190200
2015-04-23,18.813884735107422,18.888683562294943,18.651089657234667,18.69508946099818,11799600
2015-04-24,18.97667121887207,18.99867026963476,18.871073425423166,18.963470445678464,12457600
2015-04-27,19.029476165771484,19.108674119925798,18.989877188694326,19.047076084121464,18501400
2015-04-28,19.0910701751709,19.161468155302927,18.897476149412878,19.04707206699597,18299600
2015-04-29,18.998672485351562,19.113068569710975,18.879875583274373,18.998672485351562,17142200
2015-04-30,18.73468017578125,18.95907320145607,18.659881381609537,18.901874321021253,17305200
2015-05-01,18.96347999572754,18.97227995614829,18.796285782995724,18.849083867099413,21096800
2015-05-04,18.981077194213867,19.077875066538116,18.972277235055245,19.00747707168973,15397600
2015-05-05,18.686277389526367,18.963468420692838,18.67307661774239,18.932669417229896,16209800
2015-05-06,18.52788734436035,18.791879364644743,18.417890389505132,18.756681211869648,19747800
2015-05-07,18.664274215698242,18.73027303070589,18.519079172468835,18.558678125789505,11280600
2015-05-08,18.932676315307617,18.94587709190127,18.822679354742885,18.853478369427375,19638400
2015-05-11,18.83587646484375,18.941472586515676,18.818276551758398,18.919473534369033,12093000
2015-05-12,18.73468017578125,18.81827724840125,18.571883491345236,18.73468017578125,15301000
2015-05-13,18.813884735107422,18.923881726884858,18.77428575093071,18.813884735107422,18613000
2015-05-14,19.117464065551758,19.126264020117414,18.945869147570754,18.963467378282353,13952400
2015-05-15,19.05587387084961,19.174670788537753,19.011874079990815,19.157070872194236,16936400
2015-05-18,19.148258209228516,19.18345634014133,19.003061513362532,19.02946137036161,6786600
2015-05-19,19.099870681762695,19.192267718639336,19.077871627042583,19.170268663919224,9130800
2015-05-20,19.113069534301758,19.214266527455383,19.04267155304618,19.113069534301758,22021800
2015-05-21,19.19666862487793,19.218667679699166,19.06467261753022,19.086671672351457,7426200
2015-05-22,19.183460235595703,19.231859144045735,19.135063005565303,19.135063005565303,7937000
2015-05-26,18.906280517578125,19.13947356646575,18.84908162086999,19.12627446661796,15848800
2015-05-27,19.262662887573242,19.275863661213627,18.963471087498494,18.976671861138882,25174200
2015-05-28,19.223066329956055,19.258266159510228,19.165869124560903,19.20106727569482,9329600
2015-05-29,19.082271575927734,19.231867504157496,19.033872646438642,19.223067546212175,15476800
2015-06-01,19.135066986083984,19.2010641380832,19.01627009838142,19.192264182132643,13872600
2015-06-02,19.095474243164062,19.183470474491216,18.9722764981491,19.064675226515455,11275600
2015-06-03,19.135066986083984,19.240663100650725,19.099867162281754,19.126267030133427,11314600
2015-06-04,18.959068298339844,19.139463171439612,18.915070203796375,19.029466256661223,16694600
2015-06-05,18.897470474243164,18.976668387910006,18.81387174402831,18.937069431076587,15455000
2015-06-08,18.686277389526367,18.897471275452165,18.65107756932883,18.89307045871757,16759000
2015-06-09,18.642282485961914,18.712680466333886,18.519086439916023,18.655483261195577,15413400
2015-06-10,18.932676315307617,18.97227528824774,18.68628419783168,18.68628419783168,17929600
2015-06-11,18.941471099853516,19.047068891657464,18.9150729107175,18.998669973681487,11289400
2015-06-12,18.774274826049805,18.879872615213248,18.756676593205828,18.849073609711393,12317600
2015-06-15,18.659883499145508,18.68628337274672,18.51908753011307,18.65108354127844,18358200
2015-06-16,18.7830810546875,18.805081790324937,18.620286017177445,18.65108503296528,18346600
2015-06-17,18.79187774658203,18.86667654222165,18.68188080119803,18.796278564312697,22047800
2015-06-18,18.959068298339844,18.989867300204214,18.778673425240076,18.783072563326535,17926400
2015-06-19,18.801286697387695,18.964814103273422,18.801286697387695,18.920618053889566,26869600
2015-06-22,18.955974578857422,19.013430791902074,18.911778529420744,18.960395195383818,10876000
2015-06-23,18.969236373901367,19.000175637083267,18.925040316735526,18.99575501978378,7986600
2015-06-24,18.88084602355957,19.03553392406362,18.88084602355957,18.925042084854535,9693600
2015-06-25,18.836645126342773,18.995753617952474,18.832226195340898,18.98249513897546,9827600
2015-06-26,18.677547454833984,18.845495591712954,18.624511822230442,18.823397551959175,20348600
2015-06-29,18.279773712158203,18.589151259451295,18.275353093583906,18.47865939870176,26214800
2015-06-30,18.297443389892578,18.42561260100612,18.24882672644866,18.416773054382578,22765800
2015-07-01,18.421199798583984,18.50075405868886,18.34164553847911,18.46097692863642,16299000
2015-07-02,18.447717666625977,18.50959282498436,18.377002959077593,18.47423462822436,10321400
2015-07-06,18.372577667236328,18.456550834219865,18.27092540637062,18.319542071561,15018000
2015-07-07,18.39910316467285,18.425620129406738,18.054367449385964,18.407942714908085,39319800
2015-07-08,18.098560333251953,18.288606397270193,18.08972078539397,18.24882927489495,32320000
2015-07-09,18.027851104736328,18.35490604483028,18.027851104736328,18.306289359850183,17987600
2015-07-10,18.315126419067383,18.377003264425515,18.213474130650777,18.257671877335156,13496600
2015-07-13,18.593568801879883,18.6068272846675,18.425620714025303,18.430041332269088,14143000
2015-07-14,18.66427993774414,18.71289661326342,18.589146301739106,18.597985850558207,12252800
2015-07-15,18.6686954498291,18.726149972483903,18.615658171418552,18.655435287240923,13077000
2015-07-16,18.90736198425293,18.916201533237945,18.779192738899148,18.814549248867632,10413200
2015-07-17,19.199058532714844,19.199058532714844,19.04437065510335,19.070889299538784,15550000
2015-07-20,19.30071449279785,19.362591341628928,19.199062198675836,19.26535797943755,18619000
2015-07-21,19.17254066467285,19.274192934562336,19.15486156922129,19.203478238727417,11950400
2015-07-22,18.86316680908203,18.95597954881582,18.783612550461168,18.796871031574092,17182600
2015-07-23,18.823389053344727,18.991337114396448,18.779192993791348,18.91620178998978,12645200
2015-07-24,18.72173500061035,18.942718649463693,18.708476521190015,18.91620000465157,19492200
2015-07-27,18.553789138793945,18.69079962415594,18.52727049086115,18.57146823741581,17307200
2015-07-28,18.72173500061035,18.757091507721736,18.505170282906644,18.63334120387473,15775000
2015-07-29,18.84548568725586,18.88526281229629,18.655439610503965,18.721735380895176,16752600
2015-07-30,18.88084602355957,18.911783603660382,18.677539758076385,18.765933566637987,13616400
2015-07-31,18.818971633911133,18.933882409566134,18.783613434650064,18.902944828198567,21824000
2015-08-03,18.71731185913086,18.84106383225918,18.60240111905229,18.810126260469904,18396600
2015-08-04,18.60682487487793,18.717316713056473,18.540530783553795,18.69963930028636,14765400
2015-08-05,18.78803253173828,18.920624094161173,18.686380236926684,18.7261573684592,20785600
2015-08-06,18.602405548095703,18.863166348097828,18.536109772207922,18.7880310230269,13019800
2015-08-07,18.615663528442383,18.642182175278922,18.487494283661377,18.558208989253906,15825000
2015-08-10,18.90736198425293,18.929461699701257,18.699638484005586,18.699638484005586,11144000
2015-08-11,18.6245059967041,18.880847898389817,18.571470380689476,18.85432924739659,54689000
2015-08-12,18.7084903717041,18.7438469049911,18.315137769317207,18.487506559249137,20071400
2015-08-13,18.655441284179688,18.779193287614277,18.62008477317811,18.721737060518635,13287800
2015-08-14,18.748247146606445,18.765926238609477,18.59355930650745,18.60681778252422,11906000
2015-08-17,18.854324340820312,18.858743271849967,18.615661601905416,18.677536752148967,11183400
2015-08-18,18.757095336914062,18.836649601619694,18.734997304711786,18.810132637365673,9383800
2015-08-19,18.633333206176758,18.79244163481494,18.527260358427732,18.69962894676624,18455200
2015-08-20,18.17811393737793,18.51400831428706,18.17811393737793,18.434454072340184,27453800
2015-08-21,17.48422622680664,18.120658503896227,17.48422622680664,17.983648039965853,47332800
2015-08-24,16.79475975036621,17.506327472702985,13.842417638318837,16.357211320305446,72207800
2015-08-25,16.66217041015625,17.475390449325886,16.644491310485407,17.444452867887783,37210800
2015-08-26,17.501907348632812,17.52842599804176,16.847795836957708,16.99364587974932,68776800
2015-08-27,17.90852165222168,17.912940584986746,17.51517088322066,17.740573545624233,40211000
2015-08-28,17.94387435913086,17.974811939828157,17.78918645564437,17.828963585965425,27672200
2015-08-31,17.78034019470215,17.97480515510748,17.736144149237184,17.79801928727656,22100600
2015-09-01,17.210205078125,17.55494069901691,17.1262319028414,17.404671758107963,42578000
2015-09-02,17.625656127929688,17.643333538322455,17.29859958907782,17.466547632594803,25370200
2015-09-03,17.638916015625,17.86431861136611,17.585880408269134,17.722889201102756,22062200
2015-09-04,17.36931800842285,17.49307002350384,17.285344811666146,17.404676208723643,27561000
2015-09-08,17.855484008789062,17.868742491556084,17.656598337424388,17.700794403962373,18909200
2015-09-09,17.621231079101562,18.058779331228823,17.581453965271812,17.970385557610374,19304600
2015-09-10,17.79802894592285,17.89968125443386,17.58588477781657,17.594724328900828,28048800
2015-09-11,17.881994247436523,17.881994247436523,17.669850173109637,17.674270789683597,13719400
2015-09-14,17.837800979614258,17.974809767293596,17.79360323683746,17.95713235615437,14890800
2015-09-15,18.0676212310791,18.11623789720169,17.846637611228232,17.895254277350816,17612000
2015-09-16,18.142757415771484,18.16043651249035,18.023426041876327,18.04552575576064,15436200
2015-09-17,18.019006729125977,18.297446595651984,17.957131577891623,18.06762340108766,33565200
2015-09-18,17.7850399017334,17.97150230655817,17.74508343018907,17.80723756513066,36230200
2015-09-21,17.962621688842773,18.01589810968437,17.798356958513786,17.816115765460985,13921200
2015-09-22,17.66072654724121,17.745080022956508,17.54973655799294,17.67404649758053,24576400
2015-09-23,17.705127716064453,17.771720709105058,17.607455960650356,17.72288483139801,11356400
2015-09-24,17.705127716064453,17.753963593771502,17.412114143395392,17.505345349796176,22056400
2015-09-25,17.674053192138672,17.891592705063864,17.59414023412475,17.86939503752077,21657800
2015-09-28,17.270048141479492,17.62521587400493,17.26116873646969,17.598577658975522,25166600
2015-09-29,17.1945743560791,17.429872665579804,17.07026607084452,17.31444378551532,26206800
2015-09-30,17.53642463684082,17.563062853570564,17.354401056454524,17.403236940338996,24933600
2015-10-01,17.545297622680664,17.59857234307375,17.309999388502778,17.536418220353013,27036000
2015-10-02,17.793928146362305,17.793928146362305,17.278932615671028,17.341088475066666,29834000
2015-10-05,18.144655227661133,18.189052269501293,17.86940034254806,17.90491797602019,17137800
2015-10-06,18.166841506958008,18.206797972765163,18.078050866118037,18.08248972073087,19715800
2015-10-07,18.251197814941406,18.326670210065075,18.033656646598565,18.2645160744166,30437800
2015-10-08,18.33555793762207,18.371075570443303,18.091380139484915,18.18017252796405,30749600
2015-10-09,18.41545867919922,18.428776935869053,18.31334809306059,18.388820472286735,22753000
2015-10-12,18.437665939331055,18.468743016792168,18.357752970552852,18.455424753187035,12687400
2015-10-13,18.397705078125,18.50869509795977,18.335550937989257,18.339991487183696,17903600
2015-10-14,18.362192153930664,18.47318219190793,18.313356266248896,18.344433341396645,25512200
2015-10-15,18.597488403320312,18.60636780858984,18.428783090346048,18.437662495615577,16843800
2015-10-16,18.63300323486328,18.646321493987013,18.5220132259705,18.646321493987013,14972600
2015-10-19,18.70404052734375,18.70404052734375,18.539774061835956,18.593050496171525,14184200
2015-10-20,18.655200958251953,18.708475688492282,18.579726871302775,18.628562746345217,11857800
2015-10-21,18.513132095336914,18.743991495530747,18.49093443434333,18.69515562520107,18834400
2015-10-22,18.93045425415039,18.970410722157403,18.646320123244067,18.646320123244067,28472000
2015-10-23,19.45877456665039,19.53424698070597,19.33890512058541,19.401059271824966,33383400
2015-10-26,19.383296966552734,19.44101225097906,19.312263421710067,19.44101225097906,16576200
2015-10-27,19.272310256958008,19.3921797020129,19.25011258792716,19.338904957624145,15358000
2015-10-28,19.56088638305664,19.56088638305664,19.3033886625481,19.361103960864448,29559200
2015-10-29,19.507614135742188,19.534252362286516,19.387744656653812,19.445459967379488,15218000
2015-10-30,19.378860473632812,19.543125248563854,19.37441992390377,19.53868469883481,18679000
2015-11-02,19.552000045776367,19.560879449567956,19.365535953299236,19.414371827366416,27486600
2015-11-03,19.65411376953125,19.725147317568943,19.45433138643356,19.489849007239094,13758000
2015-11-04,19.67630958557129,19.729584318196757,19.62747370834244,19.6985072497008,14597200
2015-11-05,19.618593215942383,19.791739051125727,19.57863674529594,19.694067302084832,13457600
2015-11-06,19.68518829345703,19.69406769750932,19.525362407662207,19.596395946507336,13737800
2015-11-09,19.494287490844727,19.62747517917575,19.401056278370344,19.62747517917575,20292400
2015-11-10,19.365541458129883,19.38773912713219,19.285628494862713,19.38330027076116,34546600
2015-11-11,19.35665512084961,19.507601587019472,19.32557805665931,19.40993153966696,16402200
2015-11-12,19.187959671020508,19.35666332136168,19.183519120784652,19.26343208929308,16068000
2015-11-13,18.810588836669922,19.147999458808595,18.80614998087197,19.121361243300793,30089800
2015-11-16,19.099163055419922,19.103601911096614,18.77063184742522,18.779511252351924,18158400
2015-11-17,19.103601455688477,19.250109093126508,19.063644981257493,19.13911907454859,18788800
2015-11-18,19.392179489135742,19.40993830159491,19.17019941411686,19.19239708290403,20333600
2015-11-19,19.48096466064453,19.574195851250682,19.40549058236364,19.409931130624663,18735000
2015-11-20,19.62303352355957,19.63191292732447,19.538680034579563,19.560879390778364,14576400
2015-11-23,19.507614135742188,19.64524243252678,19.43658055853138,19.63636302367867,14454200
2015-11-24,19.51205062866211,19.57420478409743,19.316707061781145,19.3611040967876,22606800
2015-11-25,19.44989013671875,19.520923676013606,19.445449587877917,19.51648312717277,13153200
2015-11-27,19.494287490844727,19.529805110972116,19.441012754226985,19.47208982505178,7601400
2015-11-30,19.5164852142334,19.57863935606641,19.449892216658032,19.520925763549098,34051200
2015-12-01,19.68962860107422,19.69406915021449,19.556440917611848,19.596397392007887,15558000
2015-12-02,19.5653133392334,19.787293296967903,19.543115682174484,19.711820924253058,19394200
2015-12-03,19.312255859375,19.67630284583603,19.21902468582166,19.618587584009973,23708600
2015-12-04,19.787296295166016,19.822813906700098,19.33001805488877,19.369974521078145,25680400
2015-12-07,19.68962860107422,19.78286150371383,19.596397392007887,19.765102694299305,25629800
2015-12-08,19.640798568725586,19.69407331466119,19.463213824175398,19.520929120190253,22756600
2015-12-09,19.352218627929688,19.70294747353723,19.258987423980294,19.55643984426831,32507800
2015-12-10,19.405492782592773,19.552000407504828,19.347779197239362,19.405492782592773,18146800
2015-12-11,19.001495361328125,19.241234264935883,18.988177097874477,19.192398374174264,33920600
2015-12-14,19.147998809814453,19.152437665461953,18.80170879424352,18.997052314199767,42068400
2015-12-15,19.232349395751953,19.36553707318162,19.20571118283674,19.294503532314252,34043800
2015-12-16,19.494287490844727,19.529805110972116,19.156878567501245,19.352220397481858,36347600
2015-12-17,19.187959671020508,19.57420455642878,19.183519120784652,19.57420455642878,24217200
2015-12-18,18.815832138061523,19.17278551215242,18.784598973140543,19.132628342671186,45627800
2015-12-21,19.007692337036133,19.021079193758677,18.847065375082774,18.971998023961948,22326600
2015-12-22,19.146013259887695,19.17724642441947,18.989847437228832,19.07908407755972,18965200
2015-12-23,19.306638717651367,19.324486723574445,19.186167230789888,19.24863354944113,16090600
2015-12-24,19.297725677490234,19.346806870621354,19.275416508452587,19.320034846527882,4865600
2015-12-28,19.284334182739258,19.297719339349527,19.11924264150623,19.226329000628194,14354400
2015-12-29,19.54758071899414,19.59666017972189,19.360180070282993,19.400337230572564,13618400
2015-12-30,19.382492065429688,19.538659579250304,19.382492065429688,19.538659579250304,14393000
2015-12-31,19.110322952270508,19.328955149847694,19.110322952270508,19.31556999140669,17669000
2016-01-04,18.86045265197754,18.864913803333916,18.565967302140212,18.766753154774726,43277200
2016-01-05,18.811368942260742,18.963073599137022,18.726593461272095,18.918455283265033,32134400
2016-01-06,18.579355239868164,18.70428792150935,18.467807716379927,18.534736911304922,27716800
2016-01-07,18.030534744262695,18.436567506648082,18.021610741541323,18.20008739180985,33681400
2016-01-08,17.887760162353516,18.24917473560019,17.865450999035094,18.186706695396524,38466200
2016-01-11,18.00376319885254,18.08407752332976,17.780668231322373,18.01268720180329,38270200
2016-01-12,18.217941284179688,18.25809675628245,17.985922244688002,18.195630419127003,31683200
2016-01-13,17.727128982543945,18.35179568052943,17.69589581785265,18.35179568052943,43924600
2016-01-14,18.061769485473633,18.200088986656446,17.58880751227273,17.802980192194383,39591200
2016-01-15,17.553117752075195,17.722670458447066,17.338946718696025,17.472803401797997,40355600
2016-01-19,17.570964813232422,17.78959698665368,17.414797272994402,17.758363819022073,39317600
2016-01-20,17.43263816833496,17.606651946136793,16.96860029281056,17.272009542031956,59263600
2016-01-21,17.530811309814453,17.785139557810652,17.312177388548776,17.530811309814453,44271400
2016-01-22,18.017148971557617,18.021610121725132,17.838672327427428,17.865444334670784,22496400
2016-01-25,17.807443618774414,18.075156949771955,17.776210453560697,17.918991123703364,20961200
2016-01-26,17.98145294189453,18.021610101675176,17.767281990424237,17.878829467361648,22947400
2016-01-27,17.61112403869629,17.94130376416282,17.53080968340331,17.834219091825634,36044800
2016-01-28,17.838672637939453,17.905601806173145,17.624501682502878,17.869905795893988,35133600
2016-01-29,18.4008731842041,18.4142583372365,17.950220408545846,17.985916419404887,32226600
2016-02-01,18.467802047729492,18.552579228889673,18.311636243612753,18.325021397657157,29594600
2016-02-02,18.13762092590332,18.418719349960718,18.079615759730434,18.414258199676404,27902400
2016-02-03,18.115314483642578,18.262558010105863,17.83421599107066,18.253634005282645,43012400
2016-02-04,18.133161544799805,18.253633050491946,17.941299706336004,18.07961922074101,36405800
2016-02-05,17.624500274658203,18.09299930863199,17.553109961882,18.061766153172357,47554800
2016-02-08,17.370180130004883,17.419261311644718,17.07123188823503,17.330022954306845,49642800
2016-02-09,17.28986358642578,17.535267761430042,17.133697757444857,17.16046806979594,49510600
2016-02-10,17.316635131835938,17.637890785906908,17.307711127267325,17.43710664039249,33950000
2016-02-11,17.280935287475586,17.39248276676635,17.066764331486855,17.102460341858038,49254600
2016-02-12,17.521881103515625,17.535266258543974,17.32109526769174,17.419257610112247,21786800
2016-02-16,17.834213256835938,17.838674407523648,17.620042280153747,17.71820291399999,20586600
2016-02-17,18.200090408325195,18.235784723047253,17.9145290822297,17.936838241690953,22257400
2016-02-18,18.12870216369629,18.284867999981948,18.093006142785303,18.262558837952565,23156800
2016-02-19,18.142086029052734,18.19562835452784,18.017153368917544,18.061771689800157,17158600
2016-02-22,18.383026123046875,18.40979643048677,18.28040263967494,18.307172947114836,13181400
2016-02-23,18.093002319335938,18.325021299986744,18.057308008047904,18.30717329330293,16379000
2016-02-24,18.2313289642334,18.267023289512696,17.802986848400195,17.89668636709866,20288800
2016-02-25,18.458887100219727,18.46781110798729,18.1510164916007,18.293797211720868,18806800
2016-02-26,18.409801483154297,18.579354185819753,18.369644308893534,18.56150617457496,19545200
2016-02-29,18.280405044555664,18.56596637534542,18.280405044555664,18.3919525457754,27203800
2016-03-01,18.824750900268555,18.824750900268555,18.409794165213704,18.436566171438947,24608400
2016-03-02,18.878305435180664,18.878305435180664,18.72660071950523,18.757833893137207,17496200
2016-03-03,18.878305435180664,18.89169059471428,18.73106187198967,18.887229442229845,15767800
2016-03-04,18.9273738861084,19.02107505445653,18.806904116379524,18.882755578955432,15771800
2016-03-07,18.811368942260742,18.89614442324939,18.67304943973013,18.82029294585107,31627000
2016-03-08,18.695354461669922,18.851520220535015,18.62842530668253,18.69981561103216,23401000
2016-03-09,18.855995178222656,18.86045803293218,18.722138472303154,18.722138472303154,24321200
2016-03-10,18.83814239501953,19.02108022742533,18.606123390149776,18.936303037867667,25856800
2016-03-11,19.128162384033203,19.132625236628733,18.9809205878922,19.025538901370187,17640200
2016-03-14,19.15047836303711,19.186174388199678,19.061241704291007,19.07016571058165,20121800
2016-03-15,19.221864700317383,19.239711005514298,19.06569718976686,19.074621193405143,12642200
2016-03-16,19.444965362548828,19.476198533362417,19.128169098170737,19.13263195233277,29513800
2016-03-17,19.51634407043457,19.578810374805446,19.386948610192533,19.40925776145654,18734200
2016-03-18,19.5477352142334,19.606033595701362,19.46253120338288,19.59257907032663,18828800
2016-03-21,19.615015029907227,19.62398243821184,19.4939344895806,19.502903608569742,16007000
2016-03-22,19.619495391845703,19.69573032423987,19.525322224529063,19.525322224529063,26225800
2016-03-23,19.507381439208984,19.615009123988344,19.467021271252225,19.5925854779248,21350200
2016-03-24,19.561195373535156,19.561195373535156,19.3952709908707,19.422178341039572,13486400
2016-03-28,19.51186752319336,19.606042400374683,19.475992764344845,19.57913504822513,12816000
2016-03-29,19.816810607910156,19.83026513928388,19.45357076381973,19.475992701863646,20163000
2016-03-30,19.933401107788086,20.03205794606297,19.888555535223436,19.919946580676854,21976600
2016-03-31,19.893049240112305,19.991707830196066,19.857172767105702,19.906502062147585,29189800
2016-04-01,20.04551887512207,20.05448799249947,19.736090312996478,19.75402854775128,19309800
2016-04-04,19.969282150268555,20.058971612987868,19.928921977579073,20.01412773697032,15292400
2016-04-05,19.77645492553711,19.888566351896582,19.736094743620317,19.839238761273485,21452200
2016-04-06,19.969282150268555,19.969282150268555,19.709184590135177,19.780935818173784,22277000
2016-04-07,19.682279586791992,19.86614223749894,19.606044646328233,19.825782059993298,21261800
2016-04-08,19.682279586791992,19.861658533635836,19.615013764738865,19.785421882487654,17525600
2016-04-11,19.628467559814453,19.884081459790476,19.628467559814453,19.767486336042527,16277200
2016-04-12,19.76298713684082,19.78092536203944,19.52979534130873,19.664328608931736,19184000
2016-04-13,19.96479606628418,19.996187117890152,19.857168381717972,19.879592027737107,15753200
2016-04-14,19.960309982299805,20.02309379408673,19.893044178554028,19.93788804771788,13005400
2016-04-15,19.884078979492188,19.98722126743391,19.843718805020707,19.93340827170003,12921800
2016-04-18,19.969282150268555,19.969282150268555,19.794388638842207,19.825779694191336,14225800
2016-04-19,19.857166290283203,20.02757606011313,19.74505491473159,20.005154127139573,12942000
2016-04-20,19.89752960205078,19.9872190588193,19.816809262027522,19.875107665529676,13755600
2016-04-21,19.825780868530273,19.910986632968505,19.77645157557852,19.866141043610405,22555800
2016-04-22,19.48047637939453,19.61052601483489,19.377334095981762,19.511867434751277,29848800
2016-04-25,19.484960556030273,19.493929672803226,19.377332865438945,19.426662152348133,18715000
2016-04-26,19.39078140258789,19.552220322550767,19.3279976045826,19.507376463230564,14734800
2016-04-27,19.301101684570312,19.323523625511964,19.072393439185934,19.14414467660988,25559200
2016-04-28,19.05893898010254,19.39975690092799,18.99615686658345,19.33249108387938,45339200
2016-04-29,18.89301300048828,18.982702459745912,18.753994253104747,18.951309694924213,23792400
2016-05-02,19.032024383544922,19.054448024711284,18.852647228999487,18.933367547284206,25105400
2016-05-03,18.857135772705078,18.942341525374516,18.794353666959648,18.901981355869015,25062400
2016-05-04,18.79883575439453,18.852650449566514,18.745022769906484,18.771930117492474,22491400
2016-05-05,18.807809829711914,18.897499301298282,18.762965949260924,18.85265542084729,27119800
2016-05-06,18.946828842163086,18.946828842163086,18.727089719458164,18.727089719458164,18459800
2016-05-09,18.946828842163086,19.036518314913756,18.93337601999003,18.955797960506594,15082400
2016-05-10,19.19346809387207,19.19346809387207,18.982699860760402,19.005121794833908,27840400
2016-05-11,19.054452896118164,19.251768329768332,19.054452896118164,19.14414064097837,14304200
2016-05-12,19.000642776489258,19.126208728792584,18.8795622389206,19.126208728792584,18673000
2016-05-13,18.92888832092285,19.112750948063116,18.90646638311242,18.99615584503835,21842600
2016-05-16,19.19346809387207,19.238313672703,18.946823397695656,18.946823397695656,12788400
2016-05-17,19.000642776489258,19.229351028791555,18.94234607041451,19.135176136892937,19880200
2016-05-18,19.036516189575195,19.18450234901009,18.924404788824674,18.951310430166902,21807000
2016-05-19,18.933374404907227,19.014094752428665,18.821263001203484,18.991671103140508,17269600
2016-05-20,19.162084579467773,19.206930175934108,19.023065796449018,19.036520330731214,11746000
2016-05-23,19.126197814941406,19.2338237575767,19.108259587607687,19.153103445258473,16855400
2016-05-24,19.484960556030273,19.516351609393553,19.202439365076632,19.202439365076632,18923000
2016-05-25,19.619495391845703,19.682277503390132,19.5387750453788,19.565682397762515,19629400
2016-05-26,19.682279586791992,19.713670645887003,19.57913729109633,19.619497468601974,13034200
2016-05-27,19.77645492553711,19.80336228370984,19.655376090471332,19.677798033606308,15576000
2016-05-31,19.816810607910156,19.843717959973386,19.700215503671256,19.794388669866237,24742800
2016-06-01,19.767486572265625,19.821299575355095,19.71815727331506,19.74954833434096,13771000
2016-06-02,19.749540328979492,19.749540328979492,19.588099674465592,19.68675823237605,15529000
2016-06-03,19.70469856262207,19.74954414792758,19.59707257925717,19.722636796744272,16609400
2016-06-06,19.740577697753906,19.812328933251916,19.700217520868502,19.718155757414102,17271200
2016-06-07,19.821290969848633,19.866134834506592,19.79886903751965,19.803352739711933,8818800
2016-06-08,19.861658096313477,19.893049154717307,19.78542144684391,19.816812505247736,16317000
2016-06-09,19.86613655090332,19.888558485169515,19.76747969799528,19.78093251641821,25839000
2016-06-10,19.713672637939453,19.780940177474335,19.64640680908916,19.713672637939453,16565200
2016-06-13,19.493928909301758,19.65536958352369,19.489443495748905,19.538772780726053,23566200
2016-06-14,19.538772583007812,19.570163634823974,19.399753845904797,19.44908313038277,16841200
2016-06-15,19.489439010620117,19.610519488422167,19.467017080067958,19.57015932915482,14156200
2016-06-16,19.52980613708496,19.56119719319338,19.283161391654144,19.39078909165747,19192600
2016-06-17,19.399572372436523,19.534760688677462,19.313953506586895,19.489698489601384,22930400
2016-06-20,19.48068618774414,19.65192564269088,19.476180655330193,19.57081230713783,13712000
2016-06-21,19.615877151489258,19.66094107676696,19.521245486925555,19.539271057036636,11487800
2016-06-22,19.54827880859375,19.69247989432601,19.525747711262934,19.620379351459878,12990400
2016-06-23,19.81414794921875,19.83217179391707,19.602351873149043,19.67445240897944,19526800
2016-06-24,19.052589416503906,19.440130547063124,19.01203274658462,19.115677187708833,47246000
2016-06-27,18.6695556640625,18.912895685226413,18.59294785635704,18.912895685226413,36818000
2016-06-28,19.039073944091797,19.039073944091797,18.84530334986165,18.876847240176964,26489400
2016-06-29,19.331981658935547,19.363525546309457,19.1652477182301,19.16975497014805,21008400
2016-06-30,19.543773651123047,19.552786434823272,19.331979250712294,19.377041450200696,26710600
2016-07-01,19.588836669921875,19.647417182763686,19.530254438067416,19.55729278792624,14949400
2016-07-05,19.444639205932617,19.51223251468125,19.3860569631401,19.485195878786982,17361400
2016-07-06,19.579824447631836,19.584329979897742,19.313953349613346,19.3815466476781,15701600
2016-07-07,19.579824447631836,19.669950564064198,19.507723898288482,19.561798880542824,12332200
2016-07-08,19.886253356933594,19.899771673522245,19.651926128324455,19.674457228976472,25496000
2016-07-11,20.003416061401367,20.04847998160481,19.93131550808864,19.94934107617002,11663600
2016-07-12,20.16564178466797,20.192680135514333,20.07551566752613,20.138603433821604,32085600
2016-07-13,20.170143127441406,20.237738131010847,20.156624814332456,20.224219817901897,21218800
2016-07-14,20.30082893371582,20.345892849202226,20.23774117104746,20.282803367521257,30976600
2016-07-15,20.282794952392578,20.36841549678734,20.224214465083616,20.36841549678734,9729600
2016-07-18,20.417991638183594,20.440522734481895,20.27829609071419,20.314347220001437,8214400
2016-07-19,20.37293243408203,20.422501888799623,20.341388548173175,20.3819452184864,8915800
2016-07-20,20.63880157470703,20.674852708861085,20.503613259654703,20.530651610270244,10769800
2016-07-21,20.53064727783203,20.670341095668665,20.48107783833684,20.643304469771163,10946800
2016-07-22,20.652326583862305,20.652326583862305,20.472074307701654,20.51713651723526,9414600
2016-07-25,20.625280380249023,20.665837041005528,20.562192623297232,20.61626759796842,8489600
2016-07-26,20.67034149169922,20.733429245351882,20.57120432982176,20.647810396682175,18115400
2016-07-27,20.841588973999023,20.895663966770076,20.742450054741237,20.895663966770076,21820200
2016-07-28,20.855106353759766,20.918194128988613,20.77399300874755,20.86862639060377,12658600
2016-07-29,20.931718826293945,20.981288294728415,20.86863103701856,20.94523714713486,21179400
2016-08-01,20.972265243530273,21.01282190521701,20.89565745189422,20.931708581843537,15683400
2016-08-02,20.814546585083008,20.976773250976173,20.715409404047055,20.931711052233712,22224400
2016-08-03,20.88665008544922,20.88665008544922,20.7920184233124,20.79652567523107,15961800
2016-08-04,20.999300003051758,21.00831278473695,20.87312449748369,20.89115006085408,16752400
2016-08-05,21.202091217041016,21.21110400209445,21.044371776138338,21.066902879265438,12126200
2016-08-08,21.19758415222168,21.278697492828137,21.15252023021095,21.22462078641526,10439200
2016-08-09,21.24264144897461,21.29671642388536,21.197579256384394,21.197579256384394,29836800
2016-08-10,21.175052642822266,21.26067151447407,21.148014290136675,21.251658730245538,7112400
2016-08-11,21.251651763916016,21.310233982691695,21.22010788896271,21.242638982641893,10518600
2016-08-12,21.2291259765625,21.24715154361633,21.18406205892793,21.24715154361633,6937400
2016-08-15,21.33277130126953,21.37332796933139,21.24264518124176,21.25616349759146,16561400
2016-08-16,21.175052642822266,21.29672093237537,21.175052642822266,21.29672093237537,9078000
2016-08-17,21.166034698486328,21.193071325567786,21.044364719582557,21.184058543536498,10575000
2016-08-18,21.175052642822266,21.19758374388718,21.098444836386168,21.161532606973058,7086400
2016-08-19,21.188568115234375,21.206593681271624,21.066898123001838,21.116467570097974,9576200
2016-08-22,21.188568115234375,21.21109921327464,21.09393647205771,21.129985885119616,9257400
2016-08-23,21.26517105102539,21.314740490798997,21.247147206663264,21.25165273800071,16630600
2016-08-24,21.14801597595215,21.265178742237033,21.09844651825021,21.25616595729005,13648800
2016-08-25,21.193077087402344,21.220115440847216,21.075914327166977,21.1119637460806,11825400
2016-08-26,21.202091217041016,21.355305124923465,21.08943398239254,21.179560113913915,24227200
2016-08-29,21.283203125,21.314747011048517,21.19307699957015,21.19307699957015,13964800
2016-08-30,21.211103439331055,21.28771125074625,21.139002879829487,21.242647326674682,11436400
2016-08-31,21.175052642822266,21.20659652811571,21.1074576206147,21.18406370803797,22322400
2016-09-01,21.24264144897461,21.260667013615677,21.075909273575864,21.17054090942279,18479200
2016-09-02,21.337278366088867,21.395860606166018,21.242646706819315,21.34629115064019,13814400
2016-09-06,21.445430755615234,21.445430755615234,21.323760738754764,21.350799093283626,30214800
2016-09-07,21.49949836730957,21.504005617690687,21.386841173954547,21.445423395822615,23170000
2016-09-08,21.323759078979492,21.427403518086695,21.269684093143734,21.422897985522383,16605200
2016-09-09,20.801023483276367,21.20659005469483,20.801023483276367,21.129982271643655,33618400
2016-09-12,21.14801597595215,21.193078181674114,20.66584315487269,20.697387042680656,38020600
2016-09-13,20.99479866027832,21.143505290220894,20.90917979570609,21.066899209131954,34717600
2016-09-14,21.093936920166016,21.224617979180703,20.994798023867688,20.999303555966417,34217400
2016-09-15,21.440919876098633,21.481474819259557,21.09393548172867,21.138997675693595,32572600
2016-09-16,21.362184524536133,21.448159260654432,21.267161451469306,21.448159260654432,31766200
2016-09-19,21.32147216796875,21.520570215951377,21.262649313904802,21.416497020925917,14242600
2016-09-20,21.307889938354492,21.434587393287575,21.28073974395882,21.393862964755748,10002200
2016-09-21,21.547714233398438,21.561290195938277,21.307893517386358,21.38934238813077,24095200
2016-09-22,21.67893409729004,21.706084291852044,21.624635434289406,21.674409927924724,20997000
2016-09-23,21.488889694213867,21.674411723784107,21.452689431798447,21.674411723784107,23973000
2016-09-26,21.362184524536133,21.434583302985573,21.32146010377563,21.398384776822372,19240800
2016-09-27,21.597482681274414,21.606532745056338,21.335037736091284,21.38933639265966,17569000
2016-09-28,21.638212203979492,21.647262269893943,21.502464667509923,21.61558790225516,18096800
2016-09-29,21.506988525390625,21.665362087410486,21.4436397910321,21.611061692711566,22813800
2016-09-30,21.62010955810547,21.687984181509396,21.538660700470103,21.556760830194268,18510600
2016-10-03,21.5567569732666,21.611055626600624,21.506982488492472,21.56128286794956,12462800
2016-10-04,21.47983741760254,21.66535942807624,21.402912730949698,21.62915916938706,17804400
2016-10-05,21.5567569732666,21.60653145804073,21.51603255173532,21.538656846780906,18015200
2016-10-06,21.606534957885742,21.629159256596033,21.479837504209446,21.574860594466667,10011800
2016-10-07,21.547714233398438,21.651787406877713,21.443641059919166,21.624638934045343,12147800
2016-10-10,21.697031021118164,21.746805507398975,21.647256534837354,21.660830767050985,13315600
2016-10-11,21.452686309814453,21.724181333925696,21.357663223987846,21.69703286718853,17454600
2016-10-12,21.488889694213867,21.54771253145365,21.362190501883408,21.470789563006157,11040800
2016-10-13,21.353130340576172,21.421004937452402,21.17213429244407,21.348606172975018,19338400
2016-10-14,21.434579849243164,21.5793773828109,21.416481452139266,21.439105743111206,18896600
2016-10-17,21.389341354370117,21.479840287059336,21.375767118609986,21.434589957652943,10150200
2016-10-18,21.506988525390625,21.602013353051962,21.479840054164715,21.547712958353042,10117800
2016-10-19,21.547714233398438,21.570338536133296,21.452691126237838,21.493415561610046,10070000
2016-10-20,21.448162078857422,21.50246073829837,21.344087202920978,21.49341067403767,12296000
2016-10-21,21.506988525390625,21.52056448712713,21.421015489635995,21.479840054164715,16153800
2016-10-24,21.715131759643555,21.728705992239433,21.602008551682786,21.6201069531029,10786200
2016-10-25,21.638212203979492,21.746811268829298,21.597487770426262,21.746811268829298,8724800
2016-10-26,21.51603889465332,21.633688025370184,21.44816598950766,21.45721432929489,12559400
2016-10-27,21.488889694213867,21.61558716042081,21.461739497402302,21.611061264557122,17642200
2016-10-28,21.466262817382812,21.687985100591415,21.411964152032656,21.547711678469774,20837800
2016-10-31,21.45720863342285,21.552233437199913,21.45720863342285,21.520559077981932,11760000
2016-11-01,21.271686553955078,21.52508315271595,21.126888990698326,21.502458857105168,18130600
2016-11-02,21.135934829711914,21.33503273398843,21.086160353642782,21.27168230236778,16334600
2016-11-03,20.93231773376465,21.12236562155987,20.92326939607632,21.07711702862553,20251400
2016-11-04,20.8961238861084,21.063545788821667,20.84182521719774,20.91422401778647,16308000
2016-11-07,21.348608016967773,21.357658079074486,21.154035996980586,21.203810475506078,26452000
2016-11-08,21.452686309814453,21.543185226559288,21.28526443581663,21.307888733472023,19560000
2016-11-09,21.425533294677734,21.4617335470565,21.01376491754598,21.126888117045066,54258800
2016-11-10,21.081647872924805,21.547715086995698,20.787526747349283,21.547715086995698,79031000
2016-11-11,21.14499282836914,21.190243153654794,20.96399670559676,20.96399670559676,28183200
2016-11-14,20.823720932006836,21.176664798713034,20.7241719537571,21.163090565723785,37942000
2016-11-15,21.117835998535156,21.190236496245895,20.954940057054614,20.963990119268455,34741600
2016-11-16,21.31241798400879,21.325993946737512,21.040922895165796,21.068073094499567,20248400
2016-11-17,21.448162078857422,21.466260481255564,21.28978854348003,21.330512969591556,17048200
2016-11-18,21.430065155029297,21.543188386019846,21.389340722827757,21.497938057949515,17646000
2016-11-21,21.647258758544922,21.665358887437844,21.475310986308788,21.506985348809746,17951000
2016-11-22,21.715131759643555,21.751330288606955,21.66535727196111,21.71965592846779,16977600
2016-11-23,21.629159927368164,21.70155872116036,21.552236964142946,21.70155872116036,16233600
2016-11-25,21.71965789794922,21.724182067183698,21.620108913557488,21.642734938099846,6219000
2016-11-28,21.73775863647461,21.83730589753347,21.687984142883494,21.701558377090752,14975600
2016-11-29,21.75133514404297,21.8554083114638,21.67441217399766,21.72418494666745,11856800
2016-11-30,21.493406295776367,21.78300138863453,21.488882127629232,21.78300138863453,23633200
2016-12-01,21.049970626831055,21.520563673011356,20.991146064527648,21.4662632803666,43731200
2016-12-02,21.126890182495117,21.176664671320555,20.982092611070136,21.031867099895575,20105400
2016-12-05,21.33051109313965,21.384809747803928,21.158563339559134,21.244538079410944,18010000
2016-12-06,21.393863677978516,21.430063938379583,21.294316414122424,21.380289443389824,18509600
2016-12-07,21.801105499267578,21.819205627411108,21.366712780562256,21.38028701360829,19945800
2016-12-08,21.85540771484375,21.950430813878754,21.75133455026396,21.810159113243323,19354200
2016-12-09,22.01378059387207,22.01378059387207,21.900657367235777,21.936855902175196,24615000
2016-12-12,21.945899963378906,21.99567444566109,21.878025355517202,21.945899963378906,19170200
2016-12-13,22.221921920776367,22.330519227303697,22.027349876614917,22.040924108400066,27934000
2016-12-14,22.144994735717773,22.321468359532613,22.09974615081522,22.235493631645745,35830000
2016-12-15,22.244550704956055,22.357673928989826,22.13595165038933,22.172151910619377,23140000
2016-12-16,22.083660125732422,22.310905032671943,22.05184597746017,22.306360897379214,21131400
2016-12-19,22.242727279663086,22.315445568805682,22.08365656395765,22.10183656967849,13254000
2016-12-20,22.324535369873047,22.36089538098607,22.26999708694427,22.301811229797785,11413000
2016-12-21,22.279090881347656,22.324539169232914,22.233640859721348,22.31544916490765,9247400
2016-12-22,22.233646392822266,22.292730568769723,22.165473944028875,22.27909642575934,22210400
2016-12-23,22.256370544433594,22.26091468050299,22.170016355442954,22.210920515032903,12717400
2016-12-27,22.347265243530273,22.451799435429912,22.270002800703203,22.279092805813658,13681400
2016-12-28,22.147287368774414,22.40634641166326,22.138197364880302,22.37453226490435,15555200
2016-12-29,22.151830673217773,22.21091309107847,22.097290656166837,22.14728480492648,9593000
2016-12-30,21.979129791259766,22.201828850591976,21.91095561912227,22.201828850591976,17003200
2017-01-03,22.1745548248291,22.251817248413087,22.0427523841662,22.120014807750184,27881200
2017-01-04,22.251821517944336,22.283635667140942,22.17910321496051,22.192739088716984,14446200
2017-01-05,22.28818130493164,22.34271959816807,22.201827129087786,22.229097142576542,11005800
2017-01-06,22.451791763305664,22.483605903450275,22.224546914420955,22.288175194710178,17501200
2017-01-09,22.447248458862305,22.519966749460064,22.433614321169227,22.465428464946946,16627000
2017-01-10,22.451791763305664,22.529054179730974,22.374527613139747,22.451791763305664,15471600
2017-01-11,22.556331634521484,22.556331634521484,22.38362500688882,22.41089502190698,15173000
2017-01-12,22.501789093017578,22.529059104992083,22.288180067310755,22.469974945917816,13725400
2017-01-13,22.569957733154297,22.610861874236207,22.50178358677093,22.50178358677093,9665800
2017-01-17,22.48360824584961,22.547236532767787,22.433614096487958,22.510876520962665,9651600
2017-01-18,22.542694091796875,22.574508240092968,22.488155799538017,22.547239960834062,12315400
2017-01-19,22.51088523864746,22.624507718929333,22.469981076396326,22.542699394427068,14500000
2017-01-20,22.63359832763672,22.692682504403017,22.57451415087042,22.61087417772399,17510800
2017-01-23,22.67449951171875,22.683589517237785,22.51542874948884,22.610871206826786,23955200
2017-01-24,22.815391540527344,22.851749828135333,22.647230776140265,22.656319047736332,13021800
2017-01-25,23.03354835510254,23.03354835510254,22.919925879686186,22.938105891850736,18395600
2017-01-26,22.969913482666016,23.047175911675705,22.906285192013122,23.02899590470605,14253000
2017-01-27,23.060813903808594,23.10171805638028,23.010819746916415,23.051723899488103,12046000
2017-01-30,22.87447738647461,22.98355399104193,22.769943184297322,22.98355399104193,16893200
2017-01-31,22.760848999023438,22.824477290781356,22.66086069269475,22.80175141480417,19115600
2017-02-01,22.93355941772461,23.00627773072556,22.806302803408276,22.969919441095755,23362200
2017-02-02,22.888111114501953,22.92901527390997,22.769942772327077,22.86538696677335,17197800
2017-02-03,23.038082122802734,23.0698962629018,22.969909708479285,22.974453842604607,13667200
2017-02-06,23.05172348022461,23.056267615431683,22.94719103305176,23.006273459448792,13453000
2017-02-07,23.142623901367188,23.16989391836586,23.078995595444926,23.097175606777373,20106200
2017-02-08,23.183521270751953,23.219881282768903,23.078988836814425,23.142617124103285,12706200
2017-02-09,23.25624656677246,23.31533073722816,23.18352825457365,23.18352825457365,9739200
2017-02-10,23.324413299560547,23.360773310927215,23.251695010567982,23.310779162168433,8355800
2017-02-13,23.428951263427734,23.456221278391446,23.33350881166651,23.365322962253586,13159400
2017-02-14,23.506221771240234,23.506221771240234,23.33351509742737,23.401689286331344,12467600
2017-02-15,23.58348274230957,23.60166275603306,23.465316120589954,23.488040270873547,11895000
2017-02-16,23.63800811767578,23.7016381308968,23.583469840084064,23.61528397982428,14123000
2017-02-17,23.71982192993164,23.71982192993164,23.574385333292632,23.61074534932288,14175400
2017-02-21,23.84253692626953,23.851626931246557,23.733460334027566,23.769818620194496,15237400
2017-02-22,23.869808197021484,23.887988207932008,23.76981987075486,23.81981403388817,13769600
2017-02-23,23.865259170532227,23.91979919604926,23.760726722236132,23.901619187543584,13405400
2017-02-24,23.9197998046875,23.928889809171633,23.71073316903458,23.72436904263132,15544200
2017-02-27,23.90616226196289,23.91525226581236,23.85162397260703,23.91525226581236,15951200
2017-02-28,23.792543411254883,23.887987599232456,23.756185124101556,23.865261719302755,15243000
2017-03-01,24.128862380981445,24.16067652673902,23.883437484787915,23.93797577269506,18190600
2017-03-02,23.969789505004883,24.110680213955913,23.9561536339439,24.106136079429422,14340200
2017-03-03,24.02433204650879,24.02433204650879,23.901619587652828,23.95161374500982,15714000
2017-03-06,23.987972259521484,24.028876412866744,23.883439808470502,23.92434396181576,13430400
2017-03-07,23.987972259521484,24.087960575196806,23.951613975292965,23.969793984277764,13960800
2017-03-08,24.015243530273438,24.087961836278595,23.983429379755005,24.015243530273438,11361800
2017-03-09,24.010698318481445,24.04705660298383,23.89252999293123,24.01978658930122,15300400
2017-03-10,24.137954711914062,24.187948869707977,24.03796639632623,24.124320572057933,14709000
2017-03-13,24.160680770874023,24.187950786488383,24.11523247859131,24.137956624732666,14922400
2017-03-14,24.106138229370117,24.14249651004697,24.01523992706661,24.14249651004697,14479800
2017-03-15,24.269756317138672,24.31066046900007,24.0697796930425,24.14249799260265,17867200
2017-03-16,24.28339385986328,24.369746310899302,24.25612384355341,24.36065630546268,21956000
2017-03-17,24.335857391357422,24.413417406063274,24.326732376612274,24.376919087501285,13790800
2017-03-20,24.358673095703125,24.413421452830494,24.290238084398638,24.340423063187703,9083600
2017-03-21,24.0028018951416,24.48185385075506,23.993676880506662,24.422542125837253,29811000
2017-03-22,24.15336036682129,24.189860425483825,23.975426931887903,24.007363613008327,22766600
2017-03-23,24.089488983154297,24.189862412301782,24.052990661912585,24.11686402939963,22718800
2017-03-24,24.107738494873047,24.25373525753361,24.025615098324142,24.171611860984704,26281800
2017-03-27,24.107738494873047,24.15792520836612,23.875056698263617,23.906993381319445,13690000
2017-03-28,24.281108856201172,24.33585720383158,24.043863695911277,24.084925391738732,16907800
2017-03-29,24.32216453552246,24.335851183939788,24.217229503347248,24.271977837434715,11410200
2017-03-30,24.367794036865234,24.39973071821691,24.285670644698463,24.30392067416188,17508400
2017-03-31,24.32216453552246,24.40428790686274,24.294789498269648,24.34497619635739,12207000
2017-04-03,24.299358367919922,24.381481763707427,24.153361606612947,24.344983443590024,26035800
2017-04-04,24.317611694335938,24.317611694335938,24.18986494598148,24.19898996235236,15041600
2017-04-05,24.21723747253418,24.504667626391882,24.19442406377386,24.34042082966249,20955800
2017-04-06,24.221797943115234,24.294796322542748,24.162486215949553,24.244609610357838,13870200
2017-04-07,24.208112716674805,24.271986084883594,24.12142593946109,24.18529930766988,12938800
2017-04-10,24.162485122680664,24.28110857164473,24.112298412766528,24.221796847162697,9687200
2017-04-11,24.071237564086914,24.1579243353217,23.875055835441792,24.121424275766287,16914200
2017-04-12,23.989110946655273,24.075795959532964,23.943485881652588,24.048420920531353,17368400
2017-04-13,23.8933048248291,24.121424982478008,23.8933048248291,23.961741568291245,19533200
2017-04-17,24.112302780151367,24.121427796372046,23.966306001458253,23.966306001458253,14132000
2017-04-18,24.107738494873047,24.15336183054746,24.011928445705557,24.04842676616135,12487200
2017-04-19,24.089488983154297,24.230924111460414,24.043865646497476,24.14423733522623,14521000
2017-04-20,24.308486938476562,24.349548642376106,24.116866813891306,24.15336513934705,15163800
2017-04-21,24.25829315185547,24.322168248529835,24.21266982322078,24.31760487141531,15233000
2017-04-24,24.545730590820312,24.5639806226018,24.46817056637723,24.522918921302864,16210000
2017-04-25,24.673479080200195,24.723664056985957,24.605042331208704,24.646104032519833,20089600
2017-04-26,24.646102905273438,24.73278794166827,24.623291236792557,24.673477951701738,16294400
2017-04-27,24.746471405029297,24.76471969192728,24.68715968646027,24.709971350396543,17183400
2017-04-28,24.81035041809082,24.86053713444648,24.751038685996054,24.824037071490075,22836800
2017-05-01,24.997406005859375,25.029342687052445,24.85597088884821,24.90159596228016,15126000
2017-05-02,25.052152633666992,25.088652689906738,24.960904233486108,25.04759099684626,15070200
2017-05-03,25.006532669067383,25.024780959224564,24.89247258859613,24.970032607915602,14309000
2017-05-04,24.988285064697266,25.029346767270496,24.9061616595508,25.015660113219045,15159800
2017-05-05,25.079532623291016,25.088657639151045,24.97003417338948,25.02934590627026,13651600
2017-05-08,25.18902587890625,25.20271427102878,25.052154140611012,25.097777473236565,12140200
2017-05-09,25.220964431762695,25.289401176199075,25.170777717898513,25.216402794329003,15388600
2017-05-10,25.3167781829834,25.335026474550318,25.193593077707767,25.248341433246214,10604000
2017-05-11,25.284839630126953,25.29852802425712,25.138842855809955,25.239216290809956,18196000
2017-05-12,25.348716735839844,25.36240339062785,25.280279981061863,25.30765503105685,9307600
2017-05-15,25.490148544311523,25.490148544311523,25.366963437688934,25.38065183203735,19898600
2017-05-16,25.6087646484375,25.6087646484375,25.46276791377896,25.54945293110173,18122200
2017-05-17,24.910720825195312,25.430836252977677,24.897034172502178,25.40802284459751,37090000
2017-05-18,25.056724548339844,25.15253636506035,24.805792650228167,24.846854360131474,33644400
2017-05-19,25.20271873474121,25.280278762025205,25.166218669841292,25.193593718516233,20438200
2017-05-22,25.403461456298828,25.435398139841812,25.25746469141126,25.262026328880808,21020600
2017-05-23,25.44908332824707,25.5357700989487,25.380648327629522,25.508395054450506,13221000
2017-05-24,25.55402183532715,25.558585213568403,25.45821177728703,25.517523511491373,18643800
2017-05-25,25.736520767211914,25.791269127624066,25.58596234097375,25.636147322773805,12227000
2017-05-26,25.722829818725586,25.754766502003594,25.65895645216957,25.71370480344348,72564400
2017-05-30,25.832324981689453,25.859700025904235,25.70001661903119,25.7319533004058,11850600
2017-05-31,25.791261672973633,25.937258418820118,25.70457664900806,25.928135145070897,28492200
2017-06-01,25.855138778686523,25.855138778686523,25.6954553586562,25.846015503615146,16872400
2017-06-02,26.092382431030273,26.096945808717273,25.86882565608936,25.9509490502689,16982000
2017-06-05,26.115203857421875,26.183638879972353,26.06045375087848,26.092390442819205,13531600
2017-06-06,26.065004348754883,26.197312690308213,26.033067672474598,26.083252634901957,15370400
2017-06-07,26.14713478088379,26.19275811918553,26.010261285140974,26.124321371314124,17407400
2017-06-08,26.20644760131836,26.224697634776483,26.060450814491325,26.192760946434255,14204800
2017-06-09,25.55858612060547,26.288570027415556,25.193594167200423,26.24294668589702,70285000
2017-06-12,25.40802764892578,25.449089355188132,24.988287309727557,25.29396754713248,71412800
2017-06-13,25.590513229370117,25.67263660570031,25.40345481448874,25.531201515260918,36586800
2017-06-14,25.467330932617188,25.695451060455333,25.25746083270652,25.69088942368269,32361200
2017-06-15,25.353275299072266,25.389775361305453,25.07040677844009,25.179903484302137,29501000
2017-06-16,25.3088436126709,25.363812557481015,25.20348574035515,25.35465077544079,43222600
2017-06-19,25.684471130371094,25.70279469672819,25.487497160610975,25.501238961663063,19858400
2017-06-20,25.478328704833984,25.689046167892208,25.478328704833984,25.675302623007994,21915400
2017-06-21,25.620332717895508,25.634074514829585,25.487489522762942,25.56536378272825,24586400
2017-06-22,25.629497528076172,25.716531831332183,25.547043241862625,25.69820826830003,17585600
2017-06-23,25.789823532104492,25.85395425328679,25.56536600796645,25.606593149788083,32847200
2017-06-26,25.652395248413086,25.982212317927665,25.624909910143288,25.92724164138807,19455800
2017-06-27,25.23097038269043,25.56078578978262,25.23097038269043,25.51497862829046,25791000
2017-06-28,25.547048568725586,25.569952153575873,25.157680636544626,25.32717100878609,25952000
2017-06-29,25.088966369628906,25.42794357179322,24.88741240475908,25.42794357179322,41946800
2017-06-30,25.066059112548828,25.235547688778876,25.043153786832296,25.194320548892538,30743800
2017-07-03,24.89198112487793,25.217216379934,24.864495790920756,25.171409237435856,33105200
2017-07-05,25.13934898376465,25.18973789918436,24.90114795014562,24.98360222129955,29618800
2017-07-06,24.910316467285156,25.047739707232534,24.85076575591648,24.91947824960582,25514800
2017-07-07,25.198898315429688,25.28135258783957,24.983602601853537,25.001926161818147,17636400
2017-07-10,25.382131576538086,25.441682275420565,25.166834105722856,25.20348122732159,11188400
2017-07-11,25.437101364135742,25.47832850360075,25.258451008931033,25.354647085205723,13713000
2017-07-12,25.766921997070312,25.789825578248127,25.597433399436994,25.61117519865744,33103800
2017-07-13,25.817306518554688,25.908922575063464,25.75775581970934,25.803564721679198,16250200
2017-07-14,26.046344757080078,26.07382834974524,25.890597991397634,25.92724336409481,13379200
2017-07-17,26.050928115844727,26.124220618073736,26.000539192918954,26.06925167825975,19674200
2017-07-18,26.170024871826172,26.170024871826172,25.93640386114349,26.000534570764373,19840400
2017-07-19,26.302867889404297,26.32577321344459,26.188348258926364,26.21125358296666,13347200
2017-07-20,26.35784149169922,26.385325087704448,26.20667472394613,26.37616505399009,20745800
2017-07-21,26.325775146484375,26.330355163170204,26.215835524283364,26.24332086669137,11610000
2017-07-24,26.389904022216797,26.41280759890891,26.25706083099929,26.31202976454654,10756200
2017-07-25,26.339513778686523,26.394482709465766,26.2249941535618,26.307448423446065,13760600
2017-07-26,26.440292358398438,26.486099510776096,26.35325632247769,26.48151949451067,21205200
2017-07-27,26.339513778686523,26.66016907852191,26.014278462715698,26.628103723281452,46094400
2017-07-28,26.312036514282227,26.36242544438951,26.18377505395921,26.2066786365267,20586200
2017-07-31,26.18377113342285,26.41281041966603,26.15628578999848,26.3532597159621,21965600
2017-08-01,26.316614151000977,26.33951772997561,26.22041807084887,26.316614151000977,16614400
2017-08-02,26.389904022216797,26.591457943510644,26.22499547414415,26.586877927144577,25147800
2017-08-03,26.330360412597656,26.426556509057566,26.252487881396213,26.426556509057566,21375600
2017-08-04,26.389904022216797,26.47235829625312,26.330353324872586,26.38532225841984,9513800
2017-08-07,26.55023765563965,26.55023765563965,26.41739443015266,26.426556212679145,15366000
2017-08-08,26.51358413696289,26.71971981197526,26.440291646673025,26.51358413696289,20921400
2017-08-09,26.499849319458008,26.5181728849217,26.33036070749732,26.3441025078794,13945600
2017-08-10,25.977638244628906,26.385327938783,25.963896445141415,26.357844339808018,29823800
2017-08-11,26.156288146972656,26.243324201943878,25.98679954916059,26.018864912329597,29936200
2017-08-14,26.573137283325195,26.609784407976885,26.339517979679453,26.39448691922591,19517000
2017-08-15,26.61436653137207,26.673917239928972,26.531912241810584,26.6281100779198,14105200
2017-08-16,26.69223976135254,26.788435846274,26.60520545796138,26.655592635231322,18111800
2017-08-17,26.170024871826172,26.632683382255966,26.170024871826172,26.591456247866713,25937800
2017-08-18,26.14254379272461,26.325775919294855,26.041765948367864,26.170029135939465,33393000
2017-08-21,26.13338279724121,26.188351737892265,25.959312446509905,26.160868141282297,15957200
2017-08-22,26.522748947143555,26.54107076123635,26.252482530676005,26.2708043447688,16922400
2017-08-23,26.458620071411133,26.531912580018815,26.36700574622496,26.376167528229825,17847400
2017-08-24,26.435712814331055,26.550232452321502,26.3028696148787,26.522748857559634,16187800
2017-08-25,26.431133270263672,26.600621848239268,26.376164332326105,26.522749331780304,16666200
2017-08-28,26.481521606445312,26.53190877910684,26.408229108337377,26.495263403768366,11986600
2017-08-29,26.596038818359375,26.632684190355743,26.23415637745454,26.266221733237924,17379600
2017-08-30,26.788436889648438,26.806760453422726,26.5639793494227,26.6235283105423,15308000
2017-08-31,26.948755264282227,26.994562408970577,26.820492113779842,26.852557464547797,18851600
2017-09-01,26.925859451293945,27.040379100879143,26.893794089204583,27.01747552044834,12026200
2017-09-05,26.687658309936523,26.898375792743067,26.509007936577785,26.847986867450874,23803400
2017-09-06,26.710556030273438,26.806752088925606,26.596036413564477,26.770104972812014,18227400
2017-09-07,26.802175521850586,26.857146206678177,26.701399427862036,26.797595505163795,15387600
2017-09-08,26.58230209350586,26.797599606789703,26.56398027652335,26.760952477962118,12518400
2017-09-11,26.957921981811523,26.985407323900226,26.793015171572296,26.793015171572296,14074600
2017-09-12,27.022058486938477,27.072445667155005,26.898377050193353,27.03580028632196,15723400
2017-09-13,26.98540687561035,26.994568656154385,26.88004902050039,26.989986892166886,16256600
2017-09-14,26.89379119873047,27.01747261668127,26.834242245496778,26.884629418056594,15253400
2017-09-15,27.0036678314209,27.026653237461538,26.824377455486133,26.870350021241485,26247600
2017-09-18,27.026653289794922,27.127789427304393,26.925515398611378,27.04504231613267,20824000
2017-09-19,27.146175384521484,27.20134070362372,26.999066697799613,27.06802466193281,11232200
2017-09-20,27.035842895507812,27.150771658746145,26.847359793943898,27.141577147246227,17901600
2017-09-21,26.888736724853516,27.026650902858194,26.80138973430055,27.026650902858194,16209200
2017-09-22,26.90252685546875,26.939303150181754,26.78759808477058,26.80138897607872,9649600
2017-09-25,26.585325241088867,26.815182792526922,26.46579833228367,26.815182792526922,27146200
2017-09-26,26.68186378479004,26.792194422431812,26.599114929721775,26.727834591528467,18106600
2017-09-27,26.953096389770508,27.035845246792608,26.760015138827644,26.801389567338692,15271000
2017-09-28,26.98527717590332,26.999068067960277,26.828973969119954,26.88413929102174,11178400
2017-09-29,27.169158935546875,27.19214609113987,26.999064856936,27.031244770357684,24857400
2017-10-02,27.210538864135742,27.29788586423911,27.07722280456985,27.238122404222192,15143800
2017-10-03,27.2748966217041,27.288687512970707,27.201340525151902,27.23352219423042,12932000
2017-10-04,27.256507873535156,27.297882301427748,27.136980969101497,27.228924337048802,13299200
2017-10-05,27.518545150756836,27.52314152997063,27.32546390397387,27.339256548963,12845400
2017-10-06,27.55992317199707,27.573714065110565,27.417410846352606,27.426605359652967,11852800
2017-10-09,27.628875732421875,27.688639184122867,27.58290492568195,27.601293949847467,13898400
2017-10-10,27.65645980834961,27.739208665035303,27.51394749879672,27.71622326121681,10945800
2017-10-11,27.748403549194336,27.757598061579742,27.6196838831465,27.6196838831465,9961800
2017-10-12,27.679445266723633,27.81276306427711,27.647265350579538,27.684043399700734,12212800
2017-10-13,27.812768936157227,27.863337887538123,27.780589013219252,27.780589013219252,11900000
2017-10-16,27.91390609741211,27.918502477563607,27.817364577488444,27.881726175328964,16612800
2017-10-17,27.91390609741211,27.91390609741211,27.821962711314168,27.904711583434892,10263400
2017-10-18,27.982860565185547,28.019638618785777,27.895515318396175,27.99665321212269,12182600
2017-10-19,27.900110244750977,27.932290163137647,27.716225247352007,27.86333394674079,13745200
2017-10-20,28.08858871459961,28.12076862764654,28.024228888505743,28.0702014454826,14814800
2017-10-23,27.955280303955078,28.157554348770468,27.923100382136134,28.134568940853253,14109800
2017-10-24,28.033432006835938,28.079404577927477,27.918503209618503,28.010446598127306,16071600
2017-10-25,27.88172149658203,28.051815592432003,27.69783475524362,27.969066734197114,18451800
2017-10-26,27.99665069580078,28.116175851910448,27.978261670653463,28.042621504995125,18872800
2017-10-27,28.75058364868164,28.828734376293344,28.447171743607175,28.447171743607175,29078400
2017-10-30,28.814939498901367,28.92527012893829,28.447167809322043,28.447167809322043,17149400
2017-10-31,28.93906593322754,28.998829387333668,28.810344512562494,28.925273287711395,20222600
2017-11-01,28.94367027282715,29.113766169473244,28.791965159818467,29.076988109547248,19101400
2017-11-02,28.95745086669922,28.985032646486573,28.736786106358267,28.943658223131855,20449200
2017-11-03,29.18731117248535,29.21489295490731,28.93906460864459,29.109158697050805,15319400
2017-11-06,29.251670837402344,29.26086534938222,29.150532959297557,29.16892198325731,12000400
2017-11-07,29.26546287536621,29.29304641238676,29.145937722291666,29.283851900046578,11551200
2017-11-08,29.426366806030273,29.43096143209471,29.187314725124367,29.265465456397454,18201000
2017-11-09,29.191909790039062,29.242478733255314,28.89769239715249,29.201104302776017,20490800
2017-11-10,29.191909790039062,29.214895195044452,29.086175524075074,29.155131739091246,11966400
2017-11-13,29.182710647583008,29.219488692696135,29.07697639839333,29.081572777195614,8600600
2017-11-14,29.122957229614258,29.15513715333256,28.962057611022747,29.095375439955323,14741600
2017-11-15,28.906888961791992,29.021817748650943,28.828736474817365,28.980443315234755,16985000
2017-11-16,29.311439514160156,29.37120297942281,29.11835997762979,29.11835997762979,15282200
2017-11-17,29.122957229614258,29.293053116324504,29.104569954399743,29.270065953376303,16604200
2017-11-20,29.233280181884766,29.256265583714676,29.150531332358078,29.19190575712142,13159800
2017-11-21,29.541297912597656,29.55968694034566,29.325231220744136,29.348216628592034,16348000
2017-11-22,29.486133575439453,29.550493424877182,29.43556462125999,29.541300663821254,24231600
2017-11-24,29.651620864868164,29.66541175525762,29.522901211436587,29.532093969247054,8678200
2017-11-27,29.651620864868164,29.688398910805045,29.550482992215493,29.60105192854183,13778200
2017-11-28,29.748159408569336,29.775741188238996,29.57806358346258,29.697590474276716,22623200
2017-11-29,29.090778350830078,29.702200430788594,28.88850428681021,29.697602296564064,67280400
2017-11-30,29.348209381103516,29.426361852895813,29.11375547307418,29.219489726002998,42095000
2017-12-01,29.19650650024414,29.34361695202756,28.773569431598094,29.168924715394883,38423600
2017-12-04,28.72759246826172,29.39417784656998,28.700008935646224,29.380386957099052,33611000
2017-12-05,28.736793518066406,29.067788990273517,28.55290850858679,28.677031810664456,27854200
2017-12-06,28.92068099975586,28.985040842356455,28.552909217985174,28.62186544062545,26524200
2017-12-07,29.09996223449707,29.155127549317204,28.92067364607633,29.044796919676937,23371000
2017-12-08,29.23788070678711,29.380393024219178,29.168924491519206,29.29304778341023,20118000
2017-12-11,29.4907283782959,29.4907283782959,29.2057037148768,29.224092742260133,22843200
2017-12-12,29.481531143188477,29.587267170334716,29.362005976468634,29.472338383472742,16794000
2017-12-13,29.4907283782959,29.633238956331272,29.453950323529238,29.582670007864202,20712200
2017-12-14,29.453947067260742,29.619444788065834,29.440156175084976,29.5275031686621,21892000
2017-12-15,29.78986167907715,29.83139212885078,29.471476232582074,29.54530481844524,42610400
2017-12-18,30.05287742614746,30.085177323846438,29.951365976539837,30.00211994113124,21521600
2017-12-19,29.868309020996094,30.01135092421949,29.794478670671204,29.992893336638264,23953600
2017-12-20,29.859073638916016,29.997503763179232,29.716031758821845,29.997503763179232,17930400
2017-12-21,29.799097061157227,29.96059656883572,29.77140891668003,29.909839077790302,31883800
2017-12-22,29.780637741088867,29.808322363532067,29.702195630549774,29.74833784143012,10971000
2017-12-26,29.582225799560547,29.614525702204066,29.4760972965586,29.596068112061293,12438200
2017-12-27,29.61452293395996,29.669895699212272,29.563765445918268,29.58683831154632,10693200
2017-12-28,29.665285110473633,29.720657884477372,29.61452761440993,29.70220029314279,19316000
2017-12-29,29.508390426635742,29.69296100506408,29.485319324358734,29.683733972323097,13386400
2018-01-02,29.87291717529297,29.87291717529297,29.554533509078126,29.628360330075612,27445600
2018-01-03,30.122089385986328,30.140546971396365,29.895990125456176,29.928290019817627,22663600
2018-01-04,30.27436637878418,30.352808488256752,30.17285140397262,30.24206647956459,21493200
2018-01-05,30.592744827270508,30.620429441385607,30.3712573530778,30.431241857135173,19356000
2018-01-08,30.70810890197754,30.763478142508355,30.56045172652077,30.57890579308121,13467800
2018-01-09,30.629667282104492,30.777324476867875,30.578909791364715,30.768097442381194,21212800
2018-01-10,30.52353858947754,30.532765623373503,30.375881404167167,30.4635505476663,20815600
2018-01-11,30.648117065429688,30.66195937384668,30.518917492972,30.592747831761717,15775600
2018-01-12,30.82809066772461,30.869621135698182,30.569691384071113,30.611218331618478,16308600
2018-01-16,30.70810890197754,31.12800756451016,30.629663277184292,31.017265563023773,36443600
2018-01-17,31.169544219970703,31.197228845747038,30.781941856974743,30.88345684538858,29376200
2018-01-18,31.224910736083984,31.30796812656225,31.141853345605718,31.169541489381903,29845800
2018-01-19,31.284902572631836,31.335660068544506,31.123399529041205,31.284902572631836,23894400
2018-01-22,31.58942985534668,31.594045131202385,31.19721589778778,31.261815678071642,18004200
2018-01-23,31.727863311767578,31.792463098860313,31.626348354786316,31.69094814187905,20460200
2018-01-24,31.483314514160156,31.866298058204503,31.377184253726615,31.81092880965245,37019000
2018-01-25,31.427928924560547,31.70940089129481,31.34948684082774,31.681716278312365,25951800
2018-01-26,31.92628288269043,31.92628288269043,31.575595755409417,31.644810829539537,20097200
2018-01-29,31.635581970214844,31.83399664912407,31.59405503576703,31.83399664912407,55179800
2018-01-30,31.349504470825195,31.534073355069115,31.266447064745105,31.377189099376622,29662400
2018-01-31,31.584821701049805,31.635579185635056,31.377180006237268,31.534064216464557,30135800
2018-02-01,31.612512588500977,31.83399661282026,31.464855398813086,31.469467155685297,32650000
2018-02-02,30.675809860229492,31.284896166025618,30.67119458324831,31.257208024563393,43929400
2018-02-05,29.393035888671875,30.924978696929877,29.379191817848316,30.348192285300573,98559600
2018-02-06,30.23745346069336,30.28821095188996,28.83009482031894,28.996209605975945,90269400
2018-02-07,29.849851608276367,30.472780230986096,29.849851608276367,30.163623558145513,47425200
2018-02-08,28.613218307495117,29.98827684267063,28.603991274291385,29.93290760259879,55628600
2018-02-09,29.31458854675293,29.52684725883517,28.13333124228524,29.074645216729873,72700400
2018-02-12,29.840627670288086,30.025200067678863,29.411500102748267,29.628370645437673,35629600
2018-02-13,29.91445541381836,29.98828225404441,29.582225831737716,29.669898504904932,19084000
2018-02-14,30.463550567626953,30.514308055150494,29.72987991775485,29.748337505983862,32117600
2018-02-15,31.044952392578125,31.044952392578125,30.394339127067393,30.754253297829713,24305000
2018-02-16,30.99881362915039,31.33104321462149,30.920371510476766,30.952671413485046,20334200
2018-02-20,31.02649688720703,31.271053787839215,30.809624610668987,30.841924512253893,33835200
2018-02-21,30.82809066772461,31.409492576371186,30.823478909392374,31.146478013959246,29102400
2018-02-22,30.86499786376953,31.146469947895646,30.777325192194915,30.93421294551658,21958800
2018-02-23,31.510995864868164,31.510995864868164,31.044951455560945,31.11878180652739,20772400
2018-02-26,32.00472640991211,32.00472640991211,31.64481223298322,31.64481223298322,21594400
2018-02-27,31.68172264099121,32.16622106760551,31.68172264099121,32.0185639013386,25581200
2018-02-28,31.45562744140625,31.995498755738144,31.451015684153262,31.861687386893802,30464000
2018-03-01,30.93421745300293,31.649430680803462,30.698887548942693,31.52946161008129,42973600
2018-03-02,31.229530334472656,31.294130144846758,30.500471308335634,30.583528710306,38392200
2018-03-05,31.54790687561035,31.654033590583364,31.012647463039638,31.081862527827152,21777800
2018-03-06,31.61712074279785,31.769393192432542,31.47869412347743,31.727866262763822,20303800
2018-03-07,31.792476654052734,31.824776561370644,31.381804895113927,31.381804895113927,22219600
2018-03-08,31.93089485168457,31.95858299377571,31.73248018208524,31.889367919185258,15248000
2018-03-09,32.535362243652344,32.535362243652344,32.11546013199767,32.15699057576834,24685000
2018-03-12,32.63688659667969,32.76608620043208,32.54459865083857,32.632271319281344,27012400
2018-03-13,32.263118743896484,32.91834715837814,32.152376756198365,32.802989894402174,27618800
2018-03-14,32.23543930053711,32.4523115548856,32.0739398091366,32.42462341319917,27762800
2018-03-15,32.25389862060547,32.443082743428974,32.097010877371886,32.24466806607258,23002800
2018-03-16,32.22057342529297,32.42423857177093,32.17891304013205,32.30852038062462,24404600
2018-03-19,31.581809997558594,31.970621421224028,31.32259885034273,31.919705135062284,39736800
2018-03-20,31.56791114807129,31.688259017603617,31.392020824476212,31.503109264039534,18765600
2018-03-21,31.37814712524414,31.794733346081674,31.294829881076634,31.498495040472573,21867000
2018-03-22,30.568111419677734,31.179103200203897,30.54496637370156,30.998583142191954,42390200
2018-03-23,29.753456115722656,30.628285222234076,29.7395704999746,30.549597712036167,41901600
2018-03-26,30.882877349853516,30.92453421157656,29.938616304962068,30.359828765288963,50251600
2018-03-27,29.892324447631836,31.091163231392528,29.660888061753187,31.072647896749558,59497200
2018-03-28,29.69329261779785,30.18393668533974,29.517400448784116,29.822896444587073,53622000
2018-03-29,30.2811336517334,30.58200163751566,29.69791654488761,29.90620786426986,35368200
2018-04-02,29.559051513671875,30.295017426748302,29.23041231367185,30.160787448647906,52034200
2018-04-03,29.850666046142578,29.920097672809426,29.350764337587965,29.78123441947573,36101400
2018-04-04,30.26724624633789,30.35056347545586,29.239668264362418,29.3044719270136,36298400
2018-04-05,30.39221954345703,30.59125139048027,30.188554449746523,30.54496483230189,32738200
2018-04-06,29.647003173828125,30.355197967029195,29.517397593854675,30.077475003422375,40477800
2018-04-09,29.878437042236328,30.461654157127477,29.84140637516549,29.864547893505677,21859400
2018-04-10,30.614416122436523,30.73939379446911,30.183944144822622,30.35057868657254,31297800
2018-04-11,30.433883666992188,30.706976897582525,30.382967381384013,30.42462776571746,17315600
2018-04-12,30.799545288085938,30.933778774837915,30.58199458650301,30.62365495963745,21256000
2018-04-13,30.697721481323242,31.026360719070965,30.54960233851527,31.012475101220048,22421600
2018-04-16,30.933788299560547,31.049506492931844,30.73012314916658,30.910643248310684,19477400
2018-04-17,31.507749557495117,31.609582132716714,31.151339075658534,31.206881548369218,30445600
2018-04-18,31.424428939819336,31.544776836823758,31.23465295938797,31.475345221958182,19764400
2018-04-19,31.0772705078125,31.257790565008907,30.96618205679275,31.22538961965156,25811600
2018-04-20,30.64679527282715,31.00783534581776,30.517191506260033,30.98469383403808,32477000
2018-04-23,30.53571319580078,30.85046677936428,30.39222378598633,30.762519834541997,37920600
2018-04-24,30.003406524658203,30.762517425915156,29.78585580330318,30.711601149366608,34847600
2018-04-25,30.00804328918457,30.10987586620249,29.62385803277662,30.04970014445241,30581600
2018-04-26,30.554231643676758,30.674576017724107,30.257993362048264,30.38296745246324,33086800
2018-04-27,30.498674392700195,30.882859486419576,30.33666969397443,30.859714444556932,26313000
2018-04-30,30.299650192260742,30.76715266475128,30.2626195242253,30.5773731396488,17372200
2018-05-01,30.679203033447266,30.697718365849028,30.183929368875436,30.257990698482487,18547800
2018-05-02,30.64679527282715,30.989320017531348,30.59124928796791,30.873601864319596,26587400
2018-05-03,30.716232299804688,30.83195047346838,30.239473989340436,30.50794099978541,31090800
2018-05-04,31.299457550048828,31.355000021567186,30.563488019480207,30.6005186881184,21682600
2018-05-07,31.51699447631836,31.66511710243416,31.396650139755934,31.447566409623796,26914800
2018-05-08,31.586435317993164,31.614210084236852,31.32259799303041,31.466090946212827,30294800
2018-05-09,31.975244522094727,31.975244522094727,31.563288133064482,31.66512068431927,28826600
2018-05-10,32.39183044433594,32.41497195857572,32.090962507713535,32.12336345279976,23132600
2018-05-11,32.345550537109375,32.4705281728189,32.23909176892346,32.35943968775209,17521200
2018-05-14,32.340938568115234,32.59551660544422,32.30853759858461,32.45202710201441,20261800
2018-05-15,32.03541946411133,32.141881740010625,31.86878500792715,32.11410697635428,28525200
2018-05-16,32.17891311645508,32.25297445405507,32.012282169733,32.08633997589404,13361000
2018-05-17,32.01228332519531,32.28074685508792,31.88267597971724,32.06319608233428,21600200
2018-05-18,31.8780460357666,32.0493066849365,31.85027127071956,31.90581726937498,15765800
2018-05-21,32.15576171875,32.31313671564579,31.99375700681673,32.16964733242458,22578400
2018-05-22,32.109493255615234,32.35944503691318,32.040061616681385,32.31315492333071,14782000
2018-05-23,32.345550537109375,32.345550537109375,31.84102087170815,31.845650588589056,29387600
2018-05-24,32.308509826660156,32.373311710018655,31.98449687842987,32.336281053403,22401400
2018-05-25,32.285377502441406,32.401095701374885,32.20668997471204,32.33166407572696,18782800
2018-05-29,32.109493255615234,32.29001339797933,31.896572152607327,32.123378877114035,58660800
2018-05-30,32.345550537109375,32.38721092615897,32.17891604378951,32.27149272421125,19930400
2018-05-31,32.35480499267578,32.56772602772629,32.28074365973366,32.34554556033865,30568000
2018-06-01,32.9056282043457,32.910257921507096,32.51681671733612,32.57236272895441,25445800
2018-06-04,33.16946029663086,33.20186124527156,32.956535741062225,32.988936689702925,19866000
2018-06-05,33.285186767578125,33.34535896391983,33.16020912637072,33.25278227942556,34549600
2018-06-06,33.50273513793945,33.50273513793945,33.16946965706122,33.34073034901819,35379000
2018-06-07,33.23427200317383,33.48422023421065,32.99357614385302,33.48422023421065,39047200
2018-06-08,33.1787223815918,33.238894574158216,32.91488502735563,32.98431665351025,19809600
2018-06-11,33.21575164794922,33.32221040963548,33.12317497317958,33.197236312995294,14647000
2018-06-12,33.37776184082031,33.40553308204653,33.22038323384594,33.275929247738006,15626800
2018-06-13,33.206485748291016,33.525869034032844,33.19260013263935,33.37774991468444,29278000
2018-06-14,33.44255065917969,33.52586788166424,33.28517564528567,33.33608839044567,22654800
2018-06-15,33.3148078918457,33.36590450561417,33.1150675500088,33.3240965743736,33641200
2018-06-18,33.351985931396484,33.37520942098453,32.98037465851023,33.082567935751335,16580400
2018-06-19,33.18010711669922,33.19404191588986,32.757399306866134,32.94320489861752,25913400
2018-06-20,33.24978256225586,33.407715001731184,33.21262073745696,33.25907124648225,22931200
2018-06-21,32.99429702758789,33.398423868765754,32.915330813639954,33.37984295772864,29634200
2018-06-22,32.887474060058594,33.08721450176377,32.75276506040182,33.077922270643825,31385800
2018-06-25,32.20463562011719,32.65521307632346,31.921282859903904,32.62269736009967,36055400
2018-06-26,32.334693908691406,32.54836909134167,32.227854545392894,32.30682431128604,27719000
2018-06-27,31.893402099609375,32.58552412789563,31.884109873112468,32.4368803994594,44109200
2018-06-28,32.283599853515625,32.3904392253172,31.851603339617174,31.851603339617174,35598000
2018-06-29,32.269657135009766,32.548363694693066,32.25107622517139,32.40900864287832,20019200
2018-07-02,32.55766296386719,32.56695519378086,31.94450691561581,31.990960977289532,25091200
2018-07-03,32.172115325927734,32.67843191278663,32.14888829880989,32.65520842961555,12722800
2018-07-05,32.6273307800293,32.64591169036682,32.27894668507983,32.371851236767455,27320000
2018-07-06,33.008243560791016,33.05934019832363,32.56695828458861,32.64592452661259,25603800
2018-07-09,33.25907516479492,33.26836739406272,33.012884248404674,33.184755050388006,17455200
2018-07-10,33.33803939819336,33.43094396557453,33.2637192882353,33.2637192882353,22986200
2018-07-11,33.207984924316406,33.338047807510726,33.05005243585124,33.10114907481297,25949800
2018-07-12,33.73287582397461,33.75145673646835,33.314814152732254,33.351975977719725,23706600
2018-07-13,33.69572448730469,33.779336847578804,33.584242521588465,33.73752889546785,18516800
2018-07-16,33.61674880981445,33.77468125493469,33.55171738606532,33.705003716932964,13332000
2018-07-17,33.867584228515625,33.92332342113989,33.356618003148974,33.375198915339276,14903200
2018-07-18,33.81184005737305,33.86293667774178,33.691065905233636,33.858290563904674,14164000
2018-07-19,33.691062927246094,33.858287571135975,33.63067762848715,33.72822474676522,14910000
2018-07-20,33.70037841796875,33.88618055593399,33.65857045616254,33.82114909885643,14439600
2018-07-23,33.872230529785156,33.890811444022226,33.49597676233875,33.63068573259726,25151000
2018-07-24,34.05803298950195,34.34603181771476,33.91867791754005,34.211322859870705,21557200
2018-07-25,34.48538589477539,34.48538589477539,34.01623110864846,34.067324191934645,30466200
2018-07-26,33.95582962036133,34.067311518330094,33.83505549692688,33.89544433061692,25094400
2018-07-27,33.37520217895508,34.02087387893222,33.16617309828077,33.9976503943834,63550200
2018-07-30,32.85495376586914,33.407720946339474,32.66450203784558,33.35662431413546,35695400
2018-07-31,32.943199157714844,33.156874310611066,32.76203971191269,32.95713395447712,29954000
2018-08-01,33.2404899597168,33.34732931882371,33.05933049579578,33.18010465305867,29322800
2018-08-02,33.65855026245117,33.70035819917438,32.933912436082764,32.933912436082764,26209800
2018-08-03,33.77933120727539,33.77933120727539,33.51455936794226,33.66784926017386,14491400
2018-08-06,33.960487365722656,33.97906827907299,33.68642332373882,33.765393091464446,15000400
2018-08-07,34.090553283691406,34.211327459365926,34.03016796782773,34.081264598153595,20545400
2018-08-08,34.18344497680664,34.248479933594076,33.98370816875587,34.07196306107114,14197200
2018-08-09,34.197391510009766,34.32745436685182,34.169518366438574,34.215972424408214,23446200
2018-08-10,33.9233283996582,34.085906975249735,33.82578125430329,33.9419093145754,23138400
2018-08-13,33.87687683105469,34.234549686235454,33.86758814585846,33.974423973376716,24128800
2018-08-14,34.08591079711914,34.127718746357324,33.80255801476859,33.99300975606382,18359000
2018-08-15,33.77933120727539,33.997652530645155,33.51455936794226,33.872232239202134,35584400
2018-08-16,33.92796325683594,34.132349709161076,33.85363962182826,34.039445165401474,18208800
2018-08-17,33.97908020019531,34.07198125559326,33.71430829396826,33.82579026923541,18048200
2018-08-20,33.92796325683594,34.067314756556364,33.793254326344005,34.058026074153396,21239600
2018-08-21,33.98371505737305,34.19739024915639,33.941907115531244,34.02087334085286,16004600
2018-08-22,34.08591079711914,34.137007432883834,33.83043116224323,33.88152779800792,12742400
2018-08-23,34.16023254394531,34.34603815955377,34.025523561227864,34.025523561227864,18735000
2018-08-24,34.50396728515625,34.51325951420712,34.24848768940944,34.25313025998787,13115200
2018-08-27,34.8198356628418,34.83841657695648,34.596871781359596,34.68977280798601,16415000
2018-08-28,34.880226135253906,34.959195917909305,34.78267897968284,34.88951836565926,14770400
2018-08-29,35.196083068847656,35.21931009328128,34.917376495376004,34.922022609052,22364600
2018-08-30,35.08925247192383,35.316862460593796,34.98241310519072,35.098541156708635,21040600
2018-08-31,35.11711502075195,35.21001956968458,34.99634087911262,35.05672972190538,20537800
2018-09-04,34.9824104309082,35.03350705318567,34.74551177556351,34.95454083473744,22147600
2018-09-05,34.545772552490234,34.96383068477943,34.36925565366466,34.93596108767928,32853200
2018-09-06,34.294944763183594,34.56900532551083,34.02552677232288,34.49468519862203,27957600
2018-09-07,34.178810119628906,34.45287062930844,34.034808921033125,34.07197074931249,28462000
2018-09-10,34.285648345947266,34.35067977801476,34.09984627943857,34.30422926138758,33309000
2018-09-11,34.578285217285156,34.65260531765327,34.104480844646055,34.18809317252669,27189800
2018-09-12,34.434295654296875,34.50861932367473,34.155588982025144,34.50397320835171,32536400
2018-09-13,34.83842086791992,34.9266793348485,34.63868044651929,34.64796913274719,25454800
2018-09-14,34.810550689697266,34.96383704558148,34.65261467485483,34.870936009048776,18878400
2018-09-17,34.37390899658203,34.81984036369642,34.33674716333563,34.75945504263163,29584200
2018-09-18,34.59223175048828,34.759456462982804,34.33210599502909,34.33210599502909,19302000
2018-09-19,34.50396728515625,34.70370768238587,34.30887300245207,34.58757962687905,20870600
2018-09-20,34.91273880004883,34.949897082805634,34.60151293133922,34.708352297125536,27401800
2018-09-21,34.7747802734375,35.10104002237284,34.76079822076378,35.04511181167796,46041000
2018-09-24,34.94723129272461,34.95188960596033,34.471820201322416,34.60698596040876,34513600
2018-09-25,34.905269622802734,34.97518341299244,34.76078373078361,34.905269622802734,21101000
2018-09-26,34.7747802734375,35.09638170879131,34.71419019319653,34.94257201745126,26641200
2018-09-27,34.9798583984375,35.07773631902318,34.90062084332721,34.90062084332721,28466400
2018-09-28,35.1103630065918,35.142988980783876,34.8633372654283,34.88197763128278,23421200
2018-10-01,35.27814483642578,35.42263074497724,35.17094320507363,35.334073030206476,20668200
2018-10-02,35.282814025878906,35.483231745961,35.12434602002843,35.23620599803845,28014000
2018-10-03,35.390010833740234,35.548478817844284,35.32475889252514,35.40399288457717,26584800
2018-10-04,34.75147247314453,35.24552749350336,34.52309066208955,35.2175598338078,46584800
2018-10-05,34.313350677490234,34.844689951733166,33.97776722934435,34.73748830070051,44577000
2018-10-08,33.92650604248047,34.257427706535275,33.53965260406349,34.15022602799905,39946000
2018-10-09,34.04767608642578,34.248093752354094,33.84259655218371,33.91251035303566,30277800
2018-10-10,32.397727966308594,33.84725969775285,32.37442217982394,33.84259782926316,88286000
2018-10-11,31.987571716308594,32.854494422079725,31.726563953182342,32.30451123837507,136539000
2018-10-12,33.01295852661133,33.12015659548411,32.36975588952152,32.89177485417997,71818800
2018-10-15,32.47231674194336,32.91976033548815,32.453672814383296,32.89179622213084,38305000
2018-10-16,33.45107650756836,33.55827812732107,32.80321558930962,32.88245311519776,41998600
2018-10-17,33.29728317260742,33.51634480757949,32.99898753740083,33.493039016468416,48329800
2018-10-18,32.64475631713867,33.171433708553266,32.4490004961843,33.14813147613339,45920600
2018-10-19,32.630775451660156,33.19007883354799,32.50959174839759,32.83585146183813,44283400
2018-10-22,32.90110397338867,33.11550728131571,32.588826305701396,32.78458213715035,31962000
2018-10-23,32.77525329589844,32.947706848117335,31.889686863254408,32.21595005210395,48132200
2018-10-24,31.307090759277344,32.770604955429995,31.269802912708734,32.691370948445275,68330800
2018-10-25,32.38375473022461,32.55154292591634,31.70326398408192,31.754533883530545,46754400
2018-10-26,31.735881805419922,32.31383260415168,31.279118253478163,31.577413834001216,85487200
2018-10-29,31.199888229370117,32.40239088530711,30.57066746446914,32.174009080337484,68110600
2018-10-30,31.549461364746094,31.6613213596866,30.906258392916662,31.171928103378566,61121600
2018-10-31,32.299861907958984,32.55620787347179,32.00622453681795,32.02020659145037,42288200
2018-11-01,32.6773796081543,32.70068539462743,32.071464719490365,32.346458064825576,31106200
2018-11-02,32.03883361816406,32.61678431522151,31.76850574059682,32.42568685346142,40426200
2018-11-05,32.00621032714844,32.071462257106795,31.544784949310515,32.0201923755733,28416400
2018-11-06,32.20663833618164,32.360448030215665,31.950292402089563,31.978256507926794,18267600
2018-11-07,33.152793884277344,33.152793884277344,32.537558688163045,32.57950840124318,32629600
2018-11-08,33.124820709228516,33.166770410821904,32.91508286915212,33.026942813461964,20819400
2018-11-09,32.551544189453125,32.868483781999494,32.27655431443157,32.84051967429286,25883600
2018-11-12,31.40496826171875,32.30917897088332,31.367683971622828,32.25324720179236,32862200
2018-11-13,31.442251205444336,31.982914221131708,31.349035160791285,31.479539045691222,31407000
2018-11-14,31.064725875854492,31.85707303231221,30.906254310984156,31.791821080884617,38993400
2018-11-15,31.843088150024414,31.91766383415255,30.93421922448988,31.11599300959679,52602200
2018-11-16,31.79180908203125,31.982906550491446,31.404955833170355,31.470207759970588,35945800
2018-11-19,30.57999038696289,31.675294914923256,30.496094524278547,31.64266894365513,38397200
2018-11-20,29.922800064086914,30.32829725222803,29.540610438841366,29.727044272279553,56129600
2018-11-21,30.14186668395996,30.449486027666378,30.01602466987541,30.328302326573173,33006600
2018-11-23,29.86687469482422,30.197796247312507,29.806282848684333,29.820264898569718,10676200
2018-11-26,30.542713165283203,30.542713165283203,30.09993146471002,30.258399507116284,25069200
2018-11-27,30.603290557861328,30.64989857169299,30.155843668379518,30.33295909928876,23076400
2018-11-28,31.675289154052734,31.675289154052734,30.794384534061717,30.910906346822046,33219200
2018-11-29,31.36767578125,31.62402165506215,31.19988407375371,31.577413637638468,28230800
2018-11-30,31.665987014770508,31.689289257020487,31.232525482106787,31.38633166004639,33019600
2018-12-03,32.3651237487793,32.4909658348589,32.01555805237733,32.458339845433365,32463400
2018-12-04,31.13928985595703,32.206630147602354,31.06471774069627,32.13671634482033,41982200
2018-12-06,31.209213256835938,31.209213256835938,30.253736178179448,30.407542324445053,43155800
2018-12-07,30.1092472076416,31.199893640800198,29.969423112495292,31.060065989689004,39875000
2018-12-10,30.524063110351562,30.640584961420508,29.769002013259833,29.94145385500682,40895600
2018-12-11,30.561349868774414,31.060063231367064,30.314324122251595,30.999473151114252,31626200
2018-12-12,30.799041748046875,31.283772842595372,30.785059701582696,31.05538756380381,33857600
2018-12-13,30.85032081604004,31.17658051730893,30.6732053588106,30.948198726420706,25638600
2018-12-14,30.09525489807129,30.64989988758209,30.067290799764415,30.48210818581351,31032400
2018-12-17,29.456716537475586,30.18847164898855,29.21901102831272,29.98339566324601,46527000
2018-12-18,29.68976402282715,29.94611170517385,29.452058482882634,29.68510215374002,39253200
2018-12-19,29.102495193481445,30.17449580548872,28.78555563473394,29.647818349378454,67212200
2018-12-20,28.58047103881836,29.27027997986309,28.16565365612095,28.97664450414061,79003600
2018-12-21,27.712133407592773,28.938582039221743,27.590423715149853,28.587499272535265,83227400
2018-12-24,26.972511291503906,27.787023887645432,26.94910613684959,27.44998394638703,42234000
2018-12-26,28.601539611816406,28.601539611816406,27.005283504652102,27.15976076616759,58120200
2018-12-27,28.807504653930664,28.816867073032647,27.65595388986932,28.203642014594035,46877600
2018-12-28,28.741981506347656,29.21945258001196,28.493881760804893,29.018166735223847,39685800
2018-12-31,29.01348114013672,29.12114631326029,28.77006352823584,28.990075978274966,33720200
2019-01-02,29.032203674316406,29.20540400115409,28.381530583545775,28.41897848240562,30885800
2019-01-03,27.567012786865234,28.311308167945043,27.52956489481726,28.292583329071594,49893400
2019-01-04,28.788787841796875,28.910495752656107,27.983637431545592,28.072579544961332,41535600
2019-01-07,29.046239852905273,29.242847081037066,28.72324443218021,28.78877957965786,23817200
2019-01-08,29.289663314819336,29.430096057204867,28.94326266931497,29.327112998495053,26005200
2019-01-09,29.6688289642334,29.823304422435466,29.416048993685717,29.44881656923461,28044800
2019-01-10,29.79990577697754,29.813948516509647,29.299027829073292,29.4347802635481,21868200
2019-01-11,29.743728637695312,29.762453478103897,29.56116590795926,29.626701063690245,15451200
2019-01-14,29.467546463012695,29.570529524246215,29.36456161607993,29.48158920188562,14483800
2019-01-15,29.91225242614746,29.973105486649647,29.509677234767246,29.561169659576244,28654000
2019-01-16,29.94033432006836,30.12289705111648,29.884161584137956,29.94501642305369,18937000
2019-01-17,30.13226318359375,30.305461719744663,29.75309317399835,29.832671072845983,20256800
2019-01-18,30.591007232666016,30.65186385704641,30.235242406512658,30.431851445759442,27303200
2019-01-22,30.076087951660156,30.394403110969456,29.837352475027757,30.342910690243077,29985000
2019-01-23,30.179067611694336,30.4271654663812,29.84202766895079,30.202470980752942,19152200
2019-01-24,30.43185043334961,30.53951379822862,30.272691080339822,30.286733817376387,28341800
2019-01-25,30.862503051757812,30.95612365538129,30.548870101082343,30.66121553970994,20061600
2019-01-28,30.45057487487793,30.45993550898052,30.19779489733228,30.403760990171047,19324800
2019-01-29,30.122901916503906,30.516116488625162,30.076091593284378,30.51143438488359,17147800
2019-01-30,31.059112548828125,31.148054633951016,30.488017505950236,30.62376989904396,33990600
2019-01-31,31.026342391967773,31.19486234374505,30.801651503862924,30.899954213833453,36501800
2019-02-01,31.208921432495117,31.377441472583335,30.993591063804423,31.040401392406896,19475600
2019-02-04,31.709789276123047,31.71447137890104,31.2276362605317,31.25104320302367,15208600
2019-02-05,31.976621627807617,32.05620311342228,31.780016108663563,31.817465799376453,24121400
2019-02-06,32.08428192138672,32.17322402547777,31.8923549749583,32.01406465875685,20379200
2019-02-07,31.644264221191406,31.92512976373529,31.428933852861125,31.789380882435072,29264000
2019-02-08,31.826828002929688,31.826828002929688,31.33999271389644,31.358717560174558,16977600
2019-02-11,31.81277084350586,32.02342259011773,31.73787506373546,31.925116298860278,14869400
2019-02-12,32.23407745361328,32.2762056688383,31.985979551336936,32.032789869830864,19418200
2019-02-13,32.27621078491211,32.51026598588,32.257489511665746,32.39323838539605,18241800
2019-02-14,32.33237838745117,32.44940596284681,32.13109081491474,32.15449775855314,19484000
2019-02-15,32.58984375,32.622611331540796,32.40728099978721,32.57579743956949,14712000
2019-02-19,32.599205017089844,32.69750776361662,32.426002899076806,32.458770481252394,16638200
2019-02-20,32.63665008544922,32.77240249851308,32.46344799194055,32.62728587963897,19704200
2019-02-21,32.650691986083984,32.78176229288401,32.4494044230988,32.55707135876911,19508200
2019-02-22,33.06731033325195,33.08603517326874,32.79112697865002,32.80048761295939,24493200
2019-02-25,33.22646713256836,33.45584015518849,33.20306019149787,33.31540565156111,40341000
2019-02-26,33.296688079833984,33.390312293151226,33.081357746302174,33.109446795996625,28268000
2019-02-27,33.263916015625,33.30604779879003,32.92219750441056,33.17029538632194,19555000
2019-02-28,33.17030334472656,33.29669158174927,33.08604332957844,33.14221786347683,18876600
2019-03-01,33.39498519897461,33.48392729379163,33.1281624859215,33.43243487799209,24668000
2019-03-04,33.268592834472656,33.61967549569394,32.898785336085204,33.53541551414493,31653000
2019-03-05,33.17030334472656,33.29201304914027,33.067318484945645,33.24988125586675,17907600
2019-03-06,32.99708557128906,33.184330357472504,32.95495736938135,33.14688068595636,26244200
2019-03-07,32.68346405029297,32.93156196099996,32.57579709983976,32.9034764832289,36996600
2019-03-08,32.67876434326172,32.70685337730009,32.2246969831042,32.29023568159602,25781400
2019-03-11,33.38094711303711,33.4137146938933,32.79580918960623,32.79580918960623,29153800
2019-03-12,33.577552795410156,33.68989826542787,33.37158312421259,33.474567959811374,36101200
2019-03-13,33.79755401611328,33.99884153904132,33.70393340742934,33.722658243445586,35667200
2019-03-14,33.86777114868164,33.97075596073895,33.77415054030079,33.85372841456424,21313200
2019-03-15,34.277748107910156,34.43272440563734,33.96310186678089,33.98658442689796,42049000
2019-03-18,34.42334747314453,34.51257335526839,34.21201509530607,34.301244560367,29675200
2019-03-19,34.4937858581543,34.65815666939099,34.357598428232194,34.56422997969333,32306200
2019-03-20,34.39985656738281,34.681629419948194,34.1932214701313,34.456212571070374,27408600
2019-03-21,35.26396942138672,35.33911077873272,34.39986530953052,34.40456254009892,54548200
2019-03-22,34.4327392578125,35.22640283735716,34.41865114883976,35.080817351118775,53494800
2019-03-25,34.28245162963867,34.51256571269765,34.061728422589,34.32002229954846,43893800
2019-03-26,34.47030258178711,34.80373422709757,34.26836470274709,34.58301101245657,27930200
2019-03-27,34.2730712890625,34.65346458575605,33.972509420328684,34.521970783587285,31662400
2019-03-28,34.41395568847656,34.55484395132569,34.20262687714023,34.37638500732515,21079400
2019-03-29,34.75208282470703,34.76617093366332,34.53135956322611,34.700424036575875,28694400
2019-04-01,35.22640609741211,35.26867042824172,34.89297435009659,35.09021505984309,25181000
2019-04-02,35.3484992980957,35.39546443477149,35.14656139237524,35.254576190617904,23574200
2019-04-03,35.634971618652344,35.813430549913875,35.49408694879741,35.55983384465046,27738000
2019-04-04,35.48468780517578,35.71480549323241,35.273359036811634,35.62087880945318,23006200
2019-04-05,35.653751373291016,35.69132204587565,35.54104293847364,35.60209259422127,13419600
2019-04-08,35.789947509765625,35.808732848753486,35.418945126363795,35.56922425532961,14619800
2019-04-09,35.620880126953125,35.766465596461494,35.54104512999042,35.634968234306925,26880200
2019-04-10,35.86977005004883,35.87916450774711,35.63495876869307,35.653744101153826,17234800
2019-04-11,35.82282638549805,35.95432019540127,35.747688601098034,35.944929315952876,15394600
2019-04-12,36.07170867919922,36.07170867919922,35.82280928882306,36.02474713849472,17110000
2019-04-15,36.05763244628906,36.160950019615036,35.86508899113008,36.07172055484496,19821400
2019-04-16,36.24079513549805,36.278365824088326,36.06703697090963,36.1703509901258,19218600
2019-04-17,36.44272232055664,36.48968387592432,36.26426697698465,36.47090212012686,24495800
2019-04-18,36.5460319519043,36.55542282776271,36.273649973839376,36.52254938785393,22983800
2019-04-22,36.63057327270508,36.6446613814631,36.344103118168185,36.37697656624928,16168800
2019-04-23,37.02974319458008,37.07670474040394,36.649350015589626,36.686920685423225,33385600
2019-04-24,37.043827056884766,37.21289146883438,36.98747464152547,37.05791874366046,21876600
2019-04-25,37.034446716308594,37.31621962206213,36.83720604057481,37.21290205393389,22775200
2019-04-26,36.8935546875,36.90294914705902,36.49907337649749,36.80902246615139,22100400
2019-04-29,36.90294647216797,37.02035212759004,36.860678573089174,36.89824924272894,21226400
2019-04-30,36.9640007019043,37.01565948332394,36.67753058055417,36.88416570623274,37685800
2019-05-01,36.87007522583008,37.42892374249535,36.86537799611154,37.335000645743534,30893600
2019-05-02,36.67752456665039,37.12836183544208,36.48028393335455,36.86067709513026,49977600
2019-05-03,37.025047302246094,37.057924326740036,36.75736254015295,36.8090213173057,26576600
2019-05-06,36.73857879638672,36.799628446560185,36.00127143318193,36.142156068105976,26045000
2019-05-07,35.949623107910156,36.46620741865397,35.620885031664265,36.32531915984327,41251200
2019-05-08,35.90734100341797,36.21729361710665,35.77115002918529,35.83220325590716,27334600
2019-05-09,35.66315841674805,35.78056412279956,35.062041775034345,35.46122045902193,38601800
2019-05-10,35.775848388671875,35.935518346513184,34.92113543397743,35.43302232781265,39192400
2019-05-13,34.42803192138672,34.97279586134057,34.32941160458875,34.766160769228954,50922400
2019-05-14,34.98219299316406,35.19821899948951,34.5736235480659,34.60179976277977,36808600
2019-05-15,35.36258316040039,35.470594351794986,34.68162824165497,34.73798424342786,30097200
2019-05-16,35.686622619628906,35.94491649908016,35.339102876951486,35.38606442332363,30889400
2019-05-17,35.4001579284668,35.87917509016072,35.31562569892886,35.32032292916343,27087800
2019-05-20,34.784950256347656,35.07611759518271,34.6158858122417,34.80373559268571,29349200
2019-05-21,35.21231460571289,35.325023060039335,35.07142635060196,35.15126135646081,29682200
2019-05-22,35.02915573120117,35.24048809751988,34.96340883935186,34.98219417744264,23042200
2019-05-23,34.41395568847656,34.57362929190139,34.160358965110554,34.55484395132569,32171400
2019-05-24,34.42334747314453,34.780258167514106,34.385776794914975,34.60180282032932,23500000
2019-05-28,34.32471466064453,34.75207295325746,34.305932909329286,34.53134975447374,51545600
2019-05-29,34.12278747558594,34.28715470579902,33.89266977035072,34.07112869138513,29509600
2019-05-30,34.334110260009766,34.40455437005901,34.099298948469794,34.202616498817186,22841000
2019-05-31,33.76118469238281,34.08052835754943,33.7470965808654,33.92085831643503,24079600
2019-06-03,33.1694450378418,34.00067909865435,32.94402818208459,33.81282933023246,39407400
2019-06-04,34.277748107910156,34.277748107910156,33.423035230508845,33.592099631132015,30192400
2019-06-05,34.72390365600586,34.80373865526533,34.3294187240668,34.73329453353297,28791600
2019-06-06,35.12777328491211,35.19821381131393,34.65815066657337,34.817820636999144,23845000
2019-06-07,35.78055953979492,35.99188835044417,35.24049264454564,35.310936775741176,23984200
2019-06-10,36.14686584472656,36.48499481861301,36.03885102914827,36.03885102914827,26927600
2019-06-11,36.14686584472656,36.55074172098677,35.94023067558763,36.513171038791064,23100200
2019-06-12,35.944923400878906,36.07171995872357,35.86039116800346,35.97309961752505,15193800
2019-06-13,36.05293273925781,36.17973287342488,35.92143895785257,36.07171807702096,19734800
2019-06-14,35.73828887939453,35.855694561378705,35.58331251927053,35.724200770826364,16883400
2019-06-17,35.76647186279297,35.94492722543463,35.68663326890568,35.76177463187315,18702200
2019-06-18,36.41454315185547,36.592998480960375,36.034149926397,36.146858366729745,32362400
2019-06-19,36.5460319519043,36.63995504223333,36.259561868583646,36.50846128259819,24742400
2019-06-20,37.0814094543457,37.20351236448192,36.77146032299933,37.0814094543457,27783800
2019-06-21,36.90609359741211,37.2265655127676,36.89195571219879,36.943797021711916,41430400
2019-06-24,36.976783752441406,37.09931807411806,36.92022862037614,36.97206992587026,16431800
2019-06-25,36.298133850097656,36.990918885082365,36.25572020090066,36.95792929273052,26245400
2019-06-26,36.68928909301758,36.948495533139635,36.64216162997583,36.6515856843462,18138400
2019-06-27,36.7835578918457,36.91080243716944,36.70343722713495,36.811833658451874,13675000
2019-06-28,36.778846740722656,36.93908089060717,36.66574007047499,36.89666723761288,35566800
2019-07-01,37.36323165893555,37.669565639309134,37.20770775566338,37.622438164389166,28553200
2019-07-02,37.462196350097656,37.485761882786,37.25954499400246,37.34437587784686,15568400
2019-07-03,37.74969482421875,37.74969482421875,37.48106417578666,37.55647103634157,10683600
2019-07-05,37.67899703979492,37.74497623666158,37.30668739844589,37.44335602367214,11847800
2019-07-08,37.39152145385742,37.438652542056566,37.21714937167052,37.38681122151527,14919800
2019-07-09,37.52347946166992,37.55175523509345,37.1417385424682,37.19829368491207,18499600
2019-07-10,37.82038116455078,38.04659811058807,37.70256066248053,37.73083643238655,20217200
2019-07-11,37.96176528930664,38.10786155390929,37.83451713995913,37.914634214380186,22704400
2019-07-12,38.23982238769531,38.263387926670475,38.013609034158016,38.07958822857276,15506800
2019-07-15,38.3670654296875,38.41419290575785,38.25866899868935,38.34349989385436,12572000
2019-07-16,38.008888244628906,38.324646273714336,37.94290906230048,38.31993244766351,16011400
2019-07-17,37.90993118286133,38.16442393429101,37.90521735535424,38.07959301714778,13416000
2019-07-18,38.19269561767578,38.24925075491313,37.79681684820732,37.82509621462424,16044000
2019-07-19,38.02774429321289,38.58856740700933,37.980613218517306,38.57442952283912,23359400
2019-07-22,38.46603012084961,38.560285062975105,38.169120221522725,38.173834047307665,13849400
2019-07-23,38.67811965942383,38.715823088277396,38.390637306709905,38.68754371883878,11010800
2019-07-24,38.99858093261719,39.012718815666,38.6262677647497,38.6262677647497,18514200
2019-07-25,38.838348388671875,38.913751633220464,38.63098317387018,38.913751633220464,19846800
2019-07-26,38.92318344116211,38.99859029632241,38.819504408711836,38.857204240695225,22240400
2019-07-29,38.899620056152344,38.96559925417768,38.597999837866034,38.94203371391294,16946400
2019-07-30,38.64982604980469,38.814773980424256,38.54614346610233,38.63097434407742,14728000
2019-07-31,38.06544494628906,38.89961608641925,37.66485597184513,38.85719883739075,33738600
2019-08-01,37.87222671508789,38.93732517986911,37.68371317154126,38.13143328691411,57666000
2019-08-02,37.254844665527344,37.58002681036149,36.91552103996439,37.5658889252291,44743800
2019-08-05,35.69961166381836,36.312279704868295,35.41212935485146,36.2604383969827,55653200
2019-08-06,36.29342269897461,36.42538106503518,35.878692296389026,36.18031244612628,38301600
2019-08-07,36.51964569091797,36.61861449168941,35.680764202439036,35.87870180398191,41164800
2019-08-08,37.41507339477539,37.42450104722645,36.71757812842515,36.8118330793603,31983200
2019-08-09,36.99093246459961,37.297266560663736,36.70816391269319,37.19358391932537,31145200
2019-08-12,36.5055046081543,36.87310400614712,36.33584279437354,36.73643178973504,21786800
2019-08-13,37.41978454589844,37.561166962193866,36.39238983353079,36.47250689565777,52085600
2019-08-14,36.26985549926758,36.89666130488053,36.175600555149444,36.73171335487597,47138600
2019-08-15,36.20387649536133,36.39238998011017,35.89754253209392,36.30284526584544,31324600
2019-08-16,36.89195251464844,36.96735935671229,36.52435314857749,36.57619445359735,21694000
2019-08-19,37.452781677246094,37.56588835217621,37.25955432846064,37.47163338900051,15756200
2019-08-20,37.2642707824707,37.594166772440055,37.245419069387225,37.40565683279849,16675400
2019-08-21,37.70256042480469,37.79681538762816,37.53289861524536,37.6224433468451,16802600
2019-08-22,37.613014221191406,37.886358636516825,37.27840444198803,37.80152773505708,15188200
2019-08-23,36.368831634521484,37.74968805951122,36.2180215360337,37.405654207771775,40797800
2019-08-26,36.873104095458984,36.887241980708886,36.566770064524164,36.816552554459385,20717000
2019-08-27,36.816551208496094,37.17943676716391,36.604472150711565,37.11345757467885,20066000
2019-08-28,36.84953308105469,36.91079843392204,36.354685645540755,36.618602360163884,14279000
2019-08-29,37.490478515625,37.60358517068815,37.21713413659297,37.34909250009927,16241200
2019-08-30,37.48106002807617,37.78268024572403,37.212429409371154,37.73555276089092,20150800
2019-09-03,37.0239143371582,37.499910184080846,36.891955946865934,37.17001420835018,23675000
2019-09-04,37.655426025390625,37.67427773361118,37.386795475540175,37.42449889198129,15458800
2019-09-05,38.442474365234375,38.59799829533444,38.13143010063072,38.15027821737333,20086600
2019-09-06,38.40947723388672,38.546149424840756,38.30579463415636,38.52729771619926,18300200
2019-09-09,38.12199783325195,38.607417681550686,37.91934644462669,38.58856597149298,25221400
2019-09-10,37.92877197265625,37.947620086062024,37.499903682960095,37.947620086062024,19717000
2019-09-11,38.32466125488281,38.334085315072564,37.966485842520214,38.046606534320404,18818600
2019-09-12,38.532012939453125,38.84305715432707,38.37177520798795,38.56028870564278,25542000
2019-09-13,38.24924850463867,38.47074802236162,38.20683125530702,38.47074802236162,33067200
2019-09-16,38.15498352050781,38.239814409284165,37.89578062384362,37.93348044450314,15451800
2019-09-17,38.310508728027344,38.310508728027344,38.09371947052829,38.18326059270664,15402600
2019-09-18,38.3057975769043,38.33407334424087,37.78738813402277,38.24924604223114,17261400
2019-09-19,38.39064025878906,38.729963953369996,38.338798939028244,38.42362986267348,16387000
2019-09-20,37.942935943603516,38.5338737540586,37.84365882426284,38.51496331130826,30027200
2019-09-23,38.06111526489258,38.17457429003089,37.86728597376714,37.94765263295689,15648400
2019-09-24,37.692378997802734,38.45823209401123,37.53164203736018,38.31168067077097,35448200
2019-09-25,38.1414909362793,38.24549657006312,37.295267542163394,37.64037681728259,23913200
2019-09-26,38.184043884277344,38.31641701095457,37.88621246455113,38.127316151071724,18178600
2019-09-27,37.673465728759766,38.26440349658798,37.389812714763906,38.184033218996944,25564200
2019-09-30,38.070579528808594,38.16040323631974,37.7822015690292,37.83420438845161,22002800
2019-10-01,37.716007232666016,38.49604571895524,37.701825304936705,38.240760199435265,22044600
2019-10-02,37.00688552856445,37.47490722234777,36.727964638438365,37.46545380522393,39509600
2019-10-03,37.46073913574219,37.47492107006736,36.53414882290607,36.9927172690156,34944400
2019-10-04,38.08003616333008,38.12731046955651,37.68765256873377,37.72547345643426,21876800
2019-10-07,37.919288635253906,38.23603036625147,37.89092478077573,37.952381001077576,21238800
2019-10-08,37.224361419677734,37.78693548839748,37.2196365130894,37.67347641469565,28733600
2019-10-09,37.77748107910156,37.91930401581505,37.55528784410505,37.61201557607092,20503000
2019-10-10,38.037479400634766,38.18875931535744,37.71128061925244,37.73964808293634,18796200
2019-10-11,38.56223678588867,38.90261753448201,38.4440492263381,38.50550545885709,31941200
2019-10-14,38.538597106933594,38.69933406043635,38.519690271743166,38.52441517714176,11325600
2019-10-15,38.96406936645508,39.0586215674958,38.65678102496868,38.694601905384964,16205800
2019-10-16,38.69460678100586,38.77024855136949,38.55278387177124,38.75133810877858,20066000
2019-10-17,38.61896896362305,38.93571076456426,38.415686212446204,38.82697662039137,13731800
2019-10-18,38.25022888183594,38.6189735423881,38.009125216552384,38.56224220738061,17452600
2019-10-21,38.6615104675293,38.68042090819272,38.34004018984653,38.47713817955807,12678600
2019-10-22,38.1414909362793,38.87425527844841,38.11312707499216,38.737157270896844,18916000
2019-10-23,38.17458724975586,38.17931576272445,37.94294060947519,38.02330729594828,17617000
2019-10-24,38.73242950439453,38.765521878799625,38.439323040522076,38.581149563285784,14508200
2019-10-25,39.2004508972168,39.247725202102735,38.7087901914468,38.73242914728891,16305400
2019-10-28,39.696842193603516,39.715752637907485,39.52665180166622,39.54556224597019,14459800
2019-10-29,39.33755111694336,39.734663235259454,39.32336918536037,39.66374997054603,15520800
2019-10-30,39.57865905761719,39.6259333702762,39.191003922935074,39.455742959264654,25558600
2019-10-31,39.55500793457031,39.6826525069772,39.29972239655428,39.640103113908985,22461800
2019-11-01,40.027767181396484,40.027767181396484,39.62593014629022,39.68738638706695,19841200
2019-11-04,40.235774993896484,40.35869107163447,40.15067980266223,40.33505211587007,20363200
2019-11-05,40.188507080078125,40.36342239607653,40.05140904979902,40.34924046308194,15799600
2019-11-06,40.169586181640625,40.207407064317714,39.966303445748636,40.18376811094506,17077200
2019-11-07,40.48633575439453,40.71325748735287,40.37287669131465,40.439061445344464,28085000
2019-11-08,40.7132682800293,40.7132682800293,40.22160740061739,40.38234081535614,12573000
2019-11-11,40.73216247558594,40.78889019612697,40.42959900324201,40.48160181827002,8488000
2019-11-12,40.869258880615234,41.02053882082528,40.68961507874027,40.78889220136577,16562400
2019-11-13,40.95909118652344,40.996912081218056,40.69907704399672,40.7085340710699,15372200
2019-11-14,40.91181182861328,40.944904205692225,40.68489009521581,40.798352765313844,12182600
2019-11-15,41.242733001708984,41.242733001708984,41.07254261408006,41.20018720820093,14124800
2019-11-18,41.36565017700195,41.42710641596034,41.07254370015746,41.22855216074236,13022200
2019-11-19,41.446006774902344,41.56892282970745,41.29472686391052,41.531101950260094,14087400
2019-11-20,41.19544982910156,41.47437430699356,40.88343659013498,41.35145825198365,24759800
2019-11-21,40.98744201660156,41.16236089382561,40.9023468340058,41.115086593894155,18755400
2019-11-22,40.93544387817383,41.17181901161555,40.774710518696644,41.10563426279573,11780000
2019-11-25,41.531105041503906,41.531105041503906,41.10562913304613,41.11981466899293,14739800
2019-11-26,41.568931579589844,41.67293721656351,41.48856489894595,41.55474964851131,19454400
2019-11-27,41.80058288574219,41.80058288574219,41.57366474946874,41.69657723711738,18697000
2019-11-29,41.677669525146484,41.75803621311009,41.606756256496794,41.691851457516684,11360200
2019-12-02,41.081993103027344,41.69656619897362,40.902345718669466,41.69656619897362,23167600
2019-12-03,40.71797180175781,40.74633926524765,40.25940715577761,40.434322414442974,22494400
2019-12-04,40.88343048095703,41.01579993266588,40.821970659237174,40.982707569738665,13829000
2019-12-05,41.03472900390625,41.067821381861066,40.84089964245755,41.03000049082736,15620600
2019-12-06,41.48856735229492,41.52638463514114,41.31364844278677,41.3467408195263,18407000
2019-12-09,41.27110290527344,41.55002385285212,41.27110290527344,41.41765434506573,11370200
2019-12-10,41.3041877746582,41.52165244175154,41.20018214978793,41.337280145589844,12350800
2019-12-11,41.58311080932617,41.62093169427754,41.32782524610162,41.412920433843134,9879000
2019-12-12,42.02750015258789,42.08895638986669,41.36564904648447,41.46492617138023,24189400
2019-12-13,42.306419372558594,42.40097158777723,41.90458237657448,41.98494905441166,26256200
2019-12-16,42.68461990356445,42.83117132482301,42.61843515804136,42.62788857591689,19744600
2019-12-17,42.5853385925293,42.779164297678605,42.528607270467226,42.76025385699125,14919400
2019-12-18,42.58061981201172,42.746081697343456,42.56643787995451,42.63735114703914,12970200
2019-12-19,42.887908935546875,42.89263744857643,42.59480244329155,42.608984375581564,13724000
2019-12-20,43.136905670166016,43.18907813978244,43.02782041083346,43.14164960883068,23400800
2019-12-23,43.260215759277344,43.36930461955779,43.2080432980864,43.26970363507445,15530400
2019-12-24,43.27445983886719,43.33612019848848,43.17485881782399,43.33612019848848,4890800
2019-12-26,43.59697723388672,43.60646511278612,43.336118461202204,43.36457486076928,8269200
2019-12-27,43.59222412109375,43.77245396307367,43.483135257155574,43.77245396307367,19332200
2019-12-30,43.34084701538086,43.58748113988813,43.00884371534942,43.582737201726374,16491200
2019-12-31,43.478397369384766,43.5258259008674,43.13690615300578,43.193822561923945,11601800
2020-01-02,44.294189453125,44.294189453125,43.78669647200198,43.872069292123875,26567000
2020-01-03,43.796180725097656,44.099731344363114,43.644407224747766,43.6491511643553,30023600
2020-01-06,43.9005126953125,43.947944840221716,43.27919067749948,43.359819534141785,15630000
2020-01-07,43.88154602050781,44.099723782253534,43.81514535165131,43.97640670356357,15363600
2020-01-08,44.35109329223633,44.54555133823115,43.84834077476518,43.92897325097245,23254400
2020-01-09,44.85385513305664,44.8823115337142,44.53133599086341,44.75899805182098,15554800
2020-01-10,44.74949645996094,45.109959771617866,44.67361154193898,45.048303049564744,15330600
2020-01-13,45.30916213989258,45.36133460460098,44.92973030940788,44.953442763370575,15524400
2020-01-14,45.09572982788086,45.4087609827568,45.024585232229455,45.36607639650463,16134600
2020-01-15,45.14791488647461,45.366089053729326,44.99614139540327,45.1241988084525,14417000
2020-01-16,45.755001068115234,45.76448532657159,45.3755655956938,45.43722594063706,11543200
2020-01-17,46.06329345703125,46.10597804934053,45.72180224429716,45.96843277651347,21661000
2020-01-21,46.0443229675293,46.30992564534744,45.91152162862023,45.92100588772869,17975000
2020-01-22,46.2103271484375,46.532846254100896,46.17238287281468,46.333644234929025,15491600
2020-01-23,46.42849349975586,46.466437768999405,46.05854592104301,46.257747906724596,14956400
2020-01-24,46.2103271484375,46.87433749757571,46.049065786323155,46.769992548895594,23617400
2020-01-27,45.109962463378906,45.4656818580842,44.92024472915646,45.13367853711852,35574600
2020-01-28,45.97318649291992,46.09650359453808,45.40877708413466,45.50363778482775,31184400
2020-01-29,46.09175491333008,46.41901796456514,45.90678108921427,46.352617290193585,21126600
2020-01-30,46.49015808105469,46.53284629580995,45.792951013328185,46.072781904525414,19933600
2020-01-31,45.21431350708008,46.24352755969663,45.05305214470513,46.21981148275272,26964600
2020-02-03,45.81190872192383,45.925741522032126,45.21430280489523,45.26647526697043,25075600
2020-02-04,47.011878967285156,47.11147996878744,46.49489820493709,46.60872740400185,19097800
2020-02-05,47.286964416503906,47.80868910122866,46.94547682999982,47.78497302699031,32697000
2020-02-06,47.71858215332031,47.73281035335702,47.26800559885169,47.481435836533535,13505600
2020-02-07,47.2822151184082,47.68061903629519,47.18735445803212,47.49564527176706,16598000
2020-02-10,47.922508239746094,47.93199249631215,46.99763581701656,47.007123692146735,16347600
2020-02-11,47.761253356933594,48.33040652872013,47.61896777791041,48.28771832201796,15105800
2020-02-12,48.278236389160156,48.29720852432316,47.818172062510406,48.08851865609488,12152800
2020-02-13,48.15018081665039,48.401558922012235,47.827661719602844,47.89880632985374,14802800
2020-02-14,48.35886001586914,48.439488867661986,48.093257389462416,48.24503083577546,12392400
2020-02-18,48.17863845825195,48.28298339900376,47.917776106372436,47.96994857674834,20633200
2020-02-19,48.752532958984375,48.82367756710943,48.45847026739785,48.49167060204753,16615600
2020-02-20,48.24504852294922,48.76676970975885,47.585782034592064,48.6481965482764,26324600
2020-02-21,47.163658142089844,48.04109874400704,46.86959542216803,47.998410527592625,29899000
2020-02-24,45.21431350708008,45.86883597908766,44.488646422806056,44.90127866053387,42365200
2020-02-25,43.76771545410156,45.788202708098254,43.606457725784686,45.62220104113531,62934400
2020-02-26,43.9669189453125,44.92024800586136,43.63491560012885,43.93371861079414,55759600
2020-02-27,41.595455169677734,43.426224701375254,41.566998774630775,42.52507175161496,67825800
2020-02-28,41.91323471069336,42.31163872304917,39.86903132228228,39.94017592979298,111854400
2020-03-02,44.33687210083008,44.34635636028925,41.917977040871214,42.667360187928544,70008600
2020-03-03,42.65312957763672,44.896534952943206,42.20255309821685,44.58824406875671,94989200
2020-03-04,44.48390579223633,44.498133992034795,42.97091115852984,43.57326481947897,44727600
2020-03-05,43.07999038696289,44.123432481766606,42.800155918984004,43.29816451156495,49019000
2020-03-06,42.169349670410156,42.42072412692236,41.021559022437174,41.638140745575015,57631800
2020-03-09,38.967872619628906,40.78915403984594,38.65483784008656,38.69278210764888,59119800
2020-03-10,41.5670051574707,41.57174909689532,39.18605778405626,40.63739205135131,71164600
2020-03-11,39.603424072265625,40.70378253647701,39.03901483473218,40.45240808840183,63304200
2020-03-12,35.73794174194336,38.84455928956903,35.57194007862276,36.72921502045471,65490600
2020-03-13,39.93069839477539,40.02081153546917,36.188529766353255,37.98609568199887,65849600
2020-03-16,34.4146728515625,37.568719635959184,33.76489424967965,34.016268770282416,81244800
2020-03-17,36.7576789855957,37.20351521768457,34.120613109215256,35.22571219183362,100814600
2020-03-18,35.37273406982422,35.96085573254059,33.32853101791721,34.315060245971054,107412400
2020-03-19,35.500797271728516,36.70550080426523,34.20598061372206,35.04547684990256,123454200
2020-03-20,33.87397766113281,36.53950345746365,33.76014844684443,36.1695557971023,90444000
2020-03-23,33.564552307128906,34.43227210303588,32.46798169542369,33.70281581121072,84958400
2020-03-24,37.00204849243164,37.03065347316936,35.4525489865089,35.5955811651163,75329000
2020-03-25,36.954383850097656,38.661214920451016,36.24399508199567,37.28335214367145,57480800
2020-03-26,39.24287796020508,39.33823399792204,37.33103578160662,37.421619470611596,56425800
2020-03-27,37.469303131103516,38.742280116490726,37.30720329090099,38.02712605979614,58485400
2020-03-30,39.04740524291992,39.13798893376796,37.850713316815174,37.96990563829084,47480200
2020-03-31,38.31793975830078,39.65765997096118,38.11769394109372,38.956808704386766,39988800
2020-04-01,36.491912841796875,37.783956860728466,36.22015455940108,36.992518289652224,54984800
2020-04-02,37.3453369140625,37.39301311244941,36.21539246124277,36.36318976748042,44223600
2020-04-03,36.7684440612793,37.58371900219024,36.30597732952887,37.183230960405965,31572000
2020-04-06,39.90557861328125,40.16780311530887,38.14153411542682,38.3846874139015,35987200
2020-04-07,39.54800033569336,41.32635090156729,39.505092857308156,41.31204840877222,44298800
2020-04-08,40.6111946105957,40.77806307848745,39.69103004483859,40.06767809377127,27428600
2020-04-09,40.62073516845703,41.30251528310475,40.33467437043192,41.09273930453188,39259800
2020-04-13,40.71131896972656,40.7685325793795,39.88174163578935,40.45863189264788,25301600
2020-04-14,42.418155670166016,42.49443684954323,41.450314790667136,41.61718328067379,31779000
2020-04-15,41.493221282958984,41.83172696532067,41.18332058749936,41.5742711708216,25858200
2020-04-16,41.998592376708984,42.10348217095132,41.312047279099055,42.03673478142618,23667600
2020-04-17,42.556419372558594,42.75189285106769,41.9413866743924,42.742359067648344,28284800
2020-04-20,41.8746337890625,42.537342592376774,41.81742018366522,41.97952358022761,20407000
2020-04-21,40.12012481689453,41.383563795567945,39.87697153119724,41.28343907281145,32765000
2020-04-22,41.66486358642578,41.89371442207453,40.94494101564354,41.09274195349486,24032000
2020-04-23,41.37880325317383,42.23222063910861,41.34542955148747,41.76021646709496,21169600
2020-04-24,42.25605010986328,42.26558753021436,41.283440569278355,41.55043377720721,16885000
2020-04-27,42.6183967590332,42.76142896818451,42.36094096503696,42.637467962750726,15598600
2020-04-28,42.05104446411133,43.17622013344225,41.993834484713155,43.14761514374316,25267600
2020-04-29,43.776947021484375,43.929513017278,42.79480365090419,42.947369646697815,22925800
2020-04-30,43.58146667480469,43.86752741714422,43.25726353016397,43.86752741714422,30861200
2020-05-01,42.38478088378906,43.2191269498579,42.22267747090211,42.62316547409445,23990200
2020-05-04,42.94737243652344,42.99027992056813,41.99383399150717,42.189307481256044,21458000
2020-05-05,43.5385627746582,44.09161678725524,43.362156862889776,43.43844168012811,17374600
2020-05-06,43.877071380615234,44.30139570166579,43.6815978890167,43.95812127621803,16941000
2020-05-07,44.53500747680664,44.7876945410751,44.40627777097862,44.47302516012652,21088800
2020-05-08,45.18817901611328,45.25016133298564,44.69710737837644,44.959331863313544,15221600
2020-05-11,45.48855972290039,45.75554936141863,44.78770828432901,44.8782919759914,20768800
2020-05-12,44.549312591552734,45.80321420431128,44.515938895014216,45.674488128365624,27042000
2020-05-13,43.781715393066406,44.91642475065881,43.20482511226563,44.57315035341466,33942200
2020-05-14,44.33953094482422,44.3681359298337,42.99981079746779,43.476579947412134,30475200
2020-05-15,44.5636100769043,44.573143858789614,43.514715833994075,43.6386768232614,28032800
2020-05-18,45.65542221069336,45.91287802985143,45.28354279550744,45.44087387599803,20033400
2020-05-19,45.48855972290039,46.194176235401734,45.46948851479752,45.67449945507717,20092800
2020-05-20,46.48499298095703,46.57081157503566,46.09404241625661,46.11788232917957,18192000
2020-05-21,45.83659744262695,46.575591267978645,45.812757524082365,46.43732774283397,20581600
2020-05-22,46.00345230102539,46.060665906068394,45.58389677642269,45.769836445987735,18489600
2020-05-26,45.955787658691406,46.95700235493975,45.91764524574882,46.92362865298016,26001400
2020-05-27,46.21799087524414,46.23706207291573,44.97362341748054,45.950997745300945,38856800
2020-05-28,46.1274299621582,46.971310026099296,46.01300634818305,46.04638005382001,21147400
2020-05-29,46.709083557128906,46.81873844660067,45.87950608856333,46.26568801337718,35555000
2020-06-01,46.69477081298828,46.794891896059056,46.28474906091184,46.48975993695006,26719400
2020-06-02,47.133399963378906,47.133399963378906,46.34673011329504,46.790125582436126,22415200
2020-06-03,47.500511169433594,47.653077158565864,47.119098015332966,47.32410890424134,22035800
2020-06-04,47.10956954956055,47.643552431753385,46.84734863829701,47.31458047743754,15138800
2020-06-05,48.34916687011719,48.487426738730996,47.36225112288493,47.44330465228039,20756400
2020-06-08,48.59231948852539,48.61139069439331,47.81995565690778,48.26335119032035,16130200
2020-06-09,48.821170806884766,49.05955542641305,48.30625915571312,48.34917027870774,14707800
2020-06-10,49.636444091796875,50.00832350370026,49.08339004719968,49.17397736354658,24389600
2020-06-11,46.79013442993164,48.845008756541326,46.775831934264595,48.77349627820608,39742000
2020-06-12,47.39562225341797,48.282409512968684,46.570810035514164,48.04402494145959,43287000
2020-06-15,47.853336334228516,48.06788106596454,46.3801172939348,46.532683325659804,29924000
2020-06-16,48.873600006103516,49.29315549214149,48.1155352681676,48.99755734944643,27935800
2020-06-17,48.86408233642578,49.32654911857826,48.783032432069,49.150143176042086,17324200
2020-06-18,49.08339309692383,49.1358380057032,48.66860617516426,48.77349599272301,13717200
2020-06-19,48.74488067626953,49.731792748182606,48.5112647930523,49.67458277369852,31280000
2020-06-22,49.66328048706055,49.70630987087278,48.73101972512375,48.807511138866765,14738000
2020-06-23,50.02184295654297,50.59554497418032,49.950133395887924,50.10789807681431,19028000
2020-06-24,48.893558502197266,50.09354814057323,48.625833125342595,49.816259058839634,25425600
2020-06-25,49.519859313964844,49.57244875838235,48.43460839460579,48.965281044647625,20534400
2020-06-26,48.54456329345703,49.49594773683487,48.396358684748286,49.424234535126295,44275600
2020-06-29,49.07523727416992,49.080019127082366,47.956520779187045,48.539782820013116,18547200
2020-06-30,49.95491027832031,50.15570798529124,49.01308583348961,49.08002083413671,16500000
2020-07-01,50.03618621826172,50.327813595665,49.75889710484569,49.988374983373696,21709200
2020-07-02,50.32782745361328,50.78200877771417,50.22265219136054,50.50950144224808,19144600
2020-07-06,51.207489013671875,51.44653060046057,50.94932366224187,50.97800748546127,16046200
2020-07-07,50.67203903198242,51.66645299645167,50.61944958643454,51.15012224788277,15863600
2020-07-08,51.49911880493164,51.503900657848455,50.80111782596491,51.073625082462094,13327000
2020-07-09,51.68556594848633,51.92938935887567,50.94453565989421,51.91982565396683,17767800
2020-07-10,51.67121887207031,51.69512083698306,51.05927312854214,51.566040013498096,14724600
2020-07-13,50.60031509399414,52.455279912868214,50.47123425795683,52.111059486789124,28910400
2020-07-14,51.18357849121094,51.255291689872486,49.66327399902226,50.198728415212386,30053200
2020-07-15,51.460872650146484,51.90549014866582,50.858486828526864,51.65210664958757,23779200
2020-07-16,50.82502746582031,51.05450902315352,50.43299935963552,50.911082593884565,17180600
2020-07-17,51.07362747192383,51.21705023877256,50.60510434625342,51.12621691401393,12710400
2020-07-20,52.378787994384766,52.50309063289495,50.93019665429134,51.21704581067377,17018400
2020-07-21,51.8528938293457,52.770812527918814,51.66165985527181,52.75168876576296,18794800
2020-07-22,52.26882553100586,52.431372032137794,51.857673778456856,51.90069950611488,15028000
2020-07-23,50.911075592041016,52.33576503905808,50.68159771375371,51.991544574142004,23349600
2020-07-24,50.294342041015625,50.62422055626212,49.46726029791298,50.06008233688354,22911600
2020-07-27,51.08796310424805,51.14055253987398,50.499919254742046,50.600316273441166,16908000
2020-07-28,50.49036407470703,51.08796803956486,50.4521165455597,50.93019971744596,17825400
2020-07-29,51.221824645996094,51.360469187035314,50.68159203917544,50.68159203917544,13187000
2020-07-30,51.5086784362793,51.54214411144942,50.48558076966701,50.75808802390514,21556800
2020-07-31,52.79472351074219,52.81384727484258,51.470434762284036,52.32142220358383,25185800
2020-08-03,54.09510803222656,54.267218254462676,53.48794040170337,53.51184601770251,24327000
2020-08-04,54.233760833740234,54.23853903967928,53.74611391403382,53.98037731452347,17971600
2020-08-05,54.43455123901367,54.558853887274886,54.16204397195056,54.40586741537078,12960200
2020-08-06,55.19948196411133,55.25207140422296,54.27199945394441,54.39152024556447,16399400
2020-08-07,54.3771858215332,54.98435356915761,53.94691018295796,54.979571715538555,27476200
2020-08-10,54.22419357299805,54.57319590040369,53.49272688886474,54.48235892871896,16481200
2020-08-11,53.248897552490234,54.27677700851805,53.13894047549935,54.04729914937242,18844400
2020-08-12,54.458457946777344,54.60188071534697,53.61224865752689,53.67918001235644,14196800
2020-08-13,54.48235321044922,54.93653437371846,54.28634102328962,54.534942646696024,11453600
2020-08-14,54.4441032409668,54.601871542626206,54.14291219483175,54.506256379642444,8334200
2020-08-17,54.80745315551758,54.93175579837918,54.70705612964341,54.77398748022619,8174600
2020-08-18,55.013023376464844,55.161227973517015,54.549282175706495,54.912626360963245,8930000
2020-08-19,54.94609069824219,55.39548997836862,54.85525374226312,55.15166657665273,14239400
2020-08-20,55.67756652832031,55.78752726426467,54.683152641681225,54.74052393619373,12803000
2020-08-21,56.385128021240234,56.447277517803315,55.70146896910644,55.73015279098402,15288600
2020-08-24,56.87277603149414,57.21699651302234,56.39947469313551,57.19787274766129,16440600
2020-08-25,57.15961837768555,57.18352399339782,56.657633275091435,56.74368838517683,18628200
2020-08-26,58.32136535644531,58.47435182617733,57.62814621335949,57.75722706540504,16463000
2020-08-27,58.36916732788086,58.83290854548869,57.84327661674762,58.565183161090275,18174200
2020-08-28,58.8807258605957,59.07195621350656,58.52216347766007,58.59865488932738,13092600
2020-08-31,59.06717300415039,59.44963732505749,58.74685453044105,59.114980588328166,19040000
2020-09-01,60.195457458496094,60.27194887379825,59.22494549867768,59.59785345853875,25612600
2020-09-02,60.730899810791016,61.060778339807214,59.669554671769184,61.055996487180714,40395000
2020-09-03,57.26957702636719,59.808197210585654,56.796275761806136,59.76038962837989,54162000
2020-09-04,56.4711799621582,57.76200293892853,54.04729866756697,56.94926308651533,62544200
2020-09-08,53.9182243347168,55.615421204776915,53.822609150834026,54.32459433744676,47860400
2020-09-09,55.67756652832031,56.22258105999102,54.630563200249384,55.23294902643261,36783800
2020-09-10,54.42020797729492,56.52855285490972,54.090329423643475,56.442497738630436,32109800
2020-09-11,54.0042724609375,55.142109050629315,53.315831554241285,54.93175494384935,37166400
2020-09-14,55.1373291015625,55.43373831230548,54.64490405372896,54.903065738090625,24730200
2020-09-15,55.682350158691406,56.07916008489347,55.30944585117054,55.97875940442065,18260400
2020-09-16,54.821800231933594,56.00744818501046,54.769210787594375,55.93095312143146,19637000
2020-09-17,54.367610931396484,54.74529701959377,53.4544704559794,53.54052556022035,30403600
2020-09-18,53.430572509765625,54.554067154265645,52.770815445113236,54.45845198568538,41837600
2020-09-21,53.87473678588867,53.89869169661294,52.27919277798021,52.466057897223834,38381800
2020-09-22,54.727603912353516,54.86655554139905,53.558496175255605,54.4832404505449,25537400
2020-09-23,53.02186965942383,54.80906775043114,52.85895943494809,54.75636182388584,23707800
2020-09-24,53.318931579589844,53.98015000817837,52.46126679356037,52.528346394204995,31838600
2020-09-25,54.59345245361328,54.75635901416544,53.01228204951779,53.34768005980998,19326600
2020-09-28,55.637977600097656,55.64276638871554,55.03905002211696,55.499025963338475,17473200
2020-09-29,55.45112609863281,55.800897842908896,55.331340553635435,55.56611919827217,20851000
2020-09-30,55.915889739990234,56.48607009169584,55.39841897495979,55.422373890105234,22318400
2020-10-01,56.50522994995117,56.76875957627465,56.14587336254512,56.69209508295718,27076400
2020-10-02,55.07258987426758,56.03087399997642,54.85218496402221,55.115710905253835,37251600
2020-10-05,56.2800407409668,56.3135805477714,55.43196068001335,55.46550048681795,12270600
2020-10-06,55.407989501953125,56.67771673734778,55.2115431512405,56.14586873933554,26862200
2020-10-07,56.42377853393555,56.53397917726946,55.94463640154443,55.987757438788734,12992400
2020-10-08,56.7160530090332,56.917291818367325,56.52439543347319,56.917291818367325,10109600
2020-10-09,57.58330154418945,57.597675223252715,56.970000200394466,56.98437387945773,14425400
2020-10-12,59.15488815307617,59.542992116612524,58.1391055004903,58.431382498272924,19163800
2020-10-13,58.776371002197266,59.4519632382423,58.55117359018226,59.34655137257018,17613800
2020-10-14,58.46491622924805,59.23154649790772,58.0288988281228,58.92010340821024,14534000
2020-10-15,58.20139694213867,58.31639003338872,57.34373206386054,57.49705740404876,13185000
2020-10-16,58.033695220947266,58.75719719426186,57.980989295001926,58.52241857768262,11544200
2020-10-19,56.96999740600586,58.54637538092586,56.792713509937904,58.325970449783206,16616400
2020-10-20,57.16645812988281,57.77017836153404,56.81668635008824,57.18562425769643,14566600
2020-10-21,57.0802001953125,57.62642192689908,56.95083342964802,57.027494268969555,12171800
2020-10-22,56.81188201904297,57.29102414745037,56.16024843196376,57.104159009816634,13486400
2020-10-23,56.749603271484375,56.902928629082666,56.275249862031814,56.893343737977524,10312800
2020-10-26,55.51819610595703,56.57230725733197,54.828230316365236,56.12191251628576,18189200
2020-10-27,55.796104431152344,56.030886727287324,55.479872498730124,55.78652319616698,19064800
2020-10-28,53.42913818359375,54.77073391015567,53.33810001210566,54.73719410838073,32756600
2020-10-29,54.32033920288086,54.94801416110435,53.601626079212195,53.63516587876084,19409000
2020-10-30,53.11769485473633,53.89390639255896,52.499601091286415,53.558504720656444,25848600
2020-11-02,53.251861572265625,53.96099360684126,52.74397203144176,53.52497246853795,24039800
2020-11-03,54.19096755981445,54.67010963135227,53.44829954226917,53.6687044565089,20970200
2020-11-04,56.2991943359375,56.720838049854684,55.27862302270183,55.839218378328574,30763800
2020-11-05,58.048065185546875,58.21576418665901,57.54017208216777,57.77974312820341,22189800
2020-11-06,58.25410079956055,58.44096593703535,57.11853264019768,57.90911788251034,19455200
2020-11-09,57.832435607910156,60.06523899262881,57.77972969758842,59.490270078017616,39768200
2020-11-10,56.75437545776367,57.73182569733279,56.29439951953652,57.32934812222046,23538400
2020-11-11,58.10076904296875,58.258883149503525,57.21435693525661,57.32935000970843,14488600
2020-11-12,57.58330154418945,58.38826047181146,57.31498312017023,58.10077592385311,14352800
2020-11-13,58.072021484375,58.191807010254955,57.47309385497524,58.01931556054269,11851600
2020-11-16,58.63262176513672,58.73802995946898,57.957029630198846,58.07681515861499,14864200
2020-11-17,58.306800842285156,58.62303271396033,58.05764491375178,58.340340641638036,9939400
2020-11-18,57.683921813964844,58.48408830865118,57.659963244792316,58.20618864629772,9542800
2020-11-19,58.148685455322266,58.25409730204371,57.31497922621537,57.56892395391843,12155200
2020-11-20,57.54975891113281,58.21576614911791,57.53059278813618,58.20139247076148,9915800
2020-11-23,57.53539276123047,58.10556945883953,57.03708446480746,57.727050360710805,9807000
2020-11-24,58.33555221557617,58.45054529905506,57.33893574392127,57.75579069793302,13634000
2020-11-25,58.46012496948242,58.704484793114666,58.2397200560058,58.536785799769824,12186400
2020-11-27,58.771575927734375,59.02072822903652,58.66137162843488,58.771575927734375,7025800
2020-11-30,59.164459228515625,59.250704939782004,58.08638966546775,58.752396791972245,32229200
2020-12-01,59.9215087890625,60.25211800195512,59.404038108506995,59.653190387621564,22681200
2020-12-02,59.83048629760742,59.89756591144417,59.217181226641074,59.66757605288619,16038800
2020-12-03,59.792144775390625,60.194622396013074,59.63402700061857,59.897556625238664,13775400
2020-12-04,60.39107131958008,60.400652553226564,59.74901899834062,59.878389413735235,10358800
2020-12-07,60.56355667114258,60.74083689248216,60.31919319877605,60.424605036093524,8905400
2020-12-08,60.760013580322266,60.95167116736167,60.247331636941425,60.50606883110994,7886800
2020-12-09,59.59568786621094,60.90374729317842,59.389656635020124,60.721674627116414,17271800
2020-12-10,59.68193817138672,59.96463390827304,59.09259544177142,59.2315470879611,9997400
2020-12-11,59.55736541748047,59.55736541748047,58.88656573594643,59.322583152826844,13023200
2020-12-14,59.77296829223633,60.309608682285756,59.70109625656381,59.739428496330966,11055800
2020-12-15,60.769588470458984,60.769588470458984,60.0317092578939,60.41981315750108,9099200
2020-12-16,61.18164825439453,61.39726071015854,60.64980029757539,60.85103907703029,10309200
2020-12-17,61.665592193603516,61.79975140843062,61.37331519463112,61.62725994492021,11505000
2020-12-18,61.44997024536133,61.766205765037355,61.05707389566812,61.75662087655778,17693400
2020-12-21,61.51144790649414,61.540262215107475,60.128302467807735,60.67099637387818,15232200
2020-12-22,62.044532775878906,62.323083297876636,61.56907471327242,61.8524251771793,14334200
2020-12-23,61.57387924194336,62.159787239463476,61.48262905264314,62.116565779738714,11300800
2020-12-24,61.98210144042969,62.135787530671564,61.636315065541574,61.679536530363556,4384600
2020-12-28,62.683284759521484,62.808149218412304,62.30387678401744,62.596834497092054,8171000
2020-12-29,62.3855094909668,63.10589647043826,62.27505220599799,63.024253492143465,8841400
2020-12-30,62.351898193359375,62.731298796114416,62.2606479991364,62.60163440994503,8141400
2020-12-31,62.443145751953125,62.620838862788865,61.93887339811199,62.38070986840312,11058400
2021-01-04,61.42500305175781,62.774530613825206,60.627772959541076,62.76011613095555,21017200
2021-01-05,61.823612213134766,61.924469620663615,61.24730406082121,61.28572558139621,12361400
2021-01-06,60.75743865966797,61.943672803843405,60.570138338794074,60.939935374753965,27258000
2021-01-07,62.395137786865234,62.51520232401548,61.319360559941046,61.34337493300265,19652000
2021-01-08,62.79853439331055,62.9666276271195,62.08775459442523,62.70248425748642,12387600
2021-01-11,62.27986145019531,62.72170531237743,62.02052532323802,62.188618574817504,17853200
2021-01-12,61.98210144042969,62.28466635049581,61.39138610339422,62.20302336311336,17089200
2021-01-13,62.37590789794922,62.56800815594785,61.94367132521965,62.06373581850757,13605200
2021-01-14,61.82841491699219,62.65925916961721,61.73716472838527,62.52958746327289,15624800
2021-01-15,61.19447708129883,62.010914263706816,61.069612632087804,61.73717099824066,12641200
2021-01-19,61.991703033447266,62.0973603788715,61.40098408588349,61.61710238263608,11569600
2021-01-20,63.22114944458008,63.44207130220502,62.38069812248204,62.467148354823614,11770000
2021-01-21,64.03761291503906,64.24892765028957,63.22117561551781,63.56216208888241,8945200
2021-01-22,63.792694091796875,64.11446618879613,63.63900795869733,63.7686797174803,11243600
2021-01-25,64.32575225830078,64.7339671269217,62.76971383161806,64.51305256935153,18205200
2021-01-26,64.36900329589844,64.65235386341419,64.12407426217167,64.55150374935657,8593400
2021-01-27,63.1539306640625,64.26813280622089,62.582422438399874,64.06161804359846,24484600
2021-01-28,63.413265228271484,64.46983872632967,63.259586473743965,63.47570111538104,16181600
2021-01-29,61.919673919677734,63.34604107684835,61.58349471202881,63.09631213868464,19023200
2021-02-01,63.470890045166016,63.778254828487334,62.19340218742401,62.65445302648323,11232600
2021-02-02,64.33055877685547,64.51785910705563,63.99437963651616,64.08562983064161,8595000
2021-02-03,64.10964965820312,64.5947076500037,63.9175420415324,64.46023598241233,11574800
2021-02-04,65.13261413574219,65.13261413574219,64.26815524627551,64.45545564941442,8134200
2021-02-05,64.98851013183594,65.3390963878779,64.80120249394307,65.32948917687331,9413800
2021-02-08,65.67048645019531,65.69930075983693,65.16140677662128,65.25265697592376,11713200
2021-02-09,65.59364318847656,65.90580797943493,65.47837862213579,65.49759304727061,10552200
2021-02-10,65.49760437011719,65.93944095857155,64.94050319539578,65.85779795802472,9464400
2021-02-11,66.21797943115234,66.261200895036,65.68489272545273,65.9394288947533,7565800
2021-02-12,66.55894470214844,66.60216615705384,65.862572169884,66.04507252813495,6755600
2021-02-16,66.34284973144531,66.87113654157743,66.16995653250723,66.82310780314484,9722200
2021-02-17,65.75691986083984,65.90099871634862,65.09416152239245,65.73290549689588,15274800
2021-02-18,65.43515014648438,65.545607430628,64.6091058299424,65.07495665943951,10954800
2021-02-19,65.33909606933594,65.82896123401443,65.0461384244401,65.77132529642267,11685600
2021-02-22,63.89830780029297,64.74836623858963,63.85988629328007,64.53705161409526,14262600
2021-02-23,63.72063446044922,64.1144495783707,61.76598801053641,62.83696140853855,24198400
2021-02-24,64.69557189941406,64.7532005264252,62.76012501379085,63.24519038499149,16472200
2021-02-25,62.433536529541016,64.54666868081728,62.15498602564599,64.11923937770278,34313800
2021-02-26,62.76493453979492,63.730250717698176,62.207833364815144,63.0530850133602,35511600
2021-03-01,64.78678894042969,64.8252104524971,63.427665507834774,63.83108039231144,24773800
2021-03-02,63.75907516479492,64.92129911430334,63.667832263634565,64.87807763562341,24802800
2021-03-03,62.15498352050781,63.63417889804471,62.08774770008135,63.45167853053512,29889600
2021-03-04,60.781455993652344,62.41433771643833,60.013043867224496,61.962893989127835,76955600
2021-03-05,61.92927169799805,62.10216488246905,59.89297867032385,61.5402638649773,46085800
2021-03-08,60.43086242675781,62.169393967161106,60.36842654442668,61.871636364945346,35242400
2021-03-09,62.48637771606445,62.87058563729757,61.76119066925242,61.84283366168901,22987200
2021-03-10,62.236637115478516,63.168338877658755,62.188615708780645,63.15873166505675,18459000
2021-03-11,63.56695556640625,63.960763355372805,63.03866878201132,63.17314044928344,13362800
2021-03-12,63.110713958740234,63.12992105691434,62.404734018298726,62.80814903336345,12442200
2021-03-15,63.783077239990234,63.82149876746034,62.90901130655585,63.15874024287592,16585000
2021-03-16,64.2633285522461,64.87805827051255,63.98958527415627,64.27293576513797,13106800
2021-03-17,64.21050262451172,64.59471054692774,63.25959369585343,63.74465170940774,19366400
2021-03-18,62.428741455078125,63.44208615087954,62.351898414601315,63.33162153213575,17584800
2021-03-19,62.24142837524414,62.7168790184781,61.94366348642592,62.44313581906373,27224800
2021-03-22,63.46530532836914,63.773318964358985,62.47388666701509,62.57495696890404,15984200
2021-03-23,63.07066345214844,63.917699076973555,62.90221540447984,63.638560584518636,12929200
2021-03-24,62.305442810058594,63.46049205080516,62.29581531902558,63.45086455977214,14209400
2021-03-25,62.2669563293457,62.54609489266493,61.46804326987611,61.93487756705859,22573000
2021-03-26,63.850318908691406,63.91769665648252,62.20918056309328,62.23324561808091,14883200
2021-03-29,63.518253326416016,63.835894492981666,63.03698150202875,63.65782626791846,17317800
2021-03-30,62.91666793823242,63.1380562241011,62.536466401619194,63.07067845772816,13235400
2021-03-31,63.91770553588867,64.30753451252232,63.34499092829119,63.39793111916889,15430400
2021-04-01,65.20269775390625,65.20751517155621,64.55298526649027,64.61554560331955,14351600
2021-04-05,66.5502700805664,66.66577796697,65.4962835659635,65.58291631667258,12866800
2021-04-06,66.26632690429688,66.66096603061845,66.04493860639,66.44439515147388,11315600
2021-04-07,66.6176528930664,66.73797086332775,65.97275033493587,66.21338627545855,10085200
2021-04-08,67.58018493652344,67.59462250296119,67.12778827180772,67.24329614693455,14144600
2021-04-09,68.22992706298828,68.24917470997718,67.2144429449906,67.33476093364611,9401000
2021-04-12,67.90264892578125,68.11921980668896,67.57057014803053,67.95077905203907,15907000
2021-04-13,68.5427017211914,68.59564189196385,68.03736506265837,68.16250038100523,11315800
2021-04-14,67.8160171508789,68.56680005088228,67.68607169707047,68.53310749693635,11216200
2021-04-15,68.98068237304688,69.03362256049239,68.42721544182115,68.43684293325423,11028800
2021-04-16,68.96625518798828,69.09620063920828,68.67748915052725,69.03363295091246,11695600
2021-04-19,68.3935317993164,68.9758738745175,67.98444785574647,68.65823274258963,10254000
2021-04-20,67.78713989257812,68.5475429182184,67.40693103613268,68.2491567349007,9873400
2021-04-21,68.47053527832031,68.49460033501947,67.47911662875856,67.66681232121323,9254200
2021-04-22,67.66682434082031,68.64380559862785,67.36843080327094,68.35022947944859,11652200
2021-04-23,68.67748260498047,68.8940534406225,67.77750671234871,67.7919442784832,8886000
2021-04-26,69.02879333496094,69.10098849292298,68.65340201315202,68.70153211846004,7735000
2021-04-27,68.86036682128906,69.19244552281803,68.61492085841417,69.13950533353625,10822000
2021-04-28,68.22029876708984,68.55237758686238,68.05666806690914,68.46093474157693,10691200
2021-04-29,68.16253662109375,68.86518943188472,67.46950396019656,68.7785640210855,13416600
2021-04-30,67.2336654663086,67.83525518476809,67.07484489940035,67.46949127964953,10583400
2021-05-03,67.04598236083984,67.72938752813582,66.87754161420841,67.59463199338032,10805800
2021-05-04,65.84278869628906,66.56469634051757,65.11125356058936,66.54544870119952,19919600
2021-05-05,65.68396759033203,66.41069264610066,65.55883957673824,66.38181017192585,11245800
2021-05-06,66.34333801269531,66.38183330442791,65.18347090723366,65.65511533903948,14338600
2021-05-07,66.91121673583984,67.30586313070083,66.62245072283791,67.00746962563224,19196600
2021-05-10,65.2219467163086,66.62244186538528,65.19788166115376,66.58875666306754,20281000
2021-05-11,65.02462768554688,65.15938319064597,63.82144828743049,63.975451431704776,27046800
2021-05-12,63.19581604003906,64.41825085634757,63.02737527048404,64.06691705955411,29414600
2021-05-13,64.033203125,64.61072771405455,63.60487159255866,63.88882014183047,22610400
2021-05-14,65.44335174560547,65.66955012899834,64.62519097383147,64.7503190257317,16823000
2021-05-17,64.9620590209961,65.077566885167,64.37009682232147,65.05831190265978,16267200
2021-05-18,64.4422836303711,65.28450918297517,64.39897093584979,65.14975368204844,11737200
2021-05-19,64.66848754882812,64.71661766488839,63.28723987266967,63.44125036916277,30581200
2021-05-20,65.90535736083984,66.12673826261708,64.91874876358412,64.92837625519927,16828200
2021-05-21,65.5444107055664,66.30482106663348,65.48666043680505,66.2422533797252,14148400
2021-05-24,66.70909881591797,66.94010727330651,66.0545687336284,66.08826129180301,13229000
2021-05-25,66.72833251953125,67.13260641503068,66.57913943564601,66.97859591319758,11245800
2021-05-26,66.72351837158203,67.01709444710607,66.50694754227318,66.82458867519254,13311400
2021-05-27,66.37218475341797,66.9400818588123,66.35774718928921,66.66576079674219,11354600
2021-05-28,66.60802459716797,66.99304356609328,66.574339384586,66.70909492216595,9222600
2021-06-01,66.28074645996094,66.97858903360529,66.16042852162143,66.90640120805124,12907400
2021-06-02,66.73796844482422,67.0074795134627,66.29038913661229,66.41551717744419,10098200
2021-06-03,66.11710357666016,66.46361976236824,65.71282979758553,66.19891887833806,12721200
2021-06-04,67.38768005371094,67.4646779611976,66.52138933776774,66.52138933776774,11182600
2021-06-07,67.37325286865234,67.45025078800364,67.04598417281153,67.32993281846127,11784000
2021-06-08,67.3780517578125,67.97964150565012,67.19035605023217,67.69569290714072,8902600
2021-06-09,67.42618560791016,67.82082468565456,67.387682980682,67.70531680397009,9763400
2021-06-10,67.92190551757812,68.09034627620542,67.32512571857009,67.56576166828886,11275400
2021-06-11,68.32615661621094,68.32615661621094,67.94594778966761,68.00851547232975,12100600
2021-06-14,69.01919555664062,69.02400563128107,68.11440215770872,68.39354070298826,11426600
2021-06-15,68.59567260742188,68.96625396876627,68.47054457666772,68.96625396876627,15079600
2021-06-16,68.22509765625,68.8555699746767,67.55613005060918,68.72562451354476,19202800
2021-06-17,69.0143814086914,69.29833738569234,68.02777997599375,68.02777997599375,15864200
2021-06-18,68.3839111328125,68.95181569902687,68.30209580465771,68.68230465484046,20816600
2021-06-21,69.11679077148438,69.1553566239045,67.96926169916836,68.41284257287424,12276000
2021-06-22,69.74359130859375,69.78216452148314,68.99625829976222,69.0733973684529,9253200
2021-06-23,69.66644287109375,69.91233879347115,69.51215004028566,69.75322707060798,8271000
2021-06-24,70.10518646240234,70.31733539289445,69.96536504389762,70.11483160208452,12279000
2021-06-25,70.02324676513672,70.22093173691319,69.90753447499529,70.16789448490215,14385800
2021-06-28,70.756103515625,70.83806881742645,70.2980586610468,70.31252269330078,12557400
2021-06-29,71.27202606201172,71.30577302496849,70.63076019495259,70.79469083122957,9829200
2021-06-30,71.19488525390625,71.36846104633251,70.97309110249377,71.16113093119817,11013600
2021-07-01,71.3154296875,71.3154296875,70.83327548614919,71.09846176830999,11636600
2021-07-02,72.25560760498047,72.32792777102462,71.6384509977801,71.65773392302951,12780000
2021-07-06,72.5304183959961,72.87275095285358,71.83612285703931,72.40987990312999,11870600
2021-07-07,72.9258041381836,73.07527072490309,72.34239446795969,72.99330541467263,14883800
2021-07-08,72.236328125,72.438831956669,71.45523350903392,71.77827586125024,17086200
2021-07-09,72.90167999267578,72.96918125530354,72.04344650051456,72.1495209642276,9775800
2021-07-12,72.9595718383789,73.22475074367303,72.72331364878535,73.19100377778179,9619600
2021-07-13,73.25847625732422,73.788841216432,72.77149603325032,72.83417840436933,15202800
2021-07-14,73.79847717285156,74.17455663859673,73.47543493212609,73.84669550726397,12886800
2021-07-15,73.19099426269531,73.76957771452896,72.80045061663479,73.71172157647193,12506200
2021-07-16,72.46776580810547,73.68279625217829,72.39543827575217,73.33564469672892,15080400
2021-07-19,71.46969604492188,71.80238353179331,71.05504324864675,71.60469859653821,24254000
2021-07-20,72.5304183959961,72.93060707516187,71.41182500788317,71.82647771762602,14715600
2021-07-21,73.22955322265625,73.24401725435568,72.36649342679631,72.50149596071525,12234000
2021-07-22,73.76956176757812,73.82741789312827,73.38383709737617,73.38383709737617,9577800
2021-07-23,74.50244140625,74.54101461079144,73.83224761115144,74.09742643710821,12576200
2021-07-26,74.46388244628906,74.59888500946616,74.03476557967159,74.31441584827783,8993400
2021-07-27,73.75993347167969,74.39638042641691,72.82937957350862,74.37227124956998,18089800
2021-07-28,73.6683120727539,74.05886302265897,72.96437129873458,73.78403169017986,13941200
2021-07-29,74.01065826416016,74.26138046940453,73.58154138674921,73.59118652924386,12030600
2021-07-30,73.96245574951172,74.03960219181543,73.5188747418999,73.53816503102067,10148800
2021-08-02,73.6972427368164,74.39636457387985,73.59598715847021,74.29510899553365,12205200
2021-08-03,74.16976928710938,74.20834249962476,73.23438911560318,73.83226287395972,10824800
2021-08-04,74.31922912597656,74.50245002948351,73.8756482580379,74.11190640429226,11322800
2021-08-05,74.72905731201172,74.75315912834354,74.23243923935301,74.45422597779587,6674600
2021-08-06,74.66638946533203,74.75317367802622,74.44942157650836,74.46870450474432,7602800
2021-08-09,74.42529296875,74.8881640535454,74.35297281038493,74.75315416278676,7198200
2021-08-10,73.89012145996094,74.62781670065156,73.67797246264813,74.56031541578733,10421400
2021-08-11,73.89974212646484,74.28064053123734,73.52366261291222,74.14563800622285,10831600
2021-08-12,74.32405090332031,74.36745036331641,73.51885444641682,73.82261388095135,6947800
2021-08-13,74.72905731201172,74.74834023649453,74.29029536988823,74.37226067384205,5630800
2021-08-16,75.06658172607422,75.07622686917918,73.91905248050601,74.55067324774278,9493800
2021-08-17,74.44458770751953,74.72906420877459,73.98172390634642,74.60852568764383,19052600
2021-08-18,73.41759490966797,74.60368968252294,73.33562960886795,74.27100223057278,13481200
2021-08-19,74.13601684570312,74.41084823293095,72.90652969215445,73.01259683289928,19291000
2021-08-20,75.0906753540039,75.15817662758201,74.23726061462663,74.41565526113583,14769400
2021-08-23,76.05980682373047,76.16588131087889,75.28353845346467,75.2883573457578,10802400
2021-08-24,75.9730224609375,76.24302757053664,75.90551382645026,76.1562360098298,9537000
2021-08-25,75.92961120605469,76.35390908784399,75.80425381238345,76.15140528710445,9430400
2021-08-26,75.4522933959961,75.99230360251248,75.38961101235141,75.83801076802935,12056600
2021-08-27,76.18034362792969,76.23338087030858,75.38961124151821,75.51979490137317,14088800
2021-08-30,77.0000228881836,77.09163336167555,76.40697529280028,76.40697529280028,10026800
2021-08-31,76.59500885009766,77.07234410893692,76.45036113313832,77.04823492992894,21971000
2021-09-01,76.61426544189453,77.20732014184864,76.55159042652535,76.86016868331949,20289800
2021-09-02,76.53230285644531,76.99999282804589,76.22372458872717,76.89874460735741,21769600
2021-09-03,76.83606719970703,77.03857101126098,76.4165955441372,76.44069736018263,21204800
2021-09-07,76.85535430908203,77.01929228105575,76.49373876366836,76.92768183241702,19721800
2021-09-08,76.56124877929688,76.86982711899853,76.0164196314866,76.8457252988888,11466400
2021-09-09,76.2719497680664,76.87946121790678,76.20926738777406,76.61427502100098,11161000
2021-09-10,75.51979064941406,76.88428748371226,75.44264423628152,76.69624769988101,17080200
2021-09-13,75.54390716552734,76.29124755435782,75.04728898962009,76.09356994823575,22637800
2021-09-14,75.44745635986328,76.02122080079832,75.24495256137202,75.86693534546097,18431600
2021-09-15,76.1080093383789,76.17068435349789,75.27870389710164,75.70299440032107,16339200
2021-09-16,76.15144348144531,76.228589927207,75.37035595010576,75.83803880444722,16148600
2021-09-17,74.9653091430664,75.95854530242778,74.854415772277,75.95372641051064,22663000
2021-09-20,73.59986877441406,74.2422625078349,72.61937501551589,73.86551405655695,35669400
2021-09-21,73.62882995605469,74.23258248800866,73.34386052977867,74.04903935988632,18455000
2021-09-22,74.6383285522461,74.92813281705757,73.70130311538807,74.02974844017632,27990600
2021-09-23,75.63813018798828,75.816838602752,74.79287653109198,75.02471547051883,19534000
2021-09-24,75.69125366210938,75.81683154051254,75.14545899323062,75.17926530394341,11652400
2021-09-27,74.95709228515625,75.22757226465636,74.47891758352283,75.0536912249739,15015000
2021-09-28,72.73528289794922,74.16497232585704,72.67732500561073,73.99591864650043,38190600
2021-09-29,72.64352416992188,73.41633059791121,72.51794625763564,73.03476212248452,25012000
2021-09-30,72.12186431884766,73.38249250105,72.08322327329736,73.0685441397394,33415600
2021-10-01,73.20863342285156,73.36801763368545,71.64853129958607,72.38269657112116,45483800
2021-10-04,71.5132827758789,72.8753521027212,70.943343891048,72.78840790078216,50773000
2021-10-05,72.53242492675781,72.94780703015981,71.59057229986584,71.65819229948816,32967000
2021-10-06,73.0057601928711,73.05889071556166,71.46015503736389,71.69682870571762,40004800
2021-10-07,73.67232513427734,74.24227156391365,73.53708510758982,73.63851881261981,19895600
2021-10-08,73.39701080322266,74.01041823437633,73.27626026433016,73.95728770246251,18426400
2021-10-11,72.99128723144531,73.97178106923455,72.93815669673626,73.0685693492091,14970600
2021-10-12,72.61453247070312,73.36801455219879,72.49378194815505,73.27625034588493,17853400
2021-10-13,73.05889892578125,73.21829051176506,72.45514626827934,72.92849365818068,19521600
2021-10-14,74.7059555053711,74.73976919975301,73.69648259353787,73.80274367583918,15197200
2021-10-15,75.30485534667969,75.31934481933999,74.73974380284795,74.9667553678949,12779200
2021-10-18,75.94242858886719,75.98106964659753,74.67696527081824,74.88465266483713,11630200
2021-10-19,76.69590759277344,76.69590759277344,75.99072858616478,76.14528544061588,13201400
2021-10-20,76.48338317871094,76.87944105636434,76.15011056054746,76.76835264031882,12025400
2021-10-21,76.77799224853516,76.81662591842705,76.09212300254516,76.25151452844214,10023200
2021-10-22,76.51237487792969,77.06782442076806,76.19359167959183,76.7490412224302,12490000
2021-10-25,76.76353454589844,77.0388493319083,76.46407554640297,76.80217560551536,10336800
2021-10-26,76.98087310791016,77.60394254213976,76.94223205748888,77.28033203614163,13189600
2021-10-27,76.91327667236328,77.50253997424498,76.83599454784755,77.11130198264493,17448000
2021-10-28,77.6860580444336,77.7440233095811,77.23686961719773,77.38177172502546,12756800
2021-10-29,78.01934051513672,78.06764368050997,76.83115929524888,76.9229235174128,20131800
2021-11-01,77.90340423583984,78.05796844301182,77.50734635250902,78.01932739121882,24421200
2021-11-02,78.58927154541016,78.78246942906951,78.00966315437843,78.00966315437843,26814600
2021-11-03,79.04813385009766,79.21235281273198,78.26566535337729,78.72452329313192,25978600
2021-11-04,80.28461456298828,80.47781246679624,79.20752187770508,79.34758925246172,28691400
2021-11-05,80.70001220703125,81.1540354753146,80.19768576849387,80.87389330190511,24223600
2021-11-08,81.13467407226562,81.27474877978362,80.77242257148039,80.96079305708768,12781000
2021-11-09,80.80142974853516,81.34239719036721,80.39088232619412,81.25545296738261,16823000
2021-11-10,79.46833038330078,80.57923662383915,79.22682934709795,80.17834401933924,25788800
2021-11-11,79.84024810791016,80.072087050862,79.70983547811288,80.03828073648617,10103800
2021-11-12,80.81109619140625,80.94633621661342,79.97067708762292,80.10591711283008,12244200
2021-11-15,80.7289810180664,81.25062423714668,80.27013043842105,81.13470106511947,12490200
2021-11-16,81.57904815673828,81.69014394127538,80.58406505367032,80.63236820955835,13538800
2021-11-17,81.33272552490234,81.84470658555121,81.07673499457792,81.41966973766901,15417800
2021-11-18,82.14418029785156,82.26009609859967,81.21198230334339,81.80124552390636,19964000
2021-11-19,82.74308013916016,83.05703589418013,82.16347915223474,82.43878648876309,17714600
2021-11-22,81.82056427001953,84.16312773165211,81.77226847526074,83.0667107472359,28451600
2021-11-23,81.63218688964844,81.89301216563108,80.59856263192769,81.50660898974823,29239800
2021-11-24,82.22628021240234,82.24559705360336,80.74828759458745,81.14435285446635,18241000
2021-11-26,80.17353057861328,81.68049494788224,79.85474738664392,81.0525906706775,24767800
2021-11-29,82.1779556274414,82.40013977847065,81.11051802123454,81.36651584808298,24979800
2021-11-30,81.49212646484375,82.61752240193391,80.7966021629487,81.86886756669887,54066800
2021-12-01,80.37637329101562,82.97491932073824,80.3039185611557,82.35184991609087,39084200
2021-12-02,81.1153793334961,81.48729303923082,79.45867818615245,79.63255924870123,46872400
2021-12-03,79.75813293457031,81.59836961338807,78.75348776022334,81.34720647729469,48470000
2021-12-06,80.51644897460938,80.75795002574499,79.15921424643156,79.98997845194026,37800400
2021-12-07,83.32752227783203,83.42894858908775,82.11035495257455,82.12001705794123,28691000
2021-12-08,83.70909881591797,83.76705671369406,82.781735601362,83.35650932106724,23261600
2021-12-09,82.8058853149414,84.04719694116477,82.73826531238481,83.50140955268209,17201000
2021-12-10,84.4674072265625,84.5736682751708,83.4289483188045,83.67528409968145,24776600
2021-12-13,83.21159362792969,84.8055018869237,83.0908431139154,84.64128295667061,20974000
2021-12-14,81.84471130371094,82.73343347418428,80.85939017906054,82.20696290939573,27094800
2021-12-15,84.0134048461914,84.09551433676431,81.13470845714878,81.91234230319661,28270800
2021-12-16,81.63218688964844,84.46257965070095,81.14918476230179,84.32733964464609,31275600
2021-12-17,81.08638763427734,81.87851071243568,80.31358139557464,80.73379082647999,44821600
2021-12-20,80.12195587158203,80.37358681296105,79.53641440728202,79.84612027541574,32649600
2021-12-21,82.1495590209961,82.21730695039629,80.22841234246904,80.97848345052374,16810800
2021-12-22,83.22386169433594,83.28193662851596,81.82050841516856,82.03826911242263,13376200
2021-12-23,83.68842315673828,84.02232633402748,83.32548620472326,83.3351665909556,9792600
2021-12-27,85.48374938964844,85.50311016262164,84.00296776796864,84.02232854094183,13266600
2021-12-28,85.03856658935547,85.67249544229352,84.82564234293929,85.64346166032279,11422200
2021-12-29,85.11112213134766,85.45469825010903,84.67075693533023,85.06756409299449,9687800
2021-12-30,84.54979705810547,85.43052026497556,84.44817145763469,85.1450116209442,10526400
2021-12-31,84.1384506225586,84.67076103737618,84.09973646657457,84.46751725643772,10243000
2022-01-03,84.93692016601562,85.01434109758767,83.88197967266622,84.24976047950848,20302800
2022-01-04,84.03683471679688,85.16919612033479,83.4029060862001,85.08209480497207,16648000
2022-01-05,81.45272827148438,83.61098906209777,81.42368711479246,83.54807763188796,23628400
2022-01-06,81.04138946533203,81.87856183355866,80.5574736065238,80.80426803628679,23767200
2022-01-07,80.2961654663086,81.37530328981086,79.76869888300108,80.98816907506396,30488600
2022-01-10,80.31069946289062,80.41231768388546,78.05080533352324,79.10090951028242,32501400
2022-01-11,81.27367401123047,81.38981648557855,79.50738392801439,80.10259841811065,19207600
2022-01-12,81.65596008300781,82.43990136733525,81.24946517264395,81.87855723052246,18144000
2022-01-13,79.541259765625,82.31410338588834,79.3380159592761,82.07698191982905,20942600
2022-01-14,80.21389770507812,80.26229224913655,78.99927144250701,78.99927144250701,22351400
2022-01-18,78.28792572021484,79.51707642978329,78.07016500860568,79.04767734406242,24694200
2022-01-19,77.19425201416016,79.50252510947206,77.11682371247228,78.53469349028138,24961400
2022-01-20,76.19739532470703,78.7573070006984,76.09576974414638,77.88142046679559,37609000
2022-01-21,74.6827392578125,76.88939450724043,74.66337848743062,76.01350793870587,48016600
2022-01-24,75.06987762451172,75.12310867007218,70.76786547175614,73.43907598359766,67413400
2022-01-25,73.33262634277344,74.72630676572207,72.49061724055201,73.59878161576322,48886200
2022-01-26,73.7633056640625,76.20708271982592,72.8874189647189,75.32635951914975,53596200
2022-01-27,73.25519561767578,75.355388975169,72.9890403802121,74.95857436950115,39446800
2022-01-28,76.4587173461914,76.47807073454695,73.06162543203226,74.16495316757606,44236000
2022-01-31,78.37984466552734,78.48146285103124,76.10544182577118,76.47805168457786,29121000
2022-02-01,78.58309936523438,78.71375872019209,77.44589409498639,78.4863176661425,23389800
2022-02-02,79.22187805175781,79.35253003293946,78.22016855887308,78.752479021368,25504800
2022-02-03,76.92324829101562,78.63147024055048,76.63773239626818,78.09915997980247,27865400
2022-02-04,77.23297119140625,77.91045041534308,76.18771120250108,76.5119339299544,29721400
2022-02-07,76.72000885009766,77.75075188264717,76.42481991224855,77.29103334244788,14622600
2022-02-08,77.66848754882812,77.8765678029403,76.29900491967902,76.4780514066099,21139800
2022-02-09,79.39124298095703,79.41544025324137,78.34598284362808,78.67021300109084,17795600
2022-02-10,77.31524658203125,79.13476773537212,76.90875160805415,77.8136793758661,31692200
2022-02-11,74.9537353515625,77.7314153460521,74.66822673549363,77.39266830030714,34878800
2022-02-14,74.92951202392578,75.53440670388638,74.05846220798888,74.7553020607384,41030400
2022-02-15,76.89907836914062,76.95230941414182,75.79090680974409,76.05706203475007,24437400
2022-02-16,76.82164001464844,77.08779520487896,75.54410248551166,76.3764383255218,20318200
2022-02-17,74.52303314208984,76.18286079049486,74.3827008091453,76.10543987437154,24906400
2022-02-18,73.76812744140625,74.88597178385291,73.20194682837362,74.77950971467044,25310800
2022-02-22,73.0858154296875,74.25689098385061,72.28735717402142,72.9938702302169,26893600
2022-02-23,71.2566146850586,74.04396754863525,71.17918637063329,73.84556764587981,37879400
2022-02-24,73.69071960449219,73.74395065386649,68.58056840044418,68.80800948559154,50967800
2022-02-25,74.69241333007812,74.71660321505536,72.89708230337452,73.80200256702857,28301600
2022-02-28,74.55691528320312,74.87145761831708,73.27937040663434,73.89878946071447,34822200
2022-03-01,73.06648254394531,74.65856300136211,72.4954578004771,74.2762725943744,29925000
2022-03-02,74.64886474609375,74.95857062951598,73.03258739773304,73.6036120045254,25592400
2022-03-03,73.75846099853516,75.28280052232084,73.38100718517201,75.27795663755292,23450600
2022-03-04,72.4664077758789,73.48747064490789,71.89054665953009,73.18260125767127,26731200
2022-03-07,69.8145523071289,72.73740123429096,69.77583814719664,72.40349806584973,32864200
2022-03-08,69.4758071899414,71.63406790314208,68.44990049210719,69.62581993293428,36898400
2022-03-09,72.22444152832031,72.55350076618731,70.79204734521052,71.36307189511557,35327400
2022-03-10,70.96144104003906,71.15984836966312,69.88714694301618,70.9469241509419,27448400
2022-03-11,69.71293640136719,71.76957936073767,69.60647429275261,71.59053280714588,21457800
2022-03-14,68.42086791992188,70.18232147776075,68.22246063133734,69.3935362081011,27852400
2022-03-15,70.71946716308594,70.85979952083765,68.73540908030915,68.96285013705572,22993800
2022-03-16,73.01806640625,73.04710017744313,70.4775080512666,71.61471331613299,27176000
2022-03-17,73.5358657836914,73.58425294486898,72.23413078928908,72.62610149949064,18518800
2022-03-18,75.04084014892578,75.17633600658175,72.91644231617099,73.27454273081628,27897800
2022-03-21,74.8983154296875,75.2958558671439,73.91415151301015,74.63651383156358,22341400
2022-03-22,75.9745864868164,76.36728144522998,74.84982361557401,74.95163698142146,17485800
2022-03-23,74.80619049072266,75.96003335306479,74.7334645463105,75.26675854820981,12360600
2022-03-24,76.75028991699219,76.76968646471038,74.9710376410446,75.22314097807283,14263400
2022-03-25,76.7066421508789,76.9781345791497,75.74672038017464,76.8714757826699,14874600
2022-03-28,77.61809539794922,77.65202825619102,76.1588123484159,76.35274081556408,18593000
2022-03-29,79.26644134521484,79.33915989199049,77.96230115720131,78.52468257764673,18829800
2022-03-30,78.2095718383789,79.08222413326422,77.79748027876003,78.85921562150119,18680200
2022-03-31,77.05086517333984,78.3453146423652,76.93451548452138,78.19987013372712,19424000
2022-04-01,76.82300567626953,77.30781573824933,75.96488979523323,77.12843098493897,28209600
2022-04-04,78.28229522705078,78.32108092662334,76.99269845732223,77.02178588259771,23048200
2022-04-05,76.63394165039062,78.12230491924748,76.36729459640844,77.94292753639382,23588200
2022-04-06,74.82074737548828,75.5334188500619,74.15655987239379,75.35888690939866,34225400
2022-04-07,74.93709564208984,75.44129485705523,73.91414610433687,74.42319075683329,23200200
2022-04-08,73.88990783691406,74.77711119226463,73.7299196189707,74.60257926338231,26354600
2022-04-11,72.02822875976562,73.05602364259911,71.93126083695093,72.9639085544935,21595400
2022-04-12,71.70826721191406,73.4729757672623,71.43677472610901,72.92029252184048,22172200
2022-04-13,72.8620834350586,73.08509926487946,71.4852249656282,71.75187191510554,14446800
2022-04-14,71.09255981445312,73.07058610621952,71.05862695084969,72.93968529491303,17407000
2022-04-18,71.32524871826172,71.78582416144275,70.72408901998574,70.74347816609203,14060600
2022-04-19,72.66333770751953,72.78938566613209,70.88408558816873,71.14587977839939,13562200
2022-04-20,72.59545135498047,73.56021851109662,72.38213377344319,73.36629747203371,15652600
2022-04-21,71.3640365600586,73.99170609472623,71.14587352111803,73.30327672417765,18509200
2022-04-22,69.36660766601562,71.70338774902652,69.26964715675105,71.2864509013374,22094800
2022-04-25,70.40898132324219,70.45746530094506,68.62972882626917,69.06120959640577,28707600
2022-04-26,67.78614807128906,69.87567830580167,67.75220781526717,69.7690194977538,25953200
2022-04-27,68.78970336914062,70.1132328434112,68.39216294212959,68.54245288640016,40048600
2022-04-28,71.54341888427734,71.95065752953222,69.4975199885647,69.87081838124139,27762400
2022-04-29,68.56183624267578,71.58705361161265,68.43093545811224,70.76287800782576,29589800
2022-05-02,69.60417938232422,69.69628707379606,67.70857039438,68.48426200185433,37004400
2022-05-03,69.72538757324219,70.1520154029651,69.08058929469424,69.59448678347007,27469800
2022-05-04,72.17366027832031,72.30456104592596,68.83817260364309,69.99686817475596,28650400
2022-05-05,68.70243835449219,71.19920725884795,67.88310815162168,71.11193759938693,36442200
2022-05-06,68.1497573852539,69.24058007948025,67.12680780720817,68.07703143373658,34862200
2022-05-09,65.51239013671875,67.34981713150056,65.21180284912843,66.91833644527803,41124600
2022-05-10,66.51107788085938,67.4516103626234,65.52206144530047,67.07345919538403,36370400
2022-05-11,64.41185760498047,67.16072944752771,64.21308372736503,65.90991874604458,34781800
2022-05-12,63.747684478759766,64.67366617323376,62.26415931765069,63.45679545165244,36506600
2022-05-13,65.8663101196289,66.19113204644387,64.19856194798139,64.61549899089327,24495400
2022-05-16,65.2845230102539,66.16202801581605,64.72698701502374,65.31845586694345,17423400
2022-05-17,67.17528533935547,67.27709871389196,65.93417268421223,66.6904752460892,18602200
2022-05-18,64.10157775878906,66.481996595855,63.8591727626955,66.28806816041211,23670200
2022-05-19,63.398616790771484,64.48943948036954,63.09802950814861,63.62162528686946,20874800
2022-05-20,63.539207458496094,64.45549820740759,61.590272577949804,64.28096628391899,20252600
2022-05-23,64.99848175048828,65.08089856467616,63.53919888234731,63.73797276236063,17219600
2022-05-24,64.0337142944336,64.41671099096192,62.91380422752555,64.0918891350165,17122000
2022-05-25,64.78031158447266,65.26027616059214,63.563441114708425,63.611925075064875,13656600
2022-05-26,66.3365707397461,66.62260694000133,64.26642942067438,64.40217566478249,15556600
2022-05-27,68.58123016357422,68.59577387267885,66.95226816532994,67.07831611010805,16281800
2022-05-31,68.0915756225586,68.76061591361788,67.4273881668701,68.31459151878332,19420800
2022-06-01,67.8879623413086,69.28906332996236,67.38376305787165,68.82364974488449,13304800
2022-06-02,69.53146362304688,69.53630906090328,67.0928694129517,67.4079930187641,13868400
2022-06-03,67.86856842041016,68.68304583585405,67.55343741749923,68.21277944802691,11263800
2022-06-06,67.8734130859375,69.14846599900297,67.53889293782413,68.72183074951172,12589600
2022-06-07,68.68302917480469,68.81392994110978,67.01528165522932,67.15102785820748,11016600
2022-06-08,67.9073486328125,68.80908824240728,67.71826560776456,68.4794209525702,8814200
2022-06-09,66.09415435791016,68.07218023028169,66.07961064836151,67.41283827282452,9765200
2022-06-10,63.55375671386719,65.15847702387575,63.534367564061114,64.95485766164296,20886400
2022-06-13,60.736995697021484,62.13809628932513,60.51398354275519,61.55147663811899,36332600
2022-06-14,61.12000274658203,61.52724511123571,60.552775876807004,61.19272499371381,18250400
2022-06-15,62.40959548950195,63.33073902047776,61.04243499910957,61.8811543119168,25069600
2022-06-16,59.86919021606445,60.877595977076375,59.37468560759522,60.82426657729547,32690800
2022-06-17,60.417030334472656,60.98910634684016,59.437711952870515,59.859498031933676,27684200
2022-06-21,61.95447540283203,62.391939099663084,61.29828171179516,61.29828171179516,17245000
2022-06-22,61.69198989868164,62.54747023987207,61.108707510740985,61.2788312315221,15163400
2022-06-23,62.61553192138672,62.73704940384539,61.653108120190296,62.22180904807625,16042200
2022-06-24,64.86602783203125,64.88060933594505,63.334910586376076,63.334910586376076,25492200
2022-06-27,64.4285659790039,65.26946481950881,64.13692107566078,65.07503982850538,13917200
2022-06-28,62.498878479003906,65.12851883235687,62.469715467103235,64.48690290318508,15260800
2022-06-29,62.625247955322266,62.99952387786311,61.91558630305199,62.42109947489231,13607200
2022-06-30,61.78921127319336,62.56692242500431,60.81220966863311,61.794069302465815,15720400
2022-07-01,61.93016052246094,62.0857027239992,60.87052811560072,61.40034246482153,13930600
2022-07-05,62.70787811279297,62.72245961713976,60.73929714917259,61.08926808717245,14341000
2022-07-06,63.24742126464844,63.75293818001773,62.53289782509847,62.84398230500302,16167000
2022-07-07,64.55494689941406,64.70076936332416,63.52448101030299,63.52448101030299,13082200
2022-07-08,64.5841064453125,64.79312036297031,63.66543461383562,63.86472505659725,12627000
2022-07-11,63.69459915161133,64.29732852340258,63.257139189672095,64.02027252533131,11416600
2022-07-12,62.82453918457031,64.28760702085701,62.455128703527585,63.92792001524237,16553400
2022-07-13,62.65927505493164,63.062713977829134,61.371189027556554,61.64338699557453,15162600
2022-07-14,63.23283004760742,63.45642545984167,61.35660368877308,62.15861603847746,13728800
2022-07-15,64.34593200683594,64.37509501245198,63.57307527382251,63.840415186699005,13529200
2022-07-18,63.723758697509766,65.21113121437168,63.48072377862809,64.97781235212253,9897600
2022-07-19,65.66805267333984,65.73610216910838,64.04457341685283,64.43343085703245,12330600
2022-07-20,66.69366455078125,66.97072057984806,65.50278717824521,65.67777266596502,12537200
2022-07-21,67.63178253173828,67.64636403904404,66.08121797561286,66.77630196349388,12957600
2022-07-22,66.6985092163086,67.87965545912544,66.31450985946786,67.60259948557143,10583600
2022-07-25,66.275634765625,66.74225772277086,65.77498335491737,66.66935020347874,13951200
2022-07-26,65.201416015625,66.24160530377569,64.95838106589972,66.2221657712064,10167800
2022-07-27,68.00605010986328,68.3608791051287,66.17842230740673,66.27564223320132,17076200
2022-07-28,69.04136657714844,69.19691250803463,67.47622829442588,68.08381568037841,12408000
2022-07-29,70.10099792480469,70.3197278850591,68.96359619801166,69.2552336727383,10177400
2022-08-01,69.95032501220703,70.65026689415738,69.29899308971821,69.46911311415654,12515800
2022-08-02,69.45453643798828,70.2565489069878,68.85667246260974,69.34760045320981,15921800
2022-08-03,71.30158996582031,71.50088039130029,69.78018890895922,69.79477041161994,14243200
2022-08-04,71.62726593017578,71.66128696887536,70.82038805790043,71.27729498357054,11679800
2022-08-05,71.4620132446289,71.6612963071836,70.4218237446807,70.4801497711026,7921000
2022-08-08,70.85442352294922,71.95293901484418,70.47042408281736,71.39881953070753,11102200
2022-08-09,70.14474487304688,70.42180827135272,69.76561095093,70.28084384935356,8565600
2022-08-10,72.05986785888672,72.11819387769442,71.23840848209798,71.81197486211535,19273200
2022-08-11,71.77793884277344,72.93478753947738,71.6466978974474,72.51190169716851,11025800
2022-08-12,73.20698547363281,73.21184350240772,72.02583179960065,72.24942720948962,8093600
2022-08-15,73.66876983642578,73.77570583241935,72.83272882238866,72.91535983441283,7162600
2022-08-16,73.46945190429688,73.81456474731768,72.78409908017237,73.33335294512058,10990600
2022-08-17,72.94451904296875,73.5034965040691,72.4195626207197,72.79869657842646,12632800
2022-08-18,73.32364654541016,73.6152840319809,72.73549870970977,73.01742013851477,9976800
2022-08-19,71.99180603027344,72.80839982102837,71.83140208919572,72.72091080780635,10146200
2022-08-22,69.98433685302734,71.0342495379735,69.80935140553632,71.0099445614369,10744200
2022-08-23,69.79964447021484,70.53846541898591,69.70728999740884,69.8482470128022,14777200
2022-08-24,69.8433837890625,70.13988671909564,69.459384421938,69.75102932312527,8983200
2022-08-25,71.0245361328125,71.02940157891209,69.93087878516022,70.02323325898946,7126600
2022-08-26,67.99146270751953,71.16549868824936,67.94285274883813,70.99537124970284,14321800
2022-08-29,67.09223175048828,67.7484291218037,66.83461528129655,67.25749374641534,13231600
2022-08-30,66.39230346679688,67.58803900128946,65.78958137774406,67.47137952429212,13268800
2022-08-31,65.74581909179688,67.00474590531492,65.71179805188497,66.79087393956394,14171400
2022-09-01,65.42501831054688,65.50764931211944,64.05429748991781,65.10421036314362,15988600
2022-09-02,64.57438659667969,66.47491419280043,64.23413174683039,66.10064572490663,16606600
2022-09-06,64.14664459228516,64.93894089397723,63.72376615731478,64.66187749393596,14990000
2022-09-07,65.17224884033203,65.43472330584032,64.05428665972617,64.27301661712268,11657000
2022-09-08,65.39583587646484,65.7360907128478,64.39939859426111,64.69103606094117,11210600
2022-09-09,66.68878936767578,66.8686402756657,65.81386205681633,65.9402449786749,11418600
2022-09-12,67.75813293457031,67.78730335520191,67.0922196251405,67.10194309868437,10181000
2022-09-13,64.1612319946289,66.19300078104293,63.98624651978819,65.82359029719638,20148800
2022-09-14,64.39453887939453,64.86602728016479,63.77723544072679,64.46258836935941,13229200
2022-09-15,62.91202926635742,64.26816856299787,62.53289530353807,63.87931112458761,14885200
2022-09-16,62.56205368041992,62.693287199846374,61.672541256146495,62.36276326180407,20762200
2022-09-19,63.072235107421875,63.130705132918195,61.897912527699134,61.93689502308026,15683000
2022-09-20,62.701900482177734,63.09659543054312,62.156160457499965,62.48263046763043,12109400
2022-09-21,61.722496032714844,63.954193742776106,61.712752267496754,63.02838362646484,16808800
2022-09-22,61.093910217285156,61.76634518503806,60.7479489693083,61.37652770467188,16033800
2022-09-23,60.294795989990234,60.63101351993547,59.500547133066206,60.5384310192084,19396200
2022-09-26,59.87574005126953,61.118280116941186,59.70519628399065,60.10963130180578,17193600
2022-09-27,59.95370101928711,61.240093517014316,59.398213518794684,60.66998851138921,18714800
2022-09-28,60.58715057373047,60.87951555048397,59.09610554961805,59.554140543461784,18933400
2022-09-29,59.00839614868164,59.85624490621167,58.311599901251626,59.71980990127294,31096600
2022-09-30,57.8779296875,59.641848416144995,57.7707296932764,58.76963467482351,19513000
2022-10-03,59.67109298706055,60.02680177783396,58.111830232819024,58.335974021392765,17332200
2022-10-04,61.673770904541016,61.74198841504723,60.83566581252123,60.879522050746935,17779000
2022-10-05,61.878414154052734,62.32670536415949,60.484821704055,60.84053042768727,14600400
2022-10-06,61.37165832519531,62.3949283544812,61.29857079531084,61.717623315333086,14348200
2022-10-07,58.847591400146484,60.12424003295054,58.530868900385634,60.11936629243236,15749000
2022-10-10,57.858436584472656,58.930432774726775,57.27858783421729,58.84759405248321,16706200
2022-10-11,56.971614837646484,57.92666371441233,56.54769226235342,57.527102411708505,21044800
2022-10-12,56.79619598388672,57.405283547947185,56.698743460667224,57.01546973749377,14111600
2022-10-13,58.56010437011719,58.867083108837114,55.046888378912165,55.26128835250533,38114600
2022-10-14,56.91313552856445,59.164320471849784,56.82055304212633,59.03763295286334,22484000
2022-10-17,58.647823333740234,58.94018461931953,58.150805802437525,58.306735786826955,14599600
2022-10-18,59.14484405517578,60.38251056900196,58.39932138872528,60.16811425057737,13998000
2022-10-19,58.97428894042969,59.559015185205055,58.37981893115021,58.62832767811913,10984000
2022-10-20,59.00839614868164,60.289918625588456,58.716034892730775,58.99377864352036,12429600
2022-10-21,60.58715057373047,60.71384181581865,58.66243554302882,58.86221802930538,17126000
2022-10-24,61.425262451171875,61.649406232214695,60.10476103732094,60.845413608882495,13385200
2022-10-25,62.599586486816406,62.643439008679486,61.57632008334617,61.57632008334617,10265000
2022-10-26,61.20598602294922,62.497248570525045,60.92336852599578,61.02082475817376,15169400
2022-10-27,60.50918960571289,61.81019963192147,60.367880857602486,61.43500336234049,11694800
2022-10-28,63.14044189453125,63.27200686470946,60.84540084410607,60.84540084410607,14935400
2022-10-31,62.30721664428711,62.68241291099865,61.936890400953246,62.511865435827396,13292200
2022-11-01,61.78583908081055,63.194049119729655,61.51783908686739,63.081979098680826,9413200
2022-11-02,59.651588439941406,62.536225751010356,59.63209719516157,61.74197704349985,18092400
2022-11-03,57.897422790527344,58.925562815266936,57.85357027379754,58.818362817604964,16010600
2022-11-04,58.954803466796875,59.261785983576104,57.60506703751334,59.10098597169894,17896200
2022-11-07,59.939083099365234,60.03653561129213,58.638069387933534,59.057121880854226,10427600
2022-11-08,60.51407241821289,61.244977538133035,59.62236727969215,60.43610742098508,12722000
2022-11-09,58.94017791748047,59.978061664425,58.852469170022125,59.95370039531575,11962600
2022-11-10,63.78364944458008,63.851866957247445,61.53733783304657,61.849190381690406,27932200
2022-11-11,64.87513732910156,65.08953735120033,63.41332710768408,63.72517965751376,15977800
2022-11-14,64.31964874267578,65.12364137789876,64.012666221701,64.36350126420042,14526600
2022-11-15,65.09927368164062,66.04944867574672,64.44632624388952,65.78144869403731,12716200
2022-11-16,64.20756530761719,64.78741775502873,63.9395653400972,64.59738276626902,10095800
2022-11-17,64.2904052734375,64.58764027215567,63.159935299574904,63.18430028671249,8149600
2022-11-18,64.36349487304688,65.03592987692463,63.82262485583008,65.01643491252649,11912400
2022-11-21,63.671573638916016,64.26117364400645,63.54488610834519,63.9980436653163,8363800
2022-11-22,64.90436553955078,64.93847801001357,63.491285447716955,63.94932045869979,9019200
2022-11-23,65.4793472290039,65.67425226164045,64.71920719251085,64.76305970958151,9480600
2022-11-25,65.09927368164062,65.29904872696036,64.9092386828194,65.03592620365022,3263000
2022-11-28,63.7056770324707,64.77766945382994,63.44742454935255,64.36348701516525,13030200
2022-11-29,63.08198165893555,63.81288670745404,62.82372170145376,63.62285169224526,11570200
2022-11-30,66.24921417236328,66.25895421636481,62.98937758315876,63.052717609761125,23334400
2022-12-01,66.34181213378906,66.65854211687801,65.5232020458036,66.31257712138253,15165800
2022-12-02,65.95686340332031,66.17613340267972,64.97745344076847,65.23082847173282,8934400
2022-12-05,64.86050415039062,65.81555653576106,64.43170420979784,65.4501040687057,11526200
2022-12-06,63.47178268432617,64.88974006065868,63.062477699967175,64.79228755511838,11799200
2022-12-07,63.15019226074219,63.63746223980609,62.697027313934846,63.242767311238474,10413800
2022-12-08,64.1832046508789,64.36836962913473,63.12095219029303,63.50102962859448,8965800
2022-12-09,63.788516998291016,64.685092007022,63.549752023456634,63.89571699228603,10402800
2022-12-12,65.18209838867188,65.18209838867188,63.87134113217677,63.89082865724468,14806200
2022-12-13,65.95199584960938,67.89132832000001,65.28443091014994,67.5551108386573,18607600
2022-12-14,65.39651489257812,66.65854250311014,64.6314973661382,65.8886549529578,19541000
2022-12-15,62.95041275024414,64.5632752672975,62.71164777260158,64.32451028965494,19223800
2022-12-16,62.11717987060547,63.1063336364801,61.80045363405104,62.7360111212726,23999200
2022-12-19,61.288883209228516,62.22224306479583,60.88328692450817,62.12450699894471,14276600
2022-12-20,61.381736755371094,61.6944847361697,60.673167926928954,60.96636869289639,12622000
2022-12-21,62.39816665649414,62.691363680582214,61.513672935687474,61.66516291152444,14670600
2022-12-22,60.824649810791016,61.684708560309666,59.7935576041024,61.61629144919193,15323600
2022-12-23,60.8881721496582,60.94681378675129,59.94504059051262,60.38973128324038,8231600
2022-12-27,60.31154251098633,60.78555215874263,59.95481613756633,60.67804435472579,9530200
2022-12-28,59.3390998840332,60.72691859391422,59.27068649570104,60.16495200807862,10362600
2022-12-29,60.893070220947266,61.09831039323671,59.91573180633066,59.920619542313794,10954200
2022-12-30,60.80998611450195,60.84419280356309,59.88640178160181,60.2626753612743,8905800
2023-01-03,60.23336410522461,61.86551737509016,59.80333284121216,61.459921061351125,15196200
2023-01-04,60.389739990234375,60.77578910152962,59.72514958702358,60.54611398344573,11813000
2023-01-05,59.216922760009766,60.24312714295245,59.11430269454044,60.08675317724928,11341000
2023-01-06,60.95170974731445,61.22536330084587,59.03612368784436,59.739808514925215,13825400
2023-01-09,61.660282135009766,62.78421910052849,61.47947318200772,61.499020398136345,21427200
2023-01-10,62.041439056396484,62.13917512999391,61.181380249989125,61.508791436228,17209000
2023-01-11,63.116512298583984,63.116512298583984,62.04632561456567,62.23690629415113,13758000
2023-01-12,63.58563232421875,63.87395281193251,62.44214821443893,63.2142464258672,15358600
2023-01-13,63.766448974609375,63.859289862617636,62.837972986022024,62.98457524279903,10153200
2023-01-17,64.05475616455078,64.43103351600915,63.60028995576343,63.67847881309241,10425800
2023-01-18,63.22889709472656,64.75843382534639,63.18980267037377,64.41636693288322,13936000
2023-01-19,62.49100875854492,63.087189438670144,62.26133739271964,62.73534705866165,14645000
2023-01-20,64.18180847167969,64.23067837240153,62.57897415380296,62.803765258023454,14127800
2023-01-23,65.64292907714844,66.01920641770728,64.29420488154088,64.44079966416155,23472600
2023-01-24,65.61359405517578,65.86281258110954,65.17378744550128,65.2715272186497,12575600
2023-01-25,65.47677612304688,65.6429218293388,63.90326100699091,64.5043219188698,14342200
2023-01-26,66.52252960205078,66.55184855617144,65.43279209723974,66.11693333821738,11161800
2023-01-27,66.80106353759766,67.27018914784799,66.07295136101457,66.10227031356173,13549400
2023-01-30,65.52565002441406,66.32218319173639,65.47189611514997,66.03387015863815,9705600
2023-01-31,66.43944549560547,66.46876444476122,65.48165090303048,65.5256293267641,8871600
2023-02-01,68.00318908691406,68.54561204901464,66.07294776544747,66.3905796760882,18852800
2023-02-02,69.86014556884766,70.25107492702791,68.84859684048239,69.16622880812874,18824000
2023-02-03,69.27864837646484,70.41235726899052,68.55541244767079,68.65803628097999,16145400
2023-02-06,68.4332275390625,69.04895546769984,68.17423347452451,68.51141639611166,12977400
2023-02-07,70.14356231689453,70.40744781775892,68.50652523615777,68.53584419036514,15708200
2023-02-08,69.29816436767578,70.6566638787561,69.15645360853378,70.28039403777618,12577000
2023-02-09,68.9170150756836,70.48564645203943,68.64336152309194,70.3683631624287,12624000
2023-02-10,68.59938049316406,68.83393960702101,67.94944960207107,68.40390835120013,9861600
2023-02-13,69.7868423461914,69.93832859448722,68.82416349344086,68.86814192878487,8411800
2023-02-14,70.08492279052734,70.48074357618714,69.02451171767984,69.45942692687996,12622000
2023-02-15,70.4123306274414,70.41722209072549,69.49363776640142,69.65978347508431,10491000
2023-02-16,69.19064331054688,70.17775679819815,69.13688942120702,69.39099939413154,13001200
2023-02-17,68.32572174072266,68.77529644820763,67.72954480206887,68.69710759738436,10606600
2023-02-21,66.70335388183594,67.81751919630915,66.6447159568114,67.41192281638672,12277800
2023-02-22,66.60560607910156,67.14313766570508,66.28796666035913,66.84016518131948,14338400
2023-02-23,67.70999145507812,67.96410148297448,66.75708817109046,67.84681821090717,13120000
2023-02-24,66.50300598144531,66.79131909073773,66.11696049943538,66.50789744680755,14347400
2023-02-27,66.8597183227539,67.51453321026217,66.7375510322561,67.17246628816828,9389000
2023-02-28,66.71312713623047,67.35816665955247,66.52743043782674,66.6447137404766,10485800
2023-03-01,66.22444915771484,66.84994510967084,66.01920899752615,66.74243729388154,15069400
2023-03-02,67.04051208496094,67.2506362096359,65.93123118873946,66.04362298899586,10969400
2023-03-03,68.48210144042969,68.48698544809322,67.40703069093398,67.47056007306108,14439600
2023-03-06,68.80950164794922,69.74286151169622,68.75574774332244,68.92189346435086,15999200
2023-03-07,67.9543228149414,69.01962531404799,67.78329310645316,68.75573982843962,14120000
2023-03-08,68.51631164550781,68.59938451452487,67.79307586259415,68.19378818473552,13247000
2023-03-09,67.53407287597656,69.39590108481312,67.40213012188207,68.623802957759,15624600
2023-03-10,66.34661102294922,67.60737829507784,66.0827255125157,67.43634111400058,30556800
2023-03-13,66.70821380615234,67.63179807434929,65.52075151411275,65.93123175408951,34439400
2023-03-14,68.24754333496094,68.48698647456676,67.28974840703658,67.56829343453768,21202200
2023-03-15,68.28663635253906,68.36970922134566,67.17247117860329,67.49987864619403,23060000
2023-03-16,70.20220184326172,70.29993416799113,67.82237835253423,68.04716941026045,26086800
2023-03-17,70.10447692871094,70.94498097542555,69.69398919106058,70.33903602415457,23078600
2023-03-20,70.29351806640625,70.38167657757765,69.45605331155897,69.98007969783274,11981600
2023-03-21,70.86161804199219,70.98894979349924,69.94088968706049,70.67551146651641,13066400
2023-03-22,70.1563949584961,72.27210972332323,70.11721422511476,70.86163321343847,14224400
2023-03-23,71.29749298095703,72.2622968443926,70.6265408170398,71.05261905567814,17595800
2023-03-24,71.48360443115234,71.51788289709064,70.60205674542935,71.07221052917518,11872600
2023-03-27,70.93018341064453,71.83621246723142,70.76367093187193,71.59133853740373,10810600
2023-03-28,70.59716796875,70.83225237848634,69.96050157635706,70.80776348501867,9968000
2023-03-29,72.07620239257812,72.23782010720032,71.38076122457252,71.48361157859044,14256600
2023-03-30,72.91366577148438,73.01650864002463,72.42391789816266,72.74225102663797,11202400
2023-03-31,73.95683288574219,74.02539729764187,72.7324630497047,72.82551635291722,15069800
2023-04-03,73.83929443359375,73.94213730976712,73.15364287627769,73.50626196907794,21142200
2023-04-04,73.43280029296875,74.20170059925823,73.15854266848434,73.94703707535689,15824800
2023-04-05,72.59532165527344,73.15363390491056,72.0712953421294,73.08506950488352,15737600
2023-04-06,73.00672912597656,73.0997749574467,71.75296812017476,72.06640650338508,15696000
2023-04-10,72.96754455566406,72.98223639527917,71.88519837526997,72.28189299079826,9517200
2023-04-11,72.28189849853516,72.85000791680874,72.15946151043968,72.84021086533211,12791600
2023-04-12,71.87051391601562,72.96755204867934,71.75297171406423,72.77164837876033,13235800
2023-04-13,73.20751953125,73.32016693729294,72.03212747161943,72.14966966676667,13641800
2023-04-14,72.80104064941406,73.39853383547226,72.16437419771165,72.79614585944898,13003600
2023-04-17,73.06549072265625,73.2271084271325,72.49738136261125,72.89407596770752,8306000
2023-04-18,73.29076385498047,73.81969243761394,72.97243073692256,73.62379628387973,9212800
2023-04-19,73.08018493652344,73.21731375575426,72.53166965960015,72.62961774862787,8623200
2023-04-20,72.60022735595703,73.32015732682783,72.27699196639065,72.40922598447862,11416200
2023-04-21,72.36515045166016,72.4973844833711,71.89499663018162,72.28189420146,12237600
2023-04-24,72.04680633544922,72.42880905967417,71.50808071258884,72.07619001070358,9079800
2023-04-25,70.5090103149414,71.83132823575659,70.48452142376772,71.69419941273637,11022600
2023-04-26,71.55706787109375,72.29658452949683,71.38565311235074,71.74806925825534,13603400
2023-04-27,73.0752944946289,73.12916706774288,71.71869058836656,71.8950001482886,12084800
2023-04-28,73.8686752319336,73.88336707081402,72.99692458454982,73.07528604055189,11792000
2023-05-01,73.91275787353516,74.2702717756882,73.69237279612466,73.80991499145848,8194400
2023-05-02,73.22221374511719,74.08417492488431,72.84021093970611,74.00091866964965,12058800
2023-05-03,72.60513305664062,73.78542740102135,72.57084711337019,73.3103712951579,11630200
2023-05-04,72.25740814208984,72.74715608454743,71.9586615982723,72.31618297679793,10861000
2023-05-05,74.06947326660156,74.31924199919993,72.85489312390901,72.95774346848465,12230000
2023-05-08,74.0302963256836,74.09395847276339,73.57482688063531,73.92744597584685,6795600
2023-05-09,73.4621810913086,73.76092759333163,73.38381963796758,73.6237987864646,12473200
2023-05-10,74.35843658447266,74.52984389342932,73.6385064571558,74.10376554283975,10551800
2023-05-11,74.02538299560547,74.23597845265535,73.51115374218946,74.23597845265535,8956800
2023-05-12,73.92744445800781,74.26047691796333,73.3544403082937,74.15273178147419,7908000
2023-05-15,74.53963470458984,74.55432654490002,73.73644838480486,74.00091645630897,6796600
2023-05-16,74.61799621582031,75.02448790156893,74.41230297838617,74.43679186990556,9398200
2023-05-17,75.61219787597656,75.73952967321254,74.5837240261967,74.93144841478684,11916600
2023-05-18,77.15978240966797,77.27242233317364,75.7052305625911,75.7052305625911,15491200
2023-05-19,77.12549591064453,77.31160250088148,76.86103533716657,77.1793684776626,9805000
2023-05-22,77.27243041992188,77.47322887154677,76.76799063273977,76.89532240859523,10794200
2023-05-23,76.13130950927734,77.2038586052306,76.10192583097066,76.88552545962834,11691000
2023-05-24,75.572998046875,75.8766393567162,75.16161160006564,75.52892252892256,10925600
2023-05-25,78.47229766845703,78.78084121220591,77.17446882610892,77.58096044745702,18078000
2023-05-26,80.70066833496094,80.84269942836683,78.66331502572974,78.67311207736897,15160000
2023-05-30,81.13164520263672,82.29724021346425,80.96023043515243,81.88585373905454,18123600
2023-05-31,80.45577239990234,81.42547100467088,80.4116968889944,80.66636785139379,19301000
2023-06-01,81.27366638183594,81.6164884335741,79.94155143254456,80.20111723407204,17419400
2023-06-02,81.73892211914062,82.11603009732981,81.16102317993119,81.75361395841138,14270600
2023-06-05,81.2687759399414,82.23357999834357,81.12674484972104,81.6899594754518,10909000
2023-06-06,81.24916076660156,81.4254702816265,80.66636713509011,81.07285125157662,9975600
2023-06-07,80.03459930419922,81.72422803046942,79.86808681507387,81.0924565403363,13703800
2023-06-08,80.90145874023438,81.02879050702781,80.09337020204507,80.1521450330698,10665200
2023-06-09,81.30304718017578,82.13562459869648,81.02878954850496,81.29325760258753,14413600
2023-06-12,83.07103729248047,83.10532323286684,81.69484687447905,81.86135936874429,13787200
2023-06-13,83.57546997070312,83.97217201767845,82.89962300025194,83.81055432586466,16595800
2023-06-14,84.43744659423828,84.46683027582252,83.18858781618314,83.4775373157091,16769000
2023-06-15,85.52467346191406,85.90667620505562,84.0750164695865,84.09461056936578,17732600
2023-06-16,84.81945037841797,86.34256683276301,84.73619412198275,86.33766457046865,17366600
2023-06-20,84.24620819091797,84.8547627360145,83.79469732279058,84.3345438550984,14137800
2023-06-21,82.9996566772461,84.08426999206013,82.75426979493294,83.92231375109984,12058000
2023-06-22,83.67692565917969,83.71128341674127,82.61194750396916,82.62667011760607,15224200
2023-06-23,82.76898956298828,83.25976331074062,82.42054439570745,82.64629612605019,14729000
2023-06-26,82.17516326904297,83.56895901287255,82.11627281155016,82.84261591221136,10890200
2023-06-27,83.79471588134766,83.98611735140793,82.42545287439746,82.50397847457948,13833000
2023-06-28,83.84378051757812,84.295291441291,83.26467112258096,83.32846661391677,11371600
2023-06-29,83.99102020263672,84.14315886863808,83.48552383364557,83.93212974834283,9128200
2023-06-30,85.32592010498047,85.54186174210014,84.76153331682812,84.8253288088042,11398400
2023-07-03,85.14434814453125,85.35047223920225,84.71246480982222,85.311209437082,6182200
2023-07-05,84.61920166015625,85.25230393579315,84.47688058011936,84.5504936407225,9395600
2023-07-06,84.3934555053711,84.47197361231358,83.52968893148719,83.78489337273588,12116400
2023-07-07,84.02537536621094,85.04127311448619,83.97629499673899,84.25603213461278,11622200
2023-07-10,84.24620819091797,84.25111323161298,83.40207689745014,83.72107678069514,16877200
2023-07-11,84.42781066894531,84.52105888299816,83.6033143336402,84.42290562716852,9996000
2023-07-12,85.38481140136719,85.78724945427878,84.80570199482162,85.2719355403412,16104400
2023-07-13,86.49887084960938,86.68536726538593,85.79706800264036,85.96883431683354,9349200
2023-07-14,86.37127685546875,87.39208717652352,86.12097744475874,86.71481699029168,11543800
2023-07-17,87.47550964355469,87.73070658351293,86.43506427566399,86.53322500953843,11858800
2023-07-18,88.46688842773438,88.89386675463969,86.81788804955109,87.27431160825378,16406000
2023-07-19,88.24601745605469,89.05579855107673,87.90738240619204,88.68771827750645,20990000
2023-07-20,86.4841537475586,88.05462830292355,86.21422667821147,87.68164293621605,24356000
2023-07-21,86.43999481201172,87.47061533487046,86.33692901541876,87.03382693714633,14871400
2023-07-24,86.59213256835938,87.03382600361633,86.25840248219367,86.82279685903762,11308200
2023-07-25,87.58348083496094,87.87303553073764,86.85713034196543,86.87185295438711,10802200
2023-07-26,86.40563201904297,86.87677815106886,85.79707731391777,86.66574152790075,15501600
2023-07-27,86.15532684326172,87.83867708487237,85.76270637500984,87.57366257475458,13857000
2023-07-28,87.3282699584961,87.58837941022745,86.77369330284407,86.95527716838164,11287400
2023-07-31,87.52949523925781,87.63746605586091,87.02890395215366,87.40680181026453,10138400
2023-08-01,87.6767349243164,87.86323136158806,87.01419479844364,87.2448590797174,8845800
2023-08-02,85.50749969482422,86.96019314250402,85.1983173559337,86.90620773593388,15818600
2023-08-03,85.15907287597656,85.6596567660714,84.75663476070122,84.81062017888172,11321000
2023-08-04,84.00082397460938,85.37989680259606,83.86831298560428,84.86948798719001,14431800
2023-08-07,84.23640441894531,84.6437475217058,83.62784228555381,84.35419281242486,9536000
2023-08-08,83.58857727050781,83.69654059122841,82.74935097771484,83.64746771610307,11461800
2023-08-09,82.50888061523438,83.70146472414883,82.22423094104333,83.70146472414883,14301800
2023-08-10,82.5186996459961,83.85850991299623,82.11135652686292,83.13707188723924,12731400
2023-08-11,81.91014099121094,82.39110468802726,81.62549878842721,81.8610681063164,10772000
2023-08-14,83.21560668945312,83.2254242625434,81.63040936731574,81.82671589743657,10328000
2023-08-15,82.39599609375,83.2646676385103,82.2045946505261,82.97020042342167,9366400
2023-08-16,81.61075592041016,82.69046405979898,81.605850879272,82.2193180091009,9779400
2023-08-17,80.83534240722656,82.12607219363662,80.71264897769551,81.97393353919614,12614800
2023-08-18,80.95802307128906,81.28684051195079,79.96665822018514,80.01573109109215,13658600
2023-08-21,82.50396728515625,82.67082854645277,81.2966606840898,81.37518627362194,13132800
2023-08-22,82.41072845458984,83.29412271574628,82.22914456068469,83.24504234455466,11361800
2023-08-23,83.89775848388672,84.14314532208972,82.60702880719505,82.61193384805878,10113200
2023-08-24,81.96411895751953,84.957841742713,81.90032346409315,84.9529367012534,13929000
2023-08-25,82.79843139648438,83.2548473273752,81.5616796178772,82.29292761321138,15686600
2023-08-28,83.47571563720703,83.65239450854541,82.83280314358,83.42664274932162,8963800
2023-08-29,85.14924621582031,85.23267685526562,83.14688840329309,83.2352315729849,13713800
2023-08-30,85.79215240478516,85.8804955680619,84.86949541902592,85.16396264513158,12266600
2023-08-31,86.20932006835938,86.53813758736004,85.89522516299955,85.98847337513365,11963400
2023-09-01,86.47432708740234,86.86204251588492,86.03263373933652,86.74915916963107,9244600
2023-09-05,86.78351593017578,87.05344296806312,85.97864734631968,86.25838446659382,10060400
2023-09-06,85.86577606201172,86.66082711720209,85.33573952901384,86.4448854753941,18143200
2023-09-07,84.6241226196289,84.81061905972125,83.96158248373547,84.27077237365407,12513600
2023-09-08,84.80078887939453,85.34554801517706,84.57994220026384,84.61920499700462,8584800
2023-09-11,85.24250030517578,85.62530326013965,84.49652205174793,85.54677765691278,8272800
2023-09-12,83.696533203125,84.8302266010445,83.5443945730255,84.53085438134143,12243000
2023-09-13,83.90758514404297,84.35909607661583,83.42662898587383,83.66219827925688,10008800
2023-09-14,84.5161361694336,84.72716525091182,83.89285151788943,84.42288797487835,9473200
2023-09-15,82.89167785644531,84.23640053774656,82.67083118138305,84.21186035415907,13116800
2023-09-18,83.2900619506836,83.56548108068938,82.62609922294158,82.65069182482247,9943800
2023-09-19,83.24580383300781,83.45729123304096,82.48348560102995,82.93596102100082,8236600
2023-09-20,81.93755340576172,83.5802371889839,81.90312226136305,83.47203574174328,10760400
2023-09-21,80.68831634521484,81.65229076994186,80.64896968455167,81.07685992888345,14741200
2023-09-22,80.86046600341797,81.60311460609235,80.67848673961932,81.04243776260762,12537800
2023-09-25,81.12112426757812,81.24407977119587,80.44733050922758,80.65389485475238,10577400
2023-09-26,79.66041564941406,80.63422117791377,79.38499651041282,80.58995899584758,14926000
2023-09-27,79.78337097167969,80.20142270250611,78.99153719659823,80.04403604938273,11665200
2023-09-28,80.3489761352539,80.86047533494751,79.03089647567786,79.4046785796002,12829400
2023-09-29,80.62438201904297,81.89328376082602,80.34896288214902,81.14079665302343,15883800
2023-10-02,81.489990234375,81.72606269845461,80.54076985038702,80.66372535318386,13656200
2023-10-03,80.10797882080078,81.58344498765969,79.69484259057745,81.02768366333461,14838800
2023-10-04,81.10636901855469,81.32277190248695,80.1719027019934,80.1719027019934,15194200
2023-10-05,81.2145767211914,81.34736327007023,80.24076366842691,81.10145224748283,12023000
2023-10-06,82.73430633544922,83.08841881388985,80.42274418784599,80.65881667193676,16625600
2023-10-09,83.16218566894531,83.29006420033659,81.8490217428082,82.22772680909915,13139200
2023-10-10,83.2900619506836,83.95894019695841,82.99005021879691,83.22120716818215,20402800
2023-10-11,84.06222534179688,84.1015720070316,83.28023006985521,83.54581067942839,10389200
2023-10-12,84.14092254638672,85.00161118842675,83.50155233994938,84.13600702723444,15405800
2023-10-13,82.93595886230469,84.45077175300995,82.64577813471404,84.30813914875857,15183200
2023-10-16,83.73270416259766,84.11140924306702,83.05891035436468,83.07366441552242,14544200
2023-10-17,83.34415435791016,83.77695258847913,82.08508381054234,82.68019169641028,15317800
2023-10-18,82.48839569091797,83.43269313626195,82.14903727212378,82.75889932217486,12862800
2023-10-19,82.01622772216797,83.37366114091054,81.87360265514451,82.81789992210028,19991800
2023-10-20,80.62931060791016,82.03592201523442,80.54570175733956,81.97689826424816,15350400
2023-10-23,80.72276306152344,81.54410506173359,79.68009511430614,80.12765502301401,15159000
2023-10-24,81.27851104736328,81.40146656253486,80.40306837971035,81.04243855952438,11180400
2023-10-25,80.31946563720703,81.76542380630877,80.0784776120965,81.66706088761408,15529600
2023-10-26,78.78497314453125,80.81620055460749,78.44561473896698,80.4620880883325,20646400
2023-10-27,79.24236297607422,80.04403528547725,78.8931735377783,79.26695557846614,16231600
2023-10-30,80.09322357177734,80.37847375575076,79.4194222624363,79.66041776777537,14180800
2023-10-31,80.66373443603516,80.7325892251702,79.50795708236762,80.13256570358944,10893600
2023-11-01,82.2228012084961,82.33100265261615,80.80635890252083,80.80635890252083,20945800
2023-11-02,83.61466217041016,83.68843997904453,82.8523440134495,82.96546098115839,16192600
2023-11-03,84.47534942626953,84.81470782873183,83.34908027619582,83.53105202637065,15661800
2023-11-06,85.03111267089844,85.06062079272604,84.32288772860073,84.58847583426677,11099200
2023-11-07,85.96066284179688,86.21148940181219,85.12948232296084,85.25736086715679,13029800
2023-11-08,86.44756317138672,86.59018826277253,85.86229373560683,86.25575287353195,10722400
2023-11-09,86.04426574707031,87.20988910329233,85.93114877738601,86.57543445915714,14374600
2023-11-10,88.2918930053711,88.3509092475488,86.4672299704214,86.56559287558711,13346400
2023-11-13,87.7754898071289,87.99680824873538,87.40662323624825,87.92303793640309,11725000
2023-11-14,89.5312728881836,89.75751430846812,88.84272509533173,89.11814421247247,16508400
2023-11-15,89.64441680908203,90.06738411781802,89.3001428379271,89.92967452935605,13147800
2023-11-16,90.09195709228516,90.19032750332501,89.30504633622739,89.46734850891268,11553600
2023-11-17,89.90508270263672,90.24935667677603,89.51653903534323,89.89032863978859,13277800
2023-11-20,91.2083969116211,91.44446939236362,90.00834991888257,90.0181884610911,11116200
2023-11-21,90.47066497802734,90.93789442657553,90.14114510369106,90.7952693335021,13350800
2023-11-22,90.87396240234375,91.65104214294479,90.62805137701211,91.04118009846312,11213400
2023-11-24,90.69690704345703,90.80018547251687,90.35263310557592,90.72149964715047,4193800
2023-11-27,90.69198608398438,91.21823929748656,90.40673588939738,90.56903056732789,8420000
2023-11-28,90.86410522460938,91.10510068166754,90.38703733293973,90.38703733293973,11012400
2023-11-29,90.93297576904297,91.92153535793037,90.87887504499786,91.52808373353909,10765400
2023-11-30,91.06576538085938,91.4346318892025,90.30343976269523,91.31167638642147,13744000
2023-12-01,91.2723388671875,91.43464104766832,90.39197317651355,90.82969451007368,13992200
2023-12-04,90.16081237792969,90.36245369383643,89.17716838081297,90.36245369383643,18221800
2023-12-05,90.70182800292969,90.80511394279394,89.67883716571434,89.67883716571434,10841400
2023-12-06,89.93457794189453,91.40020551014526,89.86572315693266,91.26741896353866,14731400
2023-12-07,91.02642822265625,91.17889186128475,90.17065513229771,90.36246543647697,13928800
2023-12-08,91.80350494384766,91.87727524893334,90.71657491972901,90.82969188906335,12808800
2023-12-11,92.60516357421875,92.62484065732973,91.32150781943245,91.53299518752951,37795400
2023-12-12,93.21995544433594,93.24947107354707,92.18713356023152,92.26582689557551,15055400
2023-12-13,94.04129791259766,94.26753185405127,93.21994848128561,93.44127440848492,29395000
2023-12-14,93.81015014648438,94.46918996001611,93.11667918370665,94.1150774473045,15427400
2023-12-15,94.28229522705078,94.82330253980113,93.71177978898855,93.71177978898855,18131200
2023-12-18,94.5642318725586,94.77617831927458,93.8642971591348,94.2635582352142,10138000
2023-12-19,94.9240493774414,94.93390962528017,94.49028872652104,94.54450880788609,9003600
2023-12-20,93.48969268798828,95.15078727810499,93.47490607605938,94.81561404616218,13734800
2023-12-21,94.53958892822266,94.75153538371639,93.74600814899946,94.44100900657055,11336000
2023-12-22,94.66281127929688,94.93883805546797,94.19455103249479,94.81068491543583,10215000
2023-12-26,95.05713653564453,95.25429636571025,94.72195579913434,94.72195579913434,6207600
2023-12-27,95.05220794677734,95.24937530899325,94.64802801627495,95.106428031241,11764600
2023-12-28,95.16558074951172,95.48596736729797,95.12121339286772,95.3873874480688,9615400
2023-12-29,94.87476348876953,95.40710409851161,94.40157684977613,95.21487061620192,12190600
2024-01-02,92.39051055908203,93.7312185095135,91.80394989062255,93.58334487122836,23545400
2024-01-03,91.44905853271484,92.0504058284413,91.28639827851022,91.54763845373301,18190000
2024-01-04,90.77869415283203,91.51805475761597,90.68997449041717,90.88713430989355,12127200
2024-01-05,90.75405883789062,91.53778689472743,90.4090253493405,90.88221950589922,16350600
2024-01-08,93.03130340576172,93.09537622445497,91.1188211499432,91.21247471707177,16434600
2024-01-09,93.17915344238281,93.44532748414397,92.11940620213892,92.31656603064208,10633800
2024-01-10,93.97273254394531,94.17482625343875,93.0263518453279,93.22351919160145,9785400
2024-01-11,94.45083618164062,94.90924359899812,93.12491515880534,94.4360495734514,13296600
2024-01-12,94.7564697265625,94.97334254677901,94.28327557071293,94.60366219792233,8834600
2024-01-16,94.99305725097656,95.39231080000768,94.09103635223398,94.63816353602324,11775600
2024-01-17,94.5248031616211,94.63816969647687,93.49955542070268,94.28820232214039,14109000
2024-01-18,96.44219970703125,96.53091937001089,95.42681234005059,95.78663239740979,18918800
2024-01-19,98.66521453857422,98.68493503467354,96.86117272492938,97.07312669158657,18333200
2024-01-22,99.09899139404297,99.70526512778036,98.72437711858996,99.14827760001477,14969000
2024-01-23,99.49823760986328,99.56231794614293,98.61593712058759,99.1926375836057,13263800
2024-01-24,100.18336486816406,101.18889201066467,99.89747785677535,100.18336486816406,17651200
2024-01-25,100.60234069824219,101.61279422204503,100.13900682739668,101.10510051790548,17071400
2024-01-26,99.44401550292969,100.34111010796094,99.21727490919854,99.89748916922592,10553000
2024-01-29,100.35588836669922,100.37560134134678,99.37007416868121,99.56723399981864,7639600
2024-01-30,99.52779388427734,100.47417454864865,99.22219391006843,100.32137456154419,12251600
2024-01-31,97.43787384033203,98.98560938518838,97.38858764205888,98.58142194505416,16295200
2024-02-01,98.66521453857422,98.80322792660726,97.7631936317518,97.82727396232627,14303400
2024-02-02,99.685546875,100.00100715696152,97.96529817675433,97.99487140300597,12872200
2024-02-05,99.91227722167969,100.19816426956264,98.97575665057421,100.08972409549786,10086200
2024-02-06,99.45386505126953,100.1932256817796,98.81308433392776,100.02070519286114,12677200
2024-02-07,100.76992797851562,100.79457483756555,99.75454056344795,100.15379410809442,11365800
2024-02-08,101.08539581298828,101.3564962405721,100.81922174911836,100.94244853245955,9948200
2024-02-09,102.4458236694336,102.57891071030112,101.39100263408193,101.50930306164935,11612200
2024-02-12,101.66702270507812,102.75635078003677,101.51915658187802,102.44089051526657,10753200
2024-02-13,99.94184112548828,100.61219508392529,99.16304700310077,99.46372063566074,19459400
2024-02-14,100.98681640625,101.06567583190494,99.97635527345898,100.68614275251542,11791600
2024-02-15,100.77484893798828,101.21846981360243,100.21293517914238,101.11988238268927,10796400
2024-02-16,99.84819030761719,101.24804460275368,99.71510329075491,101.04595089588229,11090400
2024-02-20,98.83280944824219,99.61653752893784,97.84206878928039,99.26164378100636,17447600
2024-02-21,98.21175384521484,98.21175384521484,97.13721982233805,97.8765805790147,15954400
2024-02-22,101.42549896240234,101.7015257428795,100.51854415647867,100.75021110177178,18551600
2024-02-23,101.18889617919922,102.35709113132266,100.86850956972236,102.2289304705995,12324000
2024-02-26,101.28749084472656,101.88390427191146,101.18397703607633,101.63252433828387,18248800
2024-02-27,101.37620544433594,101.56351255481788,100.6220581600433,101.56351255481788,9984400
2024-02-28,100.8980941772461,101.17412098354012,100.533347692286,101.04104146554103,8329000
2024-02-29,102.02191925048828,102.26344646030466,100.86851833079277,101.43535854176719,11986800
2024-03-01,103.88510131835938,104.0329749577595,102.23386698836082,102.2831531873837,13136800
2024-03-04,103.88510131835938,104.48152223951246,103.50556825333676,103.73723520012497,20443800
2024-03-05,101.33184051513672,102.90914169968812,100.67627318257084,102.85984798219748,18042800
2024-03-06,102.13529205322266,102.90422599022747,101.45015142769493,102.39159835144686,14303200
2024-03-07,103.74708557128906,104.0625458183017,102.49510483128545,103.00772491224392,12120800
2024-03-08,102.20429229736328,104.66882784809627,102.14021196627122,103.93439354635822,14912200
2024-03-11,101.9233169555664,102.15005750289185,101.18888275960055,101.7360098739134,15648400
2024-03-12,104.01326751708984,104.02312024471927,101.92826488504983,102.90422644432367,17382800
2024-03-13,102.88944244384766,103.75695633072698,102.46060810376463,103.69780987878434,12815400
2024-03-14,102.90914154052734,103.68793564445002,102.2831474309579,103.32318169061323,16023200
2024-03-15,101.35649108886719,101.89375803184699,100.94244340179968,101.43042414664768,19633400
2024-03-18,101.85465240478516,102.90133860239418,101.7756552300563,102.24468871293287,14176600
2024-03-19,102.3829345703125,102.39774559953689,100.84746176083821,101.35599385377027,13390200
2024-03-20,103.52838134765625,103.56293790808712,102.10152763301804,102.46194193595525,13357400
2024-03-21,103.60243225097656,104.63430752632894,103.51356607044026,104.63430752632894,12312000
2024-03-22,103.63700103759766,104.0171608718917,103.23708813989909,103.60737897607721,11507000
2024-03-25,102.95072174072266,103.39013320070606,102.3582579512688,102.65448607920281,8777800
2024-03-26,102.526123046875,103.4888776627413,102.44219136585957,103.32101430071046,8538400
2024-03-27,103.0494613647461,103.22720124961933,102.25950464673494,103.17289163108623,12495000
2024-03-28,102.8272933959961,103.1235215294766,102.61993144248395,102.80754033361248,8854400
2024-04-01,103.11365509033203,103.71599543701612,102.73842223159274,103.04453443744629,11654800
2024-04-02,102.12126922607422,102.26938706092061,101.29182140467208,101.96821689238116,11418200
2024-04-03,102.3927993774414,102.92108447124325,101.58309722701178,101.60778478408766,10670000
2024-04-04,100.77340698242188,103.73079887691267,100.71909736387245,103.37037707490934,16464800
2024-04-05,101.9287109375,102.4471195552194,100.93139229073923,101.2128169099758,12808800
2024-04-08,101.81022644042969,102.32862754358356,101.43499360101377,101.99290082788065,8125800
2024-04-09,102.32368469238281,102.54585765182536,101.0449490174359,102.33356122250485,9400800
2024-04-10,101.06963348388672,101.4448587476084,100.63515657483065,101.15849965151097,13836800
2024-04-11,103.08895874023438,103.25682209242,101.03014282595157,101.51892185340887,10563600
2024-04-12,101.42017364501953,102.33849506729193,101.04494837221445,101.85958506283032,16186800
2024-04-15,99.49468231201172,102.10646372466418,99.34162997003139,102.04227756825188,17189000
2024-04-16,99.6131591796875,100.23031050980607,99.21818835528006,99.71190941937493,14914000
2024-04-17,98.17643737792969,100.14637961760832,98.10237469758383,99.97851626256136,13090400
2024-04-18,97.0556869506836,98.39860883756464,96.9520022132292,98.1468062752835,15280600
2024-04-19,95.05612182617188,97.00138414601977,94.81419577750925,96.68540294653494,21880000
2024-04-22,95.90531921386719,96.48297196996675,94.83394538073355,95.78682344328813,13293400
2024-04-23,97.32723236083984,97.47040814962608,96.16205038911536,96.30522617790162,12151600
2024-04-24,97.7715835571289,98.4529210491294,97.23342939521422,98.04806615284339,9160200
2024-04-25,97.55928802490234,97.7419624130124,96.12255787988137,96.55209280698806,11568000
2024-04-26,98.6602783203125,99.38110683446658,97.94438430456744,98.32948612086024,10104200
2024-04-29,99.08489227294922,99.31694180085293,98.50723946952499,99.16882395889088,7494800
2024-04-30,96.90263366699219,99.14412394405976,96.8730116090375,98.7442110945007,14929000
2024-05-01,95.9102554321289,98.0036355483766,95.89050990347125,96.38423098935729,20453600
2024-05-02,97.29266357421875,97.42597035981501,95.91024320328346,97.13467676434368,13340000
2024-05-03,100.00320434570312,100.33893105755293,99.56872739287569,99.92420716635529,13316400
2024-05-06,101.17825317382812,101.17825317382812,100.23030964299427,100.38336949975186,8021000
2024-05-07,100.84748077392578,101.52388388156785,100.8376117749726,101.47450875245401,10020800
2024-05-08,101.13383483886719,101.2424540905598,100.46237379821586,100.48706136152539,7176000
2024-05-09,101.10418701171875,101.18318418074354,100.60058947616652,100.97088023068748,9589600
2024-05-10,101.47942352294922,102.08670585192014,101.15850784686059,101.6324833800104,8753800
2024-05-13,101.95833587646484,102.30888115239637,101.63742019306817,102.22494947417854,6582000
2024-05-14,102.8618392944336,103.00502261432473,101.86452822141304,101.92377233525204,9825200
2024-05-15,105.1773910522461,105.21195514067527,103.43455640852669,103.50861155003909,14308600
2024-05-16,104.81204223632812,105.56744240144987,104.76760914825792,105.2415846884304,12066600
2024-05-17,104.58000946044922,105.11816366395642,104.00729116301348,105.05397750870989,7616000
2024-05-20,105.80935668945312,106.00684962898714,104.58986509707744,104.68367330165792,6276800
2024-05-21,105.98216247558594,106.15496032305623,105.21689334083074,105.40450975070998,6140400
2024-05-22,106.21915435791016,106.60919070186996,105.59212646800385,106.28334050996891,11783000
2024-05-23,105.35513305664062,107.44357095897242,105.01940636354635,107.43370196229452,9400400
2024-05-24,106.24383544921875,106.47094291660528,105.27120436435163,105.62174209597423,5906400
2024-05-28,106.69312286376953,106.93010686046539,106.02659642692974,106.84617518525197,8786400
2024-05-29,106.01671600341797,106.52524806806318,105.56743558596001,105.56743558596001,8569000
2024-05-30,103.59749603271484,104.99472760544923,103.27657280773728,104.83673324233673,10450600
2024-05-31,103.76042938232422,103.92335825123611,101.47449825217788,103.90360518819978,12081000
2024-06-03,104.0220947265625,104.64912260259953,102.77791550541424,104.55531439276889,9628000
2024-06-04,104.23933410644531,104.40719746570598,103.43456633471652,103.967786005532,6405400
2024-06-05,106.55488586425781,106.55488586425781,104.89598275337987,105.06384611056981,8788800
2024-06-06,106.19940948486328,106.68818854252547,105.91798484740907,106.61413339245118,7057600
2024-06-07,106.4462661743164,106.90048865668692,105.92291550959915,106.31295937542522,6398600
2024-06-10,106.71780395507812,107.00416307350459,106.01672095489701,106.08584160185613,6734800
2024-06-11,108.70256042480469,108.73218248181799,106.39688407305229,106.44625919046459,12719200
2024-06-12,111.10698699951172,112.22773594509346,109.5813906913656,109.78381813944065,17821200
2024-06-13,111.98580932617188,112.44990077314527,111.30447188377013,112.13886164240179,12693600
2024-06-14,112.40547180175781,112.46965794972022,111.75376392596165,111.82781907085254,7864600
2024-06-17,114.10880279541016,114.50871562697401,112.29684750739037,112.68194931064333,11602600
2024-06-18,114.25198364257812,114.62720890764598,113.79776120583757,114.2223615865971,8677800
2024-06-20,112.96832275390625,114.8345878938271,112.5881554006376,114.76546724174064,13243000
2024-06-21,112.77082824707031,113.43734715274394,112.25735412984922,112.9930012156282,13560200
2024-06-24,110.00608825683594,112.10314078057613,109.97641423120787,111.59865970449295,13748600
2024-06-25,112.02401733398438,112.08336539176719,110.18909523056956,110.81228002450054,9126200
2024-06-26,111.8954086303711,112.4246129995609,111.02493034564526,111.85584074953795,9459600
2024-06-27,111.94982147216797,112.50375674956089,111.54425632493233,111.67779698887603,7923600
2024-06-28,111.89045715332031,113.94794166157928,111.73713633290514,112.34053330452726,12488200
2024-07-01,112.7362060546875,112.92415160312869,110.43142792254632,112.05862401480458,9281600
2024-07-02,113.30004119873047,113.30993505622942,111.7569314881854,111.7569314881854,7076600
2024-07-03,114.82830810546875,114.88271299876615,113.04284803045624,113.13682080495191,6249200
2024-07-05,115.1794662475586,115.68889044520385,114.48209650432716,114.95689597650063,6671800
2024-07-08,115.96587371826172,116.30218942755694,115.35258280820257,115.55042223731967,7671000
2024-07-09,115.87189483642578,116.83633841887143,115.20914976405821,116.55937077948214,8678600
2024-07-10,117.55348205566406,117.63756852083682,116.01532310882759,116.66817428839143,8749400
2024-07-11,114.6106948852539,117.78100079073177,114.27932235200207,117.73153904979182,14106000
2024-07-12,115.63449096679688,116.86106513194059,114.52661290185299,114.92722733363125,9767600
2024-07-15,115.84221649169922,116.98471173498872,115.18441459927153,116.22305075506301,8628000
2024-07-16,115.45642852783203,116.17357840475734,114.6304688713124,116.11423036017905,7652200
2024-07-17,110.96559143066406,112.92910334115322,110.91118653339097,112.81535039114668,12440400
2024-07-18,110.9754867553711,112.20206099115751,109.57580396775413,112.1822808222523,10837200
2024-07-19,109.23947143554688,111.06449939410334,108.99712853974835,110.38691735136621,8472800
2024-07-22,111.82616424560547,111.95475419536018,110.21380521131975,110.6836615222405,10601600
2024-07-23,111.38103485107422,112.38504625359866,111.23265718315203,111.36125468385872,5530800
2024-07-24,106.77149200439453,110.27317044518347,106.5143045355993,109.92695335200438,14300800
2024-07-25,105.62899780273438,108.25030407111942,104.09083122329223,106.6577325947786,21158000
2024-07-26,106.96931457519531,107.82000512765302,106.06421913112223,107.05339349009152,11697800
2024-07-29,106.49452209472656,108.28492538692804,106.18292973623552,107.82001220022774,7343800
2024-07-30,103.81880187988281,106.99405082630192,103.02251617898007,106.89018419279208,10694600
2024-07-31,108.2156982421875,108.60641887232057,106.27196630980603,107.0237410875996,14614000
2024-08-01,104.17984771728516,109.17023076416751,103.07196967019102,107.91892574937543,16991400
2024-08-02,101.25189208984375,102.2460096440339,99.53567390375902,101.4101560693538,18621600
2024-08-05,97.8788070678711,99.76813385623187,94.34251149073978,94.91623447276785,31430000
2024-08-06,99.20924377441406,101.2172665814715,98.07664241685171,99.13010801186951,24575800
2024-08-07,97.60184478759766,102.10753487621012,97.46831166559618,101.61294763287967,17653600
2024-08-08,101.2469482421875,101.49918499536973,97.92826483550272,99.36751538749934,14477200
2024-08-09,101.70197296142578,102.28558226141766,100.57431469804986,101.18759802389867,9535600
2024-08-12,102.53288269042969,103.32422531764365,101.54370817981352,102.01851526550243,8580200
2024-08-13,105.68338775634766,105.71801248231543,103.67536496066305,103.80396246077004,9999600
2024-08-14,106.2620620727539,106.80116030512819,104.83270537827431,106.33624713342864,8922400
2024-08-15,109.31861114501953,109.42742093568279,107.40456104464658,107.637017638627,9518800
2024-08-16,109.50160217285156,109.71427859146296,108.44318587531096,108.73994121162399,6706400
2024-08-19,111.30685424804688,111.31179740334828,108.79929344546576,109.2444264670587,13004200
2024-08-20,110.91613006591797,111.68274178580766,110.26327884322379,111.01505354987968,7221600
2024-08-21,111.56898498535156,111.95476240972246,110.63421544986794,110.98536814668662,7538800
2024-08-22,109.0020751953125,112.45429181704324,108.77456175752421,112.19216119880134,9083600
2024-08-23,110.76775360107422,111.25244694820756,109.3532338948345,110.08522084413003,10681000
2024-08-26,109.37796020507812,111.08429214404408,108.81908178075206,110.6688331454947,6268800
2024-08-27,110.04071044921875,110.27316704035205,108.1662207076801,108.70037579708418,7656000
2024-08-28,108.52233123779297,110.10995959794641,107.6122925279068,109.89728316052165,9002200
2024-08-29,107.54303741455078,110.08027205792234,107.26606980178535,108.55199193916789,13314800
2024-08-30,108.97240447998047,109.39279909426838,107.54304769779722,108.71521700919116,10048400
2024-09-03,103.96717834472656,107.89914506447931,103.37366766892848,107.820009301466,14765800
2024-09-04,103.7000961303711,104.88215922295703,102.58727494311984,102.9137043026126,12330000
2024-09-05,103.54183959960938,104.82776186928449,102.85930680736195,102.95327958853251,8874800
2024-09-06,100.8562240600586,103.70504370395079,100.39131087008825,103.45775009624758,12441000
2024-09-09,102.50813293457031,102.62189341603244,101.16285524421104,102.10751853905913,10922000
2024-09-10,104.04136657714844,104.26392931395591,102.23117556375057,103.215406835875,10123000
2024-09-11,107.5925064086914,107.75572110584335,102.74555742477185,104.3974770187788,12768800
2024-09-12,108.48274993896484,108.94271993938294,106.75664551566625,107.51336329515274,10604200
2024-09-13,109.02680206298828,109.2988265285749,108.17611148704555,108.61629378706694,8047400
2024-09-16,108.6113510131836,108.95756054023548,107.60733961133228,108.24041061702763,6897800
2024-09-17,108.39867401123047,109.86759857584076,107.8496819260044,109.69944074172147,6990000
2024-09-18,107.40950012207031,109.43235993630753,107.30564103743606,108.67069897738358,12741600
2024-09-19,110.59959411621094,111.28707006502461,109.82309608833468,110.42649311354405,13934000
2024-09-20,110.06048583984375,110.55507302558765,109.07625462336486,110.16435246944265,14492800
2024-09-23,110.04016876220703,110.30277021242662,109.70324899979599,110.15908562207068,7490600
2024-09-24,110.79329681396484,111.01625931705456,109.31182208038723,110.50096803079484,7025800
2024-09-25,111.11039733886719,111.59596128391627,110.52573979120606,110.57528281233346,6111600
2024-09-26,112.58197784423828,113.40446923806336,111.39779134266446,113.2806003255123,9244800
2024-09-27,111.53157806396484,112.77521929314615,111.11537274886311,112.74053236673815,6093800
2024-09-30,111.85857391357422,111.92794019837173,110.4910639159842,111.04599419436425,5500400
2024-10-01,109.13345336914062,111.59101568149077,108.48438154021146,111.52660143391964,11295400
2024-10-02,109.94108581542969,110.44151347352422,108.53888889343392,109.15823342291837,4532400
2024-10-03,110.39691925048828,111.20454691261072,109.60416281216757,109.61902647561148,5784800
2024-10-04,111.62569427490234,111.90316696080103,110.45141952560984,111.82388905054427,5009200
2024-10-07,110.85771179199219,111.86352663997772,110.58023910948104,111.12526528539527,4430400
2024-10-08,112.9288101196289,113.11709328740892,111.40274419850924,111.65544162060526,7864800
2024-10-09,114.19226837158203,114.35081664085259,112.66620253301785,113.01799355478256,7579800
2024-10-10,114.16254425048828,114.45982509885557,113.11213075058728,113.42923485839404,5692200
2024-10-11,114.36072540283203,114.61837483933925,113.72156518651826,113.89002508100619,8849000
2024-10-14,115.85211181640625,116.0899379944764,115.03457251623092,115.08907513624261,9810200
2024-10-15,113.30536651611328,116.22372531400197,112.88421675539229,115.94130056826113,14179400
2024-10-16,113.65714263916016,113.830562115762,112.43331735555007,113.66209467321606,5758800
2024-10-17,114.00399017333984,115.30709354848914,114.00399017333984,115.24267929485562,6051200
2024-10-18,114.4102783203125,114.83142806511604,114.16749254246713,114.59855391666548,4537000
2024-10-21,114.94538879394531,114.96025245732724,113.84543234153567,114.0535311892405,6322400
2024-10-22,114.82647705078125,115.21789947123605,114.00894528686068,114.33595345621404,6169200
2024-10-23,113.1814956665039,114.57378855146162,112.2153196903902,114.40036905507995,6083600
2024-10-24,113.51347351074219,113.79589069754597,112.83962632983909,113.64229445695956,4832800
2024-10-25,114.10307312011719,115.3863606758674,113.93957282448298,114.15757573878116,8314800
2024-10-28,114.06840515136719,114.92062387721074,114.04362985670785,114.92062387721074,5899200
2024-10-29,115.60437774658203,115.93634551180091,113.8603014101807,114.28641075485947,7451600
2024-10-30,113.76615905761719,114.85620392532627,113.69184073768446,114.54901145579356,8341200
2024-10-31,110.114501953125,112.51755411809945,110.07486299720266,112.51755411809945,12110200
2024-11-01,110.94194030761719,111.769383629232,110.08476210013357,110.23340628804776,11565800
2024-11-04,110.85771179199219,111.65542779836252,110.38700393081282,111.04598737610637,6311800
2024-11-05,112.41845703125,112.50764656940599,111.19958374550181,111.19958374550181,7273000
2024-11-06,115.6192398071289,115.8322906963344,114.24677021266761,114.58864960265599,10967800
2024-11-07,117.63582611083984,117.76960665118757,116.36740967595884,116.42191229903693,10463000
2024-11-08,117.50700378417969,117.8934741758781,117.08089443431243,117.48718052491616,7236400
2024-11-11,116.8579330444336,117.56645958263996,116.15931057559692,117.49214126057576,7267200
2024-11-12,117.00656127929688,117.15520547310051,116.08497635014363,116.77864673444135,7530800
2024-11-13,116.60026550292969,117.46239570690231,116.23857045773879,116.75881375218657,6329600
2024-11-14,116.20390319824219,116.99170766460247,116.01562003256171,116.78856839465915,6602000
2024-11-15,113.32022857666016,114.91565306402963,112.94366227945889,114.7670164313004,11229800
2024-11-18,113.68688201904297,114.16749398593386,112.82971129432708,113.3202348907381,6166800
2024-11-19,114.61837768554688,114.71251926432136,112.97339497515898,112.97339497515898,6906800
2024-11-20,114.51927947998047,114.75710565447095,112.99321370298091,114.7174666986629,8874400
2024-11-21,115.68364715576172,116.2237213345069,113.86030047925391,115.62914453443359,10591800
2024-11-22,115.74311065673828,116.01066417145466,115.05935186527906,115.47554958166373,7090800
2024-11-25,115.73815155029297,116.81829236397392,115.21294858782534,116.6151455395151,11137200
2024-11-26,116.3178482055664,116.67955083413602,115.82237260952239,116.26334558758727,6229400
2024-11-27,114.74224090576172,115.59941158097416,113.72651440881685,115.53004529905566,6369400
2024-11-29,115.80751037597656,116.05029614276378,114.89583708248786,115.00979435408452,4168400
2024-12-02,116.90746307373047,117.34348400898259,115.86200928423823,115.89173660975861,9398200
2024-12-03,117.32862854003906,117.3583558676355,116.18408106542859,116.41199561723987,5576000
2024-12-04,119.47402954101562,119.5334841915582,118.44839145701184,118.79522285243918,10840000
2024-12-05,118.86956024169922,119.42449052814294,118.7060523765096,119.28575795653201,5638000
2024-12-06,119.3303451538086,119.84564402656859,118.94883437419043,119.07765531220149,6654200
2024-12-09,118.55245208740234,119.31052917077061,118.25021166093568,118.88441984100379,8032400
2024-12-10,116.90746307373047,118.47316774090172,116.53585638401083,118.15111163395434,11234400
2024-12-11,118.60199737548828,118.97856368733481,117.42772256911172,117.83401620866024,8689600
2024-12-12,117.93806457519531,118.37408555250019,117.55654622005355,117.84392299506283,7218200
2024-12-13,118.44345092773438,119.46908155100375,117.50204269400953,119.00333324889415,8677000
2024-12-16,119.62763214111328,119.73167778511116,118.34435212942093,118.59704196805926,9442600
2024-12-17,118.90423583984375,119.36998412708805,118.32453027817516,118.78036693623017,8145000
2024-12-18,115.06925964355469,119.632585827641,114.80169857743518,119.30557010698732,16927200
2024-12-19,115.19313049316406,116.61514311408357,115.04448629395998,116.2385843617435,13383400
2024-12-20,116.91242980957031,117.85383045688724,114.05353338513075,114.41027643388111,14924800
2024-12-23,118.15115356445312,118.20077776442318,116.62258735231306,117.24790679570184,7973400
2024-12-24,119.37202453613281,119.3769846846436,118.39433761455359,118.57300140663776,4653400
2024-12-26,119.45142364501953,119.88815901001298,118.60773652216467,118.98987239378869,7150800
2024-12-27,117.86331176757812,118.80129476538929,116.7019933542559,118.64744686421193,8726400
2024-12-30,116.3645248413086,117.2925799960585,115.42654181669221,116.14615714072136,7950400
2024-12-31,115.3967514038086,116.76154178970856,115.01956812333039,116.68213398616105,9381200
2025-01-02,115.1238021850586,116.63748044581058,114.03693144089986,116.3099289062225,12766600
2025-01-03,116.99976348876953,117.1238353482486,115.60022927892778,115.82852483237723,9117600
2025-01-06,118.48863220214844,119.63505503401473,118.02212077367135,118.33478429972423,8975400
2025-01-07,116.1114273071289,119.10900048738642,115.70446792054544,119.10900048738642,10006800
2025-01-08,116.07171630859375,116.39926028464053,114.95506949722913,116.37941211778,10023800
2025-01-10,113.5406494140625,114.8707038023375,112.87065828492545,114.85084806233934,11665800
2025-01-13,112.73666381835938,112.81607163124075,111.39172143888493,111.71431283893578,10656000
2025-01-14,113.03443145751953,113.92279026968693,112.13615234832767,113.6101267402626,7220200
2025-01-15,115.2826156616211,115.6200950866231,114.20071258765755,114.57788834713413,10465400
2025-01-16,114.39425659179688,116.29503842350499,114.36944070488514,116.22059076276977,5368400
2025-01-17,116.18585968017578,116.59777918820957,115.67468419288286,116.45881930269766,6742600
2025-01-21,117.15361785888672,117.44146549751922,115.76401144135751,116.57296243315668,6744200
2025-01-22,119.79883575439453,120.07675553447848,118.56804491141733,118.73678083893314,10243800
2025-01-23,120.01223754882812,120.0370458637012,118.76159102575048,118.87573502150194,7604400
2025-01-24,118.76158905029297,120.3894112907635,118.37944559100853,120.3894112907635,6607600
2025-01-27,112.94013977050781,114.63247423678975,111.89793308589813,113.4413873738749,20705600
2025-01-28,115.95260620117188,116.2106778104216,112.50340973933275,113.70442452885644,11260600
2025-01-29,115.0096664428711,115.77890599941851,113.89301958275831,115.72431407223648,9050000
2025-01-30,115.22306823730469,115.62009975278787,114.01709324438613,114.80618855378319,8840200
2025-01-31,114.54811096191406,116.98984443165118,114.24041515050793,116.2950449953322,10741800
2025-02-03,113.0046615600586,113.69450087802579,111.41654308409952,112.01208656599088,13752800
2025-02-04,114.63247680664062,114.81114059735772,113.35205423529236,113.39175814131235,8371200
2025-02-05,116.22555541992188,116.25037130617943,114.37440541083629,114.73669311741175,5398000
2025-02-06,116.54318237304688,116.78139822782131,115.70941552221811,116.22555870909912,6808000
2025-02-07,115.54564666748047,117.57546050161156,115.15853549316097,117.01465326505755,8552800
2025-02-10,117.23302459716797,117.52583238158394,116.42407361277726,116.45881736995155,6054200
2025-02-11,117.28761291503906,117.75908447376038,116.5034778423441,116.58288565109065,6456200
2025-02-12,117.03450775146484,117.1734676288639,115.50594152732972,115.63497353555876,8555600
2025-02-13,118.6921157836914,118.76655587674946,117.07918147030182,117.24295724777551,7829600
2025-02-14,119.09410095214844,119.19335692840761,118.37448565833743,118.59285334975496,4557000
2025-02-18,120.18097686767578,120.19586488611901,119.15365815861689,119.7095052805661,6024000
2025-02-19,120.19090270996094,120.6673420403634,119.20825558364206,120.0469826674544,5604200
2025-02-20,119.80876159667969,120.23556912965509,118.5432270162384,120.07675350215452,5987400
2025-02-21,116.56303405761719,119.89312626767193,116.50348198531228,119.84349449225402,9057600
2025-02-24,114.8955078125,117.34220894248246,114.75158778026372,117.01465739950177,7447600
2025-02-25,113.40664672851562,114.75654924898582,112.63243948910538,114.65233312131295,10433600
2025-02-26,114.64240264892578,115.72430567104104,113.76397172903927,114.51833078458712,7630600
2025-02-27,110.46862030029297,115.38683068591271,110.4189960995592,115.26771897320987,10100000
2025-02-28,111.9277114868164,112.04185548351099,109.03435465426273,109.97233766113467,14172200
2025-03-03,108.52318572998047,112.73170157136332,107.71920241056611,112.50341356417597,12516200
2025-03-04,108.43880462646484,110.35447442986964,106.33454317434423,107.71918935973989,17721000
2025-03-05,109.96241760253906,110.31973761154241,107.31720449699854,108.776283287604,11931000
2025-03-06,106.91023254394531,109.40655760086341,106.39409697153016,107.70429542600158,16432000
2025-03-07,108.45865631103516,108.73161592388972,105.5256032281668,106.7861700228785,11263400
2025-03-10,103.84815216064453,106.51321342722329,102.77120926918955,106.31470147011248,21561800
2025-03-11,103.42630767822266,105.16828157748016,102.37914079377516,103.53053138090524,14832800
2025-03-12,105.05412292480469,105.96729758064815,103.79851629235856,105.27249061266409,10981600
2025-03-13,103.0590591430664,104.98464940158992,102.65706749891388,104.75140125466162,12383000
2025-03-14,106.17574310302734,106.28492695282245,104.37421715415392,104.40896091215502,10040800
2025-03-17,106.91519927978516,107.67452602789035,105.78366452541574,106.09136788686381,10148800
2025-03-18,105.2873764038086,106.26506325748505,104.90027280996917,106.15587941586415,11486600
2025-03-19,106.65714263916016,107.90778161873459,105.38664791992818,105.82834346798532,8838600
2025-03-20,105.89783477783203,107.06410592090818,105.28739566814774,105.44621131147113,7145200
2025-03-21,106.18566131591797,106.32958133787969,104.19058373707428,104.57768732469012,10425400
2025-03-24,108.19668579101562,108.45520293784624,107.66969860995955,107.95307521715063,8200200
2025-03-25,108.55462646484375,108.6987991782557,108.07238182440187,108.12706959556667,7481800
2025-03-26,106.13346099853516,108.4800511966626,105.71584941735351,108.22152649048478,7873000
2025-03-27,105.154052734375,106.00419760145509,104.59723731820718,105.40760857184084,6577800
2025-03-28,102.60364532470703,105.02977534081911,102.25562806279261,104.60719487227473,10667600
2025-03-31,102.65335083007812,102.88701608190749,99.7946876206318,100.81386471686011,14219000
2025-04-01,103.40406036376953,103.49354530544926,101.410448743438,102.24567946265459,9480200
2025-04-02,104.16968536376953,105.02976798519994,101.84795461999748,101.92750185063791,9292000
2025-04-03,97.06031799316406,99.77977744879703,96.98077834433285,99.17821950191886,19451400
2025-04-04,90.66685485839844,94.77836057274433,90.63205768448024,94.03262231574539,33804600
2025-04-07,91.20875549316406,95.36002686270368,85.73503232767628,86.9679840101102,44557800
2025-04-08,89.35436248779297,95.87211564307805,87.71871312675272,94.60435899450414,25811400
2025-04-09,101.35079956054688,101.90761502356565,89.4239564774775,89.53830847052308,36988800
2025-04-10,96.63275909423828,98.53687831823507,93.331624775544,97.86571845120294,19747600
2025-04-11,98.6114501953125,99.03403062017763,95.42962935011715,96.15050808692101,14423200
2025-04-14,99.51130676269531,101.73360719517285,98.43744193907371,101.66897412394229,11904400
2025-04-15,99.87423706054688,100.62992060627856,99.40690654655545,99.66543126226082,7200000
2025-04-16,96.40406799316406,98.22863994062428,94.7286376219212,97.19454869128207,13222400
2025-04-17,95.8820571899414,97.095126011315,95.4743832870684,97.095126011315,7480800
2025-04-21,93.40620422363281,94.60435124900431,92.06884574548724,94.36571713261205,8973400
2025-04-22,95.68318939208984,96.23503598317672,94.09725154986535,94.64909814095222,9312800
2025-04-23,98.45732879638672,100.401221591814,98.0546313683197,99.3522161843365,13413800
2025-04-24,102.13133239746094,102.27054384573688,99.2677003351571,99.42679479830586,9317000
2025-04-25,103.6427001953125,103.8365918323874,101.72366683957873,101.82309708673787,6518400
2025-04-28,103.47367858886719,104.02054879713927,101.92751419153346,103.50847576520954,5574400
2025-04-29,103.95591735839844,104.38844312532635,102.97651382842449,102.97651382842449,9144400
2025-04-30,104.38843536376953,104.77621862653604,101.32096643340303,101.91258662778922,10203800
2025-05-01,105.919677734375,107.65973343378867,105.82521635406887,106.6703847480045,11532800
2025-05-02,107.68956756591797,108.19169522105227,106.84439912630886,107.13275213954796,8125400
2025-05-05,107.11784362792969,107.88346487953906,106.71016975067937,106.7648575247973,6757000
2025-05-06,106.22792053222656,107.00846349427711,105.20377461175975,105.52692479931008,7958200
2025-05-07,107.29183959960938,107.75917008618342,105.49709602506681,106.22792006921281,8169400
2025-05-08,108.31599426269531,109.34511670488023,107.39127851498033,108.35576788030092,8704400
2025-05-09,108.1817626953125,108.99710285990332,107.62493965619666,108.79823477948996,7330000
2025-05-12,113.20306396484375,113.24283758153048,111.6320402429057,112.77053821069337,13478200
2025-05-13,115.64907836914062,116.02692391462695,113.48146568381652,113.61073182771081,12757200
2025-05-14,116.3998031616211,116.85718839008801,115.71869038338976,116.19099735641068,10248000
2025-05-15,116.55888366699219,117.21513694976427,115.62919910243994,115.7684029649598,9536400
2025-05-16,116.77763366699219,116.93672812897641,115.76840188015937,116.93672812897641,8111600
2025-05-19,116.60860443115234,116.87209800267186,115.0127212580616,115.05249487456062,11863000
2025-05-20,116.17109680175781,116.19098740209776,115.29112359472711,115.88274378515901,10273200
2025-05-21,113.98857116699219,116.68814744570155,113.52621711573403,115.0823190300287,18643600
2025-05-22,114.01839447021484,115.04254035838942,113.7648462196411,114.04325392679057,11372000
2025-05-23,112.76058959960938,113.4963825216083,111.91045227426906,112.03474197800058,12004000
2025-05-27,115.44026947021484,115.59936392424487,114.13274701159565,114.51555381777834,14208400
2025-05-28,114.96300506591797,116.04183876494618,114.79396530643433,115.57947713048188,10789200
2025-05-29,115.15690612792969,116.82238371331752,114.5652858863882,116.7030704451357,14011800
2025-05-30,114.7989501953125,115.15690516896107,113.06386310321155,115.10221739281916,13494000
2025-06-02,115.81314086914062,115.88274279765471,114.3564692273668,114.49567308439497,12878800
2025-06-03,117.5531997680664,117.64269229911098,115.882745853635,115.9672619414851,14312400
2025-06-04,117.72721099853516,118.09510367309765,117.14553608498704,117.70235154013567,10899200
2025-06-05,117.39411163330078,119.10433914473326,116.88700752559897,118.07521677198912,15885200
2025-06-06,118.5027847290039,119.04966250275669,118.1647127635816,118.5276441889094,9026000
2025-06-09,119.08445739746094,119.8202503631134,118.87565159312884,118.96513654382461,11100600
2025-06-10,119.75064849853516,119.92962598607359,118.61712693947241,119.06457445133945,9831600
2025-06-11,119.48715209960938,120.5262122399036,118.87068000177138,120.03899870766737,9599600
2025-06-12,120.59580993652344,120.87421764193618,119.4423979157666,119.46228092927852,11210400
2025-06-13,118.90547943115234,120.10860291948256,118.46797722228975,119.19880132752981,13193800
2025-06-16,120.82947540283203,121.18743035753175,119.62138312025162,119.62138312025162,13866200
2025-06-17,119.974365234375,121.1725121767547,119.69098107712934,120.32237487710024,10525400
2025-06-18,120.11853790283203,120.87422140249195,119.50703470327286,120.2676870599551,11066000
2025-06-20,119.58657836914062,120.95376511435659,119.0247940650692,120.54609882961559,11490600
2025-06-23,120.95006561279297,121.05463774618897,118.89339420504022,119.70510860541036,12277000
2025-06-24,123.12126922607422,123.2706579859918,122.03566277944829,122.18008204552122,11329400
2025-06-25,124.17200469970703,124.35625589002463,123.64912128007137,123.75867809556128,9228600
2025-06-26,125.0285415649414,125.22773163963535,124.23674316128944,124.72974885428621,11288400
2025-06-27,124.879150390625,125.84523825006184,124.3114502957187,125.36717141290227,12196600
2025-06-30,126.10417938232422,126.44778872210779,125.36716698308433,125.97470659283788,13365200
2025-07-01,124.97874450683594,125.96474832782296,124.12221347895161,125.70081805048106,15144800
2025-07-02,126.29839324951172,126.38304941230058,124.5753770447701,124.66501029997676,11950200
2025-07-03,127.96165466308594,128.345111141208,126.9358113218448,126.98561264075752,7112800
2025-07-07,126.9457778930664,127.80231653870582,126.378077789677,127.46866136691278,11560800
2025-07-08,127.62801361083984,127.8720203150303,127.10014547016324,127.61307473501653,15715200
2025-07-09,128.3948974609375,128.87794138040127,127.44375609659834,128.08118106548395,12933600
2025-07-10,127.97163391113281,128.8281649918877,127.29935404705385,128.71362346928075,9988600
2025-07-11,127.40890502929688,128.15587924459794,127.20473025344707,127.36408080143167,9239000
2025-07-14,127.3043212890625,127.618045282557,126.08924205463713,127.09516942719469,8125200
2025-07-15,128.43475341796875,129.09209440043819,128.3899367869681,128.78831697179385,15657000
2025-07-16,128.83311462402344,128.9078089980211,126.89098491394608,128.47955112228274,17782600
2025-07-17,130.00338745117188,130.20756222111012,128.73353740081834,128.98749829255172,11955000
2025-07-18,129.91873168945312,130.54617964326565,129.57013767282436,130.5013630177953,10281000
2025-07-21,130.0880584716797,130.9744672897416,129.91376144398492,130.06315021216346,9246600
2025-07-22,128.88291931152344,130.07807491844204,127.95667865526065,129.98844166729947,13448800
2025-07-23,129.6199493408203,129.78926167186142,128.44968670265322,129.2165844821458,10091800
2025-07-24,130.167724609375,130.42168549003657,129.4356893235999,129.9386415912975,12159600
2025-07-25,130.4665069580078,130.79517742476065,129.85896734320326,130.12788230640626,8002000
2025-07-28,131.50729370117188,131.54215614518654,130.6955944870188,130.96449426225658,11517600
2025-07-29,131.5122833251953,133.09586507213248,131.28820017075884,132.36382970651363,13739000
2025-07-30,131.80609130859375,132.25427281448682,130.77029371281355,131.65171784764425,13934600
2025-07-31,130.83999633789062,133.46437542671632,130.20257896017696,133.46437542671632,16414400
2025-08-01,128.01644897460938,129.46059613335495,127.37404687260329,129.41577950259588,19438000
2025-08-04,130.61590576171875,130.64079882147297,129.22154487923459,129.22154487923459,12377000
2025-08-05,129.53529357910156,131.21349331406756,129.23650083641704,131.0989669873868,11176000
2025-08-06,130.99436950683594,131.16369703245658,129.5751306841237,129.65977924970502,10167000
2025-08-07,131.1138916015625,132.66759545782764,130.02330808760166,132.45346650780243,10318000
2025-08-08,132.42359924316406,132.57298801147024,131.2632907528103,131.60690011714425,11015800
2025-08-11,131.52720642089844,132.9365061665894,131.22344422669923,132.33892076533354,9425400
2025-08-12,133.56394958496094,133.5988120249163,131.4525075807594,132.18454283368436,11153800
2025-08-13,133.61375427246094,134.4802394192229,133.12572569244887,134.33583535958118,13990200
2025-08-14,133.324951171875,133.78308687404626,132.62776303836446,132.93652516471667,15484400
2025-08-15,132.31402587890625,133.14564858060027,131.78616536721734,133.14564858060027,13373200
2025-08-18,132.59786987304688,132.71739607482502,132.02020802234262,132.1496884087571,12233800
2025-08-19,130.28225708007812,132.57796567963524,130.03825037236078,132.54808792755674,17367000
2025-08-20,129.4008331298828,129.95358674112165,127.40391724632448,129.95358674112165,23064200
2025-08-21,128.9327392578125,129.6050191329779,128.37500090714292,129.0871127228289,15148600
2025-08-22,130.68064880371094,131.5321951087337,128.434741585795,128.79328979799854,13756000
2025-08-25,130.38682556152344,131.20352462141184,130.0282773493919,130.67566408649998,10691800
2025-08-26,130.9844207763672,131.15871780313202,130.30717143459827,130.49639214087162,11081000
2025-08-27,131.69155883789062,131.8409476004726,130.5113268245765,131.11389696052512,11538600
2025-08-28,132.7323455810547,133.01618423959312,131.19358048532249,131.85090626022006,12380600
2025-08-29,130.69558715820312,132.1745966279919,130.21751274568564,132.1496883705656,17481200
2025-09-02,129.37591552734375,129.4954417243744,127.62302167558232,128.38493469378074,18226000
2025-09-03,130.14781188964844,130.40675748274418,129.1767393203878,130.03825506233304,15636600
2025-09-04,130.79022216796875,130.84499298644184,129.08711414526488,129.61497474705305,24397400
2025-09-05,130.89974975585938,132.07998174168586,129.570144208159,132.03018042290867,38561800
2025-09-08,131.8807830810547,132.3588575286187,131.55709728861186,131.5869750419309,20556000
2025-09-09,132.13475036621094,132.27418493814076,131.19854029872698,132.17459749946434,19355000
2025-09-10,134.53004455566406,135.4363768597566,133.88764251625472,134.80891369581124,25957200
2025-09-11,134.98321533203125,135.56586188954515,134.76410168623363,135.3766259956991,23429200
2025-09-12,134.89358520507812,135.38159862975976,134.60474666654116,135.2521334340428,15612200
2025-09-15,136.10865783691406,136.13853558810263,134.94337994887502,135.10770758041207,16268000
2025-09-16,135.6355743408203,136.51701363303115,135.4712467017397,136.42239568418108,16081400
2025-09-17,135.16746520996094,135.7102646280665,133.7681347841042,135.5459369939434,18948600
2025-09-18,137.50302124023438,137.90638613040318,136.2580641231133,136.92038981987073,20882600
2025-09-19,138.89736938476562,139.0268345787636,137.60758055807136,138.0557772362482,15670800
2025-09-22,140.9407196044922,141.05540832419084,138.63708475007527,138.6919259529138,15771200
2025-09-23,139.7240753173828,140.97562335824992,139.1057879426562,140.74624592453688,16456400
2025-09-24,138.86146545410156,140.09805553625844,137.93403430505464,140.09805553625844,13471000
2025-09-25,138.6171417236328,138.96119268122297,136.74730617879965,137.5999469265506,21349600
2025-09-26,139.03598022460938,139.16063592505643,137.8093723929033,138.76671965095085,16534000
2025-09-29,139.77891540527344,140.57173900591735,139.45481364583782,139.83377182307547,16107400
2025-09-30,140.5418243408203,140.68145334208702,139.48474637002735,139.77893201535096,18215200
2025-10-01,141.9180145263672,142.01774516999686,139.78390961682632,139.8238079609821,17411200
2025-10-02,142.68589782714844,143.2692779635814,142.042670174502,143.23936181385457,17607800
2025-10-03,141.96788024902344,143.5435300789104,141.479224440674,142.81554507198967,17458000
2025-10-06,143.40391540527344,144.3213794997975,143.32912503119044,143.88258901616433,17945600
2025-10-07,142.44654846191406,144.35129108437607,141.6936384309428,144.14186282680706,15588400
2025-10-08,144.9446563720703,144.9496474692071,142.70085387388914,142.77564424714328,14037800
2025-10-09,144.70033264160156,145.0094763215446,143.94740739629825,144.87982953314557,11989400
2025-10-10,138.81161499023438,145.26877141761935,138.75675856699215,145.0045019301165,44574600
2025-10-13,142.1922607421875,142.66594323938756,141.16508384577273,141.9728655080126,22030400
2025-10-14,140.3673095703125,141.79835457441357,138.73680327241536,140.32741122484916,26956800
2025-10-15,141.75845336914062,142.8953127237461,140.01327360095402,142.33685763260797,20937600
2025-10-16,141.86317443847656,143.41388400680867,140.89584501135727,142.7806385433893,23166200
2025-10-17,142.11248779296875,142.5363049956705,140.12297249183274,141.02050265365082,25511600
2025-10-20,143.69810485839844,144.31141637577593,142.8404730402391,142.92524561097,13805200
2025-10-21,143.77288818359375,144.28646902983735,143.07981044356066,143.6083493642867,12503800
2025-10-22,142.35182189941406,144.02221136497153,140.5617678281963,143.7080765583527,20723200
2025-10-23,144.14686584472656,144.3762280758823,141.79336558056517,141.79336558056517,11923400
2025-10-24,146.38568115234375,146.87932809272857,145.63277103973007,145.8471752008232,14359600
2025-10-27,149.0882110595703,149.2178578515939,148.20066312079575,148.4400075329717,15167000
2025-10-28,150.5641326904297,151.15251914456422,149.29764176593034,149.81122262851326,15055200
2025-10-29,151.6461639404297,152.57359510151662,150.51927147364728,151.93038260596066,21506200
2025-10-30,149.78131103515625,151.56138287639087,149.73144571152486,150.78353252137396,19218600
2025-10-31,149.9259033203125,151.40183779852364,149.05830449760504,151.29214017131554,16303800
2025-11-03,150.53921508789062,151.69103256696573,149.71649049094563,151.36193968483562,13983600
2025-11-04,146.565185546875,148.789038951385,146.32086524674284,147.81673363140843,16722600
2025-11-05,147.1385955810547,148.330311339479,146.08151771310662,146.3059040527272,14447000
2025-11-06,144.18177795410156,147.06381727495236,143.43883481395181,146.90425431887317,24797400
2025-11-07,143.68313598632812,143.71804323146253,140.4121719062935,142.9501599223008,25547000
2025-11-10,147.3579864501953,147.63721398375284,145.49314216177345,146.25104329332112,18286400
2025-11-11,146.10147094726562,146.64994385179233,145.1291504042225,146.38567437745775,14871600
2025-11-12,146.5552215576172,147.32308972133688,145.6726494539403,147.32308972133688,13179200
2025-11-13,142.90029907226562,145.93690994198883,142.12244876163504,145.73746387560448,22385800
2025-11-14,143.67816162109375,144.97957508568928,139.75899358499476,140.26259228257777,27429600
2025-11-17,141.4293670654297,143.8875736222061,140.2875166834088,142.3318730444227,24675400
2025-11-18,139.13072204589844,140.93075830245866,137.8542488698203,140.20774914135697,36747600
2025-11-19,140.09805297851562,141.66871180285403,138.78168144250128,139.1406904780724,27668800
2025-11-20,135.7001953125,143.85767243374664,135.38606050609613,143.32414237260866,56551800
2025-11-21,136.2237548828125,138.03873395991354,133.3716318615735,135.92457815982038,44959000
2025-11-24,139.4697723388672,139.9634192342368,137.05643993034303,137.1412124975914,20124800
2025-11-25,139.84375,140.20275903435572,136.27859992717174,138.2431750295127,21303400
2025-11-26,141.49917602539062,142.10250534608906,140.40219979070247,141.49418492808203,13358800
2025-11-28,142.71580505371094,142.74073010467163,141.41439175492425,141.79834101367882,6792200
2025-12-01,142.7806396484375,143.20944794586072,140.89584610181814,141.32964549652863,12846600
2025-12-02,144.25157165527344,145.11419458748495,143.24935016284553,143.66819149377608,15719000
2025-12-03,144.5956268310547,144.69535748184774,142.8354888835595,143.55350696233901,11623200
2025-12-04,145.13414001464844,145.39341838898218,144.0969960837934,144.7900890701279,9995200
2025-12-05,146.19619750976562,146.90423329881978,145.28870044577224,145.8072723704483,6628000
2025-12-08,147.22335815429688,147.97129227990618,146.5153071533462,147.0238968807274,8272800
2025-12-09,147.6123046875,147.8416669252407,146.5552267380957,146.93416973593665,6978200
2025-12-10,148.32032775878906,148.80898356082943,146.41560030545867,147.28319907259763,8961100
2025-12-11,147.56243896484375,147.72200191969532,144.71031581810576,146.65494177798143,9769300
2025-12-12,143.29421997070312,146.674881881673,142.86539645815157,146.53526810900132,14873200
2025-12-15,141.90805053710938,144.23163458842245,141.62882298917785,144.02220631909375,10790300
2025-12-16,142.16732788085938,142.57620222192057,140.91080392428591,141.51912433859943,10790900
2025-12-17,139.0060577392578,142.44655187145904,138.93625846290362,142.32688727384635,18178700
2025-12-18,141.15013122558594,142.0277121961957,140.40219704838714,141.46925711190212,12319500
2025-12-19,144.20172119140625,144.22165514752476,142.17731382186918,142.19724777798768,14265900
2025-12-22,144.979736328125,145.8286716094758,144.47035991947462,145.8286716094758,8864500
2025-12-23,145.7687530517578,145.79871457791484,144.1807312060748,144.56026419051742,7546100
2025-12-24,146.1183319091797,146.31808050695474,145.49909144428355,145.608955459036,3676300
2025-12-26,146.34803771972656,146.79747586142955,146.0584045474684,146.427940204449,5052900
2025-12-29,145.68885803222656,146.19823448267135,144.859886873121,145.16951472567268,9822300
2025-12-30,145.22943115234375,146.07836646460183,145.19946962601938,145.6688871915552,6387400
2025-12-31,143.7912139892578,145.6189432568747,143.72129360270367,145.52905867973948,9528400
2026-01-02,144.1208038330078,146.3380481411956,143.23190969070475,145.44915399889257,15299500
2026-01-05,144.44039916992188,146.20820536739518,144.07086353016348,145.828672392612,17476300
2026-01-06,146.46788024902344,146.58774159309948,144.45039970846727,145.02968127867382,14985700
2026-01-07,146.34803771972656,147.19698828504164,145.858640715742,146.34803771972656,13957100
2026-01-08,144.06088256835938,145.7487710582734,143.32179604318796,145.7487710582734,16870100
2026-01-09,145.968505859375,146.39797981310886,143.85114333725124,144.39048130335047,15652600
2026-01-12,146.6077117919922,147.107090899893,144.86988224999556,145.00970779061413,12867200
2026-01-13,146.298095703125,147.33681275715918,145.66888840523026,146.66764659727207,16552200
2026-01-14,144.5203094482422,145.74877777521488,143.1420334862146,145.31931906149694,22104200
2026-01-15,145.2793731689453,147.386753561557,145.1295502963904,146.7475336890676,17370900
2026-01-16,145.4391632080078,146.76751343366223,144.83991743602937,146.53780331639587,14156700
2026-01-20,141.6638641357422,143.92106749621226,141.43415400926787,142.91231192720883,20029200
2026-01-21,143.63140869140625,144.85987696224998,141.783715237507,142.60268900478945,27892800
2026-01-22,144.70008850097656,145.51906227540283,143.98098139961482,145.42917769769267,12971600
2026-01-23,144.90982055664062,145.64890709556093,143.57148825412904,144.35051841468595,14654500
2026-01-26,145.8986053466797,146.527827913847,144.710080604182,145.0896136116596,10195600
2026-01-27,147.86614990234375,148.43543413370244,146.8474123032637,147.23692737940604,12436200
2026-01-28,149.044677734375,149.71384388080708,148.42545254450894,148.81496762197955,19497400
2026-01-29,146.68760681152344,147.74628802801092,143.0920865615569,147.6564034507258,25581000
2026-01-30,143.7013397216797,146.56777097924348,142.81244550216584,145.85864592689722,18342600
2026-02-02,145.07960510253906,145.96849925698308,143.21193221664706,143.35175774971106,16337600
2026-02-03,141.903564453125,145.7887331749552,139.99593266625234,145.69884859605725,30464500
2026-02-04,137.94847106933594,140.83488151885172,135.940972670277,140.6551123666255,45649500
2026-02-05,135.46157836914062,138.3080300705752,134.91225831593167,137.0496002358206,42950900
2026-02-06,140.95474243164062,141.29431654470656,137.24934299367536,137.83860664396744,37131900
2026-02-09,143.1719970703125,143.85114534544047,139.7362663518413,140.42541196267712,24629500
2026-02-10,142.37298583984375,143.9709898314496,142.21318086873092,143.64141303331053,22564300
2026-02-11,142.79246520996094,144.5802357342237,141.1445202281554,144.33054617699005,18905700
2026-02-12,139.03713989257812,143.59147498263496,138.74749147159054,143.13203949134206,32154700
2026-02-13,139.38668823242188,140.73501786236181,137.758707533135,139.38668823242188,26637100
2026-02-17,139.30679321289062,140.27558991211552,136.84985650916815,138.46783995990447,25743800
2026-02-18,140.73501586914062,141.94350470745107,139.09705309766127,139.8860653378924,13705800
2026-02-19,140.035888671875,140.53526775313293,139.1070356560184,139.9160273292818,13484000
2026-02-20,140.70506286621094,141.57397764058925,138.7974310090475,139.02714113241998,14942400
2026-02-23,138.34799194335938,140.47533657413354,137.71876939236824,140.00591899479744,22021900
2026-02-24,140.145751953125,140.76497713392723,138.01839220124117,139.0670913144166,13030600
2026-02-25,142.8323974609375,143.16198947902393,141.03464498386947,141.18445261034518,13296000
2026-02-26,140.8348846435547,142.8324009917555,139.087057838879,142.7624958442854,19364900
2026-02-27,138.58767700195312,139.5964324985553,137.7687032342485,138.13823887725084,15328600
2026-03-02,139.36671447753906,139.7862063384836,136.3904192669423,136.85983684671464,20156700
2026-03-03,137.32925415039062,138.1582252951339,134.8223765246062,136.19067039830102,34153000
2026-03-04,139.6663360595703,140.45536353250006,137.8685683413303,138.35796532124675,15201400
2026-03-05,140.00592041015625,141.08458111997086,137.91851938127328,138.98719799519887,19422500
2026-03-06,137.1195068359375,139.6563612031227,136.62012773497798,137.64886270360807,19677200
2026-03-09,139.58644104003906,140.03589442350346,135.29179295670102,135.8011541541624,22760900
2026-03-10,139.58644104003906,141.214421788554,138.8473697229195,139.66634352510295,24338500
2026-03-11,140.25559997558594,141.41416308951173,139.34674163950964,140.40542284229562,14009200
2026-03-12,137.6688232421875,139.5764550147994,137.47905675048344,139.0970553577536,32372800
2026-03-13,136.630126953125,139.53651701831845,136.35047587192162,138.27807191306223,15701800
2026-03-16,138.607666015625,139.90605476329964,138.34799436202653,138.54774296016697,16626400
2026-03-17,139.36671447753906,140.09581894645243,138.75747135739883,139.2169068413738,12034600
2026-03-18,137.78868103027344,139.8960613356137,137.75870426513143,139.1369953883875,12634500
2026-03-19,138.25808715820312,138.99717369569254,135.2718099617967,135.83111210266853,18087900
2026-03-20,135.1219940185547,137.8086560914018,134.15321255763294,137.8086560914018,27251800
2026-03-23,136.9499969482422,139.1999969482422,136.22000122070312,137.5,21818500
2026-03-24,136.14999389648438,136.9199981689453,134.8699951171875,136.0500030517578,16843900
2026-03-25,136.75999450683594,138.0,136.27999877929688,137.2899932861328,13872400
2026-03-26,132.5,135.52000427246094,132.4199981689453,135.17999267578125,15434600
2026-03-27,129.9199981689453,132.0500030517578,129.5800018310547,131.52999877929688,15895200
2026-03-30,127.5,131.5500030517578,126.68000030517578,131.27000427246094,18830000
2026-03-31,132.89999389648438,133.22000122070312,128.97999572753906,129.14999389648438,19405300
2026-04-01,134.91000366210938,136.0500030517578,133.75999450683594,134.1199951171875,17050100
2026-04-02,135.99000549316406,136.0399932861328,131.35000610351562,131.91000366210938,12266200
2026-04-06,136.77999877929688,137.25,135.7100067138672,136.47999572753906,10147600
2026-04-07,137.42999267578125,137.49000549316406,134.11000061035156,136.1699981689453,8585500
2026-04-08,141.69000244140625,143.55999755859375,140.74000549316406,143.1300048828125,13359000
2026-04-09,142.07000732421875,142.19000244140625,140.35000610351562,141.75999450683594,8235100
2026-04-10,142.6199951171875,143.55999755859375,141.9199981689453,142.5,9310100
2026-04-13,145.61000061035156,145.6699981689453,142.1300048828125,142.3300018310547,10407700
2026-04-14,147.94000244140625,147.94000244140625,146.0800018310547,146.89999389648438,10183300
2026-04-15,150.3000030517578,150.3699951171875,147.9600067138672,148.27000427246094,10622500
2026-04-16,152.02000427246094,152.17999267578125,149.75,150.99000549316406,11778000
2026-04-17,154.35000610351562,154.80999755859375,153.50999450683594,154.05999755859375,10630400
2026-04-20,154.55999755859375,154.75,153.0399932861328,154.3000030517578,8131600
2026-04-21,154.69000244140625,156.07000732421875,154.14999389648438,155.0,12657300
2026-04-22,158.08999633789062,158.16000366210938,155.52000427246094,156.22000122070312,13830400
2026-04-23,155.83999633789062,157.8000030517578,153.9499969482422,156.77000427246094,12151400
2026-04-24,160.22000122070312,160.39999389648438,157.60000610351562,158.42999267578125,11059800
2026-04-27,160.57000732421875,160.6199951171875,158.80999755859375,160.02000427246094,8963900
2026-04-28,157.85000610351562,158.63999938964844,156.16000366210938,157.11000061035156,9253000
2026-04-29,159.11000061035156,159.14999389648438,157.75,158.8300018310547,7506900
2026-04-30,159.5,159.8000030517578,156.8800048828125,159.64999389648438,9276400
2026-05-01,161.8699951171875,162.2899932861328,160.13999938964844,160.38999938964844,10161800
2026-05-04,162.0500030517578,163.24000549316406,160.8800048828125,162.7100067138672,10740000
2026-05-05,165.6300048828125,166.02000427246094,163.52000427246094,163.8699951171875,9813500
2026-05-06,170.02999877929688,170.0800018310547,166.83999633789062,167.8800048828125,11304700
2026-05-07,169.69000244140625,171.9499969482422,168.6999969482422,170.25999450683594,11031500
2026-05-08,175.52000427246094,175.60000610351562,171.3000030517578,171.58999633789062,11222200
2026-05-11,177.8800048828125,178.3000030517578,175.8699951171875,176.14999389648438,10461800
2026-05-12,175.1999969482422,176.99000549316406,171.1999969482422,176.14999389648438,15950700
2026-05-13,176.85000610351562,177.74000549316406,174.25999450683594,177.27000427246094,9817900
2026-05-14,179.5,180.2100067138672,176.86500549316406,177.36000061035156,10636600
